ride_id,ride_name,day_of_week,dow_name,hour_local,avg_wait_open,p90_wait_open,max_wait,pct_open,open_samples,samples,days_counted
3231,Air Jumbo,0,Monday,0,,,,0.0,0,12,0
3231,Air Jumbo,0,Monday,1,,,,0.0,0,4,0
3231,Air Jumbo,0,Monday,2,,,,0.0,0,17,0
3231,Air Jumbo,0,Monday,3,,,,0.0,0,9,0
3231,Air Jumbo,0,Monday,4,,,,0.0,0,34,0
3231,Air Jumbo,0,Monday,5,,,,0.0,0,9,0
3231,Air Jumbo,0,Monday,6,,,,0.0,0,3,0
3231,Air Jumbo,0,Monday,9,,,,0.0,0,4,0
3231,Air Jumbo,0,Monday,10,0.0,0.0,0,33.3,4,12,1
3231,Air Jumbo,0,Monday,11,0.0,0.0,0,100.0,12,12,1
3231,Air Jumbo,0,Monday,12,0.0,0.0,0,100.0,12,12,1
3231,Air Jumbo,0,Monday,13,0.0,0.0,0,100.0,13,13,2
3231,Air Jumbo,0,Monday,14,0.0,0.0,0,57.5,23,40,2
3231,Air Jumbo,0,Monday,15,0.0,0.0,0,70.0,21,30,2
3231,Air Jumbo,0,Monday,16,0.0,0.0,0,60.0,15,25,2
3231,Air Jumbo,0,Monday,17,0.0,0.0,0,95.7,22,23,2
3231,Air Jumbo,0,Monday,18,0.0,0.0,0,37.8,14,37,2
3231,Air Jumbo,0,Monday,19,0.0,0.0,0,100.0,26,26,3
3231,Air Jumbo,0,Monday,20,0.0,0.0,0,15.2,7,46,3
3231,Air Jumbo,0,Monday,21,,,,0.0,0,27,0
3231,Air Jumbo,0,Monday,22,,,,0.0,0,41,0
3231,Air Jumbo,0,Monday,23,,,,0.0,0,19,0
3231,Air Jumbo,1,Tuesday,0,,,,0.0,0,12,0
3231,Air Jumbo,1,Tuesday,1,,,,0.0,0,17,0
3231,Air Jumbo,1,Tuesday,2,,,,0.0,0,23,0
3231,Air Jumbo,1,Tuesday,3,,,,0.0,0,20,0
3231,Air Jumbo,1,Tuesday,4,,,,0.0,0,12,0
3231,Air Jumbo,1,Tuesday,5,,,,0.0,0,3,0
3231,Air Jumbo,1,Tuesday,9,,,,0.0,0,8,0
3231,Air Jumbo,1,Tuesday,10,0.0,0.0,0,33.3,6,18,2
3231,Air Jumbo,1,Tuesday,11,0.0,0.0,0,100.0,19,19,2
3231,Air Jumbo,1,Tuesday,12,0.0,0.0,0,90.5,19,21,2
3231,Air Jumbo,1,Tuesday,13,0.0,0.0,0,55.4,31,56,3
3231,Air Jumbo,1,Tuesday,14,0.0,0.0,0,67.5,27,40,4
3231,Air Jumbo,1,Tuesday,15,0.0,0.0,0,65.8,25,38,4
3231,Air Jumbo,1,Tuesday,16,0.0,0.0,0,55.4,31,56,3
3231,Air Jumbo,1,Tuesday,17,0.0,0.0,0,76.9,20,26,2
3231,Air Jumbo,1,Tuesday,18,0.0,0.0,0,71.4,35,49,4
3231,Air Jumbo,1,Tuesday,19,0.0,0.0,0,44.6,29,65,4
3231,Air Jumbo,1,Tuesday,20,0.0,0.0,0,7.1,2,28,1
3231,Air Jumbo,1,Tuesday,21,,,,0.0,0,59,0
3231,Air Jumbo,1,Tuesday,22,,,,0.0,0,34,0
3231,Air Jumbo,1,Tuesday,23,,,,0.0,0,23,0
3231,Air Jumbo,2,Wednesday,0,,,,0.0,0,10,0
3231,Air Jumbo,2,Wednesday,1,,,,0.0,0,20,0
3231,Air Jumbo,2,Wednesday,2,,,,0.0,0,11,0
3231,Air Jumbo,2,Wednesday,3,,,,0.0,0,27,0
3231,Air Jumbo,2,Wednesday,4,,,,0.0,0,10,0
3231,Air Jumbo,2,Wednesday,9,,,,0.0,0,8,0
3231,Air Jumbo,2,Wednesday,10,0.0,0.0,0,15.8,3,19,1
3231,Air Jumbo,2,Wednesday,11,0.0,0.0,0,100.0,15,15,2
3231,Air Jumbo,2,Wednesday,12,0.0,0.0,0,88.9,16,18,2
3231,Air Jumbo,2,Wednesday,13,0.0,0.0,0,21.7,10,46,2
3231,Air Jumbo,2,Wednesday,14,0.0,0.0,0,69.7,23,33,3
3231,Air Jumbo,2,Wednesday,15,0.0,0.0,0,40.5,15,37,3
3231,Air Jumbo,2,Wednesday,16,0.0,0.0,0,34.3,12,35,3
3231,Air Jumbo,2,Wednesday,17,0.0,0.0,0,53.6,15,28,2
3231,Air Jumbo,2,Wednesday,18,0.0,0.0,0,65.6,21,32,3
3231,Air Jumbo,2,Wednesday,19,0.0,0.0,0,31.8,14,44,4
3231,Air Jumbo,2,Wednesday,20,0.0,0.0,0,7.3,3,41,1
3231,Air Jumbo,2,Wednesday,21,,,,0.0,0,35,0
3231,Air Jumbo,2,Wednesday,22,,,,0.0,0,23,0
3231,Air Jumbo,2,Wednesday,23,,,,0.0,0,18,0
3231,Air Jumbo,3,Thursday,0,,,,0.0,0,22,0
3231,Air Jumbo,3,Thursday,1,,,,0.0,0,27,0
3231,Air Jumbo,3,Thursday,2,,,,0.0,0,11,0
3231,Air Jumbo,3,Thursday,3,,,,0.0,0,29,0
3231,Air Jumbo,3,Thursday,4,,,,0.0,0,4,0
3231,Air Jumbo,3,Thursday,9,,,,0.0,0,5,0
3231,Air Jumbo,3,Thursday,10,0.0,0.0,0,33.3,4,12,1
3231,Air Jumbo,3,Thursday,11,0.0,0.0,0,100.0,12,12,1
3231,Air Jumbo,3,Thursday,12,0.0,0.0,0,68.4,13,19,2
3231,Air Jumbo,3,Thursday,13,0.0,0.0,0,47.6,20,42,2
3231,Air Jumbo,3,Thursday,14,0.0,0.0,0,60.7,17,28,2
3231,Air Jumbo,3,Thursday,15,0.0,0.0,0,47.8,22,46,3
3231,Air Jumbo,3,Thursday,16,0.0,0.0,0,58.6,17,29,2
3231,Air Jumbo,3,Thursday,17,0.0,0.0,0,42.9,15,35,2
3231,Air Jumbo,3,Thursday,18,0.0,0.0,0,37.1,13,35,3
3231,Air Jumbo,3,Thursday,19,0.0,0.0,0,30.5,18,59,3
3231,Air Jumbo,3,Thursday,20,0.0,0.0,0,25.0,11,44,2
3231,Air Jumbo,3,Thursday,21,,,,0.0,0,25,0
3231,Air Jumbo,3,Thursday,22,,,,0.0,0,53,0
3231,Air Jumbo,3,Thursday,23,,,,0.0,0,22,0
3231,Air Jumbo,4,Friday,0,,,,0.0,0,19,0
3231,Air Jumbo,4,Friday,1,,,,0.0,0,10,0
3231,Air Jumbo,4,Friday,2,,,,0.0,0,14,0
3231,Air Jumbo,4,Friday,3,,,,0.0,0,26,0
3231,Air Jumbo,4,Friday,4,,,,0.0,0,25,0
3231,Air Jumbo,4,Friday,5,,,,0.0,0,1,0
3231,Air Jumbo,4,Friday,9,,,,0.0,0,5,0
3231,Air Jumbo,4,Friday,10,0.0,0.0,0,25.0,3,12,1
3231,Air Jumbo,4,Friday,11,0.0,0.0,0,100.0,12,12,1
3231,Air Jumbo,4,Friday,12,0.0,0.0,0,73.9,17,23,2
3231,Air Jumbo,4,Friday,13,0.0,0.0,0,45.2,19,42,2
3231,Air Jumbo,4,Friday,14,0.0,0.0,0,40.0,12,30,1
3231,Air Jumbo,4,Friday,15,0.0,0.0,0,55.0,22,40,2
3231,Air Jumbo,4,Friday,16,0.0,0.0,0,60.9,14,23,2
3231,Air Jumbo,4,Friday,17,0.0,0.0,0,47.1,16,34,2
3231,Air Jumbo,4,Friday,18,0.0,0.0,0,74.5,35,47,5
3231,Air Jumbo,4,Friday,19,0.0,0.0,0,90.7,39,43,6
3231,Air Jumbo,4,Friday,20,0.0,0.0,0,71.4,30,42,4
3231,Air Jumbo,4,Friday,21,0.0,0.0,0,95.5,21,22,2
3231,Air Jumbo,4,Friday,22,0.0,0.0,0,41.5,22,53,4
3231,Air Jumbo,4,Friday,23,0.0,0.0,0,18.2,4,22,2
3231,Air Jumbo,5,Saturday,0,,,,0.0,0,23,0
3231,Air Jumbo,5,Saturday,1,,,,0.0,0,3,0
3231,Air Jumbo,5,Saturday,2,,,,0.0,0,8,0
3231,Air Jumbo,5,Saturday,3,,,,0.0,0,33,0
3231,Air Jumbo,5,Saturday,4,,,,0.0,0,18,0
3231,Air Jumbo,5,Saturday,5,,,,0.0,0,1,0
3231,Air Jumbo,5,Saturday,9,,,,0.0,0,8,0
3231,Air Jumbo,5,Saturday,10,0.0,0.0,0,33.3,4,12,1
3231,Air Jumbo,5,Saturday,11,0.0,0.0,0,100.0,17,17,3
3231,Air Jumbo,5,Saturday,12,0.0,0.0,0,100.0,49,49,7
3231,Air Jumbo,5,Saturday,13,0.0,0.0,0,100.0,46,46,7
3231,Air Jumbo,5,Saturday,14,0.0,0.0,0,100.0,36,36,4
3231,Air Jumbo,5,Saturday,15,0.0,0.0,0,100.0,42,42,6
3231,Air Jumbo,5,Saturday,16,0.0,0.0,0,100.0,48,48,6
3231,Air Jumbo,5,Saturday,17,0.0,0.0,0,100.0,27,27,4
3231,Air Jumbo,5,Saturday,18,0.0,0.0,0,100.0,58,58,7
3231,Air Jumbo,5,Saturday,19,0.0,0.0,0,100.0,41,41,7
3231,Air Jumbo,5,Saturday,20,0.0,0.0,0,81.4,35,43,6
3231,Air Jumbo,5,Saturday,21,0.0,0.0,0,100.0,45,45,5
3231,Air Jumbo,5,Saturday,22,0.0,0.0,0,73.1,19,26,4
3231,Air Jumbo,5,Saturday,23,0.0,0.0,0,16.7,2,12,1
3231,Air Jumbo,6,Sunday,0,,,,0.0,0,12,0
3231,Air Jumbo,6,Sunday,1,,,,0.0,0,22,0
3231,Air Jumbo,6,Sunday,2,,,,0.0,0,35,0
3231,Air Jumbo,6,Sunday,3,,,,0.0,0,7,0
3231,Air Jumbo,6,Sunday,4,,,,0.0,0,5,0
3231,Air Jumbo,6,Sunday,5,,,,0.0,0,7,0
3231,Air Jumbo,6,Sunday,9,,,,0.0,0,7,0
3231,Air Jumbo,6,Sunday,10,0.0,0.0,0,33.3,4,12,1
3231,Air Jumbo,6,Sunday,11,0.0,0.0,0,100.0,14,14,2
3231,Air Jumbo,6,Sunday,12,0.0,0.0,0,100.0,31,31,4
3231,Air Jumbo,6,Sunday,13,0.0,0.0,0,86.4,51,59,6
3231,Air Jumbo,6,Sunday,14,0.0,0.0,0,85.7,24,28,3
3231,Air Jumbo,6,Sunday,15,0.0,0.0,0,100.0,37,37,5
3231,Air Jumbo,6,Sunday,16,0.0,0.0,0,100.0,43,43,7
3231,Air Jumbo,6,Sunday,17,0.0,0.0,0,100.0,30,30,6
3231,Air Jumbo,6,Sunday,18,0.0,0.0,0,100.0,46,46,5
3231,Air Jumbo,6,Sunday,19,0.0,0.0,0,100.0,47,47,7
3231,Air Jumbo,6,Sunday,20,0.0,0.0,0,83.7,36,43,7
3231,Air Jumbo,6,Sunday,21,0.0,0.0,0,52.9,18,34,4
3231,Air Jumbo,6,Sunday,22,0.0,0.0,0,6.1,3,49,2
3231,Air Jumbo,6,Sunday,23,,,,0.0,0,19,0
3232,Air Safari,0,Monday,0,,,,0.0,0,12,0
3232,Air Safari,0,Monday,1,,,,0.0,0,4,0
3232,Air Safari,0,Monday,2,,,,0.0,0,17,0
3232,Air Safari,0,Monday,3,,,,0.0,0,9,0
3232,Air Safari,0,Monday,4,,,,0.0,0,34,0
3232,Air Safari,0,Monday,5,,,,0.0,0,9,0
3232,Air Safari,0,Monday,6,,,,0.0,0,3,0
3232,Air Safari,0,Monday,9,,,,0.0,0,4,0
3232,Air Safari,0,Monday,10,0.0,0.0,0,33.3,4,12,1
3232,Air Safari,0,Monday,11,0.0,0.0,0,100.0,12,12,1
3232,Air Safari,0,Monday,12,0.0,0.0,0,100.0,12,12,1
3232,Air Safari,0,Monday,13,0.0,0.0,0,100.0,13,13,2
3232,Air Safari,0,Monday,14,0.0,0.0,0,55.0,22,40,2
3232,Air Safari,0,Monday,15,0.0,0.0,0,70.0,21,30,2
3232,Air Safari,0,Monday,16,0.0,0.0,0,60.0,15,25,2
3232,Air Safari,0,Monday,17,0.0,0.0,0,95.7,22,23,2
3232,Air Safari,0,Monday,18,0.0,0.0,0,35.1,13,37,2
3232,Air Safari,0,Monday,19,0.0,0.0,0,100.0,26,26,3
3232,Air Safari,0,Monday,20,0.0,0.0,0,15.2,7,46,3
3232,Air Safari,0,Monday,21,,,,0.0,0,27,0
3232,Air Safari,0,Monday,22,,,,0.0,0,41,0
3232,Air Safari,0,Monday,23,,,,0.0,0,19,0
3232,Air Safari,1,Tuesday,0,,,,0.0,0,12,0
3232,Air Safari,1,Tuesday,1,,,,0.0,0,17,0
3232,Air Safari,1,Tuesday,2,,,,0.0,0,23,0
3232,Air Safari,1,Tuesday,3,,,,0.0,0,20,0
3232,Air Safari,1,Tuesday,4,,,,0.0,0,12,0
3232,Air Safari,1,Tuesday,5,,,,0.0,0,3,0
3232,Air Safari,1,Tuesday,9,,,,0.0,0,8,0
3232,Air Safari,1,Tuesday,10,0.0,0.0,0,33.3,6,18,2
3232,Air Safari,1,Tuesday,11,0.0,0.0,0,100.0,19,19,2
3232,Air Safari,1,Tuesday,12,0.0,0.0,0,90.5,19,21,2
3232,Air Safari,1,Tuesday,13,0.0,0.0,0,51.8,29,56,3
3232,Air Safari,1,Tuesday,14,0.0,0.0,0,62.5,25,40,4
3232,Air Safari,1,Tuesday,15,0.0,0.0,0,50.0,19,38,4
3232,Air Safari,1,Tuesday,16,0.0,0.0,0,51.8,29,56,3
3232,Air Safari,1,Tuesday,17,0.0,0.0,0,76.9,20,26,2
3232,Air Safari,1,Tuesday,18,0.0,0.0,0,71.4,35,49,4
3232,Air Safari,1,Tuesday,19,0.0,0.0,0,44.6,29,65,4
3232,Air Safari,1,Tuesday,20,0.0,0.0,0,7.1,2,28,1
3232,Air Safari,1,Tuesday,21,,,,0.0,0,59,0
3232,Air Safari,1,Tuesday,22,,,,0.0,0,34,0
3232,Air Safari,1,Tuesday,23,,,,0.0,0,23,0
3232,Air Safari,2,Wednesday,0,,,,0.0,0,10,0
3232,Air Safari,2,Wednesday,1,,,,0.0,0,20,0
3232,Air Safari,2,Wednesday,2,,,,0.0,0,11,0
3232,Air Safari,2,Wednesday,3,,,,0.0,0,27,0
3232,Air Safari,2,Wednesday,4,,,,0.0,0,10,0
3232,Air Safari,2,Wednesday,9,,,,0.0,0,8,0
3232,Air Safari,2,Wednesday,10,0.0,0.0,0,15.8,3,19,1
3232,Air Safari,2,Wednesday,11,0.0,0.0,0,100.0,15,15,2
3232,Air Safari,2,Wednesday,12,0.0,0.0,0,94.4,17,18,3
3232,Air Safari,2,Wednesday,13,0.0,0.0,0,45.7,21,46,3
3232,Air Safari,2,Wednesday,14,0.0,0.0,0,69.7,23,33,3
3232,Air Safari,2,Wednesday,15,0.0,0.0,0,56.8,21,37,4
3232,Air Safari,2,Wednesday,16,0.0,0.0,0,25.7,9,35,3
3232,Air Safari,2,Wednesday,17,0.0,0.0,0,39.3,11,28,1
3232,Air Safari,2,Wednesday,18,0.0,0.0,0,65.6,21,32,3
3232,Air Safari,2,Wednesday,19,0.0,0.0,0,25.0,11,44,4
3232,Air Safari,2,Wednesday,20,0.0,0.0,0,7.3,3,41,1
3232,Air Safari,2,Wednesday,21,,,,0.0,0,35,0
3232,Air Safari,2,Wednesday,22,,,,0.0,0,23,0
3232,Air Safari,2,Wednesday,23,,,,0.0,0,18,0
3232,Air Safari,3,Thursday,0,,,,0.0,0,22,0
3232,Air Safari,3,Thursday,1,,,,0.0,0,27,0
3232,Air Safari,3,Thursday,2,,,,0.0,0,11,0
3232,Air Safari,3,Thursday,3,,,,0.0,0,29,0
3232,Air Safari,3,Thursday,4,,,,0.0,0,4,0
3232,Air Safari,3,Thursday,9,,,,0.0,0,5,0
3232,Air Safari,3,Thursday,10,0.0,0.0,0,33.3,4,12,1
3232,Air Safari,3,Thursday,11,0.0,0.0,0,100.0,12,12,1
3232,Air Safari,3,Thursday,12,0.0,0.0,0,78.9,15,19,2
3232,Air Safari,3,Thursday,13,0.0,0.0,0,50.0,21,42,2
3232,Air Safari,3,Thursday,14,0.0,0.0,0,60.7,17,28,2
3232,Air Safari,3,Thursday,15,0.0,0.0,0,56.5,26,46,3
3232,Air Safari,3,Thursday,16,0.0,0.0,0,58.6,17,29,2
3232,Air Safari,3,Thursday,17,0.0,0.0,0,42.9,15,35,2
3232,Air Safari,3,Thursday,18,0.0,0.0,0,37.1,13,35,3
3232,Air Safari,3,Thursday,19,0.0,0.0,0,30.5,18,59,3
3232,Air Safari,3,Thursday,20,0.0,0.0,0,25.0,11,44,2
3232,Air Safari,3,Thursday,21,,,,0.0,0,25,0
3232,Air Safari,3,Thursday,22,,,,0.0,0,53,0
3232,Air Safari,3,Thursday,23,,,,0.0,0,22,0
3232,Air Safari,4,Friday,0,,,,0.0,0,19,0
3232,Air Safari,4,Friday,1,,,,0.0,0,10,0
3232,Air Safari,4,Friday,2,,,,0.0,0,14,0
3232,Air Safari,4,Friday,3,,,,0.0,0,26,0
3232,Air Safari,4,Friday,4,,,,0.0,0,25,0
3232,Air Safari,4,Friday,5,,,,0.0,0,1,0
3232,Air Safari,4,Friday,9,,,,0.0,0,5,0
3232,Air Safari,4,Friday,10,0.0,0.0,0,25.0,3,12,1
3232,Air Safari,4,Friday,11,0.0,0.0,0,100.0,12,12,1
3232,Air Safari,4,Friday,12,0.0,0.0,0,73.9,17,23,2
3232,Air Safari,4,Friday,13,0.0,0.0,0,45.2,19,42,2
3232,Air Safari,4,Friday,14,0.0,0.0,0,36.7,11,30,1
3232,Air Safari,4,Friday,15,0.0,0.0,0,52.5,21,40,2
3232,Air Safari,4,Friday,16,0.0,0.0,0,60.9,14,23,2
3232,Air Safari,4,Friday,17,0.0,0.0,0,47.1,16,34,2
3232,Air Safari,4,Friday,18,0.0,0.0,0,61.7,29,47,4
3232,Air Safari,4,Friday,19,0.0,0.0,0,69.8,30,43,5
3232,Air Safari,4,Friday,20,0.0,0.0,0,64.3,27,42,4
3232,Air Safari,4,Friday,21,0.0,0.0,0,95.5,21,22,2
3232,Air Safari,4,Friday,22,0.0,0.0,0,39.6,21,53,4
3232,Air Safari,4,Friday,23,0.0,0.0,0,18.2,4,22,2
3232,Air Safari,5,Saturday,0,,,,0.0,0,23,0
3232,Air Safari,5,Saturday,1,,,,0.0,0,3,0
3232,Air Safari,5,Saturday,2,,,,0.0,0,8,0
3232,Air Safari,5,Saturday,3,,,,0.0,0,33,0
3232,Air Safari,5,Saturday,4,,,,0.0,0,18,0
3232,Air Safari,5,Saturday,5,,,,0.0,0,1,0
3232,Air Safari,5,Saturday,9,,,,0.0,0,8,0
3232,Air Safari,5,Saturday,10,0.0,0.0,0,33.3,4,12,1
3232,Air Safari,5,Saturday,11,0.0,0.0,0,100.0,17,17,3
3232,Air Safari,5,Saturday,12,0.0,0.0,0,100.0,49,49,7
3232,Air Safari,5,Saturday,13,0.0,0.0,0,100.0,46,46,7
3232,Air Safari,5,Saturday,14,0.0,0.0,0,100.0,36,36,4
3232,Air Safari,5,Saturday,15,0.0,0.0,0,100.0,42,42,6
3232,Air Safari,5,Saturday,16,0.0,0.0,0,97.9,47,48,6
3232,Air Safari,5,Saturday,17,0.0,0.0,0,96.3,26,27,4
3232,Air Safari,5,Saturday,18,0.0,0.0,0,89.7,52,58,7
3232,Air Safari,5,Saturday,19,0.0,0.0,0,97.6,40,41,6
3232,Air Safari,5,Saturday,20,0.0,0.0,0,65.1,28,43,5
3232,Air Safari,5,Saturday,21,0.0,0.0,0,88.9,40,45,4
3232,Air Safari,5,Saturday,22,0.0,0.0,0,73.1,19,26,4
3232,Air Safari,5,Saturday,23,0.0,0.0,0,16.7,2,12,1
3232,Air Safari,6,Sunday,0,,,,0.0,0,12,0
3232,Air Safari,6,Sunday,1,,,,0.0,0,22,0
3232,Air Safari,6,Sunday,2,,,,0.0,0,35,0
3232,Air Safari,6,Sunday,3,,,,0.0,0,7,0
3232,Air Safari,6,Sunday,4,,,,0.0,0,5,0
3232,Air Safari,6,Sunday,5,,,,0.0,0,7,0
3232,Air Safari,6,Sunday,9,,,,0.0,0,7,0
3232,Air Safari,6,Sunday,10,0.0,0.0,0,33.3,4,12,1
3232,Air Safari,6,Sunday,11,0.0,0.0,0,100.0,14,14,2
3232,Air Safari,6,Sunday,12,0.0,0.0,0,100.0,31,31,4
3232,Air Safari,6,Sunday,13,0.0,0.0,0,84.7,50,59,6
3232,Air Safari,6,Sunday,14,0.0,0.0,0,85.7,24,28,3
3232,Air Safari,6,Sunday,15,0.0,0.0,0,89.2,33,37,5
3232,Air Safari,6,Sunday,16,0.0,0.0,0,90.7,39,43,7
3232,Air Safari,6,Sunday,17,0.0,0.0,0,86.7,26,30,6
3232,Air Safari,6,Sunday,18,0.0,0.0,0,93.5,43,46,5
3232,Air Safari,6,Sunday,19,0.0,0.0,0,89.4,42,47,7
3232,Air Safari,6,Sunday,20,0.0,0.0,0,83.7,36,43,7
3232,Air Safari,6,Sunday,21,0.0,0.0,0,52.9,18,34,4
3232,Air Safari,6,Sunday,22,0.0,0.0,0,6.1,3,49,2
3232,Air Safari,6,Sunday,23,,,,0.0,0,19,0
13929,Army of the Dead,0,Monday,3,,,,0.0,0,1,0
17721,Army of the Dead,0,Monday,4,,,,0.0,0,12,0
13929,Army of the Dead,0,Monday,4,,,,0.0,0,11,0
13929,Army of the Dead,0,Monday,5,,,,0.0,0,9,0
13929,Army of the Dead,0,Monday,6,,,,0.0,0,3,0
17721,Army of the Dead,0,Monday,14,,,,0.0,0,8,0
17721,Army of the Dead,0,Monday,15,,,,0.0,0,4,0
13929,Army of the Dead,0,Monday,15,,,,0.0,0,2,0
13929,Army of the Dead,0,Monday,16,,,,0.0,0,10,0
17721,Army of the Dead,0,Monday,18,,,,0.0,0,12,0
17721,Army of the Dead,0,Monday,20,,,,0.0,0,1,0
13929,Army of the Dead,0,Monday,20,,,,0.0,0,12,0
17721,Army of the Dead,0,Monday,21,,,,0.0,0,11,0
13929,Army of the Dead,0,Monday,21,,,,0.0,0,5,0
13929,Army of the Dead,0,Monday,22,,,,0.0,0,7,0
17721,Army of the Dead,1,Tuesday,1,,,,0.0,0,2,0
13929,Army of the Dead,1,Tuesday,1,,,,0.0,0,1,0
17721,Army of the Dead,1,Tuesday,2,,,,0.0,0,10,0
13929,Army of the Dead,1,Tuesday,2,,,,0.0,0,11,0
13929,Army of the Dead,1,Tuesday,4,,,,0.0,0,9,0
13929,Army of the Dead,1,Tuesday,5,,,,0.0,0,3,0
17721,Army of the Dead,1,Tuesday,13,,,,0.0,0,7,0
17721,Army of the Dead,1,Tuesday,14,,,,0.0,0,5,0
13929,Army of the Dead,1,Tuesday,14,,,,0.0,0,12,0
13929,Army of the Dead,1,Tuesday,15,,,,0.0,0,12,0
17721,Army of the Dead,1,Tuesday,16,,,,0.0,0,9,0
17721,Army of the Dead,1,Tuesday,17,,,,0.0,0,3,0
13929,Army of the Dead,1,Tuesday,18,,,,0.0,0,9,0
17721,Army of the Dead,1,Tuesday,19,,,,0.0,0,12,0
13929,Army of the Dead,1,Tuesday,19,,,,0.0,0,15,0
17721,Army of the Dead,1,Tuesday,21,,,,0.0,0,6,0
13929,Army of the Dead,1,Tuesday,21,,,,0.0,0,10,0
17721,Army of the Dead,1,Tuesday,22,,,,0.0,0,6,0
13929,Army of the Dead,1,Tuesday,22,,,,0.0,0,14,0
17721,Army of the Dead,2,Wednesday,2,,,,0.0,0,1,0
13929,Army of the Dead,2,Wednesday,2,,,,0.0,0,1,0
17721,Army of the Dead,2,Wednesday,3,,,,0.0,0,11,0
13929,Army of the Dead,2,Wednesday,3,,,,0.0,0,13,0
13929,Army of the Dead,2,Wednesday,4,,,,0.0,0,10,0
17721,Army of the Dead,2,Wednesday,13,,,,0.0,0,14,0
17721,Army of the Dead,2,Wednesday,14,,,,0.0,0,10,0
13929,Army of the Dead,2,Wednesday,14,,,,0.0,0,10,0
13929,Army of the Dead,2,Wednesday,15,,,,0.0,0,13,0
17721,Army of the Dead,2,Wednesday,16,,,,0.0,0,9,0
13929,Army of the Dead,2,Wednesday,16,,,,0.0,0,3,0
17721,Army of the Dead,2,Wednesday,17,,,,0.0,0,3,0
13929,Army of the Dead,2,Wednesday,17,,,,0.0,0,10,0
13929,Army of the Dead,2,Wednesday,18,,,,0.0,0,7,0
17721,Army of the Dead,2,Wednesday,19,,,,0.0,0,12,0
13929,Army of the Dead,2,Wednesday,19,,,,0.0,0,19,0
13929,Army of the Dead,2,Wednesday,20,,,,0.0,0,10,0
17721,Army of the Dead,2,Wednesday,21,,,,0.0,0,6,0
13929,Army of the Dead,2,Wednesday,21,,,,0.0,0,14,0
17721,Army of the Dead,2,Wednesday,22,,,,0.0,0,6,0
13929,Army of the Dead,2,Wednesday,22,,,,0.0,0,10,0
13929,Army of the Dead,2,Wednesday,23,,,,0.0,0,6,0
13929,Army of the Dead,3,Thursday,0,,,,0.0,0,6,0
17721,Army of the Dead,3,Thursday,2,,,,0.0,0,2,0
13929,Army of the Dead,3,Thursday,2,,,,0.0,0,1,0
17721,Army of the Dead,3,Thursday,3,,,,0.0,0,10,0
13929,Army of the Dead,3,Thursday,3,,,,0.0,0,19,0
13929,Army of the Dead,3,Thursday,4,,,,0.0,0,4,0
17721,Army of the Dead,3,Thursday,13,,,,0.0,0,8,0
13929,Army of the Dead,3,Thursday,13,,,,0.0,0,5,0
17721,Army of the Dead,3,Thursday,14,,,,0.0,0,4,0
13929,Army of the Dead,3,Thursday,14,,,,0.0,0,12,0
13929,Army of the Dead,3,Thursday,15,,,,0.0,0,19,0
17721,Army of the Dead,3,Thursday,16,,,,0.0,0,7,0
13929,Army of the Dead,3,Thursday,16,,,,0.0,0,1,0
17721,Army of the Dead,3,Thursday,17,,,,0.0,0,5,0
13929,Army of the Dead,3,Thursday,17,,,,0.0,0,11,0
17721,Army of the Dead,3,Thursday,18,,,,0.0,0,1,0
13929,Army of the Dead,3,Thursday,18,,,,0.0,0,1,0
17721,Army of the Dead,3,Thursday,19,,,,0.0,0,11,0
13929,Army of the Dead,3,Thursday,19,0.0,0.0,0,16.7,3,18,1
17721,Army of the Dead,3,Thursday,20,,,,0.0,0,1,0
13929,Army of the Dead,3,Thursday,20,0.0,0.0,0,52.9,9,17,1
17721,Army of the Dead,3,Thursday,21,,,,0.0,0,11,0
13929,Army of the Dead,3,Thursday,21,,,,0.0,0,1,0
13929,Army of the Dead,3,Thursday,22,,,,0.0,0,18,0
13929,Army of the Dead,3,Thursday,23,,,,0.0,0,10,0
13929,Army of the Dead,4,Friday,0,,,,0.0,0,7,0
17721,Army of the Dead,4,Friday,1,,,,0.0,0,6,0
17721,Army of the Dead,4,Friday,2,,,,0.0,0,6,0
13929,Army of the Dead,4,Friday,3,,,,0.0,0,2,0
13929,Army of the Dead,4,Friday,4,,,,0.0,0,21,0
13929,Army of the Dead,4,Friday,5,,,,0.0,0,1,0
17721,Army of the Dead,4,Friday,12,,,,0.0,0,3,0
17721,Army of the Dead,4,Friday,13,,,,0.0,0,9,0
13929,Army of the Dead,4,Friday,13,,,,0.0,0,5,0
13929,Army of the Dead,4,Friday,14,,,,0.0,0,18,0
17721,Army of the Dead,4,Friday,15,,,,0.0,0,9,0
13929,Army of the Dead,4,Friday,15,,,,0.0,0,1,0
17721,Army of the Dead,4,Friday,16,,,,0.0,0,3,0
13929,Army of the Dead,4,Friday,16,,,,0.0,0,2,0
17721,Army of the Dead,4,Friday,17,,,,0.0,0,4,0
13929,Army of the Dead,4,Friday,17,,,,0.0,0,10,0
17721,Army of the Dead,4,Friday,18,,,,0.0,0,8,0
13929,Army of the Dead,4,Friday,18,0.0,0.0,0,100.0,8,8,1
17721,Army of the Dead,4,Friday,19,,,,0.0,0,4,0
13929,Army of the Dead,4,Friday,19,0.0,0.0,0,100.0,8,8,2
17721,Army of the Dead,4,Friday,20,,,,0.0,0,8,0
13929,Army of the Dead,4,Friday,20,0.0,0.0,0,100.0,8,8,1
13929,Army of the Dead,4,Friday,21,0.0,0.0,0,100.0,9,9,1
17721,Army of the Dead,4,Friday,22,0.0,0.0,0,100.0,10,10,1
13929,Army of the Dead,4,Friday,22,0.0,0.0,0,100.0,9,9,2
17721,Army of the Dead,4,Friday,23,0.0,0.0,0,100.0,2,2,1
13929,Army of the Dead,4,Friday,23,0.0,0.0,0,33.3,2,6,1
13929,Army of the Dead,5,Saturday,2,,,,0.0,0,4,0
17721,Army of the Dead,5,Saturday,3,,,,0.0,0,7,0
13929,Army of the Dead,5,Saturday,3,,,,0.0,0,8,0
17721,Army of the Dead,5,Saturday,4,,,,0.0,0,5,0
13929,Army of the Dead,5,Saturday,4,,,,0.0,0,11,0
13929,Army of the Dead,5,Saturday,5,,,,0.0,0,1,0
17721,Army of the Dead,5,Saturday,12,,,,0.0,0,11,0
13929,Army of the Dead,5,Saturday,12,,,,0.0,0,5,0
17721,Army of the Dead,5,Saturday,13,,,,0.0,0,1,0
13929,Army of the Dead,5,Saturday,13,,,,0.0,0,19,0
17721,Army of the Dead,5,Saturday,14,,,,0.0,0,4,0
17721,Army of the Dead,5,Saturday,15,,,,0.0,0,8,0
13929,Army of the Dead,5,Saturday,15,,,,0.0,0,12,0
13929,Army of the Dead,5,Saturday,16,,,,0.0,0,12,0
17721,Army of the Dead,5,Saturday,17,,,,0.0,0,10,0
17721,Army of the Dead,5,Saturday,18,,,,0.0,0,2,0
13929,Army of the Dead,5,Saturday,18,0.0,0.0,0,100.0,17,17,2
17721,Army of the Dead,5,Saturday,19,0.0,0.0,0,100.0,9,9,1
13929,Army of the Dead,5,Saturday,19,0.0,0.0,0,100.0,7,7,2
17721,Army of the Dead,5,Saturday,20,0.0,0.0,0,100.0,3,3,1
13929,Army of the Dead,5,Saturday,20,0.0,0.0,0,100.0,4,4,1
17721,Army of the Dead,5,Saturday,21,0.0,0.0,0,100.0,9,9,1
13929,Army of the Dead,5,Saturday,21,0.0,0.0,0,100.0,8,8,1
17721,Army of the Dead,5,Saturday,22,0.0,0.0,0,100.0,3,3,1
13929,Army of the Dead,5,Saturday,22,0.0,0.0,0,100.0,10,10,1
13929,Army of the Dead,5,Saturday,23,0.0,0.0,0,100.0,2,2,1
13929,Army of the Dead,6,Sunday,1,,,,0.0,0,1,0
17721,Army of the Dead,6,Sunday,2,,,,0.0,0,6,0
13929,Army of the Dead,6,Sunday,2,,,,0.0,0,11,0
17721,Army of the Dead,6,Sunday,3,,,,0.0,0,6,0
13929,Army of the Dead,6,Sunday,4,,,,0.0,0,5,0
13929,Army of the Dead,6,Sunday,5,,,,0.0,0,7,0
17721,Army of the Dead,6,Sunday,12,,,,0.0,0,5,0
17721,Army of the Dead,6,Sunday,13,,,,0.0,0,7,0
13929,Army of the Dead,6,Sunday,13,,,,0.0,0,18,0
13929,Army of the Dead,6,Sunday,14,,,,0.0,0,6,0
17721,Army of the Dead,6,Sunday,15,,,,0.0,0,10,0
17721,Army of the Dead,6,Sunday,16,,,,0.0,0,2,0
13929,Army of the Dead,6,Sunday,16,,,,0.0,0,18,0
17721,Army of the Dead,6,Sunday,17,,,,0.0,0,4,0
13929,Army of the Dead,6,Sunday,17,,,,0.0,0,6,0
17721,Army of the Dead,6,Sunday,18,0.0,0.0,0,75.0,6,8,1
17721,Army of the Dead,6,Sunday,19,0.0,0.0,0,100.0,4,4,1
13929,Army of the Dead,6,Sunday,19,0.0,0.0,0,100.0,18,18,2
17721,Army of the Dead,6,Sunday,20,0.0,0.0,0,100.0,8,8,1
13929,Army of the Dead,6,Sunday,20,0.0,0.0,0,100.0,6,6,2
13929,Army of the Dead,6,Sunday,21,0.0,0.0,0,100.0,3,3,1
17721,Army of the Dead,6,Sunday,22,,,,0.0,0,9,0
13929,Army of the Dead,6,Sunday,22,0.0,0.0,0,10.5,2,19,1
17721,Army of the Dead,6,Sunday,23,,,,0.0,0,3,0
13929,Army of the Dead,6,Sunday,23,,,,0.0,0,2,0
13932,Asylum,0,Monday,3,,,,0.0,0,1,0
17723,Asylum,0,Monday,4,,,,0.0,0,12,0
13932,Asylum,0,Monday,4,,,,0.0,0,11,0
13932,Asylum,0,Monday,5,,,,0.0,0,9,0
13932,Asylum,0,Monday,6,,,,0.0,0,3,0
17723,Asylum,0,Monday,14,,,,0.0,0,8,0
17723,Asylum,0,Monday,15,,,,0.0,0,4,0
13932,Asylum,0,Monday,15,,,,0.0,0,2,0
13932,Asylum,0,Monday,16,,,,0.0,0,10,0
17723,Asylum,0,Monday,18,,,,0.0,0,12,0
17723,Asylum,0,Monday,20,,,,0.0,0,1,0
13932,Asylum,0,Monday,20,,,,0.0,0,12,0
17723,Asylum,0,Monday,21,,,,0.0,0,11,0
13932,Asylum,0,Monday,21,,,,0.0,0,5,0
13932,Asylum,0,Monday,22,,,,0.0,0,7,0
17723,Asylum,1,Tuesday,1,,,,0.0,0,2,0
13932,Asylum,1,Tuesday,1,,,,0.0,0,1,0
17723,Asylum,1,Tuesday,2,,,,0.0,0,10,0
13932,Asylum,1,Tuesday,2,,,,0.0,0,11,0
13932,Asylum,1,Tuesday,4,,,,0.0,0,9,0
13932,Asylum,1,Tuesday,5,,,,0.0,0,3,0
17723,Asylum,1,Tuesday,13,,,,0.0,0,7,0
17723,Asylum,1,Tuesday,14,,,,0.0,0,5,0
13932,Asylum,1,Tuesday,14,,,,0.0,0,12,0
13932,Asylum,1,Tuesday,15,,,,0.0,0,12,0
17723,Asylum,1,Tuesday,16,,,,0.0,0,9,0
17723,Asylum,1,Tuesday,17,,,,0.0,0,3,0
13932,Asylum,1,Tuesday,18,,,,0.0,0,9,0
17723,Asylum,1,Tuesday,19,,,,0.0,0,12,0
13932,Asylum,1,Tuesday,19,,,,0.0,0,15,0
17723,Asylum,1,Tuesday,21,,,,0.0,0,6,0
13932,Asylum,1,Tuesday,21,,,,0.0,0,10,0
17723,Asylum,1,Tuesday,22,,,,0.0,0,6,0
13932,Asylum,1,Tuesday,22,,,,0.0,0,14,0
17723,Asylum,2,Wednesday,2,,,,0.0,0,1,0
13932,Asylum,2,Wednesday,2,,,,0.0,0,1,0
17723,Asylum,2,Wednesday,3,,,,0.0,0,11,0
13932,Asylum,2,Wednesday,3,,,,0.0,0,13,0
13932,Asylum,2,Wednesday,4,,,,0.0,0,10,0
17723,Asylum,2,Wednesday,13,,,,0.0,0,14,0
17723,Asylum,2,Wednesday,14,,,,0.0,0,10,0
13932,Asylum,2,Wednesday,14,,,,0.0,0,10,0
13932,Asylum,2,Wednesday,15,,,,0.0,0,13,0
17723,Asylum,2,Wednesday,16,,,,0.0,0,9,0
13932,Asylum,2,Wednesday,16,,,,0.0,0,3,0
17723,Asylum,2,Wednesday,17,,,,0.0,0,3,0
13932,Asylum,2,Wednesday,17,,,,0.0,0,10,0
13932,Asylum,2,Wednesday,18,,,,0.0,0,7,0
17723,Asylum,2,Wednesday,19,,,,0.0,0,12,0
13932,Asylum,2,Wednesday,19,,,,0.0,0,19,0
13932,Asylum,2,Wednesday,20,,,,0.0,0,10,0
17723,Asylum,2,Wednesday,21,,,,0.0,0,6,0
13932,Asylum,2,Wednesday,21,,,,0.0,0,14,0
17723,Asylum,2,Wednesday,22,,,,0.0,0,6,0
13932,Asylum,2,Wednesday,22,,,,0.0,0,10,0
13932,Asylum,2,Wednesday,23,,,,0.0,0,6,0
13932,Asylum,3,Thursday,0,,,,0.0,0,6,0
17723,Asylum,3,Thursday,2,,,,0.0,0,2,0
13932,Asylum,3,Thursday,2,,,,0.0,0,1,0
17723,Asylum,3,Thursday,3,,,,0.0,0,10,0
13932,Asylum,3,Thursday,3,,,,0.0,0,19,0
13932,Asylum,3,Thursday,4,,,,0.0,0,4,0
17723,Asylum,3,Thursday,13,,,,0.0,0,8,0
13932,Asylum,3,Thursday,13,,,,0.0,0,5,0
17723,Asylum,3,Thursday,14,,,,0.0,0,4,0
13932,Asylum,3,Thursday,14,,,,0.0,0,12,0
13932,Asylum,3,Thursday,15,,,,0.0,0,19,0
17723,Asylum,3,Thursday,16,,,,0.0,0,7,0
13932,Asylum,3,Thursday,16,,,,0.0,0,1,0
17723,Asylum,3,Thursday,17,,,,0.0,0,5,0
13932,Asylum,3,Thursday,17,,,,0.0,0,11,0
17723,Asylum,3,Thursday,18,,,,0.0,0,1,0
13932,Asylum,3,Thursday,18,,,,0.0,0,1,0
17723,Asylum,3,Thursday,19,,,,0.0,0,11,0
13932,Asylum,3,Thursday,19,0.0,0.0,0,16.7,3,18,1
17723,Asylum,3,Thursday,20,,,,0.0,0,1,0
13932,Asylum,3,Thursday,20,0.0,0.0,0,52.9,9,17,1
17723,Asylum,3,Thursday,21,,,,0.0,0,11,0
13932,Asylum,3,Thursday,21,,,,0.0,0,1,0
13932,Asylum,3,Thursday,22,,,,0.0,0,18,0
13932,Asylum,3,Thursday,23,,,,0.0,0,10,0
13932,Asylum,4,Friday,0,,,,0.0,0,7,0
17723,Asylum,4,Friday,1,,,,0.0,0,6,0
17723,Asylum,4,Friday,2,,,,0.0,0,6,0
13932,Asylum,4,Friday,3,,,,0.0,0,2,0
13932,Asylum,4,Friday,4,,,,0.0,0,21,0
13932,Asylum,4,Friday,5,,,,0.0,0,1,0
17723,Asylum,4,Friday,12,,,,0.0,0,3,0
17723,Asylum,4,Friday,13,,,,0.0,0,9,0
13932,Asylum,4,Friday,13,,,,0.0,0,5,0
13932,Asylum,4,Friday,14,,,,0.0,0,18,0
17723,Asylum,4,Friday,15,,,,0.0,0,9,0
13932,Asylum,4,Friday,15,,,,0.0,0,1,0
17723,Asylum,4,Friday,16,,,,0.0,0,3,0
13932,Asylum,4,Friday,16,,,,0.0,0,2,0
17723,Asylum,4,Friday,17,,,,0.0,0,4,0
13932,Asylum,4,Friday,17,,,,0.0,0,10,0
17723,Asylum,4,Friday,18,,,,0.0,0,8,0
13932,Asylum,4,Friday,18,,,,0.0,0,8,0
17723,Asylum,4,Friday,19,,,,0.0,0,4,0
13932,Asylum,4,Friday,19,0.0,0.0,0,100.0,8,8,2
17723,Asylum,4,Friday,20,,,,0.0,0,8,0
13932,Asylum,4,Friday,20,0.0,0.0,0,100.0,8,8,1
13932,Asylum,4,Friday,21,0.0,0.0,0,100.0,9,9,1
17723,Asylum,4,Friday,22,,,,0.0,0,10,0
13932,Asylum,4,Friday,22,0.0,0.0,0,100.0,9,9,2
17723,Asylum,4,Friday,23,,,,0.0,0,2,0
13932,Asylum,4,Friday,23,0.0,0.0,0,33.3,2,6,1
13932,Asylum,5,Saturday,2,,,,0.0,0,4,0
17723,Asylum,5,Saturday,3,,,,0.0,0,7,0
13932,Asylum,5,Saturday,3,,,,0.0,0,8,0
17723,Asylum,5,Saturday,4,,,,0.0,0,5,0
13932,Asylum,5,Saturday,4,,,,0.0,0,11,0
13932,Asylum,5,Saturday,5,,,,0.0,0,1,0
17723,Asylum,5,Saturday,12,,,,0.0,0,11,0
13932,Asylum,5,Saturday,12,,,,0.0,0,5,0
17723,Asylum,5,Saturday,13,,,,0.0,0,1,0
13932,Asylum,5,Saturday,13,,,,0.0,0,19,0
17723,Asylum,5,Saturday,14,,,,0.0,0,4,0
17723,Asylum,5,Saturday,15,,,,0.0,0,8,0
13932,Asylum,5,Saturday,15,,,,0.0,0,12,0
13932,Asylum,5,Saturday,16,,,,0.0,0,12,0
17723,Asylum,5,Saturday,17,,,,0.0,0,10,0
17723,Asylum,5,Saturday,18,,,,0.0,0,2,0
13932,Asylum,5,Saturday,18,0.0,0.0,0,5.9,1,17,1
17723,Asylum,5,Saturday,19,0.0,0.0,0,100.0,9,9,1
13932,Asylum,5,Saturday,19,0.0,0.0,0,85.7,6,7,1
17723,Asylum,5,Saturday,20,0.0,0.0,0,100.0,3,3,1
13932,Asylum,5,Saturday,20,0.0,0.0,0,100.0,4,4,1
17723,Asylum,5,Saturday,21,0.0,0.0,0,100.0,9,9,1
13932,Asylum,5,Saturday,21,0.0,0.0,0,100.0,8,8,1
17723,Asylum,5,Saturday,22,0.0,0.0,0,100.0,3,3,1
13932,Asylum,5,Saturday,22,0.0,0.0,0,100.0,10,10,1
13932,Asylum,5,Saturday,23,0.0,0.0,0,100.0,2,2,1
13932,Asylum,6,Sunday,1,,,,0.0,0,1,0
17723,Asylum,6,Sunday,2,,,,0.0,0,6,0
13932,Asylum,6,Sunday,2,,,,0.0,0,11,0
17723,Asylum,6,Sunday,3,,,,0.0,0,6,0
13932,Asylum,6,Sunday,4,,,,0.0,0,5,0
13932,Asylum,6,Sunday,5,,,,0.0,0,7,0
17723,Asylum,6,Sunday,12,,,,0.0,0,5,0
17723,Asylum,6,Sunday,13,,,,0.0,0,7,0
13932,Asylum,6,Sunday,13,,,,0.0,0,18,0
13932,Asylum,6,Sunday,14,,,,0.0,0,6,0
17723,Asylum,6,Sunday,15,,,,0.0,0,10,0
17723,Asylum,6,Sunday,16,,,,0.0,0,2,0
13932,Asylum,6,Sunday,16,,,,0.0,0,18,0
17723,Asylum,6,Sunday,17,,,,0.0,0,4,0
13932,Asylum,6,Sunday,17,,,,0.0,0,6,0
17723,Asylum,6,Sunday,18,,,,0.0,0,8,0
17723,Asylum,6,Sunday,19,0.0,0.0,0,100.0,4,4,1
13932,Asylum,6,Sunday,19,0.0,0.0,0,100.0,18,18,2
17723,Asylum,6,Sunday,20,0.0,0.0,0,100.0,8,8,1
13932,Asylum,6,Sunday,20,0.0,0.0,0,100.0,6,6,2
13932,Asylum,6,Sunday,21,0.0,0.0,0,100.0,3,3,1
17723,Asylum,6,Sunday,22,,,,0.0,0,9,0
13932,Asylum,6,Sunday,22,0.0,0.0,0,10.5,2,19,1
17723,Asylum,6,Sunday,23,,,,0.0,0,3,0
13932,Asylum,6,Sunday,23,,,,0.0,0,2,0
10461,Barnstormer,0,Monday,0,,,,0.0,0,12,0
10461,Barnstormer,0,Monday,1,,,,0.0,0,4,0
10461,Barnstormer,0,Monday,2,,,,0.0,0,17,0
10461,Barnstormer,0,Monday,3,,,,0.0,0,9,0
10461,Barnstormer,0,Monday,4,,,,0.0,0,34,0
10461,Barnstormer,0,Monday,5,,,,0.0,0,9,0
10461,Barnstormer,0,Monday,6,,,,0.0,0,3,0
10461,Barnstormer,0,Monday,9,,,,0.0,0,4,0
10461,Barnstormer,0,Monday,10,0.0,0.0,0,33.3,4,12,1
10461,Barnstormer,0,Monday,11,0.0,0.0,0,100.0,12,12,1
10461,Barnstormer,0,Monday,12,0.0,0.0,0,100.0,12,12,1
10461,Barnstormer,0,Monday,13,0.0,0.0,0,100.0,13,13,2
10461,Barnstormer,0,Monday,14,0.0,0.0,0,57.5,23,40,2
10461,Barnstormer,0,Monday,15,0.0,0.0,0,70.0,21,30,2
10461,Barnstormer,0,Monday,16,0.0,0.0,0,60.0,15,25,2
10461,Barnstormer,0,Monday,17,0.0,0.0,0,95.7,22,23,2
10461,Barnstormer,0,Monday,18,0.0,0.0,0,37.8,14,37,2
10461,Barnstormer,0,Monday,19,0.0,0.0,0,100.0,26,26,3
10461,Barnstormer,0,Monday,20,0.0,0.0,0,15.2,7,46,3
10461,Barnstormer,0,Monday,21,,,,0.0,0,27,0
10461,Barnstormer,0,Monday,22,,,,0.0,0,41,0
10461,Barnstormer,0,Monday,23,,,,0.0,0,19,0
10461,Barnstormer,1,Tuesday,0,,,,0.0,0,12,0
10461,Barnstormer,1,Tuesday,1,,,,0.0,0,17,0
10461,Barnstormer,1,Tuesday,2,,,,0.0,0,23,0
10461,Barnstormer,1,Tuesday,3,,,,0.0,0,20,0
10461,Barnstormer,1,Tuesday,4,,,,0.0,0,12,0
10461,Barnstormer,1,Tuesday,5,,,,0.0,0,3,0
10461,Barnstormer,1,Tuesday,9,,,,0.0,0,8,0
10461,Barnstormer,1,Tuesday,10,0.0,0.0,0,33.3,6,18,2
10461,Barnstormer,1,Tuesday,11,0.0,0.0,0,100.0,19,19,2
10461,Barnstormer,1,Tuesday,12,0.0,0.0,0,90.5,19,21,2
10461,Barnstormer,1,Tuesday,13,0.0,0.0,0,55.4,31,56,3
10461,Barnstormer,1,Tuesday,14,0.0,0.0,0,67.5,27,40,4
10461,Barnstormer,1,Tuesday,15,0.0,0.0,0,65.8,25,38,4
10461,Barnstormer,1,Tuesday,16,0.0,0.0,0,51.8,29,56,3
10461,Barnstormer,1,Tuesday,17,0.0,0.0,0,76.9,20,26,2
10461,Barnstormer,1,Tuesday,18,0.0,0.0,0,71.4,35,49,4
10461,Barnstormer,1,Tuesday,19,0.0,0.0,0,44.6,29,65,4
10461,Barnstormer,1,Tuesday,20,0.0,0.0,0,7.1,2,28,1
10461,Barnstormer,1,Tuesday,21,,,,0.0,0,59,0
10461,Barnstormer,1,Tuesday,22,,,,0.0,0,34,0
10461,Barnstormer,1,Tuesday,23,,,,0.0,0,23,0
10461,Barnstormer,2,Wednesday,0,,,,0.0,0,10,0
10461,Barnstormer,2,Wednesday,1,,,,0.0,0,20,0
10461,Barnstormer,2,Wednesday,2,,,,0.0,0,11,0
10461,Barnstormer,2,Wednesday,3,,,,0.0,0,27,0
10461,Barnstormer,2,Wednesday,4,,,,0.0,0,10,0
10461,Barnstormer,2,Wednesday,9,,,,0.0,0,8,0
10461,Barnstormer,2,Wednesday,10,0.0,0.0,0,15.8,3,19,1
10461,Barnstormer,2,Wednesday,11,0.0,0.0,0,60.0,9,15,2
10461,Barnstormer,2,Wednesday,12,0.0,0.0,0,77.8,14,18,3
10461,Barnstormer,2,Wednesday,13,0.0,0.0,0,45.7,21,46,3
10461,Barnstormer,2,Wednesday,14,0.0,0.0,0,69.7,23,33,3
10461,Barnstormer,2,Wednesday,15,0.0,0.0,0,56.8,21,37,4
10461,Barnstormer,2,Wednesday,16,0.0,0.0,0,45.7,16,35,3
10461,Barnstormer,2,Wednesday,17,0.0,0.0,0,53.6,15,28,2
10461,Barnstormer,2,Wednesday,18,0.0,0.0,0,65.6,21,32,3
10461,Barnstormer,2,Wednesday,19,0.0,0.0,0,31.8,14,44,4
10461,Barnstormer,2,Wednesday,20,0.0,0.0,0,7.3,3,41,1
10461,Barnstormer,2,Wednesday,21,,,,0.0,0,35,0
10461,Barnstormer,2,Wednesday,22,,,,0.0,0,23,0
10461,Barnstormer,2,Wednesday,23,,,,0.0,0,18,0
10461,Barnstormer,3,Thursday,0,,,,0.0,0,22,0
10461,Barnstormer,3,Thursday,1,,,,0.0,0,27,0
10461,Barnstormer,3,Thursday,2,,,,0.0,0,11,0
10461,Barnstormer,3,Thursday,3,,,,0.0,0,29,0
10461,Barnstormer,3,Thursday,4,,,,0.0,0,4,0
10461,Barnstormer,3,Thursday,9,,,,0.0,0,5,0
10461,Barnstormer,3,Thursday,10,0.0,0.0,0,33.3,4,12,1
10461,Barnstormer,3,Thursday,11,0.0,0.0,0,58.3,7,12,1
10461,Barnstormer,3,Thursday,12,0.0,0.0,0,78.9,15,19,2
10461,Barnstormer,3,Thursday,13,0.0,0.0,0,50.0,21,42,2
10461,Barnstormer,3,Thursday,14,0.0,0.0,0,57.1,16,28,2
10461,Barnstormer,3,Thursday,15,0.0,0.0,0,41.3,19,46,2
10461,Barnstormer,3,Thursday,16,0.0,0.0,0,58.6,17,29,2
10461,Barnstormer,3,Thursday,17,0.0,0.0,0,42.9,15,35,2
10461,Barnstormer,3,Thursday,18,0.0,0.0,0,37.1,13,35,3
10461,Barnstormer,3,Thursday,19,0.0,0.0,0,30.5,18,59,3
10461,Barnstormer,3,Thursday,20,0.0,0.0,0,25.0,11,44,2
10461,Barnstormer,3,Thursday,21,,,,0.0,0,25,0
10461,Barnstormer,3,Thursday,22,,,,0.0,0,53,0
10461,Barnstormer,3,Thursday,23,,,,0.0,0,22,0
10461,Barnstormer,4,Friday,0,,,,0.0,0,19,0
10461,Barnstormer,4,Friday,1,,,,0.0,0,10,0
10461,Barnstormer,4,Friday,2,,,,0.0,0,14,0
10461,Barnstormer,4,Friday,3,,,,0.0,0,26,0
10461,Barnstormer,4,Friday,4,,,,0.0,0,25,0
10461,Barnstormer,4,Friday,5,,,,0.0,0,1,0
10461,Barnstormer,4,Friday,9,,,,0.0,0,5,0
10461,Barnstormer,4,Friday,10,0.0,0.0,0,25.0,3,12,1
10461,Barnstormer,4,Friday,11,0.0,0.0,0,100.0,12,12,1
10461,Barnstormer,4,Friday,12,0.0,0.0,0,73.9,17,23,2
10461,Barnstormer,4,Friday,13,0.0,0.0,0,45.2,19,42,2
10461,Barnstormer,4,Friday,14,0.0,0.0,0,40.0,12,30,1
10461,Barnstormer,4,Friday,15,0.0,0.0,0,55.0,22,40,2
10461,Barnstormer,4,Friday,16,0.0,0.0,0,60.9,14,23,2
10461,Barnstormer,4,Friday,17,0.0,0.0,0,50.0,17,34,2
10461,Barnstormer,4,Friday,18,0.0,0.0,0,76.6,36,47,5
10461,Barnstormer,4,Friday,19,0.0,0.0,0,90.7,39,43,6
10461,Barnstormer,4,Friday,20,0.0,0.0,0,66.7,28,42,4
10461,Barnstormer,4,Friday,21,0.0,0.0,0,95.5,21,22,2
10461,Barnstormer,4,Friday,22,0.0,0.0,0,41.5,22,53,4
10461,Barnstormer,4,Friday,23,0.0,0.0,0,18.2,4,22,2
10461,Barnstormer,5,Saturday,0,,,,0.0,0,23,0
10461,Barnstormer,5,Saturday,1,,,,0.0,0,3,0
10461,Barnstormer,5,Saturday,2,,,,0.0,0,8,0
10461,Barnstormer,5,Saturday,3,,,,0.0,0,33,0
10461,Barnstormer,5,Saturday,4,,,,0.0,0,18,0
10461,Barnstormer,5,Saturday,5,,,,0.0,0,1,0
10461,Barnstormer,5,Saturday,9,,,,0.0,0,8,0
10461,Barnstormer,5,Saturday,10,0.0,0.0,0,33.3,4,12,1
10461,Barnstormer,5,Saturday,11,0.0,0.0,0,100.0,17,17,3
10461,Barnstormer,5,Saturday,12,0.0,0.0,0,95.9,47,49,6
10461,Barnstormer,5,Saturday,13,0.0,0.0,0,93.5,43,46,7
10461,Barnstormer,5,Saturday,14,0.0,0.0,0,100.0,36,36,4
10461,Barnstormer,5,Saturday,15,0.0,0.0,0,100.0,42,42,6
10461,Barnstormer,5,Saturday,16,0.0,0.0,0,95.8,46,48,6
10461,Barnstormer,5,Saturday,17,0.0,0.0,0,96.3,26,27,4
10461,Barnstormer,5,Saturday,18,0.0,0.0,0,100.0,58,58,7
10461,Barnstormer,5,Saturday,19,0.0,0.0,0,100.0,41,41,7
10461,Barnstormer,5,Saturday,20,0.0,0.0,0,74.4,32,43,6
10461,Barnstormer,5,Saturday,21,0.0,0.0,0,100.0,45,45,5
10461,Barnstormer,5,Saturday,22,0.0,0.0,0,73.1,19,26,4
10461,Barnstormer,5,Saturday,23,0.0,0.0,0,16.7,2,12,1
10461,Barnstormer,6,Sunday,0,,,,0.0,0,12,0
10461,Barnstormer,6,Sunday,1,,,,0.0,0,22,0
10461,Barnstormer,6,Sunday,2,,,,0.0,0,35,0
10461,Barnstormer,6,Sunday,3,,,,0.0,0,7,0
10461,Barnstormer,6,Sunday,4,,,,0.0,0,5,0
10461,Barnstormer,6,Sunday,5,,,,0.0,0,7,0
10461,Barnstormer,6,Sunday,9,,,,0.0,0,7,0
10461,Barnstormer,6,Sunday,10,0.0,0.0,0,33.3,4,12,1
10461,Barnstormer,6,Sunday,11,0.0,0.0,0,100.0,14,14,2
10461,Barnstormer,6,Sunday,12,0.0,0.0,0,100.0,31,31,4
10461,Barnstormer,6,Sunday,13,0.0,0.0,0,83.1,49,59,6
10461,Barnstormer,6,Sunday,14,0.0,0.0,0,85.7,24,28,3
10461,Barnstormer,6,Sunday,15,0.0,0.0,0,94.6,35,37,5
10461,Barnstormer,6,Sunday,16,0.0,0.0,0,100.0,43,43,7
10461,Barnstormer,6,Sunday,17,0.0,0.0,0,100.0,30,30,6
10461,Barnstormer,6,Sunday,18,0.0,0.0,0,100.0,46,46,5
10461,Barnstormer,6,Sunday,19,0.0,0.0,0,95.7,45,47,7
10461,Barnstormer,6,Sunday,20,0.0,0.0,0,83.7,36,43,7
10461,Barnstormer,6,Sunday,21,0.0,0.0,0,52.9,18,34,4
10461,Barnstormer,6,Sunday,22,0.0,0.0,0,6.1,3,49,2
10461,Barnstormer,6,Sunday,23,,,,0.0,0,19,0
17425,Barrels O’ Fun,0,Monday,0,,,,0.0,0,12,0
17425,Barrels O’ Fun,0,Monday,1,,,,0.0,0,4,0
17425,Barrels O’ Fun,0,Monday,2,,,,0.0,0,17,0
17425,Barrels O’ Fun,0,Monday,3,,,,0.0,0,9,0
17425,Barrels O’ Fun,0,Monday,4,,,,0.0,0,34,0
17425,Barrels O’ Fun,0,Monday,5,,,,0.0,0,9,0
17425,Barrels O’ Fun,0,Monday,6,,,,0.0,0,3,0
17425,Barrels O’ Fun,0,Monday,9,,,,0.0,0,4,0
17425,Barrels O’ Fun,0,Monday,10,0.0,0.0,0,33.3,4,12,1
17425,Barrels O’ Fun,0,Monday,11,0.0,0.0,0,91.7,11,12,1
17425,Barrels O’ Fun,0,Monday,12,0.0,0.0,0,100.0,12,12,1
17425,Barrels O’ Fun,0,Monday,13,44.5,60.0,60,84.6,11,13,2
17425,Barrels O’ Fun,0,Monday,14,36.1,60.0,60,57.5,23,40,2
17425,Barrels O’ Fun,0,Monday,15,34.3,60.0,60,70.0,21,30,2
17425,Barrels O’ Fun,0,Monday,16,48.0,60.0,60,60.0,15,25,2
17425,Barrels O’ Fun,0,Monday,17,54.6,60.0,60,60.9,14,23,2
17425,Barrels O’ Fun,0,Monday,18,46.2,45.0,60,35.1,13,37,2
17425,Barrels O’ Fun,0,Monday,19,24.8,45.0,45,96.2,25,26,3
17425,Barrels O’ Fun,0,Monday,20,32.1,45.0,45,15.2,7,46,3
17425,Barrels O’ Fun,0,Monday,21,,,,0.0,0,27,0
17425,Barrels O’ Fun,0,Monday,22,,,,0.0,0,41,0
17425,Barrels O’ Fun,0,Monday,23,,,,0.0,0,19,0
17425,Barrels O’ Fun,1,Tuesday,0,,,,0.0,0,12,0
17425,Barrels O’ Fun,1,Tuesday,1,,,,0.0,0,17,0
17425,Barrels O’ Fun,1,Tuesday,2,,,,0.0,0,23,0
17425,Barrels O’ Fun,1,Tuesday,3,,,,0.0,0,20,0
17425,Barrels O’ Fun,1,Tuesday,4,,,,0.0,0,12,0
17425,Barrels O’ Fun,1,Tuesday,5,,,,0.0,0,3,0
17425,Barrels O’ Fun,1,Tuesday,9,,,,0.0,0,8,0
17425,Barrels O’ Fun,1,Tuesday,10,0.0,0.0,0,33.3,6,18,2
17425,Barrels O’ Fun,1,Tuesday,11,1.6,10.0,10,100.0,19,19,2
17425,Barrels O’ Fun,1,Tuesday,12,9.7,30.0,30,90.5,19,21,2
17425,Barrels O’ Fun,1,Tuesday,13,12.6,30.0,30,48.2,27,56,3
17425,Barrels O’ Fun,1,Tuesday,14,27.4,40.0,40,67.5,27,40,4
17425,Barrels O’ Fun,1,Tuesday,15,29.4,45.0,45,65.8,25,38,4
17425,Barrels O’ Fun,1,Tuesday,16,17.7,30.0,35,46.4,26,56,3
17425,Barrels O’ Fun,1,Tuesday,17,30.0,30.0,30,38.5,10,26,1
17425,Barrels O’ Fun,1,Tuesday,18,22.5,35.0,60,61.2,30,49,4
17425,Barrels O’ Fun,1,Tuesday,19,36.7,60.0,60,44.6,29,65,4
17425,Barrels O’ Fun,1,Tuesday,20,60.0,60.0,60,7.1,2,28,1
17425,Barrels O’ Fun,1,Tuesday,21,,,,0.0,0,59,0
17425,Barrels O’ Fun,1,Tuesday,22,,,,0.0,0,34,0
17425,Barrels O’ Fun,1,Tuesday,23,,,,0.0,0,23,0
17425,Barrels O’ Fun,2,Wednesday,0,,,,0.0,0,10,0
17425,Barrels O’ Fun,2,Wednesday,1,,,,0.0,0,20,0
17425,Barrels O’ Fun,2,Wednesday,2,,,,0.0,0,11,0
17425,Barrels O’ Fun,2,Wednesday,3,,,,0.0,0,27,0
17425,Barrels O’ Fun,2,Wednesday,4,,,,0.0,0,10,0
17425,Barrels O’ Fun,2,Wednesday,9,,,,0.0,0,8,0
17425,Barrels O’ Fun,2,Wednesday,10,0.0,0.0,0,15.8,3,19,1
17425,Barrels O’ Fun,2,Wednesday,11,0.0,0.0,0,93.3,14,15,2
17425,Barrels O’ Fun,2,Wednesday,12,3.0,15.0,15,83.3,15,18,2
17425,Barrels O’ Fun,2,Wednesday,13,10.3,15.0,45,34.8,16,46,2
17425,Barrels O’ Fun,2,Wednesday,14,38.9,90.0,90,66.7,22,33,3
17425,Barrels O’ Fun,2,Wednesday,15,33.0,45.0,45,40.5,15,37,2
17425,Barrels O’ Fun,2,Wednesday,16,31.8,45.0,60,31.4,11,35,3
17425,Barrels O’ Fun,2,Wednesday,17,53.0,60.0,60,53.6,15,28,2
17425,Barrels O’ Fun,2,Wednesday,18,5.0,35.0,35,65.6,21,32,3
17425,Barrels O’ Fun,2,Wednesday,19,28.9,45.0,45,31.8,14,44,4
17425,Barrels O’ Fun,2,Wednesday,20,45.0,45.0,45,7.3,3,41,1
17425,Barrels O’ Fun,2,Wednesday,21,,,,0.0,0,35,0
17425,Barrels O’ Fun,2,Wednesday,22,,,,0.0,0,23,0
17425,Barrels O’ Fun,2,Wednesday,23,,,,0.0,0,18,0
17425,Barrels O’ Fun,3,Thursday,0,,,,0.0,0,22,0
17425,Barrels O’ Fun,3,Thursday,1,,,,0.0,0,27,0
17425,Barrels O’ Fun,3,Thursday,2,,,,0.0,0,11,0
17425,Barrels O’ Fun,3,Thursday,3,,,,0.0,0,29,0
17425,Barrels O’ Fun,3,Thursday,4,,,,0.0,0,4,0
17425,Barrels O’ Fun,3,Thursday,9,,,,0.0,0,5,0
17425,Barrels O’ Fun,3,Thursday,10,0.0,0.0,0,33.3,4,12,1
17425,Barrels O’ Fun,3,Thursday,11,0.0,0.0,0,100.0,12,12,1
17425,Barrels O’ Fun,3,Thursday,12,0.0,0.0,0,52.6,10,19,2
17425,Barrels O’ Fun,3,Thursday,13,0.0,0.0,0,31.0,13,42,2
17425,Barrels O’ Fun,3,Thursday,14,7.5,15.0,15,35.7,10,28,2
17425,Barrels O’ Fun,3,Thursday,15,5.9,15.0,15,50.0,23,46,3
17425,Barrels O’ Fun,3,Thursday,16,5.6,15.0,15,27.6,8,29,2
17425,Barrels O’ Fun,3,Thursday,17,12.0,15.0,15,42.9,15,35,2
17425,Barrels O’ Fun,3,Thursday,18,3.5,15.0,15,37.1,13,35,3
17425,Barrels O’ Fun,3,Thursday,19,0.0,0.0,0,30.5,18,59,3
17425,Barrels O’ Fun,3,Thursday,20,0.0,0.0,0,25.0,11,44,2
17425,Barrels O’ Fun,3,Thursday,21,,,,0.0,0,25,0
17425,Barrels O’ Fun,3,Thursday,22,,,,0.0,0,53,0
17425,Barrels O’ Fun,3,Thursday,23,,,,0.0,0,22,0
17425,Barrels O’ Fun,4,Friday,0,,,,0.0,0,19,0
17425,Barrels O’ Fun,4,Friday,1,,,,0.0,0,10,0
17425,Barrels O’ Fun,4,Friday,2,,,,0.0,0,14,0
17425,Barrels O’ Fun,4,Friday,3,,,,0.0,0,26,0
17425,Barrels O’ Fun,4,Friday,4,,,,0.0,0,25,0
17425,Barrels O’ Fun,4,Friday,5,,,,0.0,0,1,0
17425,Barrels O’ Fun,4,Friday,9,,,,0.0,0,5,0
17425,Barrels O’ Fun,4,Friday,10,0.0,0.0,0,25.0,3,12,1
17425,Barrels O’ Fun,4,Friday,11,0.0,0.0,0,100.0,12,12,1
17425,Barrels O’ Fun,4,Friday,12,12.6,25.0,25,73.9,17,23,2
17425,Barrels O’ Fun,4,Friday,13,26.4,50.0,50,42.9,18,42,2
17425,Barrels O’ Fun,4,Friday,14,49.2,50.0,50,40.0,12,30,1
17425,Barrels O’ Fun,4,Friday,15,30.7,60.0,60,55.0,22,40,2
17425,Barrels O’ Fun,4,Friday,16,51.4,60.0,60,60.9,14,23,2
17425,Barrels O’ Fun,4,Friday,17,48.2,60.0,60,50.0,17,34,2
17425,Barrels O’ Fun,4,Friday,18,26.1,60.0,60,70.2,33,47,4
17425,Barrels O’ Fun,4,Friday,19,24.6,60.0,60,86.0,37,43,6
17425,Barrels O’ Fun,4,Friday,20,20.0,30.0,30,71.4,30,42,4
17425,Barrels O’ Fun,4,Friday,21,30.0,30.0,30,54.5,12,22,1
17425,Barrels O’ Fun,4,Friday,22,30.0,30.0,30,24.5,13,53,2
17425,Barrels O’ Fun,4,Friday,23,30.0,30.0,30,9.1,2,22,1
17425,Barrels O’ Fun,5,Saturday,0,,,,0.0,0,23,0
17425,Barrels O’ Fun,5,Saturday,1,,,,0.0,0,3,0
17425,Barrels O’ Fun,5,Saturday,2,,,,0.0,0,8,0
17425,Barrels O’ Fun,5,Saturday,3,,,,0.0,0,33,0
17425,Barrels O’ Fun,5,Saturday,4,,,,0.0,0,18,0
17425,Barrels O’ Fun,5,Saturday,5,,,,0.0,0,1,0
17425,Barrels O’ Fun,5,Saturday,9,,,,0.0,0,8,0
17425,Barrels O’ Fun,5,Saturday,10,0.0,0.0,0,33.3,4,12,1
17425,Barrels O’ Fun,5,Saturday,11,0.0,0.0,0,100.0,17,17,3
17425,Barrels O’ Fun,5,Saturday,12,7.9,30.0,35,95.9,47,49,7
17425,Barrels O’ Fun,5,Saturday,13,19.5,45.0,75,93.5,43,46,6
17425,Barrels O’ Fun,5,Saturday,14,33.8,45.0,45,77.8,28,36,4
17425,Barrels O’ Fun,5,Saturday,15,40.1,75.0,75,92.9,39,42,6
17425,Barrels O’ Fun,5,Saturday,16,44.0,75.0,75,89.6,43,48,6
17425,Barrels O’ Fun,5,Saturday,17,68.5,90.0,90,85.2,23,27,4
17425,Barrels O’ Fun,5,Saturday,18,60.3,120.0,120,87.9,51,58,6
17425,Barrels O’ Fun,5,Saturday,19,67.7,90.0,120,85.4,35,41,6
17425,Barrels O’ Fun,5,Saturday,20,67.1,120.0,120,79.1,34,43,6
17425,Barrels O’ Fun,5,Saturday,21,53.7,90.0,90,100.0,45,45,5
17425,Barrels O’ Fun,5,Saturday,22,33.2,90.0,90,73.1,19,26,4
17425,Barrels O’ Fun,5,Saturday,23,0.0,0.0,0,16.7,2,12,1
17425,Barrels O’ Fun,6,Sunday,0,,,,0.0,0,12,0
17425,Barrels O’ Fun,6,Sunday,1,,,,0.0,0,22,0
17425,Barrels O’ Fun,6,Sunday,2,,,,0.0,0,35,0
17425,Barrels O’ Fun,6,Sunday,3,,,,0.0,0,7,0
17425,Barrels O’ Fun,6,Sunday,4,,,,0.0,0,5,0
17425,Barrels O’ Fun,6,Sunday,5,,,,0.0,0,7,0
17425,Barrels O’ Fun,6,Sunday,9,,,,0.0,0,7,0
17425,Barrels O’ Fun,6,Sunday,10,0.0,0.0,0,33.3,4,12,1
17425,Barrels O’ Fun,6,Sunday,11,0.0,0.0,0,100.0,14,14,2
17425,Barrels O’ Fun,6,Sunday,12,12.6,30.0,30,74.2,23,31,3
17425,Barrels O’ Fun,6,Sunday,13,31.2,60.0,60,57.6,34,59,4
17425,Barrels O’ Fun,6,Sunday,14,48.9,50.0,50,78.6,22,28,2
17425,Barrels O’ Fun,6,Sunday,15,23.2,60.0,60,100.0,37,37,5
17425,Barrels O’ Fun,6,Sunday,16,37.2,60.0,75,79.1,34,43,6
17425,Barrels O’ Fun,6,Sunday,17,53.0,75.0,75,66.7,20,30,4
17425,Barrels O’ Fun,6,Sunday,18,49.7,75.0,75,80.4,37,46,5
17425,Barrels O’ Fun,6,Sunday,19,40.0,90.0,90,83.0,39,47,6
17425,Barrels O’ Fun,6,Sunday,20,38.4,75.0,75,58.1,25,43,6
17425,Barrels O’ Fun,6,Sunday,21,30.6,60.0,60,47.1,16,34,3
17425,Barrels O’ Fun,6,Sunday,22,0.0,0.0,0,6.1,3,49,2
17425,Barrels O’ Fun,6,Sunday,23,,,,0.0,0,19,0
3233,BATMAN™ The Ride,0,Monday,0,,,,0.0,0,12,0
3233,BATMAN™ The Ride,0,Monday,1,,,,0.0,0,4,0
3233,BATMAN™ The Ride,0,Monday,2,,,,0.0,0,17,0
3233,BATMAN™ The Ride,0,Monday,3,,,,0.0,0,9,0
3233,BATMAN™ The Ride,0,Monday,4,,,,0.0,0,34,0
3233,BATMAN™ The Ride,0,Monday,5,,,,0.0,0,9,0
3233,BATMAN™ The Ride,0,Monday,6,,,,0.0,0,3,0
3233,BATMAN™ The Ride,0,Monday,9,,,,0.0,0,4,0
3233,BATMAN™ The Ride,0,Monday,10,0.0,0.0,0,8.3,1,12,1
3233,BATMAN™ The Ride,0,Monday,11,15.0,30.0,30,100.0,12,12,1
3233,BATMAN™ The Ride,0,Monday,12,43.8,45.0,45,100.0,12,12,1
3233,BATMAN™ The Ride,0,Monday,13,45.0,45.0,45,92.3,12,13,1
3233,BATMAN™ The Ride,0,Monday,14,33.8,45.0,45,52.5,21,40,2
3233,BATMAN™ The Ride,0,Monday,15,25.7,45.0,45,70.0,21,30,2
3233,BATMAN™ The Ride,0,Monday,16,30.0,45.0,45,60.0,15,25,2
3233,BATMAN™ The Ride,0,Monday,17,27.7,30.0,30,95.7,22,23,2
3233,BATMAN™ The Ride,0,Monday,18,29.3,30.0,30,37.8,14,37,2
3233,BATMAN™ The Ride,0,Monday,19,11.3,30.0,30,100.0,26,26,3
3233,BATMAN™ The Ride,0,Monday,20,6.4,15.0,15,15.2,7,46,3
3233,BATMAN™ The Ride,0,Monday,21,,,,0.0,0,27,0
3233,BATMAN™ The Ride,0,Monday,22,,,,0.0,0,41,0
3233,BATMAN™ The Ride,0,Monday,23,,,,0.0,0,19,0
3233,BATMAN™ The Ride,1,Tuesday,0,,,,0.0,0,12,0
3233,BATMAN™ The Ride,1,Tuesday,1,,,,0.0,0,17,0
3233,BATMAN™ The Ride,1,Tuesday,2,,,,0.0,0,23,0
3233,BATMAN™ The Ride,1,Tuesday,3,,,,0.0,0,20,0
3233,BATMAN™ The Ride,1,Tuesday,4,,,,0.0,0,12,0
3233,BATMAN™ The Ride,1,Tuesday,5,,,,0.0,0,3,0
3233,BATMAN™ The Ride,1,Tuesday,9,,,,0.0,0,8,0
3233,BATMAN™ The Ride,1,Tuesday,10,0.0,0.0,0,33.3,6,18,2
3233,BATMAN™ The Ride,1,Tuesday,11,0.0,0.0,0,100.0,19,19,2
3233,BATMAN™ The Ride,1,Tuesday,12,0.0,0.0,0,90.5,19,21,2
3233,BATMAN™ The Ride,1,Tuesday,13,9.2,25.0,25,55.4,31,56,3
3233,BATMAN™ The Ride,1,Tuesday,14,21.1,45.0,45,67.5,27,40,4
3233,BATMAN™ The Ride,1,Tuesday,15,33.0,45.0,45,65.8,25,38,4
3233,BATMAN™ The Ride,1,Tuesday,16,30.0,45.0,45,55.4,31,56,3
3233,BATMAN™ The Ride,1,Tuesday,17,43.0,45.0,45,76.9,20,26,2
3233,BATMAN™ The Ride,1,Tuesday,18,11.9,45.0,45,71.4,35,49,4
3233,BATMAN™ The Ride,1,Tuesday,19,5.7,10.0,10,41.5,27,65,4
3233,BATMAN™ The Ride,1,Tuesday,20,10.0,10.0,10,7.1,2,28,1
3233,BATMAN™ The Ride,1,Tuesday,21,,,,0.0,0,59,0
3233,BATMAN™ The Ride,1,Tuesday,22,,,,0.0,0,34,0
3233,BATMAN™ The Ride,1,Tuesday,23,,,,0.0,0,23,0
3233,BATMAN™ The Ride,2,Wednesday,0,,,,0.0,0,10,0
3233,BATMAN™ The Ride,2,Wednesday,1,,,,0.0,0,20,0
3233,BATMAN™ The Ride,2,Wednesday,2,,,,0.0,0,11,0
3233,BATMAN™ The Ride,2,Wednesday,3,,,,0.0,0,27,0
3233,BATMAN™ The Ride,2,Wednesday,4,,,,0.0,0,10,0
3233,BATMAN™ The Ride,2,Wednesday,9,,,,0.0,0,8,0
3233,BATMAN™ The Ride,2,Wednesday,10,0.0,0.0,0,15.8,3,19,1
3233,BATMAN™ The Ride,2,Wednesday,11,0.0,0.0,0,100.0,15,15,2
3233,BATMAN™ The Ride,2,Wednesday,12,0.0,0.0,0,94.4,17,18,3
3233,BATMAN™ The Ride,2,Wednesday,13,12.9,45.0,60,45.7,21,46,3
3233,BATMAN™ The Ride,2,Wednesday,14,30.0,60.0,60,69.7,23,33,3
3233,BATMAN™ The Ride,2,Wednesday,15,37.1,60.0,60,56.8,21,37,4
3233,BATMAN™ The Ride,2,Wednesday,16,22.5,40.0,40,45.7,16,35,3
3233,BATMAN™ The Ride,2,Wednesday,17,25.3,40.0,40,53.6,15,28,2
3233,BATMAN™ The Ride,2,Wednesday,18,2.9,20.0,20,65.6,21,32,3
3233,BATMAN™ The Ride,2,Wednesday,19,9.3,20.0,20,31.8,14,44,4
3233,BATMAN™ The Ride,2,Wednesday,20,0.0,0.0,0,7.3,3,41,1
3233,BATMAN™ The Ride,2,Wednesday,21,,,,0.0,0,35,0
3233,BATMAN™ The Ride,2,Wednesday,22,,,,0.0,0,23,0
3233,BATMAN™ The Ride,2,Wednesday,23,,,,0.0,0,18,0
3233,BATMAN™ The Ride,3,Thursday,0,,,,0.0,0,22,0
3233,BATMAN™ The Ride,3,Thursday,1,,,,0.0,0,27,0
3233,BATMAN™ The Ride,3,Thursday,2,,,,0.0,0,11,0
3233,BATMAN™ The Ride,3,Thursday,3,,,,0.0,0,29,0
3233,BATMAN™ The Ride,3,Thursday,4,,,,0.0,0,4,0
3233,BATMAN™ The Ride,3,Thursday,9,,,,0.0,0,5,0
3233,BATMAN™ The Ride,3,Thursday,10,0.0,0.0,0,33.3,4,12,1
3233,BATMAN™ The Ride,3,Thursday,11,0.0,0.0,0,100.0,12,12,1
3233,BATMAN™ The Ride,3,Thursday,12,0.0,0.0,0,73.7,14,19,2
3233,BATMAN™ The Ride,3,Thursday,13,0.0,0.0,0,50.0,21,42,2
3233,BATMAN™ The Ride,3,Thursday,14,0.0,0.0,0,60.7,17,28,2
3233,BATMAN™ The Ride,3,Thursday,15,0.0,0.0,0,56.5,26,46,3
3233,BATMAN™ The Ride,3,Thursday,16,0.0,0.0,0,58.6,17,29,2
3233,BATMAN™ The Ride,3,Thursday,17,0.0,0.0,0,42.9,15,35,2
3233,BATMAN™ The Ride,3,Thursday,18,0.0,0.0,0,37.1,13,35,3
3233,BATMAN™ The Ride,3,Thursday,19,0.0,0.0,0,30.5,18,59,3
3233,BATMAN™ The Ride,3,Thursday,20,0.0,0.0,0,25.0,11,44,2
3233,BATMAN™ The Ride,3,Thursday,21,,,,0.0,0,25,0
3233,BATMAN™ The Ride,3,Thursday,22,,,,0.0,0,53,0
3233,BATMAN™ The Ride,3,Thursday,23,,,,0.0,0,22,0
3233,BATMAN™ The Ride,4,Friday,0,,,,0.0,0,19,0
3233,BATMAN™ The Ride,4,Friday,1,,,,0.0,0,10,0
3233,BATMAN™ The Ride,4,Friday,2,,,,0.0,0,14,0
3233,BATMAN™ The Ride,4,Friday,3,,,,0.0,0,26,0
3233,BATMAN™ The Ride,4,Friday,4,,,,0.0,0,25,0
3233,BATMAN™ The Ride,4,Friday,5,,,,0.0,0,1,0
3233,BATMAN™ The Ride,4,Friday,9,,,,0.0,0,5,0
3233,BATMAN™ The Ride,4,Friday,10,0.0,0.0,0,25.0,3,12,1
3233,BATMAN™ The Ride,4,Friday,11,0.0,0.0,0,100.0,12,12,1
3233,BATMAN™ The Ride,4,Friday,12,0.0,0.0,0,73.9,17,23,2
3233,BATMAN™ The Ride,4,Friday,13,9.5,20.0,20,45.2,19,42,2
3233,BATMAN™ The Ride,4,Friday,14,20.0,20.0,20,40.0,12,30,1
3233,BATMAN™ The Ride,4,Friday,15,10.9,20.0,20,55.0,22,40,2
3233,BATMAN™ The Ride,4,Friday,16,16.4,20.0,20,60.9,14,23,2
3233,BATMAN™ The Ride,4,Friday,17,7.1,10.0,10,50.0,17,34,2
3233,BATMAN™ The Ride,4,Friday,18,4.2,10.0,10,76.6,36,47,5
3233,BATMAN™ The Ride,4,Friday,19,5.1,10.0,10,86.0,37,43,6
3233,BATMAN™ The Ride,4,Friday,20,4.0,10.0,10,71.4,30,42,4
3233,BATMAN™ The Ride,4,Friday,21,18.6,30.0,30,95.5,21,22,2
3233,BATMAN™ The Ride,4,Friday,22,5.5,30.0,30,41.5,22,53,4
3233,BATMAN™ The Ride,4,Friday,23,0.0,0.0,0,18.2,4,22,2
3233,BATMAN™ The Ride,5,Saturday,0,,,,0.0,0,23,0
3233,BATMAN™ The Ride,5,Saturday,1,,,,0.0,0,3,0
3233,BATMAN™ The Ride,5,Saturday,2,,,,0.0,0,8,0
3233,BATMAN™ The Ride,5,Saturday,3,,,,0.0,0,33,0
3233,BATMAN™ The Ride,5,Saturday,4,,,,0.0,0,18,0
3233,BATMAN™ The Ride,5,Saturday,5,,,,0.0,0,1,0
3233,BATMAN™ The Ride,5,Saturday,9,,,,0.0,0,8,0
3233,BATMAN™ The Ride,5,Saturday,10,0.0,0.0,0,33.3,4,12,1
3233,BATMAN™ The Ride,5,Saturday,11,0.0,0.0,0,94.1,16,17,2
3233,BATMAN™ The Ride,5,Saturday,12,6.1,15.0,15,77.6,38,49,6
3233,BATMAN™ The Ride,5,Saturday,13,4.8,15.0,45,93.5,43,46,6
3233,BATMAN™ The Ride,5,Saturday,14,24.4,40.0,40,69.4,25,36,3
3233,BATMAN™ The Ride,5,Saturday,15,32.3,75.0,75,100.0,42,42,6
3233,BATMAN™ The Ride,5,Saturday,16,35.0,80.0,80,79.2,38,48,5
3233,BATMAN™ The Ride,5,Saturday,17,22.8,30.0,30,92.6,25,27,3
3233,BATMAN™ The Ride,5,Saturday,18,34.1,90.0,90,87.9,51,58,6
3233,BATMAN™ The Ride,5,Saturday,19,26.4,80.0,90,87.8,36,41,6
3233,BATMAN™ The Ride,5,Saturday,20,12.1,20.0,45,72.1,31,43,5
3233,BATMAN™ The Ride,5,Saturday,21,14.9,40.0,40,100.0,45,45,5
3233,BATMAN™ The Ride,5,Saturday,22,89.7,150.0,150,73.1,19,26,4
3233,BATMAN™ The Ride,5,Saturday,23,150.0,150.0,150,16.7,2,12,1
3233,BATMAN™ The Ride,6,Sunday,0,,,,0.0,0,12,0
3233,BATMAN™ The Ride,6,Sunday,1,,,,0.0,0,22,0
3233,BATMAN™ The Ride,6,Sunday,2,,,,0.0,0,35,0
3233,BATMAN™ The Ride,6,Sunday,3,,,,0.0,0,7,0
3233,BATMAN™ The Ride,6,Sunday,4,,,,0.0,0,5,0
3233,BATMAN™ The Ride,6,Sunday,5,,,,0.0,0,7,0
3233,BATMAN™ The Ride,6,Sunday,9,,,,0.0,0,7,0
3233,BATMAN™ The Ride,6,Sunday,10,0.0,0.0,0,33.3,4,12,1
3233,BATMAN™ The Ride,6,Sunday,11,5.0,10.0,10,100.0,14,14,2
3233,BATMAN™ The Ride,6,Sunday,12,5.0,10.0,10,77.4,24,31,3
3233,BATMAN™ The Ride,6,Sunday,13,13.4,40.0,75,69.5,41,59,5
3233,BATMAN™ The Ride,6,Sunday,14,41.0,75.0,90,85.7,24,28,3
3233,BATMAN™ The Ride,6,Sunday,15,44.2,90.0,90,70.3,26,37,4
3233,BATMAN™ The Ride,6,Sunday,16,39.3,90.0,90,97.7,42,43,6
3233,BATMAN™ The Ride,6,Sunday,17,51.2,90.0,90,80.0,24,30,5
3233,BATMAN™ The Ride,6,Sunday,18,64.5,90.0,90,87.0,40,46,4
3233,BATMAN™ The Ride,6,Sunday,19,26.8,60.0,90,93.6,44,47,6
3233,BATMAN™ The Ride,6,Sunday,20,15.3,60.0,60,79.1,34,43,6
3233,BATMAN™ The Ride,6,Sunday,21,8.9,20.0,20,55.9,19,34,4
3233,BATMAN™ The Ride,6,Sunday,22,3.3,10.0,10,6.1,3,49,2
3233,BATMAN™ The Ride,6,Sunday,23,,,,0.0,0,19,0
13933,Big Top Terror,0,Monday,3,,,,0.0,0,1,0
17722,Big Top Terror,0,Monday,4,,,,0.0,0,12,0
13933,Big Top Terror,0,Monday,4,,,,0.0,0,11,0
13933,Big Top Terror,0,Monday,5,,,,0.0,0,9,0
13933,Big Top Terror,0,Monday,6,,,,0.0,0,3,0
17722,Big Top Terror,0,Monday,14,,,,0.0,0,8,0
17722,Big Top Terror,0,Monday,15,,,,0.0,0,4,0
13933,Big Top Terror,0,Monday,15,,,,0.0,0,2,0
13933,Big Top Terror,0,Monday,16,,,,0.0,0,10,0
17722,Big Top Terror,0,Monday,18,,,,0.0,0,12,0
17722,Big Top Terror,0,Monday,20,,,,0.0,0,1,0
13933,Big Top Terror,0,Monday,20,,,,0.0,0,12,0
17722,Big Top Terror,0,Monday,21,,,,0.0,0,11,0
13933,Big Top Terror,0,Monday,21,,,,0.0,0,5,0
13933,Big Top Terror,0,Monday,22,,,,0.0,0,7,0
17722,Big Top Terror,1,Tuesday,1,,,,0.0,0,2,0
13933,Big Top Terror,1,Tuesday,1,,,,0.0,0,1,0
17722,Big Top Terror,1,Tuesday,2,,,,0.0,0,10,0
13933,Big Top Terror,1,Tuesday,2,,,,0.0,0,11,0
13933,Big Top Terror,1,Tuesday,4,,,,0.0,0,9,0
13933,Big Top Terror,1,Tuesday,5,,,,0.0,0,3,0
17722,Big Top Terror,1,Tuesday,13,,,,0.0,0,7,0
17722,Big Top Terror,1,Tuesday,14,,,,0.0,0,5,0
13933,Big Top Terror,1,Tuesday,14,,,,0.0,0,12,0
13933,Big Top Terror,1,Tuesday,15,,,,0.0,0,12,0
17722,Big Top Terror,1,Tuesday,16,,,,0.0,0,9,0
17722,Big Top Terror,1,Tuesday,17,,,,0.0,0,3,0
13933,Big Top Terror,1,Tuesday,18,,,,0.0,0,9,0
17722,Big Top Terror,1,Tuesday,19,,,,0.0,0,12,0
13933,Big Top Terror,1,Tuesday,19,,,,0.0,0,15,0
17722,Big Top Terror,1,Tuesday,21,,,,0.0,0,6,0
13933,Big Top Terror,1,Tuesday,21,,,,0.0,0,10,0
17722,Big Top Terror,1,Tuesday,22,,,,0.0,0,6,0
13933,Big Top Terror,1,Tuesday,22,,,,0.0,0,14,0
17722,Big Top Terror,2,Wednesday,2,,,,0.0,0,1,0
13933,Big Top Terror,2,Wednesday,2,,,,0.0,0,1,0
17722,Big Top Terror,2,Wednesday,3,,,,0.0,0,11,0
13933,Big Top Terror,2,Wednesday,3,,,,0.0,0,13,0
13933,Big Top Terror,2,Wednesday,4,,,,0.0,0,10,0
17722,Big Top Terror,2,Wednesday,13,,,,0.0,0,14,0
17722,Big Top Terror,2,Wednesday,14,,,,0.0,0,10,0
13933,Big Top Terror,2,Wednesday,14,,,,0.0,0,10,0
13933,Big Top Terror,2,Wednesday,15,,,,0.0,0,13,0
17722,Big Top Terror,2,Wednesday,16,,,,0.0,0,9,0
13933,Big Top Terror,2,Wednesday,16,,,,0.0,0,3,0
17722,Big Top Terror,2,Wednesday,17,,,,0.0,0,3,0
13933,Big Top Terror,2,Wednesday,17,,,,0.0,0,10,0
13933,Big Top Terror,2,Wednesday,18,,,,0.0,0,7,0
17722,Big Top Terror,2,Wednesday,19,,,,0.0,0,12,0
13933,Big Top Terror,2,Wednesday,19,,,,0.0,0,19,0
13933,Big Top Terror,2,Wednesday,20,,,,0.0,0,10,0
17722,Big Top Terror,2,Wednesday,21,,,,0.0,0,6,0
13933,Big Top Terror,2,Wednesday,21,,,,0.0,0,14,0
17722,Big Top Terror,2,Wednesday,22,,,,0.0,0,6,0
13933,Big Top Terror,2,Wednesday,22,,,,0.0,0,10,0
13933,Big Top Terror,2,Wednesday,23,,,,0.0,0,6,0
13933,Big Top Terror,3,Thursday,0,,,,0.0,0,6,0
17722,Big Top Terror,3,Thursday,2,,,,0.0,0,2,0
13933,Big Top Terror,3,Thursday,2,,,,0.0,0,1,0
17722,Big Top Terror,3,Thursday,3,,,,0.0,0,10,0
13933,Big Top Terror,3,Thursday,3,,,,0.0,0,19,0
13933,Big Top Terror,3,Thursday,4,,,,0.0,0,4,0
17722,Big Top Terror,3,Thursday,13,,,,0.0,0,8,0
13933,Big Top Terror,3,Thursday,13,,,,0.0,0,5,0
17722,Big Top Terror,3,Thursday,14,,,,0.0,0,4,0
13933,Big Top Terror,3,Thursday,14,,,,0.0,0,12,0
13933,Big Top Terror,3,Thursday,15,,,,0.0,0,19,0
17722,Big Top Terror,3,Thursday,16,,,,0.0,0,7,0
13933,Big Top Terror,3,Thursday,16,,,,0.0,0,1,0
17722,Big Top Terror,3,Thursday,17,,,,0.0,0,5,0
13933,Big Top Terror,3,Thursday,17,,,,0.0,0,11,0
17722,Big Top Terror,3,Thursday,18,,,,0.0,0,1,0
13933,Big Top Terror,3,Thursday,18,,,,0.0,0,1,0
17722,Big Top Terror,3,Thursday,19,,,,0.0,0,11,0
13933,Big Top Terror,3,Thursday,19,0.0,0.0,0,16.7,3,18,1
17722,Big Top Terror,3,Thursday,20,,,,0.0,0,1,0
13933,Big Top Terror,3,Thursday,20,0.0,0.0,0,52.9,9,17,1
17722,Big Top Terror,3,Thursday,21,,,,0.0,0,11,0
13933,Big Top Terror,3,Thursday,21,,,,0.0,0,1,0
13933,Big Top Terror,3,Thursday,22,,,,0.0,0,18,0
13933,Big Top Terror,3,Thursday,23,,,,0.0,0,10,0
13933,Big Top Terror,4,Friday,0,,,,0.0,0,7,0
17722,Big Top Terror,4,Friday,1,,,,0.0,0,6,0
17722,Big Top Terror,4,Friday,2,,,,0.0,0,6,0
13933,Big Top Terror,4,Friday,3,,,,0.0,0,2,0
13933,Big Top Terror,4,Friday,4,,,,0.0,0,21,0
13933,Big Top Terror,4,Friday,5,,,,0.0,0,1,0
17722,Big Top Terror,4,Friday,12,,,,0.0,0,3,0
17722,Big Top Terror,4,Friday,13,,,,0.0,0,9,0
13933,Big Top Terror,4,Friday,13,,,,0.0,0,5,0
13933,Big Top Terror,4,Friday,14,,,,0.0,0,18,0
17722,Big Top Terror,4,Friday,15,,,,0.0,0,9,0
13933,Big Top Terror,4,Friday,15,,,,0.0,0,1,0
17722,Big Top Terror,4,Friday,16,,,,0.0,0,3,0
13933,Big Top Terror,4,Friday,16,,,,0.0,0,2,0
17722,Big Top Terror,4,Friday,17,,,,0.0,0,4,0
13933,Big Top Terror,4,Friday,17,,,,0.0,0,10,0
17722,Big Top Terror,4,Friday,18,,,,0.0,0,8,0
13933,Big Top Terror,4,Friday,18,,,,0.0,0,8,0
17722,Big Top Terror,4,Friday,19,,,,0.0,0,4,0
13933,Big Top Terror,4,Friday,19,0.0,0.0,0,100.0,8,8,2
17722,Big Top Terror,4,Friday,20,,,,0.0,0,8,0
13933,Big Top Terror,4,Friday,20,0.0,0.0,0,100.0,8,8,1
13933,Big Top Terror,4,Friday,21,0.0,0.0,0,100.0,9,9,1
17722,Big Top Terror,4,Friday,22,0.0,0.0,0,100.0,10,10,1
13933,Big Top Terror,4,Friday,22,0.0,0.0,0,100.0,9,9,2
17722,Big Top Terror,4,Friday,23,0.0,0.0,0,100.0,2,2,1
13933,Big Top Terror,4,Friday,23,0.0,0.0,0,33.3,2,6,1
13933,Big Top Terror,5,Saturday,2,,,,0.0,0,4,0
17722,Big Top Terror,5,Saturday,3,,,,0.0,0,7,0
13933,Big Top Terror,5,Saturday,3,,,,0.0,0,8,0
17722,Big Top Terror,5,Saturday,4,,,,0.0,0,5,0
13933,Big Top Terror,5,Saturday,4,,,,0.0,0,11,0
13933,Big Top Terror,5,Saturday,5,,,,0.0,0,1,0
17722,Big Top Terror,5,Saturday,12,,,,0.0,0,11,0
13933,Big Top Terror,5,Saturday,12,,,,0.0,0,5,0
17722,Big Top Terror,5,Saturday,13,,,,0.0,0,1,0
13933,Big Top Terror,5,Saturday,13,,,,0.0,0,19,0
17722,Big Top Terror,5,Saturday,14,,,,0.0,0,4,0
17722,Big Top Terror,5,Saturday,15,,,,0.0,0,8,0
13933,Big Top Terror,5,Saturday,15,,,,0.0,0,12,0
13933,Big Top Terror,5,Saturday,16,,,,0.0,0,12,0
17722,Big Top Terror,5,Saturday,17,,,,0.0,0,10,0
17722,Big Top Terror,5,Saturday,18,,,,0.0,0,2,0
13933,Big Top Terror,5,Saturday,18,0.0,0.0,0,5.9,1,17,1
17722,Big Top Terror,5,Saturday,19,0.0,0.0,0,100.0,9,9,1
13933,Big Top Terror,5,Saturday,19,0.0,0.0,0,85.7,6,7,1
17722,Big Top Terror,5,Saturday,20,0.0,0.0,0,100.0,3,3,1
13933,Big Top Terror,5,Saturday,20,0.0,0.0,0,100.0,4,4,1
17722,Big Top Terror,5,Saturday,21,0.0,0.0,0,100.0,9,9,1
13933,Big Top Terror,5,Saturday,21,0.0,0.0,0,100.0,8,8,1
17722,Big Top Terror,5,Saturday,22,0.0,0.0,0,100.0,3,3,1
13933,Big Top Terror,5,Saturday,22,0.0,0.0,0,100.0,10,10,1
13933,Big Top Terror,5,Saturday,23,0.0,0.0,0,100.0,2,2,1
13933,Big Top Terror,6,Sunday,1,,,,0.0,0,1,0
17722,Big Top Terror,6,Sunday,2,,,,0.0,0,6,0
13933,Big Top Terror,6,Sunday,2,,,,0.0,0,11,0
17722,Big Top Terror,6,Sunday,3,,,,0.0,0,6,0
13933,Big Top Terror,6,Sunday,4,,,,0.0,0,5,0
13933,Big Top Terror,6,Sunday,5,,,,0.0,0,7,0
17722,Big Top Terror,6,Sunday,12,,,,0.0,0,5,0
17722,Big Top Terror,6,Sunday,13,,,,0.0,0,7,0
13933,Big Top Terror,6,Sunday,13,,,,0.0,0,18,0
13933,Big Top Terror,6,Sunday,14,,,,0.0,0,6,0
17722,Big Top Terror,6,Sunday,15,,,,0.0,0,10,0
17722,Big Top Terror,6,Sunday,16,,,,0.0,0,2,0
13933,Big Top Terror,6,Sunday,16,,,,0.0,0,18,0
17722,Big Top Terror,6,Sunday,17,,,,0.0,0,4,0
13933,Big Top Terror,6,Sunday,17,,,,0.0,0,6,0
17722,Big Top Terror,6,Sunday,18,,,,0.0,0,8,0
17722,Big Top Terror,6,Sunday,19,0.0,0.0,0,100.0,4,4,1
13933,Big Top Terror,6,Sunday,19,0.0,0.0,0,100.0,18,18,2
17722,Big Top Terror,6,Sunday,20,0.0,0.0,0,100.0,8,8,1
13933,Big Top Terror,6,Sunday,20,0.0,0.0,0,100.0,6,6,2
13933,Big Top Terror,6,Sunday,21,0.0,0.0,0,100.0,3,3,1
17722,Big Top Terror,6,Sunday,22,,,,0.0,0,9,0
13933,Big Top Terror,6,Sunday,22,0.0,0.0,0,10.5,2,19,1
17722,Big Top Terror,6,Sunday,23,,,,0.0,0,3,0
13933,Big Top Terror,6,Sunday,23,,,,0.0,0,2,0
3270,Buccaneer,0,Monday,0,,,,0.0,0,12,0
3270,Buccaneer,0,Monday,1,,,,0.0,0,4,0
3270,Buccaneer,0,Monday,2,,,,0.0,0,17,0
3270,Buccaneer,0,Monday,3,,,,0.0,0,9,0
3270,Buccaneer,0,Monday,4,,,,0.0,0,34,0
3270,Buccaneer,0,Monday,5,,,,0.0,0,9,0
3270,Buccaneer,0,Monday,6,,,,0.0,0,3,0
3270,Buccaneer,0,Monday,9,,,,0.0,0,4,0
3270,Buccaneer,0,Monday,10,0.0,0.0,0,33.3,4,12,1
3270,Buccaneer,0,Monday,11,0.0,0.0,0,100.0,12,12,1
3270,Buccaneer,0,Monday,12,0.0,0.0,0,100.0,12,12,1
3270,Buccaneer,0,Monday,13,0.0,0.0,0,100.0,13,13,2
3270,Buccaneer,0,Monday,14,0.0,0.0,0,57.5,23,40,2
3270,Buccaneer,0,Monday,15,0.0,0.0,0,70.0,21,30,2
3270,Buccaneer,0,Monday,16,0.0,0.0,0,60.0,15,25,2
3270,Buccaneer,0,Monday,17,1.6,5.0,5,95.7,22,23,2
3270,Buccaneer,0,Monday,18,4.2,5.0,5,35.1,13,37,2
3270,Buccaneer,0,Monday,19,2.9,5.0,5,100.0,26,26,3
3270,Buccaneer,0,Monday,20,3.6,5.0,5,15.2,7,46,3
3270,Buccaneer,0,Monday,21,,,,0.0,0,27,0
3270,Buccaneer,0,Monday,22,,,,0.0,0,41,0
3270,Buccaneer,0,Monday,23,,,,0.0,0,19,0
3270,Buccaneer,1,Tuesday,0,,,,0.0,0,12,0
3270,Buccaneer,1,Tuesday,1,,,,0.0,0,17,0
3270,Buccaneer,1,Tuesday,2,,,,0.0,0,23,0
3270,Buccaneer,1,Tuesday,3,,,,0.0,0,20,0
3270,Buccaneer,1,Tuesday,4,,,,0.0,0,12,0
3270,Buccaneer,1,Tuesday,5,,,,0.0,0,3,0
3270,Buccaneer,1,Tuesday,9,,,,0.0,0,8,0
3270,Buccaneer,1,Tuesday,10,0.0,0.0,0,11.1,2,18,1
3270,Buccaneer,1,Tuesday,11,0.0,0.0,0,36.8,7,19,1
3270,Buccaneer,1,Tuesday,12,0.0,0.0,0,33.3,7,21,1
3270,Buccaneer,1,Tuesday,13,0.0,0.0,0,14.3,8,56,1
3270,Buccaneer,1,Tuesday,14,0.0,0.0,0,35.0,14,40,2
3270,Buccaneer,1,Tuesday,15,0.0,0.0,0,31.6,12,38,2
3270,Buccaneer,1,Tuesday,16,0.0,0.0,0,26.8,15,56,3
3270,Buccaneer,1,Tuesday,17,2.5,5.0,5,76.9,20,26,2
3270,Buccaneer,1,Tuesday,18,1.7,5.0,5,71.4,35,49,4
3270,Buccaneer,1,Tuesday,19,2.1,5.0,5,44.6,29,65,4
3270,Buccaneer,1,Tuesday,20,5.0,5.0,5,7.1,2,28,1
3270,Buccaneer,1,Tuesday,21,,,,0.0,0,59,0
3270,Buccaneer,1,Tuesday,22,,,,0.0,0,34,0
3270,Buccaneer,1,Tuesday,23,,,,0.0,0,23,0
3270,Buccaneer,2,Wednesday,0,,,,0.0,0,10,0
3270,Buccaneer,2,Wednesday,1,,,,0.0,0,20,0
3270,Buccaneer,2,Wednesday,2,,,,0.0,0,11,0
3270,Buccaneer,2,Wednesday,3,,,,0.0,0,27,0
3270,Buccaneer,2,Wednesday,4,,,,0.0,0,10,0
3270,Buccaneer,2,Wednesday,9,,,,0.0,0,8,0
3270,Buccaneer,2,Wednesday,10,0.0,0.0,0,15.8,3,19,1
3270,Buccaneer,2,Wednesday,11,0.0,0.0,0,100.0,15,15,2
3270,Buccaneer,2,Wednesday,12,0.0,0.0,0,66.7,12,18,3
3270,Buccaneer,2,Wednesday,13,0.0,0.0,0,43.5,20,46,2
3270,Buccaneer,2,Wednesday,14,1.1,5.0,10,66.7,22,33,3
3270,Buccaneer,2,Wednesday,15,3.6,5.0,10,56.8,21,37,4
3270,Buccaneer,2,Wednesday,16,5.6,10.0,10,45.7,16,35,3
3270,Buccaneer,2,Wednesday,17,6.3,10.0,10,53.6,15,28,2
3270,Buccaneer,2,Wednesday,18,0.7,5.0,5,65.6,21,32,3
3270,Buccaneer,2,Wednesday,19,4.6,10.0,10,31.8,14,44,4
3270,Buccaneer,2,Wednesday,20,10.0,10.0,10,7.3,3,41,1
3270,Buccaneer,2,Wednesday,21,,,,0.0,0,35,0
3270,Buccaneer,2,Wednesday,22,,,,0.0,0,23,0
3270,Buccaneer,2,Wednesday,23,,,,0.0,0,18,0
3270,Buccaneer,3,Thursday,0,,,,0.0,0,22,0
3270,Buccaneer,3,Thursday,1,,,,0.0,0,27,0
3270,Buccaneer,3,Thursday,2,,,,0.0,0,11,0
3270,Buccaneer,3,Thursday,3,,,,0.0,0,29,0
3270,Buccaneer,3,Thursday,4,,,,0.0,0,4,0
3270,Buccaneer,3,Thursday,9,,,,0.0,0,5,0
3270,Buccaneer,3,Thursday,10,0.0,0.0,0,33.3,4,12,1
3270,Buccaneer,3,Thursday,11,0.0,0.0,0,100.0,12,12,1
3270,Buccaneer,3,Thursday,12,0.0,0.0,0,78.9,15,19,2
3270,Buccaneer,3,Thursday,13,0.0,0.0,0,50.0,21,42,2
3270,Buccaneer,3,Thursday,14,0.0,0.0,0,60.7,17,28,2
3270,Buccaneer,3,Thursday,15,0.0,0.0,0,56.5,26,46,3
3270,Buccaneer,3,Thursday,16,0.0,0.0,0,58.6,17,29,2
3270,Buccaneer,3,Thursday,17,0.0,0.0,0,42.9,15,35,2
3270,Buccaneer,3,Thursday,18,0.0,0.0,0,37.1,13,35,3
3270,Buccaneer,3,Thursday,19,0.0,0.0,0,25.4,15,59,2
3270,Buccaneer,3,Thursday,20,0.0,0.0,0,11.4,5,44,2
3270,Buccaneer,3,Thursday,21,,,,0.0,0,25,0
3270,Buccaneer,3,Thursday,22,,,,0.0,0,53,0
3270,Buccaneer,3,Thursday,23,,,,0.0,0,22,0
3270,Buccaneer,4,Friday,0,,,,0.0,0,19,0
3270,Buccaneer,4,Friday,1,,,,0.0,0,10,0
3270,Buccaneer,4,Friday,2,,,,0.0,0,14,0
3270,Buccaneer,4,Friday,3,,,,0.0,0,26,0
3270,Buccaneer,4,Friday,4,,,,0.0,0,25,0
3270,Buccaneer,4,Friday,5,,,,0.0,0,1,0
3270,Buccaneer,4,Friday,9,,,,0.0,0,5,0
3270,Buccaneer,4,Friday,10,0.0,0.0,0,25.0,3,12,1
3270,Buccaneer,4,Friday,11,0.0,0.0,0,100.0,12,12,1
3270,Buccaneer,4,Friday,12,0.0,0.0,0,73.9,17,23,2
3270,Buccaneer,4,Friday,13,1.3,5.0,5,45.2,19,42,2
3270,Buccaneer,4,Friday,14,5.0,5.0,5,40.0,12,30,1
3270,Buccaneer,4,Friday,15,2.7,5.0,5,55.0,22,40,2
3270,Buccaneer,4,Friday,16,4.3,5.0,5,60.9,14,23,2
3270,Buccaneer,4,Friday,17,3.5,5.0,5,50.0,17,34,2
3270,Buccaneer,4,Friday,18,1.7,5.0,5,76.6,36,47,5
3270,Buccaneer,4,Friday,19,1.8,5.0,5,90.7,39,43,6
3270,Buccaneer,4,Friday,20,2.0,5.0,5,71.4,30,42,4
3270,Buccaneer,4,Friday,21,2.9,5.0,5,95.5,21,22,2
3270,Buccaneer,4,Friday,22,0.7,5.0,5,41.5,22,53,4
3270,Buccaneer,4,Friday,23,0.0,0.0,0,18.2,4,22,2
3270,Buccaneer,5,Saturday,0,,,,0.0,0,23,0
3270,Buccaneer,5,Saturday,1,,,,0.0,0,3,0
3270,Buccaneer,5,Saturday,2,,,,0.0,0,8,0
3270,Buccaneer,5,Saturday,3,,,,0.0,0,33,0
3270,Buccaneer,5,Saturday,4,,,,0.0,0,18,0
3270,Buccaneer,5,Saturday,5,,,,0.0,0,1,0
3270,Buccaneer,5,Saturday,9,,,,0.0,0,8,0
3270,Buccaneer,5,Saturday,10,0.0,0.0,0,33.3,4,12,1
3270,Buccaneer,5,Saturday,11,1.2,5.0,5,100.0,17,17,3
3270,Buccaneer,5,Saturday,12,1.4,5.0,15,100.0,49,49,7
3270,Buccaneer,5,Saturday,13,6.2,15.0,15,100.0,46,46,7
3270,Buccaneer,5,Saturday,14,6.4,20.0,20,100.0,36,36,4
3270,Buccaneer,5,Saturday,15,14.8,30.0,30,100.0,42,42,6
3270,Buccaneer,5,Saturday,16,19.8,45.0,45,100.0,48,48,6
3270,Buccaneer,5,Saturday,17,21.1,20.0,45,100.0,27,27,4
3270,Buccaneer,5,Saturday,18,17.1,30.0,30,100.0,58,58,7
3270,Buccaneer,5,Saturday,19,19.0,25.0,30,100.0,41,41,7
3270,Buccaneer,5,Saturday,20,18.4,30.0,30,81.4,35,43,6
3270,Buccaneer,5,Saturday,21,16.3,30.0,30,100.0,45,45,5
3270,Buccaneer,5,Saturday,22,32.1,45.0,45,73.1,19,26,4
3270,Buccaneer,5,Saturday,23,45.0,45.0,45,16.7,2,12,1
3270,Buccaneer,6,Sunday,0,,,,0.0,0,12,0
3270,Buccaneer,6,Sunday,1,,,,0.0,0,22,0
3270,Buccaneer,6,Sunday,2,,,,0.0,0,35,0
3270,Buccaneer,6,Sunday,3,,,,0.0,0,7,0
3270,Buccaneer,6,Sunday,4,,,,0.0,0,5,0
3270,Buccaneer,6,Sunday,5,,,,0.0,0,7,0
3270,Buccaneer,6,Sunday,9,,,,0.0,0,7,0
3270,Buccaneer,6,Sunday,10,0.0,0.0,0,33.3,4,12,1
3270,Buccaneer,6,Sunday,11,0.0,0.0,0,100.0,14,14,2
3270,Buccaneer,6,Sunday,12,0.6,0.0,10,100.0,31,31,4
3270,Buccaneer,6,Sunday,13,3.3,10.0,10,86.4,51,59,6
3270,Buccaneer,6,Sunday,14,5.4,10.0,10,85.7,24,28,3
3270,Buccaneer,6,Sunday,15,3.2,10.0,10,100.0,37,37,5
3270,Buccaneer,6,Sunday,16,7.1,20.0,20,90.7,39,43,7
3270,Buccaneer,6,Sunday,17,4.4,10.0,10,90.0,27,30,5
3270,Buccaneer,6,Sunday,18,7.0,20.0,20,100.0,46,46,5
3270,Buccaneer,6,Sunday,19,3.7,10.0,20,95.7,45,47,7
3270,Buccaneer,6,Sunday,20,6.2,20.0,20,74.4,32,43,6
3270,Buccaneer,6,Sunday,21,3.3,20.0,20,52.9,18,34,4
3270,Buccaneer,6,Sunday,22,0.0,0.0,0,6.1,3,49,2
3270,Buccaneer,6,Sunday,23,,,,0.0,0,19,0
3275,Bugaboo,0,Monday,0,,,,0.0,0,12,0
3275,Bugaboo,0,Monday,1,,,,0.0,0,4,0
3275,Bugaboo,0,Monday,2,,,,0.0,0,17,0
3275,Bugaboo,0,Monday,3,,,,0.0,0,9,0
3275,Bugaboo,0,Monday,4,,,,0.0,0,34,0
3275,Bugaboo,0,Monday,5,,,,0.0,0,9,0
3275,Bugaboo,0,Monday,6,,,,0.0,0,3,0
3275,Bugaboo,0,Monday,9,,,,0.0,0,4,0
3275,Bugaboo,0,Monday,10,0.0,0.0,0,33.3,4,12,1
3275,Bugaboo,0,Monday,11,0.0,0.0,0,100.0,12,12,1
3275,Bugaboo,0,Monday,12,0.0,0.0,0,100.0,12,12,1
3275,Bugaboo,0,Monday,13,0.0,0.0,0,100.0,13,13,2
3275,Bugaboo,0,Monday,14,0.0,0.0,0,57.5,23,40,2
3275,Bugaboo,0,Monday,15,0.0,0.0,0,70.0,21,30,2
3275,Bugaboo,0,Monday,16,0.0,0.0,0,60.0,15,25,2
3275,Bugaboo,0,Monday,17,0.0,0.0,0,95.7,22,23,2
3275,Bugaboo,0,Monday,18,0.0,0.0,0,37.8,14,37,2
3275,Bugaboo,0,Monday,19,0.0,0.0,0,100.0,26,26,3
3275,Bugaboo,0,Monday,20,0.0,0.0,0,15.2,7,46,3
3275,Bugaboo,0,Monday,21,,,,0.0,0,27,0
3275,Bugaboo,0,Monday,22,,,,0.0,0,41,0
3275,Bugaboo,0,Monday,23,,,,0.0,0,19,0
3275,Bugaboo,1,Tuesday,0,,,,0.0,0,12,0
3275,Bugaboo,1,Tuesday,1,,,,0.0,0,17,0
3275,Bugaboo,1,Tuesday,2,,,,0.0,0,23,0
3275,Bugaboo,1,Tuesday,3,,,,0.0,0,20,0
3275,Bugaboo,1,Tuesday,4,,,,0.0,0,12,0
3275,Bugaboo,1,Tuesday,5,,,,0.0,0,3,0
3275,Bugaboo,1,Tuesday,9,,,,0.0,0,8,0
3275,Bugaboo,1,Tuesday,10,0.0,0.0,0,33.3,6,18,2
3275,Bugaboo,1,Tuesday,11,0.0,0.0,0,100.0,19,19,2
3275,Bugaboo,1,Tuesday,12,0.0,0.0,0,90.5,19,21,2
3275,Bugaboo,1,Tuesday,13,0.0,0.0,0,55.4,31,56,3
3275,Bugaboo,1,Tuesday,14,0.0,0.0,0,67.5,27,40,4
3275,Bugaboo,1,Tuesday,15,0.0,0.0,0,65.8,25,38,4
3275,Bugaboo,1,Tuesday,16,0.0,0.0,0,55.4,31,56,3
3275,Bugaboo,1,Tuesday,17,0.0,0.0,0,76.9,20,26,2
3275,Bugaboo,1,Tuesday,18,0.0,0.0,0,71.4,35,49,4
3275,Bugaboo,1,Tuesday,19,0.0,0.0,0,44.6,29,65,4
3275,Bugaboo,1,Tuesday,20,0.0,0.0,0,7.1,2,28,1
3275,Bugaboo,1,Tuesday,21,,,,0.0,0,59,0
3275,Bugaboo,1,Tuesday,22,,,,0.0,0,34,0
3275,Bugaboo,1,Tuesday,23,,,,0.0,0,23,0
3275,Bugaboo,2,Wednesday,0,,,,0.0,0,10,0
3275,Bugaboo,2,Wednesday,1,,,,0.0,0,20,0
3275,Bugaboo,2,Wednesday,2,,,,0.0,0,11,0
3275,Bugaboo,2,Wednesday,3,,,,0.0,0,27,0
3275,Bugaboo,2,Wednesday,4,,,,0.0,0,10,0
3275,Bugaboo,2,Wednesday,9,,,,0.0,0,8,0
3275,Bugaboo,2,Wednesday,10,0.0,0.0,0,15.8,3,19,1
3275,Bugaboo,2,Wednesday,11,0.0,0.0,0,100.0,15,15,2
3275,Bugaboo,2,Wednesday,12,0.0,0.0,0,94.4,17,18,3
3275,Bugaboo,2,Wednesday,13,0.0,0.0,0,45.7,21,46,3
3275,Bugaboo,2,Wednesday,14,0.0,0.0,0,69.7,23,33,3
3275,Bugaboo,2,Wednesday,15,0.0,0.0,0,56.8,21,37,4
3275,Bugaboo,2,Wednesday,16,0.0,0.0,0,45.7,16,35,3
3275,Bugaboo,2,Wednesday,17,0.0,0.0,0,53.6,15,28,2
3275,Bugaboo,2,Wednesday,18,0.0,0.0,0,65.6,21,32,3
3275,Bugaboo,2,Wednesday,19,0.0,0.0,0,31.8,14,44,4
3275,Bugaboo,2,Wednesday,20,0.0,0.0,0,7.3,3,41,1
3275,Bugaboo,2,Wednesday,21,,,,0.0,0,35,0
3275,Bugaboo,2,Wednesday,22,,,,0.0,0,23,0
3275,Bugaboo,2,Wednesday,23,,,,0.0,0,18,0
3275,Bugaboo,3,Thursday,0,,,,0.0,0,22,0
3275,Bugaboo,3,Thursday,1,,,,0.0,0,27,0
3275,Bugaboo,3,Thursday,2,,,,0.0,0,11,0
3275,Bugaboo,3,Thursday,3,,,,0.0,0,29,0
3275,Bugaboo,3,Thursday,4,,,,0.0,0,4,0
3275,Bugaboo,3,Thursday,9,,,,0.0,0,5,0
3275,Bugaboo,3,Thursday,10,0.0,0.0,0,33.3,4,12,1
3275,Bugaboo,3,Thursday,11,0.0,0.0,0,100.0,12,12,1
3275,Bugaboo,3,Thursday,12,0.0,0.0,0,78.9,15,19,2
3275,Bugaboo,3,Thursday,13,0.0,0.0,0,50.0,21,42,2
3275,Bugaboo,3,Thursday,14,0.0,0.0,0,60.7,17,28,2
3275,Bugaboo,3,Thursday,15,0.0,0.0,0,56.5,26,46,3
3275,Bugaboo,3,Thursday,16,0.0,0.0,0,58.6,17,29,2
3275,Bugaboo,3,Thursday,17,0.0,0.0,0,42.9,15,35,2
3275,Bugaboo,3,Thursday,18,0.0,0.0,0,37.1,13,35,3
3275,Bugaboo,3,Thursday,19,0.0,0.0,0,30.5,18,59,3
3275,Bugaboo,3,Thursday,20,0.0,0.0,0,25.0,11,44,2
3275,Bugaboo,3,Thursday,21,,,,0.0,0,25,0
3275,Bugaboo,3,Thursday,22,,,,0.0,0,53,0
3275,Bugaboo,3,Thursday,23,,,,0.0,0,22,0
3275,Bugaboo,4,Friday,0,,,,0.0,0,19,0
3275,Bugaboo,4,Friday,1,,,,0.0,0,10,0
3275,Bugaboo,4,Friday,2,,,,0.0,0,14,0
3275,Bugaboo,4,Friday,3,,,,0.0,0,26,0
3275,Bugaboo,4,Friday,4,,,,0.0,0,25,0
3275,Bugaboo,4,Friday,5,,,,0.0,0,1,0
3275,Bugaboo,4,Friday,9,,,,0.0,0,5,0
3275,Bugaboo,4,Friday,10,0.0,0.0,0,25.0,3,12,1
3275,Bugaboo,4,Friday,11,0.0,0.0,0,100.0,12,12,1
3275,Bugaboo,4,Friday,12,0.0,0.0,0,73.9,17,23,2
3275,Bugaboo,4,Friday,13,0.0,0.0,0,45.2,19,42,2
3275,Bugaboo,4,Friday,14,0.0,0.0,0,40.0,12,30,1
3275,Bugaboo,4,Friday,15,0.0,0.0,0,55.0,22,40,2
3275,Bugaboo,4,Friday,16,0.0,0.0,0,60.9,14,23,2
3275,Bugaboo,4,Friday,17,0.0,0.0,0,50.0,17,34,2
3275,Bugaboo,4,Friday,18,0.0,0.0,0,76.6,36,47,5
3275,Bugaboo,4,Friday,19,0.0,0.0,0,90.7,39,43,6
3275,Bugaboo,4,Friday,20,0.0,0.0,0,71.4,30,42,4
3275,Bugaboo,4,Friday,21,0.0,0.0,0,95.5,21,22,2
3275,Bugaboo,4,Friday,22,0.0,0.0,0,41.5,22,53,4
3275,Bugaboo,4,Friday,23,0.0,0.0,0,18.2,4,22,2
3275,Bugaboo,5,Saturday,0,,,,0.0,0,23,0
3275,Bugaboo,5,Saturday,1,,,,0.0,0,3,0
3275,Bugaboo,5,Saturday,2,,,,0.0,0,8,0
3275,Bugaboo,5,Saturday,3,,,,0.0,0,33,0
3275,Bugaboo,5,Saturday,4,,,,0.0,0,18,0
3275,Bugaboo,5,Saturday,5,,,,0.0,0,1,0
3275,Bugaboo,5,Saturday,9,,,,0.0,0,8,0
3275,Bugaboo,5,Saturday,10,0.0,0.0,0,33.3,4,12,1
3275,Bugaboo,5,Saturday,11,0.0,0.0,0,100.0,17,17,3
3275,Bugaboo,5,Saturday,12,0.0,0.0,0,100.0,49,49,7
3275,Bugaboo,5,Saturday,13,0.0,0.0,0,100.0,46,46,7
3275,Bugaboo,5,Saturday,14,0.0,0.0,0,100.0,36,36,4
3275,Bugaboo,5,Saturday,15,0.0,0.0,0,100.0,42,42,6
3275,Bugaboo,5,Saturday,16,0.0,0.0,0,100.0,48,48,6
3275,Bugaboo,5,Saturday,17,0.0,0.0,0,100.0,27,27,4
3275,Bugaboo,5,Saturday,18,0.0,0.0,0,100.0,58,58,7
3275,Bugaboo,5,Saturday,19,0.0,0.0,0,100.0,41,41,7
3275,Bugaboo,5,Saturday,20,0.0,0.0,0,81.4,35,43,6
3275,Bugaboo,5,Saturday,21,0.0,0.0,0,100.0,45,45,5
3275,Bugaboo,5,Saturday,22,0.0,0.0,0,73.1,19,26,4
3275,Bugaboo,5,Saturday,23,0.0,0.0,0,16.7,2,12,1
3275,Bugaboo,6,Sunday,0,,,,0.0,0,12,0
3275,Bugaboo,6,Sunday,1,,,,0.0,0,22,0
3275,Bugaboo,6,Sunday,2,,,,0.0,0,35,0
3275,Bugaboo,6,Sunday,3,,,,0.0,0,7,0
3275,Bugaboo,6,Sunday,4,,,,0.0,0,5,0
3275,Bugaboo,6,Sunday,5,,,,0.0,0,7,0
3275,Bugaboo,6,Sunday,9,,,,0.0,0,7,0
3275,Bugaboo,6,Sunday,10,0.0,0.0,0,33.3,4,12,1
3275,Bugaboo,6,Sunday,11,0.0,0.0,0,100.0,14,14,2
3275,Bugaboo,6,Sunday,12,0.0,0.0,0,100.0,31,31,4
3275,Bugaboo,6,Sunday,13,0.0,0.0,0,86.4,51,59,6
3275,Bugaboo,6,Sunday,14,0.0,0.0,0,85.7,24,28,3
3275,Bugaboo,6,Sunday,15,0.0,0.0,0,100.0,37,37,5
3275,Bugaboo,6,Sunday,16,0.0,0.0,0,100.0,43,43,7
3275,Bugaboo,6,Sunday,17,0.0,0.0,0,100.0,30,30,6
3275,Bugaboo,6,Sunday,18,0.0,0.0,0,100.0,46,46,5
3275,Bugaboo,6,Sunday,19,0.0,0.0,0,100.0,47,47,7
3275,Bugaboo,6,Sunday,20,0.0,0.0,0,83.7,36,43,7
3275,Bugaboo,6,Sunday,21,0.0,0.0,0,52.9,18,34,4
3275,Bugaboo,6,Sunday,22,0.0,0.0,0,6.1,3,49,2
3275,Bugaboo,6,Sunday,23,,,,0.0,0,19,0
3277,Bugs Bunny Camp Carousel,0,Monday,0,,,,0.0,0,12,0
3277,Bugs Bunny Camp Carousel,0,Monday,1,,,,0.0,0,4,0
3277,Bugs Bunny Camp Carousel,0,Monday,2,,,,0.0,0,17,0
3277,Bugs Bunny Camp Carousel,0,Monday,3,,,,0.0,0,9,0
3277,Bugs Bunny Camp Carousel,0,Monday,4,,,,0.0,0,34,0
3277,Bugs Bunny Camp Carousel,0,Monday,5,,,,0.0,0,9,0
3277,Bugs Bunny Camp Carousel,0,Monday,6,,,,0.0,0,3,0
3277,Bugs Bunny Camp Carousel,0,Monday,9,,,,0.0,0,4,0
3277,Bugs Bunny Camp Carousel,0,Monday,10,0.0,0.0,0,33.3,4,12,1
3277,Bugs Bunny Camp Carousel,0,Monday,11,0.0,0.0,0,100.0,12,12,1
3277,Bugs Bunny Camp Carousel,0,Monday,12,0.0,0.0,0,100.0,12,12,1
3277,Bugs Bunny Camp Carousel,0,Monday,13,0.0,0.0,0,100.0,13,13,2
3277,Bugs Bunny Camp Carousel,0,Monday,14,0.0,0.0,0,57.5,23,40,2
3277,Bugs Bunny Camp Carousel,0,Monday,15,0.0,0.0,0,40.0,12,30,1
3277,Bugs Bunny Camp Carousel,0,Monday,16,0.0,0.0,0,48.0,12,25,1
3277,Bugs Bunny Camp Carousel,0,Monday,17,0.0,0.0,0,95.7,22,23,2
3277,Bugs Bunny Camp Carousel,0,Monday,18,0.0,0.0,0,37.8,14,37,2
3277,Bugs Bunny Camp Carousel,0,Monday,19,0.0,0.0,0,100.0,26,26,3
3277,Bugs Bunny Camp Carousel,0,Monday,20,0.0,0.0,0,15.2,7,46,3
3277,Bugs Bunny Camp Carousel,0,Monday,21,,,,0.0,0,27,0
3277,Bugs Bunny Camp Carousel,0,Monday,22,,,,0.0,0,41,0
3277,Bugs Bunny Camp Carousel,0,Monday,23,,,,0.0,0,19,0
3277,Bugs Bunny Camp Carousel,1,Tuesday,0,,,,0.0,0,12,0
3277,Bugs Bunny Camp Carousel,1,Tuesday,1,,,,0.0,0,17,0
3277,Bugs Bunny Camp Carousel,1,Tuesday,2,,,,0.0,0,23,0
3277,Bugs Bunny Camp Carousel,1,Tuesday,3,,,,0.0,0,20,0
3277,Bugs Bunny Camp Carousel,1,Tuesday,4,,,,0.0,0,12,0
3277,Bugs Bunny Camp Carousel,1,Tuesday,5,,,,0.0,0,3,0
3277,Bugs Bunny Camp Carousel,1,Tuesday,9,,,,0.0,0,8,0
3277,Bugs Bunny Camp Carousel,1,Tuesday,10,0.0,0.0,0,33.3,6,18,2
3277,Bugs Bunny Camp Carousel,1,Tuesday,11,0.0,0.0,0,100.0,19,19,2
3277,Bugs Bunny Camp Carousel,1,Tuesday,12,0.0,0.0,0,90.5,19,21,2
3277,Bugs Bunny Camp Carousel,1,Tuesday,13,0.0,0.0,0,55.4,31,56,3
3277,Bugs Bunny Camp Carousel,1,Tuesday,14,0.0,0.0,0,67.5,27,40,4
3277,Bugs Bunny Camp Carousel,1,Tuesday,15,0.0,0.0,0,65.8,25,38,4
3277,Bugs Bunny Camp Carousel,1,Tuesday,16,0.0,0.0,0,55.4,31,56,3
3277,Bugs Bunny Camp Carousel,1,Tuesday,17,0.0,0.0,0,76.9,20,26,2
3277,Bugs Bunny Camp Carousel,1,Tuesday,18,0.0,0.0,0,71.4,35,49,4
3277,Bugs Bunny Camp Carousel,1,Tuesday,19,0.0,0.0,0,44.6,29,65,4
3277,Bugs Bunny Camp Carousel,1,Tuesday,20,0.0,0.0,0,7.1,2,28,1
3277,Bugs Bunny Camp Carousel,1,Tuesday,21,,,,0.0,0,59,0
3277,Bugs Bunny Camp Carousel,1,Tuesday,22,,,,0.0,0,34,0
3277,Bugs Bunny Camp Carousel,1,Tuesday,23,,,,0.0,0,23,0
3277,Bugs Bunny Camp Carousel,2,Wednesday,0,,,,0.0,0,10,0
3277,Bugs Bunny Camp Carousel,2,Wednesday,1,,,,0.0,0,20,0
3277,Bugs Bunny Camp Carousel,2,Wednesday,2,,,,0.0,0,11,0
3277,Bugs Bunny Camp Carousel,2,Wednesday,3,,,,0.0,0,27,0
3277,Bugs Bunny Camp Carousel,2,Wednesday,4,,,,0.0,0,10,0
3277,Bugs Bunny Camp Carousel,2,Wednesday,9,,,,0.0,0,8,0
3277,Bugs Bunny Camp Carousel,2,Wednesday,10,0.0,0.0,0,15.8,3,19,1
3277,Bugs Bunny Camp Carousel,2,Wednesday,11,0.0,0.0,0,100.0,15,15,2
3277,Bugs Bunny Camp Carousel,2,Wednesday,12,0.0,0.0,0,94.4,17,18,3
3277,Bugs Bunny Camp Carousel,2,Wednesday,13,0.0,0.0,0,45.7,21,46,3
3277,Bugs Bunny Camp Carousel,2,Wednesday,14,0.0,0.0,0,63.6,21,33,3
3277,Bugs Bunny Camp Carousel,2,Wednesday,15,0.0,0.0,0,56.8,21,37,4
3277,Bugs Bunny Camp Carousel,2,Wednesday,16,0.0,0.0,0,45.7,16,35,3
3277,Bugs Bunny Camp Carousel,2,Wednesday,17,0.0,0.0,0,53.6,15,28,2
3277,Bugs Bunny Camp Carousel,2,Wednesday,18,0.0,0.0,0,65.6,21,32,3
3277,Bugs Bunny Camp Carousel,2,Wednesday,19,0.0,0.0,0,31.8,14,44,4
3277,Bugs Bunny Camp Carousel,2,Wednesday,20,0.0,0.0,0,7.3,3,41,1
3277,Bugs Bunny Camp Carousel,2,Wednesday,21,,,,0.0,0,35,0
3277,Bugs Bunny Camp Carousel,2,Wednesday,22,,,,0.0,0,23,0
3277,Bugs Bunny Camp Carousel,2,Wednesday,23,,,,0.0,0,18,0
3277,Bugs Bunny Camp Carousel,3,Thursday,0,,,,0.0,0,22,0
3277,Bugs Bunny Camp Carousel,3,Thursday,1,,,,0.0,0,27,0
3277,Bugs Bunny Camp Carousel,3,Thursday,2,,,,0.0,0,11,0
3277,Bugs Bunny Camp Carousel,3,Thursday,3,,,,0.0,0,29,0
3277,Bugs Bunny Camp Carousel,3,Thursday,4,,,,0.0,0,4,0
3277,Bugs Bunny Camp Carousel,3,Thursday,9,,,,0.0,0,5,0
3277,Bugs Bunny Camp Carousel,3,Thursday,10,0.0,0.0,0,33.3,4,12,1
3277,Bugs Bunny Camp Carousel,3,Thursday,11,0.0,0.0,0,100.0,12,12,1
3277,Bugs Bunny Camp Carousel,3,Thursday,12,0.0,0.0,0,63.2,12,19,1
3277,Bugs Bunny Camp Carousel,3,Thursday,13,0.0,0.0,0,28.6,12,42,1
3277,Bugs Bunny Camp Carousel,3,Thursday,14,0.0,0.0,0,60.7,17,28,2
3277,Bugs Bunny Camp Carousel,3,Thursday,15,0.0,0.0,0,41.3,19,46,2
3277,Bugs Bunny Camp Carousel,3,Thursday,16,0.0,0.0,0,41.4,12,29,1
3277,Bugs Bunny Camp Carousel,3,Thursday,17,0.0,0.0,0,42.9,15,35,2
3277,Bugs Bunny Camp Carousel,3,Thursday,18,0.0,0.0,0,37.1,13,35,3
3277,Bugs Bunny Camp Carousel,3,Thursday,19,0.0,0.0,0,25.4,15,59,2
3277,Bugs Bunny Camp Carousel,3,Thursday,20,0.0,0.0,0,4.5,2,44,1
3277,Bugs Bunny Camp Carousel,3,Thursday,21,,,,0.0,0,25,0
3277,Bugs Bunny Camp Carousel,3,Thursday,22,,,,0.0,0,53,0
3277,Bugs Bunny Camp Carousel,3,Thursday,23,,,,0.0,0,22,0
3277,Bugs Bunny Camp Carousel,4,Friday,0,,,,0.0,0,19,0
3277,Bugs Bunny Camp Carousel,4,Friday,1,,,,0.0,0,10,0
3277,Bugs Bunny Camp Carousel,4,Friday,2,,,,0.0,0,14,0
3277,Bugs Bunny Camp Carousel,4,Friday,3,,,,0.0,0,26,0
3277,Bugs Bunny Camp Carousel,4,Friday,4,,,,0.0,0,25,0
3277,Bugs Bunny Camp Carousel,4,Friday,5,,,,0.0,0,1,0
3277,Bugs Bunny Camp Carousel,4,Friday,9,,,,0.0,0,5,0
3277,Bugs Bunny Camp Carousel,4,Friday,10,0.0,0.0,0,25.0,3,12,1
3277,Bugs Bunny Camp Carousel,4,Friday,11,0.0,0.0,0,100.0,12,12,1
3277,Bugs Bunny Camp Carousel,4,Friday,12,0.0,0.0,0,73.9,17,23,2
3277,Bugs Bunny Camp Carousel,4,Friday,13,0.0,0.0,0,45.2,19,42,2
3277,Bugs Bunny Camp Carousel,4,Friday,14,0.0,0.0,0,40.0,12,30,1
3277,Bugs Bunny Camp Carousel,4,Friday,15,0.0,0.0,0,55.0,22,40,2
3277,Bugs Bunny Camp Carousel,4,Friday,16,0.0,0.0,0,60.9,14,23,2
3277,Bugs Bunny Camp Carousel,4,Friday,17,0.0,0.0,0,50.0,17,34,2
3277,Bugs Bunny Camp Carousel,4,Friday,18,0.0,0.0,0,46.8,22,47,3
3277,Bugs Bunny Camp Carousel,4,Friday,19,0.0,0.0,0,62.8,27,43,3
3277,Bugs Bunny Camp Carousel,4,Friday,20,0.0,0.0,0,33.3,14,42,2
3277,Bugs Bunny Camp Carousel,4,Friday,21,0.0,0.0,0,54.5,12,22,1
3277,Bugs Bunny Camp Carousel,4,Friday,22,0.0,0.0,0,5.7,3,53,1
3277,Bugs Bunny Camp Carousel,4,Friday,23,,,,0.0,0,22,0
3277,Bugs Bunny Camp Carousel,5,Saturday,0,,,,0.0,0,23,0
3277,Bugs Bunny Camp Carousel,5,Saturday,1,,,,0.0,0,3,0
3277,Bugs Bunny Camp Carousel,5,Saturday,2,,,,0.0,0,8,0
3277,Bugs Bunny Camp Carousel,5,Saturday,3,,,,0.0,0,33,0
3277,Bugs Bunny Camp Carousel,5,Saturday,4,,,,0.0,0,18,0
3277,Bugs Bunny Camp Carousel,5,Saturday,5,,,,0.0,0,1,0
3277,Bugs Bunny Camp Carousel,5,Saturday,9,,,,0.0,0,8,0
3277,Bugs Bunny Camp Carousel,5,Saturday,10,0.0,0.0,0,33.3,4,12,1
3277,Bugs Bunny Camp Carousel,5,Saturday,11,0.0,0.0,0,100.0,17,17,3
3277,Bugs Bunny Camp Carousel,5,Saturday,12,0.0,0.0,0,100.0,49,49,7
3277,Bugs Bunny Camp Carousel,5,Saturday,13,0.0,0.0,0,100.0,46,46,7
3277,Bugs Bunny Camp Carousel,5,Saturday,14,0.0,0.0,0,100.0,36,36,4
3277,Bugs Bunny Camp Carousel,5,Saturday,15,0.0,0.0,0,100.0,42,42,6
3277,Bugs Bunny Camp Carousel,5,Saturday,16,0.0,0.0,0,100.0,48,48,6
3277,Bugs Bunny Camp Carousel,5,Saturday,17,0.0,0.0,0,100.0,27,27,4
3277,Bugs Bunny Camp Carousel,5,Saturday,18,0.0,0.0,0,87.9,51,58,6
3277,Bugs Bunny Camp Carousel,5,Saturday,19,0.0,0.0,0,63.4,26,41,5
3277,Bugs Bunny Camp Carousel,5,Saturday,20,0.0,0.0,0,74.4,32,43,5
3277,Bugs Bunny Camp Carousel,5,Saturday,21,0.0,0.0,0,80.0,36,45,4
3277,Bugs Bunny Camp Carousel,5,Saturday,22,0.0,0.0,0,23.1,6,26,2
3277,Bugs Bunny Camp Carousel,5,Saturday,23,,,,0.0,0,12,0
3277,Bugs Bunny Camp Carousel,6,Sunday,0,,,,0.0,0,12,0
3277,Bugs Bunny Camp Carousel,6,Sunday,1,,,,0.0,0,22,0
3277,Bugs Bunny Camp Carousel,6,Sunday,2,,,,0.0,0,35,0
3277,Bugs Bunny Camp Carousel,6,Sunday,3,,,,0.0,0,7,0
3277,Bugs Bunny Camp Carousel,6,Sunday,4,,,,0.0,0,5,0
3277,Bugs Bunny Camp Carousel,6,Sunday,5,,,,0.0,0,7,0
3277,Bugs Bunny Camp Carousel,6,Sunday,9,,,,0.0,0,7,0
3277,Bugs Bunny Camp Carousel,6,Sunday,10,0.0,0.0,0,33.3,4,12,1
3277,Bugs Bunny Camp Carousel,6,Sunday,11,0.0,0.0,0,100.0,14,14,2
3277,Bugs Bunny Camp Carousel,6,Sunday,12,0.0,0.0,0,100.0,31,31,4
3277,Bugs Bunny Camp Carousel,6,Sunday,13,0.0,0.0,0,86.4,51,59,6
3277,Bugs Bunny Camp Carousel,6,Sunday,14,0.0,0.0,0,85.7,24,28,3
3277,Bugs Bunny Camp Carousel,6,Sunday,15,0.0,0.0,0,100.0,37,37,5
3277,Bugs Bunny Camp Carousel,6,Sunday,16,0.0,0.0,0,100.0,43,43,7
3277,Bugs Bunny Camp Carousel,6,Sunday,17,0.0,0.0,0,100.0,30,30,6
3277,Bugs Bunny Camp Carousel,6,Sunday,18,0.0,0.0,0,91.3,42,46,5
3277,Bugs Bunny Camp Carousel,6,Sunday,19,0.0,0.0,0,74.5,35,47,5
3277,Bugs Bunny Camp Carousel,6,Sunday,20,0.0,0.0,0,55.8,24,43,5
3277,Bugs Bunny Camp Carousel,6,Sunday,21,0.0,0.0,0,52.9,18,34,4
3277,Bugs Bunny Camp Carousel,6,Sunday,22,0.0,0.0,0,6.1,3,49,2
3277,Bugs Bunny Camp Carousel,6,Sunday,23,,,,0.0,0,19,0
3279,Bugs Bunny Ranger Pilots,0,Monday,0,,,,0.0,0,12,0
3279,Bugs Bunny Ranger Pilots,0,Monday,1,,,,0.0,0,4,0
3279,Bugs Bunny Ranger Pilots,0,Monday,2,,,,0.0,0,17,0
3279,Bugs Bunny Ranger Pilots,0,Monday,3,,,,0.0,0,9,0
3279,Bugs Bunny Ranger Pilots,0,Monday,4,,,,0.0,0,34,0
3279,Bugs Bunny Ranger Pilots,0,Monday,5,,,,0.0,0,9,0
3279,Bugs Bunny Ranger Pilots,0,Monday,6,,,,0.0,0,3,0
3279,Bugs Bunny Ranger Pilots,0,Monday,9,,,,0.0,0,4,0
3279,Bugs Bunny Ranger Pilots,0,Monday,10,0.0,0.0,0,33.3,4,12,1
3279,Bugs Bunny Ranger Pilots,0,Monday,11,0.0,0.0,0,100.0,12,12,1
3279,Bugs Bunny Ranger Pilots,0,Monday,12,0.0,0.0,0,100.0,12,12,1
3279,Bugs Bunny Ranger Pilots,0,Monday,13,0.0,0.0,0,100.0,13,13,2
3279,Bugs Bunny Ranger Pilots,0,Monday,14,0.0,0.0,0,57.5,23,40,2
3279,Bugs Bunny Ranger Pilots,0,Monday,15,0.0,0.0,0,40.0,12,30,1
3279,Bugs Bunny Ranger Pilots,0,Monday,16,0.0,0.0,0,48.0,12,25,1
3279,Bugs Bunny Ranger Pilots,0,Monday,17,0.0,0.0,0,78.3,18,23,2
3279,Bugs Bunny Ranger Pilots,0,Monday,18,0.0,0.0,0,37.8,14,37,2
3279,Bugs Bunny Ranger Pilots,0,Monday,19,0.0,0.0,0,100.0,26,26,3
3279,Bugs Bunny Ranger Pilots,0,Monday,20,0.0,0.0,0,15.2,7,46,3
3279,Bugs Bunny Ranger Pilots,0,Monday,21,,,,0.0,0,27,0
3279,Bugs Bunny Ranger Pilots,0,Monday,22,,,,0.0,0,41,0
3279,Bugs Bunny Ranger Pilots,0,Monday,23,,,,0.0,0,19,0
3279,Bugs Bunny Ranger Pilots,1,Tuesday,0,,,,0.0,0,12,0
3279,Bugs Bunny Ranger Pilots,1,Tuesday,1,,,,0.0,0,17,0
3279,Bugs Bunny Ranger Pilots,1,Tuesday,2,,,,0.0,0,23,0
3279,Bugs Bunny Ranger Pilots,1,Tuesday,3,,,,0.0,0,20,0
3279,Bugs Bunny Ranger Pilots,1,Tuesday,4,,,,0.0,0,12,0
3279,Bugs Bunny Ranger Pilots,1,Tuesday,5,,,,0.0,0,3,0
3279,Bugs Bunny Ranger Pilots,1,Tuesday,9,,,,0.0,0,8,0
3279,Bugs Bunny Ranger Pilots,1,Tuesday,10,0.0,0.0,0,33.3,6,18,2
3279,Bugs Bunny Ranger Pilots,1,Tuesday,11,0.0,0.0,0,100.0,19,19,2
3279,Bugs Bunny Ranger Pilots,1,Tuesday,12,0.0,0.0,0,90.5,19,21,2
3279,Bugs Bunny Ranger Pilots,1,Tuesday,13,0.0,0.0,0,55.4,31,56,3
3279,Bugs Bunny Ranger Pilots,1,Tuesday,14,0.0,0.0,0,67.5,27,40,4
3279,Bugs Bunny Ranger Pilots,1,Tuesday,15,0.0,0.0,0,65.8,25,38,4
3279,Bugs Bunny Ranger Pilots,1,Tuesday,16,0.0,0.0,0,55.4,31,56,3
3279,Bugs Bunny Ranger Pilots,1,Tuesday,17,0.0,0.0,0,76.9,20,26,2
3279,Bugs Bunny Ranger Pilots,1,Tuesday,18,0.0,0.0,0,71.4,35,49,4
3279,Bugs Bunny Ranger Pilots,1,Tuesday,19,0.0,0.0,0,44.6,29,65,4
3279,Bugs Bunny Ranger Pilots,1,Tuesday,20,0.0,0.0,0,7.1,2,28,1
3279,Bugs Bunny Ranger Pilots,1,Tuesday,21,,,,0.0,0,59,0
3279,Bugs Bunny Ranger Pilots,1,Tuesday,22,,,,0.0,0,34,0
3279,Bugs Bunny Ranger Pilots,1,Tuesday,23,,,,0.0,0,23,0
3279,Bugs Bunny Ranger Pilots,2,Wednesday,0,,,,0.0,0,10,0
3279,Bugs Bunny Ranger Pilots,2,Wednesday,1,,,,0.0,0,20,0
3279,Bugs Bunny Ranger Pilots,2,Wednesday,2,,,,0.0,0,11,0
3279,Bugs Bunny Ranger Pilots,2,Wednesday,3,,,,0.0,0,27,0
3279,Bugs Bunny Ranger Pilots,2,Wednesday,4,,,,0.0,0,10,0
3279,Bugs Bunny Ranger Pilots,2,Wednesday,9,,,,0.0,0,8,0
3279,Bugs Bunny Ranger Pilots,2,Wednesday,10,0.0,0.0,0,15.8,3,19,1
3279,Bugs Bunny Ranger Pilots,2,Wednesday,11,0.0,0.0,0,100.0,15,15,2
3279,Bugs Bunny Ranger Pilots,2,Wednesday,12,0.0,0.0,0,94.4,17,18,3
3279,Bugs Bunny Ranger Pilots,2,Wednesday,13,0.0,0.0,0,45.7,21,46,3
3279,Bugs Bunny Ranger Pilots,2,Wednesday,14,0.0,0.0,0,69.7,23,33,3
3279,Bugs Bunny Ranger Pilots,2,Wednesday,15,0.0,0.0,0,56.8,21,37,4
3279,Bugs Bunny Ranger Pilots,2,Wednesday,16,0.0,0.0,0,45.7,16,35,3
3279,Bugs Bunny Ranger Pilots,2,Wednesday,17,0.0,0.0,0,46.4,13,28,2
3279,Bugs Bunny Ranger Pilots,2,Wednesday,18,0.0,0.0,0,65.6,21,32,3
3279,Bugs Bunny Ranger Pilots,2,Wednesday,19,0.0,0.0,0,31.8,14,44,4
3279,Bugs Bunny Ranger Pilots,2,Wednesday,20,0.0,0.0,0,7.3,3,41,1
3279,Bugs Bunny Ranger Pilots,2,Wednesday,21,,,,0.0,0,35,0
3279,Bugs Bunny Ranger Pilots,2,Wednesday,22,,,,0.0,0,23,0
3279,Bugs Bunny Ranger Pilots,2,Wednesday,23,,,,0.0,0,18,0
3279,Bugs Bunny Ranger Pilots,3,Thursday,0,,,,0.0,0,22,0
3279,Bugs Bunny Ranger Pilots,3,Thursday,1,,,,0.0,0,27,0
3279,Bugs Bunny Ranger Pilots,3,Thursday,2,,,,0.0,0,11,0
3279,Bugs Bunny Ranger Pilots,3,Thursday,3,,,,0.0,0,29,0
3279,Bugs Bunny Ranger Pilots,3,Thursday,4,,,,0.0,0,4,0
3279,Bugs Bunny Ranger Pilots,3,Thursday,9,,,,0.0,0,5,0
3279,Bugs Bunny Ranger Pilots,3,Thursday,10,0.0,0.0,0,33.3,4,12,1
3279,Bugs Bunny Ranger Pilots,3,Thursday,11,0.0,0.0,0,100.0,12,12,1
3279,Bugs Bunny Ranger Pilots,3,Thursday,12,0.0,0.0,0,63.2,12,19,1
3279,Bugs Bunny Ranger Pilots,3,Thursday,13,0.0,0.0,0,28.6,12,42,1
3279,Bugs Bunny Ranger Pilots,3,Thursday,14,0.0,0.0,0,60.7,17,28,2
3279,Bugs Bunny Ranger Pilots,3,Thursday,15,0.0,0.0,0,41.3,19,46,2
3279,Bugs Bunny Ranger Pilots,3,Thursday,16,0.0,0.0,0,41.4,12,29,1
3279,Bugs Bunny Ranger Pilots,3,Thursday,17,0.0,0.0,0,34.3,12,35,1
3279,Bugs Bunny Ranger Pilots,3,Thursday,18,0.0,0.0,0,11.4,4,35,2
3279,Bugs Bunny Ranger Pilots,3,Thursday,19,0.0,0.0,0,18.6,11,59,1
3279,Bugs Bunny Ranger Pilots,3,Thursday,20,,,,0.0,0,44,0
3279,Bugs Bunny Ranger Pilots,3,Thursday,21,,,,0.0,0,25,0
3279,Bugs Bunny Ranger Pilots,3,Thursday,22,,,,0.0,0,53,0
3279,Bugs Bunny Ranger Pilots,3,Thursday,23,,,,0.0,0,22,0
3279,Bugs Bunny Ranger Pilots,4,Friday,0,,,,0.0,0,19,0
3279,Bugs Bunny Ranger Pilots,4,Friday,1,,,,0.0,0,10,0
3279,Bugs Bunny Ranger Pilots,4,Friday,2,,,,0.0,0,14,0
3279,Bugs Bunny Ranger Pilots,4,Friday,3,,,,0.0,0,26,0
3279,Bugs Bunny Ranger Pilots,4,Friday,4,,,,0.0,0,25,0
3279,Bugs Bunny Ranger Pilots,4,Friday,5,,,,0.0,0,1,0
3279,Bugs Bunny Ranger Pilots,4,Friday,9,,,,0.0,0,5,0
3279,Bugs Bunny Ranger Pilots,4,Friday,10,0.0,0.0,0,25.0,3,12,1
3279,Bugs Bunny Ranger Pilots,4,Friday,11,0.0,0.0,0,100.0,12,12,1
3279,Bugs Bunny Ranger Pilots,4,Friday,12,0.0,0.0,0,73.9,17,23,2
3279,Bugs Bunny Ranger Pilots,4,Friday,13,0.0,0.0,0,45.2,19,42,2
3279,Bugs Bunny Ranger Pilots,4,Friday,14,0.0,0.0,0,40.0,12,30,1
3279,Bugs Bunny Ranger Pilots,4,Friday,15,0.0,0.0,0,55.0,22,40,2
3279,Bugs Bunny Ranger Pilots,4,Friday,16,0.0,0.0,0,60.9,14,23,2
3279,Bugs Bunny Ranger Pilots,4,Friday,17,0.0,0.0,0,50.0,17,34,2
3279,Bugs Bunny Ranger Pilots,4,Friday,18,0.0,0.0,0,46.8,22,47,3
3279,Bugs Bunny Ranger Pilots,4,Friday,19,0.0,0.0,0,62.8,27,43,3
3279,Bugs Bunny Ranger Pilots,4,Friday,20,0.0,0.0,0,33.3,14,42,2
3279,Bugs Bunny Ranger Pilots,4,Friday,21,0.0,0.0,0,54.5,12,22,1
3279,Bugs Bunny Ranger Pilots,4,Friday,22,0.0,0.0,0,5.7,3,53,1
3279,Bugs Bunny Ranger Pilots,4,Friday,23,,,,0.0,0,22,0
3279,Bugs Bunny Ranger Pilots,5,Saturday,0,,,,0.0,0,23,0
3279,Bugs Bunny Ranger Pilots,5,Saturday,1,,,,0.0,0,3,0
3279,Bugs Bunny Ranger Pilots,5,Saturday,2,,,,0.0,0,8,0
3279,Bugs Bunny Ranger Pilots,5,Saturday,3,,,,0.0,0,33,0
3279,Bugs Bunny Ranger Pilots,5,Saturday,4,,,,0.0,0,18,0
3279,Bugs Bunny Ranger Pilots,5,Saturday,5,,,,0.0,0,1,0
3279,Bugs Bunny Ranger Pilots,5,Saturday,9,,,,0.0,0,8,0
3279,Bugs Bunny Ranger Pilots,5,Saturday,10,0.0,0.0,0,33.3,4,12,1
3279,Bugs Bunny Ranger Pilots,5,Saturday,11,0.0,0.0,0,100.0,17,17,3
3279,Bugs Bunny Ranger Pilots,5,Saturday,12,0.0,0.0,0,100.0,49,49,7
3279,Bugs Bunny Ranger Pilots,5,Saturday,13,0.0,0.0,0,93.5,43,46,6
3279,Bugs Bunny Ranger Pilots,5,Saturday,14,0.0,0.0,0,94.4,34,36,4
3279,Bugs Bunny Ranger Pilots,5,Saturday,15,0.0,0.0,0,100.0,42,42,6
3279,Bugs Bunny Ranger Pilots,5,Saturday,16,0.0,0.0,0,97.9,47,48,6
3279,Bugs Bunny Ranger Pilots,5,Saturday,17,0.0,0.0,0,100.0,27,27,4
3279,Bugs Bunny Ranger Pilots,5,Saturday,18,0.0,0.0,0,89.7,52,58,6
3279,Bugs Bunny Ranger Pilots,5,Saturday,19,0.0,0.0,0,63.4,26,41,5
3279,Bugs Bunny Ranger Pilots,5,Saturday,20,0.0,0.0,0,74.4,32,43,5
3279,Bugs Bunny Ranger Pilots,5,Saturday,21,0.0,0.0,0,80.0,36,45,4
3279,Bugs Bunny Ranger Pilots,5,Saturday,22,0.0,0.0,0,23.1,6,26,2
3279,Bugs Bunny Ranger Pilots,5,Saturday,23,,,,0.0,0,12,0
3279,Bugs Bunny Ranger Pilots,6,Sunday,0,,,,0.0,0,12,0
3279,Bugs Bunny Ranger Pilots,6,Sunday,1,,,,0.0,0,22,0
3279,Bugs Bunny Ranger Pilots,6,Sunday,2,,,,0.0,0,35,0
3279,Bugs Bunny Ranger Pilots,6,Sunday,3,,,,0.0,0,7,0
3279,Bugs Bunny Ranger Pilots,6,Sunday,4,,,,0.0,0,5,0
3279,Bugs Bunny Ranger Pilots,6,Sunday,5,,,,0.0,0,7,0
3279,Bugs Bunny Ranger Pilots,6,Sunday,9,,,,0.0,0,7,0
3279,Bugs Bunny Ranger Pilots,6,Sunday,10,0.0,0.0,0,33.3,4,12,1
3279,Bugs Bunny Ranger Pilots,6,Sunday,11,0.0,0.0,0,100.0,14,14,2
3279,Bugs Bunny Ranger Pilots,6,Sunday,12,0.0,0.0,0,100.0,31,31,4
3279,Bugs Bunny Ranger Pilots,6,Sunday,13,0.0,0.0,0,86.4,51,59,6
3279,Bugs Bunny Ranger Pilots,6,Sunday,14,0.0,0.0,0,85.7,24,28,3
3279,Bugs Bunny Ranger Pilots,6,Sunday,15,0.0,0.0,0,100.0,37,37,5
3279,Bugs Bunny Ranger Pilots,6,Sunday,16,0.0,0.0,0,100.0,43,43,7
3279,Bugs Bunny Ranger Pilots,6,Sunday,17,0.0,0.0,0,100.0,30,30,6
3279,Bugs Bunny Ranger Pilots,6,Sunday,18,0.0,0.0,0,91.3,42,46,5
3279,Bugs Bunny Ranger Pilots,6,Sunday,19,0.0,0.0,0,74.5,35,47,5
3279,Bugs Bunny Ranger Pilots,6,Sunday,20,0.0,0.0,0,55.8,24,43,5
3279,Bugs Bunny Ranger Pilots,6,Sunday,21,0.0,0.0,0,52.9,18,34,4
3279,Bugs Bunny Ranger Pilots,6,Sunday,22,0.0,0.0,0,6.1,3,49,2
3279,Bugs Bunny Ranger Pilots,6,Sunday,23,,,,0.0,0,19,0
17766,CarnEvil,0,Monday,3,,,,0.0,0,1,0
17766,CarnEvil,0,Monday,4,,,,0.0,0,23,0
17766,CarnEvil,0,Monday,5,,,,0.0,0,9,0
17766,CarnEvil,0,Monday,6,,,,0.0,0,3,0
17766,CarnEvil,0,Monday,14,,,,0.0,0,8,0
17766,CarnEvil,0,Monday,15,,,,0.0,0,6,0
17766,CarnEvil,0,Monday,16,,,,0.0,0,10,0
17766,CarnEvil,0,Monday,18,,,,0.0,0,12,0
17766,CarnEvil,0,Monday,20,,,,0.0,0,13,0
17766,CarnEvil,0,Monday,21,,,,0.0,0,16,0
17766,CarnEvil,0,Monday,22,,,,0.0,0,7,0
17766,CarnEvil,1,Tuesday,1,,,,0.0,0,3,0
17766,CarnEvil,1,Tuesday,2,,,,0.0,0,21,0
17766,CarnEvil,1,Tuesday,4,,,,0.0,0,9,0
17766,CarnEvil,1,Tuesday,5,,,,0.0,0,3,0
17766,CarnEvil,1,Tuesday,13,,,,0.0,0,7,0
17766,CarnEvil,1,Tuesday,14,,,,0.0,0,17,0
17766,CarnEvil,1,Tuesday,15,,,,0.0,0,12,0
17766,CarnEvil,1,Tuesday,16,,,,0.0,0,9,0
17766,CarnEvil,1,Tuesday,17,,,,0.0,0,3,0
17766,CarnEvil,1,Tuesday,18,,,,0.0,0,9,0
17766,CarnEvil,1,Tuesday,19,,,,0.0,0,27,0
17766,CarnEvil,1,Tuesday,21,,,,0.0,0,16,0
17766,CarnEvil,1,Tuesday,22,,,,0.0,0,20,0
17766,CarnEvil,2,Wednesday,2,,,,0.0,0,2,0
17766,CarnEvil,2,Wednesday,3,,,,0.0,0,24,0
17766,CarnEvil,2,Wednesday,4,,,,0.0,0,10,0
17766,CarnEvil,2,Wednesday,13,,,,0.0,0,6,0
17766,CarnEvil,2,Wednesday,14,,,,0.0,0,16,0
17766,CarnEvil,2,Wednesday,15,,,,0.0,0,13,0
17766,CarnEvil,2,Wednesday,16,,,,0.0,0,3,0
17766,CarnEvil,2,Wednesday,17,,,,0.0,0,10,0
17766,CarnEvil,2,Wednesday,18,,,,0.0,0,7,0
17766,CarnEvil,2,Wednesday,19,,,,0.0,0,19,0
17766,CarnEvil,2,Wednesday,20,,,,0.0,0,10,0
17766,CarnEvil,2,Wednesday,21,,,,0.0,0,14,0
17766,CarnEvil,2,Wednesday,22,,,,0.0,0,10,0
17766,CarnEvil,2,Wednesday,23,,,,0.0,0,6,0
17766,CarnEvil,3,Thursday,0,,,,0.0,0,6,0
17766,CarnEvil,3,Thursday,2,,,,0.0,0,1,0
17766,CarnEvil,3,Thursday,3,,,,0.0,0,19,0
17766,CarnEvil,3,Thursday,4,,,,0.0,0,4,0
17766,CarnEvil,3,Thursday,13,,,,0.0,0,5,0
17766,CarnEvil,3,Thursday,14,,,,0.0,0,12,0
17766,CarnEvil,3,Thursday,15,,,,0.0,0,19,0
17766,CarnEvil,3,Thursday,16,,,,0.0,0,1,0
17766,CarnEvil,3,Thursday,17,,,,0.0,0,11,0
17766,CarnEvil,3,Thursday,18,,,,0.0,0,1,0
17766,CarnEvil,3,Thursday,19,0.0,0.0,0,16.7,3,18,1
17766,CarnEvil,3,Thursday,20,0.0,0.0,0,52.9,9,17,1
17766,CarnEvil,3,Thursday,21,,,,0.0,0,1,0
17766,CarnEvil,3,Thursday,22,,,,0.0,0,18,0
17766,CarnEvil,3,Thursday,23,,,,0.0,0,10,0
17766,CarnEvil,4,Friday,0,,,,0.0,0,7,0
17766,CarnEvil,4,Friday,3,,,,0.0,0,2,0
17766,CarnEvil,4,Friday,4,,,,0.0,0,21,0
17766,CarnEvil,4,Friday,5,,,,0.0,0,1,0
17766,CarnEvil,4,Friday,13,,,,0.0,0,5,0
17766,CarnEvil,4,Friday,14,,,,0.0,0,18,0
17766,CarnEvil,4,Friday,15,,,,0.0,0,1,0
17766,CarnEvil,4,Friday,16,,,,0.0,0,2,0
17766,CarnEvil,4,Friday,17,,,,0.0,0,10,0
17766,CarnEvil,4,Friday,18,,,,0.0,0,8,0
17766,CarnEvil,4,Friday,19,0.0,0.0,0,100.0,8,8,2
17766,CarnEvil,4,Friday,20,0.0,0.0,0,100.0,8,8,1
17766,CarnEvil,4,Friday,21,0.0,0.0,0,100.0,9,9,1
17766,CarnEvil,4,Friday,22,0.0,0.0,0,100.0,9,9,2
17766,CarnEvil,4,Friday,23,0.0,0.0,0,33.3,2,6,1
17766,CarnEvil,5,Saturday,2,,,,0.0,0,4,0
17766,CarnEvil,5,Saturday,3,,,,0.0,0,15,0
17766,CarnEvil,5,Saturday,4,,,,0.0,0,16,0
17766,CarnEvil,5,Saturday,5,,,,0.0,0,1,0
17766,CarnEvil,5,Saturday,12,,,,0.0,0,16,0
17766,CarnEvil,5,Saturday,13,,,,0.0,0,20,0
17766,CarnEvil,5,Saturday,14,,,,0.0,0,4,0
17766,CarnEvil,5,Saturday,15,,,,0.0,0,20,0
17766,CarnEvil,5,Saturday,16,,,,0.0,0,12,0
17766,CarnEvil,5,Saturday,17,,,,0.0,0,10,0
17766,CarnEvil,5,Saturday,18,0.0,0.0,0,5.3,1,19,1
17766,CarnEvil,5,Saturday,19,0.0,0.0,0,93.8,15,16,2
17766,CarnEvil,5,Saturday,20,0.0,0.0,0,100.0,7,7,2
17766,CarnEvil,5,Saturday,21,0.0,0.0,0,100.0,17,17,2
17766,CarnEvil,5,Saturday,22,0.0,0.0,0,100.0,13,13,2
17766,CarnEvil,5,Saturday,23,0.0,0.0,0,100.0,2,2,1
17766,CarnEvil,6,Sunday,1,,,,0.0,0,1,0
17766,CarnEvil,6,Sunday,2,,,,0.0,0,17,0
17766,CarnEvil,6,Sunday,3,,,,0.0,0,6,0
17766,CarnEvil,6,Sunday,4,,,,0.0,0,5,0
17766,CarnEvil,6,Sunday,5,,,,0.0,0,7,0
17766,CarnEvil,6,Sunday,12,,,,0.0,0,5,0
17766,CarnEvil,6,Sunday,13,,,,0.0,0,25,0
17766,CarnEvil,6,Sunday,14,,,,0.0,0,6,0
17766,CarnEvil,6,Sunday,15,,,,0.0,0,10,0
17766,CarnEvil,6,Sunday,16,,,,0.0,0,20,0
17766,CarnEvil,6,Sunday,17,,,,0.0,0,10,0
17766,CarnEvil,6,Sunday,18,,,,0.0,0,8,0
17766,CarnEvil,6,Sunday,19,0.0,0.0,0,100.0,22,22,3
17766,CarnEvil,6,Sunday,20,0.0,0.0,0,100.0,14,14,3
17766,CarnEvil,6,Sunday,21,0.0,0.0,0,100.0,3,3,1
17766,CarnEvil,6,Sunday,22,0.0,0.0,0,7.1,2,28,1
17766,CarnEvil,6,Sunday,23,,,,0.0,0,5,0
3237,Carousel,0,Monday,0,,,,0.0,0,12,0
3237,Carousel,0,Monday,1,,,,0.0,0,4,0
3237,Carousel,0,Monday,2,,,,0.0,0,17,0
3237,Carousel,0,Monday,3,,,,0.0,0,9,0
3237,Carousel,0,Monday,4,,,,0.0,0,34,0
3237,Carousel,0,Monday,5,,,,0.0,0,9,0
3237,Carousel,0,Monday,6,,,,0.0,0,3,0
3237,Carousel,0,Monday,9,,,,0.0,0,4,0
3237,Carousel,0,Monday,10,0.0,0.0,0,33.3,4,12,1
3237,Carousel,0,Monday,11,0.0,0.0,0,100.0,12,12,1
3237,Carousel,0,Monday,12,0.0,0.0,0,100.0,12,12,1
3237,Carousel,0,Monday,13,0.0,0.0,0,100.0,13,13,2
3237,Carousel,0,Monday,14,0.0,0.0,0,57.5,23,40,2
3237,Carousel,0,Monday,15,0.0,0.0,0,70.0,21,30,2
3237,Carousel,0,Monday,16,0.0,0.0,0,60.0,15,25,2
3237,Carousel,0,Monday,17,0.0,0.0,0,95.7,22,23,2
3237,Carousel,0,Monday,18,0.0,0.0,0,37.8,14,37,2
3237,Carousel,0,Monday,19,0.0,0.0,0,100.0,26,26,3
3237,Carousel,0,Monday,20,0.0,0.0,0,15.2,7,46,3
3237,Carousel,0,Monday,21,,,,0.0,0,27,0
3237,Carousel,0,Monday,22,,,,0.0,0,41,0
3237,Carousel,0,Monday,23,,,,0.0,0,19,0
3237,Carousel,1,Tuesday,0,,,,0.0,0,12,0
3237,Carousel,1,Tuesday,1,,,,0.0,0,17,0
3237,Carousel,1,Tuesday,2,,,,0.0,0,23,0
3237,Carousel,1,Tuesday,3,,,,0.0,0,20,0
3237,Carousel,1,Tuesday,4,,,,0.0,0,12,0
3237,Carousel,1,Tuesday,5,,,,0.0,0,3,0
3237,Carousel,1,Tuesday,9,,,,0.0,0,8,0
3237,Carousel,1,Tuesday,10,0.0,0.0,0,33.3,6,18,2
3237,Carousel,1,Tuesday,11,0.0,0.0,0,100.0,19,19,2
3237,Carousel,1,Tuesday,12,0.0,0.0,0,90.5,19,21,2
3237,Carousel,1,Tuesday,13,0.0,0.0,0,55.4,31,56,3
3237,Carousel,1,Tuesday,14,0.0,0.0,0,67.5,27,40,4
3237,Carousel,1,Tuesday,15,0.0,0.0,0,65.8,25,38,4
3237,Carousel,1,Tuesday,16,0.0,0.0,0,55.4,31,56,3
3237,Carousel,1,Tuesday,17,0.0,0.0,0,76.9,20,26,2
3237,Carousel,1,Tuesday,18,0.0,0.0,0,71.4,35,49,4
3237,Carousel,1,Tuesday,19,0.0,0.0,0,44.6,29,65,4
3237,Carousel,1,Tuesday,20,0.0,0.0,0,7.1,2,28,1
3237,Carousel,1,Tuesday,21,,,,0.0,0,59,0
3237,Carousel,1,Tuesday,22,,,,0.0,0,34,0
3237,Carousel,1,Tuesday,23,,,,0.0,0,23,0
3237,Carousel,2,Wednesday,0,,,,0.0,0,10,0
3237,Carousel,2,Wednesday,1,,,,0.0,0,20,0
3237,Carousel,2,Wednesday,2,,,,0.0,0,11,0
3237,Carousel,2,Wednesday,3,,,,0.0,0,27,0
3237,Carousel,2,Wednesday,4,,,,0.0,0,10,0
3237,Carousel,2,Wednesday,9,,,,0.0,0,8,0
3237,Carousel,2,Wednesday,10,0.0,0.0,0,15.8,3,19,1
3237,Carousel,2,Wednesday,11,0.0,0.0,0,100.0,15,15,2
3237,Carousel,2,Wednesday,12,0.0,0.0,0,94.4,17,18,3
3237,Carousel,2,Wednesday,13,0.0,0.0,0,45.7,21,46,3
3237,Carousel,2,Wednesday,14,0.0,0.0,0,69.7,23,33,3
3237,Carousel,2,Wednesday,15,0.0,0.0,0,56.8,21,37,4
3237,Carousel,2,Wednesday,16,0.0,0.0,0,45.7,16,35,3
3237,Carousel,2,Wednesday,17,0.0,0.0,0,42.9,12,28,2
3237,Carousel,2,Wednesday,18,0.0,0.0,0,65.6,21,32,3
3237,Carousel,2,Wednesday,19,0.0,0.0,0,31.8,14,44,4
3237,Carousel,2,Wednesday,20,0.0,0.0,0,7.3,3,41,1
3237,Carousel,2,Wednesday,21,,,,0.0,0,35,0
3237,Carousel,2,Wednesday,22,,,,0.0,0,23,0
3237,Carousel,2,Wednesday,23,,,,0.0,0,18,0
3237,Carousel,3,Thursday,0,,,,0.0,0,22,0
3237,Carousel,3,Thursday,1,,,,0.0,0,27,0
3237,Carousel,3,Thursday,2,,,,0.0,0,11,0
3237,Carousel,3,Thursday,3,,,,0.0,0,29,0
3237,Carousel,3,Thursday,4,,,,0.0,0,4,0
3237,Carousel,3,Thursday,9,,,,0.0,0,5,0
3237,Carousel,3,Thursday,10,0.0,0.0,0,33.3,4,12,1
3237,Carousel,3,Thursday,11,0.0,0.0,0,100.0,12,12,1
3237,Carousel,3,Thursday,12,0.0,0.0,0,78.9,15,19,2
3237,Carousel,3,Thursday,13,0.0,0.0,0,50.0,21,42,2
3237,Carousel,3,Thursday,14,0.0,0.0,0,60.7,17,28,2
3237,Carousel,3,Thursday,15,0.0,0.0,0,56.5,26,46,3
3237,Carousel,3,Thursday,16,0.0,0.0,0,58.6,17,29,2
3237,Carousel,3,Thursday,17,0.0,0.0,0,42.9,15,35,2
3237,Carousel,3,Thursday,18,0.0,0.0,0,37.1,13,35,3
3237,Carousel,3,Thursday,19,0.0,0.0,0,30.5,18,59,3
3237,Carousel,3,Thursday,20,0.0,0.0,0,25.0,11,44,2
3237,Carousel,3,Thursday,21,,,,0.0,0,25,0
3237,Carousel,3,Thursday,22,,,,0.0,0,53,0
3237,Carousel,3,Thursday,23,,,,0.0,0,22,0
3237,Carousel,4,Friday,0,,,,0.0,0,19,0
3237,Carousel,4,Friday,1,,,,0.0,0,10,0
3237,Carousel,4,Friday,2,,,,0.0,0,14,0
3237,Carousel,4,Friday,3,,,,0.0,0,26,0
3237,Carousel,4,Friday,4,,,,0.0,0,25,0
3237,Carousel,4,Friday,5,,,,0.0,0,1,0
3237,Carousel,4,Friday,9,,,,0.0,0,5,0
3237,Carousel,4,Friday,10,0.0,0.0,0,25.0,3,12,1
3237,Carousel,4,Friday,11,0.0,0.0,0,100.0,12,12,1
3237,Carousel,4,Friday,12,0.0,0.0,0,73.9,17,23,2
3237,Carousel,4,Friday,13,0.0,0.0,0,45.2,19,42,2
3237,Carousel,4,Friday,14,0.0,0.0,0,40.0,12,30,1
3237,Carousel,4,Friday,15,0.0,0.0,0,55.0,22,40,2
3237,Carousel,4,Friday,16,0.0,0.0,0,60.9,14,23,2
3237,Carousel,4,Friday,17,0.0,0.0,0,50.0,17,34,2
3237,Carousel,4,Friday,18,0.0,0.0,0,70.2,33,47,5
3237,Carousel,4,Friday,19,0.0,0.0,0,90.7,39,43,6
3237,Carousel,4,Friday,20,0.0,0.0,0,71.4,30,42,4
3237,Carousel,4,Friday,21,0.0,0.0,0,95.5,21,22,2
3237,Carousel,4,Friday,22,0.0,0.0,0,41.5,22,53,4
3237,Carousel,4,Friday,23,0.0,0.0,0,18.2,4,22,2
3237,Carousel,5,Saturday,0,,,,0.0,0,23,0
3237,Carousel,5,Saturday,1,,,,0.0,0,3,0
3237,Carousel,5,Saturday,2,,,,0.0,0,8,0
3237,Carousel,5,Saturday,3,,,,0.0,0,33,0
3237,Carousel,5,Saturday,4,,,,0.0,0,18,0
3237,Carousel,5,Saturday,5,,,,0.0,0,1,0
3237,Carousel,5,Saturday,9,,,,0.0,0,8,0
3237,Carousel,5,Saturday,10,0.0,0.0,0,33.3,4,12,1
3237,Carousel,5,Saturday,11,0.0,0.0,0,100.0,17,17,3
3237,Carousel,5,Saturday,12,0.0,0.0,0,100.0,49,49,7
3237,Carousel,5,Saturday,13,0.0,0.0,0,100.0,46,46,7
3237,Carousel,5,Saturday,14,0.0,0.0,0,100.0,36,36,4
3237,Carousel,5,Saturday,15,0.0,0.0,0,100.0,42,42,6
3237,Carousel,5,Saturday,16,0.0,0.0,0,100.0,48,48,6
3237,Carousel,5,Saturday,17,0.0,0.0,0,100.0,27,27,4
3237,Carousel,5,Saturday,18,0.0,0.0,0,100.0,58,58,7
3237,Carousel,5,Saturday,19,0.0,0.0,0,100.0,41,41,7
3237,Carousel,5,Saturday,20,0.0,0.0,0,81.4,35,43,6
3237,Carousel,5,Saturday,21,0.0,0.0,0,100.0,45,45,5
3237,Carousel,5,Saturday,22,0.0,0.0,0,73.1,19,26,4
3237,Carousel,5,Saturday,23,0.0,0.0,0,16.7,2,12,1
3237,Carousel,6,Sunday,0,,,,0.0,0,12,0
3237,Carousel,6,Sunday,1,,,,0.0,0,22,0
3237,Carousel,6,Sunday,2,,,,0.0,0,35,0
3237,Carousel,6,Sunday,3,,,,0.0,0,7,0
3237,Carousel,6,Sunday,4,,,,0.0,0,5,0
3237,Carousel,6,Sunday,5,,,,0.0,0,7,0
3237,Carousel,6,Sunday,9,,,,0.0,0,7,0
3237,Carousel,6,Sunday,10,0.0,0.0,0,33.3,4,12,1
3237,Carousel,6,Sunday,11,0.0,0.0,0,100.0,14,14,2
3237,Carousel,6,Sunday,12,0.0,0.0,0,100.0,31,31,4
3237,Carousel,6,Sunday,13,0.0,0.0,0,86.4,51,59,6
3237,Carousel,6,Sunday,14,0.0,0.0,0,85.7,24,28,3
3237,Carousel,6,Sunday,15,0.0,0.0,0,100.0,37,37,5
3237,Carousel,6,Sunday,16,0.0,0.0,0,100.0,43,43,7
3237,Carousel,6,Sunday,17,0.0,0.0,0,100.0,30,30,6
3237,Carousel,6,Sunday,18,0.0,0.0,0,100.0,46,46,5
3237,Carousel,6,Sunday,19,0.0,0.0,0,100.0,47,47,7
3237,Carousel,6,Sunday,20,0.0,0.0,0,83.7,36,43,7
3237,Carousel,6,Sunday,21,0.0,0.0,0,52.9,18,34,4
3237,Carousel,6,Sunday,22,0.0,0.0,0,6.1,3,49,2
3237,Carousel,6,Sunday,23,,,,0.0,0,19,0
17767,Curse of Blackbeard's Bounty,0,Monday,3,,,,0.0,0,1,0
17767,Curse of Blackbeard's Bounty,0,Monday,4,,,,0.0,0,23,0
17767,Curse of Blackbeard's Bounty,0,Monday,5,,,,0.0,0,9,0
17767,Curse of Blackbeard's Bounty,0,Monday,6,,,,0.0,0,3,0
17767,Curse of Blackbeard's Bounty,0,Monday,14,,,,0.0,0,8,0
17767,Curse of Blackbeard's Bounty,0,Monday,15,,,,0.0,0,6,0
17767,Curse of Blackbeard's Bounty,0,Monday,16,,,,0.0,0,10,0
17767,Curse of Blackbeard's Bounty,0,Monday,18,,,,0.0,0,12,0
17767,Curse of Blackbeard's Bounty,0,Monday,20,,,,0.0,0,13,0
17767,Curse of Blackbeard's Bounty,0,Monday,21,,,,0.0,0,16,0
17767,Curse of Blackbeard's Bounty,0,Monday,22,,,,0.0,0,7,0
17767,Curse of Blackbeard's Bounty,1,Tuesday,1,,,,0.0,0,3,0
17767,Curse of Blackbeard's Bounty,1,Tuesday,2,,,,0.0,0,21,0
17767,Curse of Blackbeard's Bounty,1,Tuesday,4,,,,0.0,0,9,0
17767,Curse of Blackbeard's Bounty,1,Tuesday,5,,,,0.0,0,3,0
17767,Curse of Blackbeard's Bounty,1,Tuesday,13,,,,0.0,0,7,0
17767,Curse of Blackbeard's Bounty,1,Tuesday,14,,,,0.0,0,17,0
17767,Curse of Blackbeard's Bounty,1,Tuesday,15,,,,0.0,0,12,0
17767,Curse of Blackbeard's Bounty,1,Tuesday,16,,,,0.0,0,9,0
17767,Curse of Blackbeard's Bounty,1,Tuesday,17,,,,0.0,0,3,0
17767,Curse of Blackbeard's Bounty,1,Tuesday,18,,,,0.0,0,9,0
17767,Curse of Blackbeard's Bounty,1,Tuesday,19,,,,0.0,0,27,0
17767,Curse of Blackbeard's Bounty,1,Tuesday,21,,,,0.0,0,16,0
17767,Curse of Blackbeard's Bounty,1,Tuesday,22,,,,0.0,0,20,0
17767,Curse of Blackbeard's Bounty,2,Wednesday,2,,,,0.0,0,2,0
17767,Curse of Blackbeard's Bounty,2,Wednesday,3,,,,0.0,0,24,0
17767,Curse of Blackbeard's Bounty,2,Wednesday,4,,,,0.0,0,10,0
17767,Curse of Blackbeard's Bounty,2,Wednesday,13,,,,0.0,0,6,0
17767,Curse of Blackbeard's Bounty,2,Wednesday,14,,,,0.0,0,16,0
17767,Curse of Blackbeard's Bounty,2,Wednesday,15,,,,0.0,0,13,0
17767,Curse of Blackbeard's Bounty,2,Wednesday,16,,,,0.0,0,3,0
17767,Curse of Blackbeard's Bounty,2,Wednesday,17,,,,0.0,0,10,0
17767,Curse of Blackbeard's Bounty,2,Wednesday,18,,,,0.0,0,7,0
17767,Curse of Blackbeard's Bounty,2,Wednesday,19,,,,0.0,0,19,0
17767,Curse of Blackbeard's Bounty,2,Wednesday,20,,,,0.0,0,10,0
17767,Curse of Blackbeard's Bounty,2,Wednesday,21,,,,0.0,0,14,0
17767,Curse of Blackbeard's Bounty,2,Wednesday,22,,,,0.0,0,10,0
17767,Curse of Blackbeard's Bounty,2,Wednesday,23,,,,0.0,0,6,0
17767,Curse of Blackbeard's Bounty,3,Thursday,0,,,,0.0,0,6,0
17767,Curse of Blackbeard's Bounty,3,Thursday,2,,,,0.0,0,1,0
17767,Curse of Blackbeard's Bounty,3,Thursday,3,,,,0.0,0,19,0
17767,Curse of Blackbeard's Bounty,3,Thursday,4,,,,0.0,0,4,0
17767,Curse of Blackbeard's Bounty,3,Thursday,13,,,,0.0,0,5,0
17767,Curse of Blackbeard's Bounty,3,Thursday,14,,,,0.0,0,12,0
17767,Curse of Blackbeard's Bounty,3,Thursday,15,,,,0.0,0,19,0
17767,Curse of Blackbeard's Bounty,3,Thursday,16,,,,0.0,0,1,0
17767,Curse of Blackbeard's Bounty,3,Thursday,17,,,,0.0,0,11,0
17767,Curse of Blackbeard's Bounty,3,Thursday,18,,,,0.0,0,1,0
17767,Curse of Blackbeard's Bounty,3,Thursday,19,0.0,0.0,0,16.7,3,18,1
17767,Curse of Blackbeard's Bounty,3,Thursday,20,0.0,0.0,0,52.9,9,17,1
17767,Curse of Blackbeard's Bounty,3,Thursday,21,,,,0.0,0,1,0
17767,Curse of Blackbeard's Bounty,3,Thursday,22,,,,0.0,0,18,0
17767,Curse of Blackbeard's Bounty,3,Thursday,23,,,,0.0,0,10,0
17767,Curse of Blackbeard's Bounty,4,Friday,0,,,,0.0,0,7,0
17767,Curse of Blackbeard's Bounty,4,Friday,3,,,,0.0,0,2,0
17767,Curse of Blackbeard's Bounty,4,Friday,4,,,,0.0,0,21,0
17767,Curse of Blackbeard's Bounty,4,Friday,5,,,,0.0,0,1,0
17767,Curse of Blackbeard's Bounty,4,Friday,13,,,,0.0,0,5,0
17767,Curse of Blackbeard's Bounty,4,Friday,14,,,,0.0,0,18,0
17767,Curse of Blackbeard's Bounty,4,Friday,15,,,,0.0,0,1,0
17767,Curse of Blackbeard's Bounty,4,Friday,16,,,,0.0,0,2,0
17767,Curse of Blackbeard's Bounty,4,Friday,17,,,,0.0,0,10,0
17767,Curse of Blackbeard's Bounty,4,Friday,18,,,,0.0,0,8,0
17767,Curse of Blackbeard's Bounty,4,Friday,19,0.0,0.0,0,100.0,8,8,2
17767,Curse of Blackbeard's Bounty,4,Friday,20,0.0,0.0,0,100.0,8,8,1
17767,Curse of Blackbeard's Bounty,4,Friday,21,0.0,0.0,0,100.0,9,9,1
17767,Curse of Blackbeard's Bounty,4,Friday,22,0.0,0.0,0,100.0,9,9,2
17767,Curse of Blackbeard's Bounty,4,Friday,23,0.0,0.0,0,33.3,2,6,1
17767,Curse of Blackbeard's Bounty,5,Saturday,2,,,,0.0,0,4,0
17767,Curse of Blackbeard's Bounty,5,Saturday,3,,,,0.0,0,15,0
17767,Curse of Blackbeard's Bounty,5,Saturday,4,,,,0.0,0,16,0
17767,Curse of Blackbeard's Bounty,5,Saturday,5,,,,0.0,0,1,0
17767,Curse of Blackbeard's Bounty,5,Saturday,12,,,,0.0,0,16,0
17767,Curse of Blackbeard's Bounty,5,Saturday,13,,,,0.0,0,20,0
17767,Curse of Blackbeard's Bounty,5,Saturday,14,,,,0.0,0,4,0
17767,Curse of Blackbeard's Bounty,5,Saturday,15,,,,0.0,0,20,0
17767,Curse of Blackbeard's Bounty,5,Saturday,16,,,,0.0,0,12,0
17767,Curse of Blackbeard's Bounty,5,Saturday,17,,,,0.0,0,10,0
17767,Curse of Blackbeard's Bounty,5,Saturday,18,0.0,0.0,0,5.3,1,19,1
17767,Curse of Blackbeard's Bounty,5,Saturday,19,0.0,0.0,0,93.8,15,16,2
17767,Curse of Blackbeard's Bounty,5,Saturday,20,0.0,0.0,0,100.0,7,7,2
17767,Curse of Blackbeard's Bounty,5,Saturday,21,0.0,0.0,0,100.0,17,17,2
17767,Curse of Blackbeard's Bounty,5,Saturday,22,0.0,0.0,0,100.0,13,13,2
17767,Curse of Blackbeard's Bounty,5,Saturday,23,0.0,0.0,0,100.0,2,2,1
17767,Curse of Blackbeard's Bounty,6,Sunday,1,,,,0.0,0,1,0
17767,Curse of Blackbeard's Bounty,6,Sunday,2,,,,0.0,0,17,0
17767,Curse of Blackbeard's Bounty,6,Sunday,3,,,,0.0,0,6,0
17767,Curse of Blackbeard's Bounty,6,Sunday,4,,,,0.0,0,5,0
17767,Curse of Blackbeard's Bounty,6,Sunday,5,,,,0.0,0,7,0
17767,Curse of Blackbeard's Bounty,6,Sunday,12,,,,0.0,0,5,0
17767,Curse of Blackbeard's Bounty,6,Sunday,13,,,,0.0,0,25,0
17767,Curse of Blackbeard's Bounty,6,Sunday,14,,,,0.0,0,6,0
17767,Curse of Blackbeard's Bounty,6,Sunday,15,,,,0.0,0,10,0
17767,Curse of Blackbeard's Bounty,6,Sunday,16,,,,0.0,0,20,0
17767,Curse of Blackbeard's Bounty,6,Sunday,17,,,,0.0,0,10,0
17767,Curse of Blackbeard's Bounty,6,Sunday,18,,,,0.0,0,8,0
17767,Curse of Blackbeard's Bounty,6,Sunday,19,0.0,0.0,0,100.0,22,22,3
17767,Curse of Blackbeard's Bounty,6,Sunday,20,0.0,0.0,0,100.0,14,14,3
17767,Curse of Blackbeard's Bounty,6,Sunday,21,0.0,0.0,0,100.0,3,3,1
17767,Curse of Blackbeard's Bounty,6,Sunday,22,0.0,0.0,0,7.1,2,28,1
17767,Curse of Blackbeard's Bounty,6,Sunday,23,,,,0.0,0,5,0
3240,Daffy Duck Hot Air Balloons,0,Monday,0,,,,0.0,0,12,0
3240,Daffy Duck Hot Air Balloons,0,Monday,1,,,,0.0,0,4,0
3240,Daffy Duck Hot Air Balloons,0,Monday,2,,,,0.0,0,17,0
3240,Daffy Duck Hot Air Balloons,0,Monday,3,,,,0.0,0,9,0
3240,Daffy Duck Hot Air Balloons,0,Monday,4,,,,0.0,0,34,0
3240,Daffy Duck Hot Air Balloons,0,Monday,5,,,,0.0,0,9,0
3240,Daffy Duck Hot Air Balloons,0,Monday,6,,,,0.0,0,3,0
3240,Daffy Duck Hot Air Balloons,0,Monday,9,,,,0.0,0,4,0
3240,Daffy Duck Hot Air Balloons,0,Monday,10,0.0,0.0,0,33.3,4,12,1
3240,Daffy Duck Hot Air Balloons,0,Monday,11,0.0,0.0,0,100.0,12,12,1
3240,Daffy Duck Hot Air Balloons,0,Monday,12,0.0,0.0,0,100.0,12,12,1
3240,Daffy Duck Hot Air Balloons,0,Monday,13,0.0,0.0,0,100.0,13,13,2
3240,Daffy Duck Hot Air Balloons,0,Monday,14,0.0,0.0,0,50.0,20,40,2
3240,Daffy Duck Hot Air Balloons,0,Monday,15,0.0,0.0,0,40.0,12,30,1
3240,Daffy Duck Hot Air Balloons,0,Monday,16,0.0,0.0,0,48.0,12,25,1
3240,Daffy Duck Hot Air Balloons,0,Monday,17,0.0,0.0,0,95.7,22,23,2
3240,Daffy Duck Hot Air Balloons,0,Monday,18,0.0,0.0,0,35.1,13,37,2
3240,Daffy Duck Hot Air Balloons,0,Monday,19,0.0,0.0,0,100.0,26,26,3
3240,Daffy Duck Hot Air Balloons,0,Monday,20,0.0,0.0,0,15.2,7,46,3
3240,Daffy Duck Hot Air Balloons,0,Monday,21,,,,0.0,0,27,0
3240,Daffy Duck Hot Air Balloons,0,Monday,22,,,,0.0,0,41,0
3240,Daffy Duck Hot Air Balloons,0,Monday,23,,,,0.0,0,19,0
3240,Daffy Duck Hot Air Balloons,1,Tuesday,0,,,,0.0,0,12,0
3240,Daffy Duck Hot Air Balloons,1,Tuesday,1,,,,0.0,0,17,0
3240,Daffy Duck Hot Air Balloons,1,Tuesday,2,,,,0.0,0,23,0
3240,Daffy Duck Hot Air Balloons,1,Tuesday,3,,,,0.0,0,20,0
3240,Daffy Duck Hot Air Balloons,1,Tuesday,4,,,,0.0,0,12,0
3240,Daffy Duck Hot Air Balloons,1,Tuesday,5,,,,0.0,0,3,0
3240,Daffy Duck Hot Air Balloons,1,Tuesday,9,,,,0.0,0,8,0
3240,Daffy Duck Hot Air Balloons,1,Tuesday,10,0.0,0.0,0,33.3,6,18,2
3240,Daffy Duck Hot Air Balloons,1,Tuesday,11,0.0,0.0,0,100.0,19,19,2
3240,Daffy Duck Hot Air Balloons,1,Tuesday,12,0.0,0.0,0,90.5,19,21,2
3240,Daffy Duck Hot Air Balloons,1,Tuesday,13,0.0,0.0,0,50.0,28,56,3
3240,Daffy Duck Hot Air Balloons,1,Tuesday,14,0.0,0.0,0,67.5,27,40,4
3240,Daffy Duck Hot Air Balloons,1,Tuesday,15,0.0,0.0,0,60.5,23,38,4
3240,Daffy Duck Hot Air Balloons,1,Tuesday,16,0.0,0.0,0,51.8,29,56,3
3240,Daffy Duck Hot Air Balloons,1,Tuesday,17,0.0,0.0,0,76.9,20,26,2
3240,Daffy Duck Hot Air Balloons,1,Tuesday,18,0.0,0.0,0,71.4,35,49,4
3240,Daffy Duck Hot Air Balloons,1,Tuesday,19,0.0,0.0,0,44.6,29,65,4
3240,Daffy Duck Hot Air Balloons,1,Tuesday,20,0.0,0.0,0,7.1,2,28,1
3240,Daffy Duck Hot Air Balloons,1,Tuesday,21,,,,0.0,0,59,0
3240,Daffy Duck Hot Air Balloons,1,Tuesday,22,,,,0.0,0,34,0
3240,Daffy Duck Hot Air Balloons,1,Tuesday,23,,,,0.0,0,23,0
3240,Daffy Duck Hot Air Balloons,2,Wednesday,0,,,,0.0,0,10,0
3240,Daffy Duck Hot Air Balloons,2,Wednesday,1,,,,0.0,0,20,0
3240,Daffy Duck Hot Air Balloons,2,Wednesday,2,,,,0.0,0,11,0
3240,Daffy Duck Hot Air Balloons,2,Wednesday,3,,,,0.0,0,27,0
3240,Daffy Duck Hot Air Balloons,2,Wednesday,4,,,,0.0,0,10,0
3240,Daffy Duck Hot Air Balloons,2,Wednesday,9,,,,0.0,0,8,0
3240,Daffy Duck Hot Air Balloons,2,Wednesday,10,0.0,0.0,0,15.8,3,19,1
3240,Daffy Duck Hot Air Balloons,2,Wednesday,11,0.0,0.0,0,66.7,10,15,2
3240,Daffy Duck Hot Air Balloons,2,Wednesday,12,0.0,0.0,0,77.8,14,18,3
3240,Daffy Duck Hot Air Balloons,2,Wednesday,13,0.0,0.0,0,39.1,18,46,3
3240,Daffy Duck Hot Air Balloons,2,Wednesday,14,0.0,0.0,0,69.7,23,33,3
3240,Daffy Duck Hot Air Balloons,2,Wednesday,15,0.0,0.0,0,56.8,21,37,4
3240,Daffy Duck Hot Air Balloons,2,Wednesday,16,0.0,0.0,0,37.1,13,35,3
3240,Daffy Duck Hot Air Balloons,2,Wednesday,17,0.0,0.0,0,39.3,11,28,1
3240,Daffy Duck Hot Air Balloons,2,Wednesday,18,0.0,0.0,0,65.6,21,32,3
3240,Daffy Duck Hot Air Balloons,2,Wednesday,19,0.0,0.0,0,27.3,12,44,3
3240,Daffy Duck Hot Air Balloons,2,Wednesday,20,0.0,0.0,0,7.3,3,41,1
3240,Daffy Duck Hot Air Balloons,2,Wednesday,21,,,,0.0,0,35,0
3240,Daffy Duck Hot Air Balloons,2,Wednesday,22,,,,0.0,0,23,0
3240,Daffy Duck Hot Air Balloons,2,Wednesday,23,,,,0.0,0,18,0
3240,Daffy Duck Hot Air Balloons,3,Thursday,0,,,,0.0,0,22,0
3240,Daffy Duck Hot Air Balloons,3,Thursday,1,,,,0.0,0,27,0
3240,Daffy Duck Hot Air Balloons,3,Thursday,2,,,,0.0,0,11,0
3240,Daffy Duck Hot Air Balloons,3,Thursday,3,,,,0.0,0,29,0
3240,Daffy Duck Hot Air Balloons,3,Thursday,4,,,,0.0,0,4,0
3240,Daffy Duck Hot Air Balloons,3,Thursday,9,,,,0.0,0,5,0
3240,Daffy Duck Hot Air Balloons,3,Thursday,10,0.0,0.0,0,33.3,4,12,1
3240,Daffy Duck Hot Air Balloons,3,Thursday,11,0.0,0.0,0,100.0,12,12,1
3240,Daffy Duck Hot Air Balloons,3,Thursday,12,0.0,0.0,0,63.2,12,19,1
3240,Daffy Duck Hot Air Balloons,3,Thursday,13,0.0,0.0,0,28.6,12,42,1
3240,Daffy Duck Hot Air Balloons,3,Thursday,14,0.0,0.0,0,57.1,16,28,2
3240,Daffy Duck Hot Air Balloons,3,Thursday,15,0.0,0.0,0,39.1,18,46,2
3240,Daffy Duck Hot Air Balloons,3,Thursday,16,0.0,0.0,0,41.4,12,29,1
3240,Daffy Duck Hot Air Balloons,3,Thursday,17,0.0,0.0,0,42.9,15,35,2
3240,Daffy Duck Hot Air Balloons,3,Thursday,18,0.0,0.0,0,37.1,13,35,3
3240,Daffy Duck Hot Air Balloons,3,Thursday,19,0.0,0.0,0,25.4,15,59,2
3240,Daffy Duck Hot Air Balloons,3,Thursday,20,0.0,0.0,0,4.5,2,44,1
3240,Daffy Duck Hot Air Balloons,3,Thursday,21,,,,0.0,0,25,0
3240,Daffy Duck Hot Air Balloons,3,Thursday,22,,,,0.0,0,53,0
3240,Daffy Duck Hot Air Balloons,3,Thursday,23,,,,0.0,0,22,0
3240,Daffy Duck Hot Air Balloons,4,Friday,0,,,,0.0,0,19,0
3240,Daffy Duck Hot Air Balloons,4,Friday,1,,,,0.0,0,10,0
3240,Daffy Duck Hot Air Balloons,4,Friday,2,,,,0.0,0,14,0
3240,Daffy Duck Hot Air Balloons,4,Friday,3,,,,0.0,0,26,0
3240,Daffy Duck Hot Air Balloons,4,Friday,4,,,,0.0,0,25,0
3240,Daffy Duck Hot Air Balloons,4,Friday,5,,,,0.0,0,1,0
3240,Daffy Duck Hot Air Balloons,4,Friday,9,,,,0.0,0,5,0
3240,Daffy Duck Hot Air Balloons,4,Friday,10,0.0,0.0,0,25.0,3,12,1
3240,Daffy Duck Hot Air Balloons,4,Friday,11,0.0,0.0,0,100.0,12,12,1
3240,Daffy Duck Hot Air Balloons,4,Friday,12,0.0,0.0,0,73.9,17,23,2
3240,Daffy Duck Hot Air Balloons,4,Friday,13,0.0,0.0,0,45.2,19,42,2
3240,Daffy Duck Hot Air Balloons,4,Friday,14,0.0,0.0,0,30.0,9,30,1
3240,Daffy Duck Hot Air Balloons,4,Friday,15,0.0,0.0,0,55.0,22,40,2
3240,Daffy Duck Hot Air Balloons,4,Friday,16,0.0,0.0,0,47.8,11,23,2
3240,Daffy Duck Hot Air Balloons,4,Friday,17,0.0,0.0,0,44.1,15,34,2
3240,Daffy Duck Hot Air Balloons,4,Friday,18,0.0,0.0,0,46.8,22,47,3
3240,Daffy Duck Hot Air Balloons,4,Friday,19,0.0,0.0,0,62.8,27,43,3
3240,Daffy Duck Hot Air Balloons,4,Friday,20,0.0,0.0,0,23.8,10,42,2
3240,Daffy Duck Hot Air Balloons,4,Friday,21,0.0,0.0,0,54.5,12,22,1
3240,Daffy Duck Hot Air Balloons,4,Friday,22,0.0,0.0,0,5.7,3,53,1
3240,Daffy Duck Hot Air Balloons,4,Friday,23,,,,0.0,0,22,0
3240,Daffy Duck Hot Air Balloons,5,Saturday,0,,,,0.0,0,23,0
3240,Daffy Duck Hot Air Balloons,5,Saturday,1,,,,0.0,0,3,0
3240,Daffy Duck Hot Air Balloons,5,Saturday,2,,,,0.0,0,8,0
3240,Daffy Duck Hot Air Balloons,5,Saturday,3,,,,0.0,0,33,0
3240,Daffy Duck Hot Air Balloons,5,Saturday,4,,,,0.0,0,18,0
3240,Daffy Duck Hot Air Balloons,5,Saturday,5,,,,0.0,0,1,0
3240,Daffy Duck Hot Air Balloons,5,Saturday,9,,,,0.0,0,8,0
3240,Daffy Duck Hot Air Balloons,5,Saturday,10,0.0,0.0,0,33.3,4,12,1
3240,Daffy Duck Hot Air Balloons,5,Saturday,11,0.0,0.0,0,100.0,17,17,3
3240,Daffy Duck Hot Air Balloons,5,Saturday,12,0.0,0.0,0,100.0,49,49,7
3240,Daffy Duck Hot Air Balloons,5,Saturday,13,0.0,0.0,0,100.0,46,46,7
3240,Daffy Duck Hot Air Balloons,5,Saturday,14,0.0,0.0,0,91.7,33,36,4
3240,Daffy Duck Hot Air Balloons,5,Saturday,15,0.0,0.0,0,92.9,39,42,6
3240,Daffy Duck Hot Air Balloons,5,Saturday,16,0.0,0.0,0,100.0,48,48,6
3240,Daffy Duck Hot Air Balloons,5,Saturday,17,0.0,0.0,0,100.0,27,27,4
3240,Daffy Duck Hot Air Balloons,5,Saturday,18,0.0,0.0,0,79.3,46,58,6
3240,Daffy Duck Hot Air Balloons,5,Saturday,19,0.0,0.0,0,63.4,26,41,5
3240,Daffy Duck Hot Air Balloons,5,Saturday,20,0.0,0.0,0,74.4,32,43,5
3240,Daffy Duck Hot Air Balloons,5,Saturday,21,0.0,0.0,0,80.0,36,45,4
3240,Daffy Duck Hot Air Balloons,5,Saturday,22,0.0,0.0,0,23.1,6,26,2
3240,Daffy Duck Hot Air Balloons,5,Saturday,23,,,,0.0,0,12,0
3240,Daffy Duck Hot Air Balloons,6,Sunday,0,,,,0.0,0,12,0
3240,Daffy Duck Hot Air Balloons,6,Sunday,1,,,,0.0,0,22,0
3240,Daffy Duck Hot Air Balloons,6,Sunday,2,,,,0.0,0,35,0
3240,Daffy Duck Hot Air Balloons,6,Sunday,3,,,,0.0,0,7,0
3240,Daffy Duck Hot Air Balloons,6,Sunday,4,,,,0.0,0,5,0
3240,Daffy Duck Hot Air Balloons,6,Sunday,5,,,,0.0,0,7,0
3240,Daffy Duck Hot Air Balloons,6,Sunday,9,,,,0.0,0,7,0
3240,Daffy Duck Hot Air Balloons,6,Sunday,10,0.0,0.0,0,33.3,4,12,1
3240,Daffy Duck Hot Air Balloons,6,Sunday,11,0.0,0.0,0,100.0,14,14,2
3240,Daffy Duck Hot Air Balloons,6,Sunday,12,0.0,0.0,0,100.0,31,31,4
3240,Daffy Duck Hot Air Balloons,6,Sunday,13,0.0,0.0,0,83.1,49,59,6
3240,Daffy Duck Hot Air Balloons,6,Sunday,14,0.0,0.0,0,85.7,24,28,3
3240,Daffy Duck Hot Air Balloons,6,Sunday,15,0.0,0.0,0,100.0,37,37,5
3240,Daffy Duck Hot Air Balloons,6,Sunday,16,0.0,0.0,0,100.0,43,43,7
3240,Daffy Duck Hot Air Balloons,6,Sunday,17,0.0,0.0,0,86.7,26,30,5
3240,Daffy Duck Hot Air Balloons,6,Sunday,18,0.0,0.0,0,69.6,32,46,4
3240,Daffy Duck Hot Air Balloons,6,Sunday,19,0.0,0.0,0,74.5,35,47,5
3240,Daffy Duck Hot Air Balloons,6,Sunday,20,0.0,0.0,0,55.8,24,43,5
3240,Daffy Duck Hot Air Balloons,6,Sunday,21,0.0,0.0,0,52.9,18,34,4
3240,Daffy Duck Hot Air Balloons,6,Sunday,22,0.0,0.0,0,6.1,3,49,2
3240,Daffy Duck Hot Air Balloons,6,Sunday,23,,,,0.0,0,19,0
17768,Deadwood Cabin,0,Monday,3,,,,0.0,0,1,0
17768,Deadwood Cabin,0,Monday,4,,,,0.0,0,23,0
17768,Deadwood Cabin,0,Monday,5,,,,0.0,0,9,0
17768,Deadwood Cabin,0,Monday,6,,,,0.0,0,3,0
17768,Deadwood Cabin,0,Monday,14,,,,0.0,0,8,0
17768,Deadwood Cabin,0,Monday,15,,,,0.0,0,6,0
17768,Deadwood Cabin,0,Monday,16,,,,0.0,0,10,0
17768,Deadwood Cabin,0,Monday,18,,,,0.0,0,12,0
17768,Deadwood Cabin,0,Monday,20,,,,0.0,0,13,0
17768,Deadwood Cabin,0,Monday,21,,,,0.0,0,16,0
17768,Deadwood Cabin,0,Monday,22,,,,0.0,0,7,0
17768,Deadwood Cabin,1,Tuesday,1,,,,0.0,0,3,0
17768,Deadwood Cabin,1,Tuesday,2,,,,0.0,0,21,0
17768,Deadwood Cabin,1,Tuesday,4,,,,0.0,0,9,0
17768,Deadwood Cabin,1,Tuesday,5,,,,0.0,0,3,0
17768,Deadwood Cabin,1,Tuesday,13,,,,0.0,0,7,0
17768,Deadwood Cabin,1,Tuesday,14,,,,0.0,0,17,0
17768,Deadwood Cabin,1,Tuesday,15,,,,0.0,0,12,0
17768,Deadwood Cabin,1,Tuesday,16,,,,0.0,0,9,0
17768,Deadwood Cabin,1,Tuesday,17,,,,0.0,0,3,0
17768,Deadwood Cabin,1,Tuesday,18,,,,0.0,0,9,0
17768,Deadwood Cabin,1,Tuesday,19,,,,0.0,0,27,0
17768,Deadwood Cabin,1,Tuesday,21,,,,0.0,0,16,0
17768,Deadwood Cabin,1,Tuesday,22,,,,0.0,0,20,0
17768,Deadwood Cabin,2,Wednesday,2,,,,0.0,0,2,0
17768,Deadwood Cabin,2,Wednesday,3,,,,0.0,0,24,0
17768,Deadwood Cabin,2,Wednesday,4,,,,0.0,0,10,0
17768,Deadwood Cabin,2,Wednesday,13,,,,0.0,0,6,0
17768,Deadwood Cabin,2,Wednesday,14,,,,0.0,0,16,0
17768,Deadwood Cabin,2,Wednesday,15,,,,0.0,0,13,0
17768,Deadwood Cabin,2,Wednesday,16,,,,0.0,0,3,0
17768,Deadwood Cabin,2,Wednesday,17,,,,0.0,0,10,0
17768,Deadwood Cabin,2,Wednesday,18,,,,0.0,0,7,0
17768,Deadwood Cabin,2,Wednesday,19,,,,0.0,0,19,0
17768,Deadwood Cabin,2,Wednesday,20,,,,0.0,0,10,0
17768,Deadwood Cabin,2,Wednesday,21,,,,0.0,0,14,0
17768,Deadwood Cabin,2,Wednesday,22,,,,0.0,0,10,0
17768,Deadwood Cabin,2,Wednesday,23,,,,0.0,0,6,0
17768,Deadwood Cabin,3,Thursday,0,,,,0.0,0,6,0
17768,Deadwood Cabin,3,Thursday,2,,,,0.0,0,1,0
17768,Deadwood Cabin,3,Thursday,3,,,,0.0,0,19,0
17768,Deadwood Cabin,3,Thursday,4,,,,0.0,0,4,0
17768,Deadwood Cabin,3,Thursday,13,,,,0.0,0,5,0
17768,Deadwood Cabin,3,Thursday,14,,,,0.0,0,12,0
17768,Deadwood Cabin,3,Thursday,15,,,,0.0,0,19,0
17768,Deadwood Cabin,3,Thursday,16,,,,0.0,0,1,0
17768,Deadwood Cabin,3,Thursday,17,,,,0.0,0,11,0
17768,Deadwood Cabin,3,Thursday,18,,,,0.0,0,1,0
17768,Deadwood Cabin,3,Thursday,19,0.0,0.0,0,16.7,3,18,1
17768,Deadwood Cabin,3,Thursday,20,0.0,0.0,0,52.9,9,17,1
17768,Deadwood Cabin,3,Thursday,21,,,,0.0,0,1,0
17768,Deadwood Cabin,3,Thursday,22,,,,0.0,0,18,0
17768,Deadwood Cabin,3,Thursday,23,,,,0.0,0,10,0
17768,Deadwood Cabin,4,Friday,0,,,,0.0,0,7,0
17768,Deadwood Cabin,4,Friday,3,,,,0.0,0,2,0
17768,Deadwood Cabin,4,Friday,4,,,,0.0,0,21,0
17768,Deadwood Cabin,4,Friday,5,,,,0.0,0,1,0
17768,Deadwood Cabin,4,Friday,13,,,,0.0,0,5,0
17768,Deadwood Cabin,4,Friday,14,,,,0.0,0,18,0
17768,Deadwood Cabin,4,Friday,15,,,,0.0,0,1,0
17768,Deadwood Cabin,4,Friday,16,,,,0.0,0,2,0
17768,Deadwood Cabin,4,Friday,17,,,,0.0,0,10,0
17768,Deadwood Cabin,4,Friday,18,,,,0.0,0,8,0
17768,Deadwood Cabin,4,Friday,19,0.0,0.0,0,100.0,8,8,2
17768,Deadwood Cabin,4,Friday,20,0.0,0.0,0,100.0,8,8,1
17768,Deadwood Cabin,4,Friday,21,0.0,0.0,0,100.0,9,9,1
17768,Deadwood Cabin,4,Friday,22,0.0,0.0,0,100.0,9,9,2
17768,Deadwood Cabin,4,Friday,23,0.0,0.0,0,33.3,2,6,1
17768,Deadwood Cabin,5,Saturday,2,,,,0.0,0,4,0
17768,Deadwood Cabin,5,Saturday,3,,,,0.0,0,15,0
17768,Deadwood Cabin,5,Saturday,4,,,,0.0,0,16,0
17768,Deadwood Cabin,5,Saturday,5,,,,0.0,0,1,0
17768,Deadwood Cabin,5,Saturday,12,,,,0.0,0,16,0
17768,Deadwood Cabin,5,Saturday,13,,,,0.0,0,20,0
17768,Deadwood Cabin,5,Saturday,14,,,,0.0,0,4,0
17768,Deadwood Cabin,5,Saturday,15,,,,0.0,0,20,0
17768,Deadwood Cabin,5,Saturday,16,,,,0.0,0,12,0
17768,Deadwood Cabin,5,Saturday,17,,,,0.0,0,10,0
17768,Deadwood Cabin,5,Saturday,18,0.0,0.0,0,5.3,1,19,1
17768,Deadwood Cabin,5,Saturday,19,0.0,0.0,0,93.8,15,16,2
17768,Deadwood Cabin,5,Saturday,20,0.0,0.0,0,100.0,7,7,2
17768,Deadwood Cabin,5,Saturday,21,0.0,0.0,0,100.0,17,17,2
17768,Deadwood Cabin,5,Saturday,22,0.0,0.0,0,100.0,13,13,2
17768,Deadwood Cabin,5,Saturday,23,0.0,0.0,0,100.0,2,2,1
17768,Deadwood Cabin,6,Sunday,1,,,,0.0,0,1,0
17768,Deadwood Cabin,6,Sunday,2,,,,0.0,0,17,0
17768,Deadwood Cabin,6,Sunday,3,,,,0.0,0,6,0
17768,Deadwood Cabin,6,Sunday,4,,,,0.0,0,5,0
17768,Deadwood Cabin,6,Sunday,5,,,,0.0,0,7,0
17768,Deadwood Cabin,6,Sunday,12,,,,0.0,0,5,0
17768,Deadwood Cabin,6,Sunday,13,,,,0.0,0,25,0
17768,Deadwood Cabin,6,Sunday,14,,,,0.0,0,6,0
17768,Deadwood Cabin,6,Sunday,15,,,,0.0,0,10,0
17768,Deadwood Cabin,6,Sunday,16,,,,0.0,0,20,0
17768,Deadwood Cabin,6,Sunday,17,,,,0.0,0,10,0
17768,Deadwood Cabin,6,Sunday,18,,,,0.0,0,8,0
17768,Deadwood Cabin,6,Sunday,19,0.0,0.0,0,100.0,22,22,3
17768,Deadwood Cabin,6,Sunday,20,0.0,0.0,0,100.0,14,14,3
17768,Deadwood Cabin,6,Sunday,21,0.0,0.0,0,100.0,3,3,1
17768,Deadwood Cabin,6,Sunday,22,0.0,0.0,0,7.1,2,28,1
17768,Deadwood Cabin,6,Sunday,23,,,,0.0,0,5,0
3243,El Toro,0,Monday,0,,,,0.0,0,12,0
3243,El Toro,0,Monday,1,,,,0.0,0,4,0
3243,El Toro,0,Monday,2,,,,0.0,0,17,0
3243,El Toro,0,Monday,3,,,,0.0,0,9,0
3243,El Toro,0,Monday,4,,,,0.0,0,34,0
3243,El Toro,0,Monday,5,,,,0.0,0,9,0
3243,El Toro,0,Monday,6,,,,0.0,0,3,0
3243,El Toro,0,Monday,9,,,,0.0,0,4,0
3243,El Toro,0,Monday,10,,,,0.0,0,12,0
3243,El Toro,0,Monday,11,0.0,0.0,0,75.0,9,12,1
3243,El Toro,0,Monday,12,22.5,45.0,45,100.0,12,12,1
3243,El Toro,0,Monday,13,32.7,45.0,60,100.0,13,13,2
3243,El Toro,0,Monday,14,47.6,60.0,60,57.5,23,40,2
3243,El Toro,0,Monday,15,45.0,45.0,45,30.0,9,30,1
3243,El Toro,0,Monday,16,45.0,45.0,45,48.0,12,25,1
3243,El Toro,0,Monday,17,49.5,60.0,60,87.0,20,23,2
3243,El Toro,0,Monday,18,57.9,60.0,60,37.8,14,37,2
3243,El Toro,0,Monday,19,42.4,60.0,60,65.4,17,26,2
3243,El Toro,0,Monday,20,16.0,20.0,20,10.9,5,46,2
3243,El Toro,0,Monday,21,,,,0.0,0,27,0
3243,El Toro,0,Monday,22,,,,0.0,0,41,0
3243,El Toro,0,Monday,23,,,,0.0,0,19,0
3243,El Toro,1,Tuesday,0,,,,0.0,0,12,0
3243,El Toro,1,Tuesday,1,,,,0.0,0,17,0
3243,El Toro,1,Tuesday,2,,,,0.0,0,23,0
3243,El Toro,1,Tuesday,3,,,,0.0,0,20,0
3243,El Toro,1,Tuesday,4,,,,0.0,0,12,0
3243,El Toro,1,Tuesday,5,,,,0.0,0,3,0
3243,El Toro,1,Tuesday,9,,,,0.0,0,8,0
3243,El Toro,1,Tuesday,10,0.0,0.0,0,33.3,6,18,2
3243,El Toro,1,Tuesday,11,0.0,0.0,0,100.0,19,19,2
3243,El Toro,1,Tuesday,12,0.0,0.0,0,90.5,19,21,2
3243,El Toro,1,Tuesday,13,7.0,30.0,30,50.0,28,56,3
3243,El Toro,1,Tuesday,14,13.3,30.0,35,57.5,23,40,4
3243,El Toro,1,Tuesday,15,30.8,60.0,60,50.0,19,38,3
3243,El Toro,1,Tuesday,16,21.1,45.0,60,48.2,27,56,3
3243,El Toro,1,Tuesday,17,37.0,45.0,45,76.9,20,26,2
3243,El Toro,1,Tuesday,18,19.8,45.0,45,51.0,25,49,4
3243,El Toro,1,Tuesday,19,15.0,25.0,25,23.1,15,65,3
3243,El Toro,1,Tuesday,20,,,,0.0,0,28,0
3243,El Toro,1,Tuesday,21,,,,0.0,0,59,0
3243,El Toro,1,Tuesday,22,,,,0.0,0,34,0
3243,El Toro,1,Tuesday,23,,,,0.0,0,23,0
3243,El Toro,2,Wednesday,0,,,,0.0,0,10,0
3243,El Toro,2,Wednesday,1,,,,0.0,0,20,0
3243,El Toro,2,Wednesday,2,,,,0.0,0,11,0
3243,El Toro,2,Wednesday,3,,,,0.0,0,27,0
3243,El Toro,2,Wednesday,4,,,,0.0,0,10,0
3243,El Toro,2,Wednesday,9,,,,0.0,0,8,0
3243,El Toro,2,Wednesday,10,0.0,0.0,0,15.8,3,19,1
3243,El Toro,2,Wednesday,11,0.0,0.0,0,40.0,6,15,1
3243,El Toro,2,Wednesday,12,0.0,0.0,0,66.7,12,18,2
3243,El Toro,2,Wednesday,13,0.0,0.0,0,26.1,12,46,2
3243,El Toro,2,Wednesday,14,21.5,45.0,45,60.6,20,33,2
3243,El Toro,2,Wednesday,15,5.6,30.0,30,24.3,9,37,3
3243,El Toro,2,Wednesday,16,13.6,30.0,30,40.0,14,35,2
3243,El Toro,2,Wednesday,17,37.5,45.0,45,14.3,4,28,1
3243,El Toro,2,Wednesday,18,3.9,10.0,10,56.2,18,32,2
3243,El Toro,2,Wednesday,19,22.0,45.0,45,11.4,5,44,3
3243,El Toro,2,Wednesday,20,45.0,45.0,45,7.3,3,41,1
3243,El Toro,2,Wednesday,21,,,,0.0,0,35,0
3243,El Toro,2,Wednesday,22,,,,0.0,0,23,0
3243,El Toro,2,Wednesday,23,,,,0.0,0,18,0
3243,El Toro,3,Thursday,0,,,,0.0,0,22,0
3243,El Toro,3,Thursday,1,,,,0.0,0,27,0
3243,El Toro,3,Thursday,2,,,,0.0,0,11,0
3243,El Toro,3,Thursday,3,,,,0.0,0,29,0
3243,El Toro,3,Thursday,4,,,,0.0,0,4,0
3243,El Toro,3,Thursday,9,,,,0.0,0,5,0
3243,El Toro,3,Thursday,10,0.0,0.0,0,33.3,4,12,1
3243,El Toro,3,Thursday,11,0.0,0.0,0,100.0,12,12,1
3243,El Toro,3,Thursday,12,0.0,0.0,0,31.6,6,19,2
3243,El Toro,3,Thursday,13,0.0,0.0,0,40.5,17,42,2
3243,El Toro,3,Thursday,14,3.2,15.0,15,60.7,17,28,2
3243,El Toro,3,Thursday,15,5.4,15.0,15,30.4,14,46,3
3243,El Toro,3,Thursday,16,,,,0.0,0,29,0
3243,El Toro,3,Thursday,17,3.8,5.0,5,34.3,12,35,2
3243,El Toro,3,Thursday,18,1.2,5.0,5,34.3,12,35,2
3243,El Toro,3,Thursday,19,0.0,0.0,0,11.9,7,59,2
3243,El Toro,3,Thursday,20,0.0,0.0,0,25.0,11,44,2
3243,El Toro,3,Thursday,21,,,,0.0,0,25,0
3243,El Toro,3,Thursday,22,,,,0.0,0,53,0
3243,El Toro,3,Thursday,23,,,,0.0,0,22,0
3243,El Toro,4,Friday,0,,,,0.0,0,19,0
3243,El Toro,4,Friday,1,,,,0.0,0,10,0
3243,El Toro,4,Friday,2,,,,0.0,0,14,0
3243,El Toro,4,Friday,3,,,,0.0,0,26,0
3243,El Toro,4,Friday,4,,,,0.0,0,25,0
3243,El Toro,4,Friday,5,,,,0.0,0,1,0
3243,El Toro,4,Friday,9,,,,0.0,0,5,0
3243,El Toro,4,Friday,10,,,,0.0,0,12,0
3243,El Toro,4,Friday,11,0.0,0.0,0,33.3,4,12,1
3243,El Toro,4,Friday,12,0.0,0.0,0,8.7,2,23,2
3243,El Toro,4,Friday,13,0.0,0.0,0,45.2,19,42,2
3243,El Toro,4,Friday,14,8.3,25.0,25,30.0,9,30,1
3243,El Toro,4,Friday,15,19.0,45.0,60,50.0,20,40,2
3243,El Toro,4,Friday,16,0.0,0.0,0,8.7,2,23,1
3243,El Toro,4,Friday,17,30.0,60.0,60,32.4,11,34,2
3243,El Toro,4,Friday,18,12.5,30.0,40,46.8,22,47,4
3243,El Toro,4,Friday,19,15.0,30.0,40,55.8,24,43,5
3243,El Toro,4,Friday,20,16.5,40.0,40,40.5,17,42,3
3243,El Toro,4,Friday,21,30.5,40.0,40,95.5,21,22,2
3243,El Toro,4,Friday,22,16.0,30.0,30,18.9,10,53,3
3243,El Toro,4,Friday,23,5.0,5.0,5,9.1,2,22,1
3243,El Toro,5,Saturday,0,,,,0.0,0,23,0
3243,El Toro,5,Saturday,1,,,,0.0,0,3,0
3243,El Toro,5,Saturday,2,,,,0.0,0,8,0
3243,El Toro,5,Saturday,3,,,,0.0,0,33,0
3243,El Toro,5,Saturday,4,,,,0.0,0,18,0
3243,El Toro,5,Saturday,5,,,,0.0,0,1,0
3243,El Toro,5,Saturday,9,,,,0.0,0,8,0
3243,El Toro,5,Saturday,10,0.0,0.0,0,33.3,4,12,1
3243,El Toro,5,Saturday,11,4.2,5.0,5,76.5,13,17,2
3243,El Toro,5,Saturday,12,5.4,5.0,20,73.5,36,49,5
3243,El Toro,5,Saturday,13,13.7,25.0,60,82.6,38,46,7
3243,El Toro,5,Saturday,14,25.4,50.0,60,69.4,25,36,4
3243,El Toro,5,Saturday,15,43.1,75.0,120,100.0,42,42,6
3243,El Toro,5,Saturday,16,49.9,75.0,120,83.3,40,48,6
3243,El Toro,5,Saturday,17,62.8,90.0,90,59.3,16,27,4
3243,El Toro,5,Saturday,18,42.9,90.0,90,87.9,51,58,6
3243,El Toro,5,Saturday,19,54.9,90.0,90,85.4,35,41,6
3243,El Toro,5,Saturday,20,50.1,75.0,90,81.4,35,43,6
3243,El Toro,5,Saturday,21,18.2,30.0,45,75.6,34,45,5
3243,El Toro,5,Saturday,22,59.6,75.0,75,53.8,14,26,3
3243,El Toro,5,Saturday,23,75.0,75.0,75,16.7,2,12,1
3243,El Toro,6,Sunday,0,,,,0.0,0,12,0
3243,El Toro,6,Sunday,1,,,,0.0,0,22,0
3243,El Toro,6,Sunday,2,,,,0.0,0,35,0
3243,El Toro,6,Sunday,3,,,,0.0,0,7,0
3243,El Toro,6,Sunday,4,,,,0.0,0,5,0
3243,El Toro,6,Sunday,5,,,,0.0,0,7,0
3243,El Toro,6,Sunday,9,,,,0.0,0,7,0
3243,El Toro,6,Sunday,10,0.0,0.0,0,33.3,4,12,1
3243,El Toro,6,Sunday,11,5.0,5.0,5,14.3,2,14,1
3243,El Toro,6,Sunday,12,4.5,5.0,45,93.5,29,31,4
3243,El Toro,6,Sunday,13,6.1,35.0,45,64.4,38,59,6
3243,El Toro,6,Sunday,14,36.4,45.0,45,78.6,22,28,3
3243,El Toro,6,Sunday,15,24.9,60.0,90,100.0,37,37,5
3243,El Toro,6,Sunday,16,26.1,60.0,90,97.7,42,43,7
3243,El Toro,6,Sunday,17,36.0,90.0,90,83.3,25,30,6
3243,El Toro,6,Sunday,18,45.0,90.0,90,87.0,40,46,5
3243,El Toro,6,Sunday,19,27.3,60.0,90,95.7,45,47,7
3243,El Toro,6,Sunday,20,19.8,60.0,60,53.5,23,43,7
3243,El Toro,6,Sunday,21,19.7,25.0,25,47.1,16,34,3
3243,El Toro,6,Sunday,22,8.3,25.0,25,6.1,3,49,2
3243,El Toro,6,Sunday,23,,,,0.0,0,19,0
3244,Enchanted Teacups,0,Monday,0,,,,0.0,0,12,0
3244,Enchanted Teacups,0,Monday,1,,,,0.0,0,4,0
3244,Enchanted Teacups,0,Monday,2,,,,0.0,0,17,0
3244,Enchanted Teacups,0,Monday,3,,,,0.0,0,9,0
3244,Enchanted Teacups,0,Monday,4,,,,0.0,0,34,0
3244,Enchanted Teacups,0,Monday,5,,,,0.0,0,9,0
3244,Enchanted Teacups,0,Monday,6,,,,0.0,0,3,0
3244,Enchanted Teacups,0,Monday,9,,,,0.0,0,4,0
3244,Enchanted Teacups,0,Monday,10,0.0,0.0,0,33.3,4,12,1
3244,Enchanted Teacups,0,Monday,11,0.0,0.0,0,100.0,12,12,1
3244,Enchanted Teacups,0,Monday,12,0.0,0.0,0,100.0,12,12,1
3244,Enchanted Teacups,0,Monday,13,0.0,0.0,0,100.0,13,13,2
3244,Enchanted Teacups,0,Monday,14,0.0,0.0,0,57.5,23,40,2
3244,Enchanted Teacups,0,Monday,15,0.0,0.0,0,70.0,21,30,2
3244,Enchanted Teacups,0,Monday,16,0.0,0.0,0,60.0,15,25,2
3244,Enchanted Teacups,0,Monday,17,0.0,0.0,0,95.7,22,23,2
3244,Enchanted Teacups,0,Monday,18,0.0,0.0,0,37.8,14,37,2
3244,Enchanted Teacups,0,Monday,19,0.0,0.0,0,100.0,26,26,3
3244,Enchanted Teacups,0,Monday,20,0.0,0.0,0,15.2,7,46,3
3244,Enchanted Teacups,0,Monday,21,,,,0.0,0,27,0
3244,Enchanted Teacups,0,Monday,22,,,,0.0,0,41,0
3244,Enchanted Teacups,0,Monday,23,,,,0.0,0,19,0
3244,Enchanted Teacups,1,Tuesday,0,,,,0.0,0,12,0
3244,Enchanted Teacups,1,Tuesday,1,,,,0.0,0,17,0
3244,Enchanted Teacups,1,Tuesday,2,,,,0.0,0,23,0
3244,Enchanted Teacups,1,Tuesday,3,,,,0.0,0,20,0
3244,Enchanted Teacups,1,Tuesday,4,,,,0.0,0,12,0
3244,Enchanted Teacups,1,Tuesday,5,,,,0.0,0,3,0
3244,Enchanted Teacups,1,Tuesday,9,,,,0.0,0,8,0
3244,Enchanted Teacups,1,Tuesday,10,0.0,0.0,0,33.3,6,18,2
3244,Enchanted Teacups,1,Tuesday,11,0.0,0.0,0,100.0,19,19,2
3244,Enchanted Teacups,1,Tuesday,12,0.0,0.0,0,90.5,19,21,2
3244,Enchanted Teacups,1,Tuesday,13,0.0,0.0,0,55.4,31,56,3
3244,Enchanted Teacups,1,Tuesday,14,0.0,0.0,0,67.5,27,40,4
3244,Enchanted Teacups,1,Tuesday,15,0.0,0.0,0,65.8,25,38,4
3244,Enchanted Teacups,1,Tuesday,16,0.0,0.0,0,55.4,31,56,3
3244,Enchanted Teacups,1,Tuesday,17,0.0,0.0,0,76.9,20,26,2
3244,Enchanted Teacups,1,Tuesday,18,0.0,0.0,0,71.4,35,49,4
3244,Enchanted Teacups,1,Tuesday,19,0.0,0.0,0,44.6,29,65,4
3244,Enchanted Teacups,1,Tuesday,20,0.0,0.0,0,7.1,2,28,1
3244,Enchanted Teacups,1,Tuesday,21,,,,0.0,0,59,0
3244,Enchanted Teacups,1,Tuesday,22,,,,0.0,0,34,0
3244,Enchanted Teacups,1,Tuesday,23,,,,0.0,0,23,0
3244,Enchanted Teacups,2,Wednesday,0,,,,0.0,0,10,0
3244,Enchanted Teacups,2,Wednesday,1,,,,0.0,0,20,0
3244,Enchanted Teacups,2,Wednesday,2,,,,0.0,0,11,0
3244,Enchanted Teacups,2,Wednesday,3,,,,0.0,0,27,0
3244,Enchanted Teacups,2,Wednesday,4,,,,0.0,0,10,0
3244,Enchanted Teacups,2,Wednesday,9,,,,0.0,0,8,0
3244,Enchanted Teacups,2,Wednesday,10,0.0,0.0,0,15.8,3,19,1
3244,Enchanted Teacups,2,Wednesday,11,0.0,0.0,0,100.0,15,15,2
3244,Enchanted Teacups,2,Wednesday,12,0.0,0.0,0,94.4,17,18,3
3244,Enchanted Teacups,2,Wednesday,13,0.0,0.0,0,45.7,21,46,3
3244,Enchanted Teacups,2,Wednesday,14,0.0,0.0,0,69.7,23,33,3
3244,Enchanted Teacups,2,Wednesday,15,0.0,0.0,0,56.8,21,37,4
3244,Enchanted Teacups,2,Wednesday,16,0.0,0.0,0,45.7,16,35,3
3244,Enchanted Teacups,2,Wednesday,17,0.0,0.0,0,53.6,15,28,2
3244,Enchanted Teacups,2,Wednesday,18,0.0,0.0,0,65.6,21,32,3
3244,Enchanted Teacups,2,Wednesday,19,0.0,0.0,0,31.8,14,44,4
3244,Enchanted Teacups,2,Wednesday,20,0.0,0.0,0,7.3,3,41,1
3244,Enchanted Teacups,2,Wednesday,21,,,,0.0,0,35,0
3244,Enchanted Teacups,2,Wednesday,22,,,,0.0,0,23,0
3244,Enchanted Teacups,2,Wednesday,23,,,,0.0,0,18,0
3244,Enchanted Teacups,3,Thursday,0,,,,0.0,0,22,0
3244,Enchanted Teacups,3,Thursday,1,,,,0.0,0,27,0
3244,Enchanted Teacups,3,Thursday,2,,,,0.0,0,11,0
3244,Enchanted Teacups,3,Thursday,3,,,,0.0,0,29,0
3244,Enchanted Teacups,3,Thursday,4,,,,0.0,0,4,0
3244,Enchanted Teacups,3,Thursday,9,,,,0.0,0,5,0
3244,Enchanted Teacups,3,Thursday,10,0.0,0.0,0,33.3,4,12,1
3244,Enchanted Teacups,3,Thursday,11,0.0,0.0,0,100.0,12,12,1
3244,Enchanted Teacups,3,Thursday,12,0.0,0.0,0,78.9,15,19,2
3244,Enchanted Teacups,3,Thursday,13,0.0,0.0,0,50.0,21,42,2
3244,Enchanted Teacups,3,Thursday,14,0.0,0.0,0,60.7,17,28,2
3244,Enchanted Teacups,3,Thursday,15,0.0,0.0,0,56.5,26,46,3
3244,Enchanted Teacups,3,Thursday,16,0.0,0.0,0,58.6,17,29,2
3244,Enchanted Teacups,3,Thursday,17,0.0,0.0,0,42.9,15,35,2
3244,Enchanted Teacups,3,Thursday,18,0.0,0.0,0,37.1,13,35,3
3244,Enchanted Teacups,3,Thursday,19,0.0,0.0,0,30.5,18,59,3
3244,Enchanted Teacups,3,Thursday,20,0.0,0.0,0,25.0,11,44,2
3244,Enchanted Teacups,3,Thursday,21,,,,0.0,0,25,0
3244,Enchanted Teacups,3,Thursday,22,,,,0.0,0,53,0
3244,Enchanted Teacups,3,Thursday,23,,,,0.0,0,22,0
3244,Enchanted Teacups,4,Friday,0,,,,0.0,0,19,0
3244,Enchanted Teacups,4,Friday,1,,,,0.0,0,10,0
3244,Enchanted Teacups,4,Friday,2,,,,0.0,0,14,0
3244,Enchanted Teacups,4,Friday,3,,,,0.0,0,26,0
3244,Enchanted Teacups,4,Friday,4,,,,0.0,0,25,0
3244,Enchanted Teacups,4,Friday,5,,,,0.0,0,1,0
3244,Enchanted Teacups,4,Friday,9,,,,0.0,0,5,0
3244,Enchanted Teacups,4,Friday,10,0.0,0.0,0,25.0,3,12,1
3244,Enchanted Teacups,4,Friday,11,0.0,0.0,0,100.0,12,12,1
3244,Enchanted Teacups,4,Friday,12,0.0,0.0,0,73.9,17,23,2
3244,Enchanted Teacups,4,Friday,13,0.0,0.0,0,45.2,19,42,2
3244,Enchanted Teacups,4,Friday,14,0.0,0.0,0,40.0,12,30,1
3244,Enchanted Teacups,4,Friday,15,0.0,0.0,0,55.0,22,40,2
3244,Enchanted Teacups,4,Friday,16,0.0,0.0,0,60.9,14,23,2
3244,Enchanted Teacups,4,Friday,17,0.0,0.0,0,50.0,17,34,2
3244,Enchanted Teacups,4,Friday,18,0.0,0.0,0,76.6,36,47,5
3244,Enchanted Teacups,4,Friday,19,0.0,0.0,0,90.7,39,43,6
3244,Enchanted Teacups,4,Friday,20,0.0,0.0,0,71.4,30,42,4
3244,Enchanted Teacups,4,Friday,21,0.0,0.0,0,95.5,21,22,2
3244,Enchanted Teacups,4,Friday,22,0.0,0.0,0,41.5,22,53,4
3244,Enchanted Teacups,4,Friday,23,0.0,0.0,0,18.2,4,22,2
3244,Enchanted Teacups,5,Saturday,0,,,,0.0,0,23,0
3244,Enchanted Teacups,5,Saturday,1,,,,0.0,0,3,0
3244,Enchanted Teacups,5,Saturday,2,,,,0.0,0,8,0
3244,Enchanted Teacups,5,Saturday,3,,,,0.0,0,33,0
3244,Enchanted Teacups,5,Saturday,4,,,,0.0,0,18,0
3244,Enchanted Teacups,5,Saturday,5,,,,0.0,0,1,0
3244,Enchanted Teacups,5,Saturday,9,,,,0.0,0,8,0
3244,Enchanted Teacups,5,Saturday,10,0.0,0.0,0,33.3,4,12,1
3244,Enchanted Teacups,5,Saturday,11,0.0,0.0,0,100.0,17,17,3
3244,Enchanted Teacups,5,Saturday,12,0.0,0.0,0,100.0,49,49,7
3244,Enchanted Teacups,5,Saturday,13,0.0,0.0,0,100.0,46,46,7
3244,Enchanted Teacups,5,Saturday,14,0.0,0.0,0,88.9,32,36,4
3244,Enchanted Teacups,5,Saturday,15,0.0,0.0,0,85.7,36,42,6
3244,Enchanted Teacups,5,Saturday,16,0.0,0.0,0,100.0,48,48,6
3244,Enchanted Teacups,5,Saturday,17,0.0,0.0,0,100.0,27,27,4
3244,Enchanted Teacups,5,Saturday,18,0.0,0.0,0,100.0,58,58,7
3244,Enchanted Teacups,5,Saturday,19,0.0,0.0,0,100.0,41,41,7
3244,Enchanted Teacups,5,Saturday,20,0.0,0.0,0,81.4,35,43,6
3244,Enchanted Teacups,5,Saturday,21,0.0,0.0,0,100.0,45,45,5
3244,Enchanted Teacups,5,Saturday,22,0.0,0.0,0,73.1,19,26,4
3244,Enchanted Teacups,5,Saturday,23,0.0,0.0,0,16.7,2,12,1
3244,Enchanted Teacups,6,Sunday,0,,,,0.0,0,12,0
3244,Enchanted Teacups,6,Sunday,1,,,,0.0,0,22,0
3244,Enchanted Teacups,6,Sunday,2,,,,0.0,0,35,0
3244,Enchanted Teacups,6,Sunday,3,,,,0.0,0,7,0
3244,Enchanted Teacups,6,Sunday,4,,,,0.0,0,5,0
3244,Enchanted Teacups,6,Sunday,5,,,,0.0,0,7,0
3244,Enchanted Teacups,6,Sunday,9,,,,0.0,0,7,0
3244,Enchanted Teacups,6,Sunday,10,0.0,0.0,0,33.3,4,12,1
3244,Enchanted Teacups,6,Sunday,11,0.0,0.0,0,100.0,14,14,2
3244,Enchanted Teacups,6,Sunday,12,0.0,0.0,0,100.0,31,31,4
3244,Enchanted Teacups,6,Sunday,13,0.0,0.0,0,86.4,51,59,6
3244,Enchanted Teacups,6,Sunday,14,0.0,0.0,0,85.7,24,28,3
3244,Enchanted Teacups,6,Sunday,15,0.0,0.0,0,100.0,37,37,5
3244,Enchanted Teacups,6,Sunday,16,0.0,0.0,0,100.0,43,43,7
3244,Enchanted Teacups,6,Sunday,17,0.0,0.0,0,100.0,30,30,6
3244,Enchanted Teacups,6,Sunday,18,0.0,0.0,0,100.0,46,46,5
3244,Enchanted Teacups,6,Sunday,19,0.0,0.0,0,100.0,47,47,7
3244,Enchanted Teacups,6,Sunday,20,0.0,0.0,0,83.7,36,43,7
3244,Enchanted Teacups,6,Sunday,21,0.0,0.0,0,52.9,18,34,4
3244,Enchanted Teacups,6,Sunday,22,0.0,0.0,0,6.1,3,49,2
3244,Enchanted Teacups,6,Sunday,23,,,,0.0,0,19,0
17769,Exile Canyon,0,Monday,3,,,,0.0,0,1,0
17769,Exile Canyon,0,Monday,4,,,,0.0,0,23,0
17769,Exile Canyon,0,Monday,5,,,,0.0,0,9,0
17769,Exile Canyon,0,Monday,6,,,,0.0,0,3,0
17769,Exile Canyon,0,Monday,14,,,,0.0,0,8,0
17769,Exile Canyon,0,Monday,15,,,,0.0,0,6,0
17769,Exile Canyon,0,Monday,16,,,,0.0,0,10,0
17769,Exile Canyon,0,Monday,18,,,,0.0,0,12,0
17769,Exile Canyon,0,Monday,20,,,,0.0,0,13,0
17769,Exile Canyon,0,Monday,21,,,,0.0,0,16,0
17769,Exile Canyon,0,Monday,22,,,,0.0,0,7,0
17769,Exile Canyon,1,Tuesday,1,,,,0.0,0,3,0
17769,Exile Canyon,1,Tuesday,2,,,,0.0,0,21,0
17769,Exile Canyon,1,Tuesday,4,,,,0.0,0,9,0
17769,Exile Canyon,1,Tuesday,5,,,,0.0,0,3,0
17769,Exile Canyon,1,Tuesday,13,,,,0.0,0,7,0
17769,Exile Canyon,1,Tuesday,14,,,,0.0,0,17,0
17769,Exile Canyon,1,Tuesday,15,,,,0.0,0,12,0
17769,Exile Canyon,1,Tuesday,16,,,,0.0,0,9,0
17769,Exile Canyon,1,Tuesday,17,,,,0.0,0,3,0
17769,Exile Canyon,1,Tuesday,18,,,,0.0,0,9,0
17769,Exile Canyon,1,Tuesday,19,,,,0.0,0,27,0
17769,Exile Canyon,1,Tuesday,21,,,,0.0,0,16,0
17769,Exile Canyon,1,Tuesday,22,,,,0.0,0,20,0
17769,Exile Canyon,2,Wednesday,2,,,,0.0,0,2,0
17769,Exile Canyon,2,Wednesday,3,,,,0.0,0,24,0
17769,Exile Canyon,2,Wednesday,4,,,,0.0,0,10,0
17769,Exile Canyon,2,Wednesday,13,,,,0.0,0,6,0
17769,Exile Canyon,2,Wednesday,14,,,,0.0,0,16,0
17769,Exile Canyon,2,Wednesday,15,,,,0.0,0,13,0
17769,Exile Canyon,2,Wednesday,16,,,,0.0,0,3,0
17769,Exile Canyon,2,Wednesday,17,,,,0.0,0,10,0
17769,Exile Canyon,2,Wednesday,18,,,,0.0,0,7,0
17769,Exile Canyon,2,Wednesday,19,,,,0.0,0,19,0
17769,Exile Canyon,2,Wednesday,20,,,,0.0,0,10,0
17769,Exile Canyon,2,Wednesday,21,,,,0.0,0,14,0
17769,Exile Canyon,2,Wednesday,22,,,,0.0,0,10,0
17769,Exile Canyon,2,Wednesday,23,,,,0.0,0,6,0
17769,Exile Canyon,3,Thursday,0,,,,0.0,0,6,0
17769,Exile Canyon,3,Thursday,2,,,,0.0,0,1,0
17769,Exile Canyon,3,Thursday,3,,,,0.0,0,19,0
17769,Exile Canyon,3,Thursday,4,,,,0.0,0,4,0
17769,Exile Canyon,3,Thursday,13,,,,0.0,0,5,0
17769,Exile Canyon,3,Thursday,14,,,,0.0,0,12,0
17769,Exile Canyon,3,Thursday,15,,,,0.0,0,19,0
17769,Exile Canyon,3,Thursday,16,,,,0.0,0,1,0
17769,Exile Canyon,3,Thursday,17,,,,0.0,0,11,0
17769,Exile Canyon,3,Thursday,18,,,,0.0,0,1,0
17769,Exile Canyon,3,Thursday,19,0.0,0.0,0,16.7,3,18,1
17769,Exile Canyon,3,Thursday,20,0.0,0.0,0,52.9,9,17,1
17769,Exile Canyon,3,Thursday,21,,,,0.0,0,1,0
17769,Exile Canyon,3,Thursday,22,,,,0.0,0,18,0
17769,Exile Canyon,3,Thursday,23,,,,0.0,0,10,0
17769,Exile Canyon,4,Friday,0,,,,0.0,0,7,0
17769,Exile Canyon,4,Friday,3,,,,0.0,0,2,0
17769,Exile Canyon,4,Friday,4,,,,0.0,0,21,0
17769,Exile Canyon,4,Friday,5,,,,0.0,0,1,0
17769,Exile Canyon,4,Friday,13,,,,0.0,0,5,0
17769,Exile Canyon,4,Friday,14,,,,0.0,0,18,0
17769,Exile Canyon,4,Friday,15,,,,0.0,0,1,0
17769,Exile Canyon,4,Friday,16,,,,0.0,0,2,0
17769,Exile Canyon,4,Friday,17,,,,0.0,0,10,0
17769,Exile Canyon,4,Friday,18,,,,0.0,0,8,0
17769,Exile Canyon,4,Friday,19,0.0,0.0,0,100.0,8,8,2
17769,Exile Canyon,4,Friday,20,0.0,0.0,0,100.0,8,8,1
17769,Exile Canyon,4,Friday,21,0.0,0.0,0,100.0,9,9,1
17769,Exile Canyon,4,Friday,22,0.0,0.0,0,100.0,9,9,2
17769,Exile Canyon,4,Friday,23,0.0,0.0,0,33.3,2,6,1
17769,Exile Canyon,5,Saturday,2,,,,0.0,0,4,0
17769,Exile Canyon,5,Saturday,3,,,,0.0,0,15,0
17769,Exile Canyon,5,Saturday,4,,,,0.0,0,16,0
17769,Exile Canyon,5,Saturday,5,,,,0.0,0,1,0
17769,Exile Canyon,5,Saturday,12,,,,0.0,0,16,0
17769,Exile Canyon,5,Saturday,13,,,,0.0,0,20,0
17769,Exile Canyon,5,Saturday,14,,,,0.0,0,4,0
17769,Exile Canyon,5,Saturday,15,,,,0.0,0,20,0
17769,Exile Canyon,5,Saturday,16,,,,0.0,0,12,0
17769,Exile Canyon,5,Saturday,17,,,,0.0,0,10,0
17769,Exile Canyon,5,Saturday,18,0.0,0.0,0,5.3,1,19,1
17769,Exile Canyon,5,Saturday,19,0.0,0.0,0,93.8,15,16,2
17769,Exile Canyon,5,Saturday,20,0.0,0.0,0,100.0,7,7,2
17769,Exile Canyon,5,Saturday,21,0.0,0.0,0,100.0,17,17,2
17769,Exile Canyon,5,Saturday,22,0.0,0.0,0,100.0,13,13,2
17769,Exile Canyon,5,Saturday,23,0.0,0.0,0,100.0,2,2,1
17769,Exile Canyon,6,Sunday,1,,,,0.0,0,1,0
17769,Exile Canyon,6,Sunday,2,,,,0.0,0,17,0
17769,Exile Canyon,6,Sunday,3,,,,0.0,0,6,0
17769,Exile Canyon,6,Sunday,4,,,,0.0,0,5,0
17769,Exile Canyon,6,Sunday,5,,,,0.0,0,7,0
17769,Exile Canyon,6,Sunday,12,,,,0.0,0,5,0
17769,Exile Canyon,6,Sunday,13,,,,0.0,0,25,0
17769,Exile Canyon,6,Sunday,14,,,,0.0,0,6,0
17769,Exile Canyon,6,Sunday,15,,,,0.0,0,10,0
17769,Exile Canyon,6,Sunday,16,,,,0.0,0,20,0
17769,Exile Canyon,6,Sunday,17,,,,0.0,0,10,0
17769,Exile Canyon,6,Sunday,18,,,,0.0,0,8,0
17769,Exile Canyon,6,Sunday,19,0.0,0.0,0,100.0,22,22,3
17769,Exile Canyon,6,Sunday,20,0.0,0.0,0,100.0,14,14,3
17769,Exile Canyon,6,Sunday,21,0.0,0.0,0,100.0,3,3,1
17769,Exile Canyon,6,Sunday,22,0.0,0.0,0,7.1,2,28,1
17769,Exile Canyon,6,Sunday,23,,,,0.0,0,5,0
3245,Fender Benders,0,Monday,0,,,,0.0,0,12,0
3245,Fender Benders,0,Monday,1,,,,0.0,0,4,0
3245,Fender Benders,0,Monday,2,,,,0.0,0,17,0
3245,Fender Benders,0,Monday,3,,,,0.0,0,9,0
3245,Fender Benders,0,Monday,4,,,,0.0,0,34,0
3245,Fender Benders,0,Monday,5,,,,0.0,0,9,0
3245,Fender Benders,0,Monday,6,,,,0.0,0,3,0
3245,Fender Benders,0,Monday,9,,,,0.0,0,4,0
3245,Fender Benders,0,Monday,10,0.0,0.0,0,33.3,4,12,1
3245,Fender Benders,0,Monday,11,0.0,0.0,0,100.0,12,12,1
3245,Fender Benders,0,Monday,12,0.0,0.0,0,100.0,12,12,1
3245,Fender Benders,0,Monday,13,0.0,0.0,0,100.0,13,13,2
3245,Fender Benders,0,Monday,14,0.0,0.0,0,57.5,23,40,2
3245,Fender Benders,0,Monday,15,0.0,0.0,0,70.0,21,30,2
3245,Fender Benders,0,Monday,16,0.0,0.0,0,60.0,15,25,2
3245,Fender Benders,0,Monday,17,0.0,0.0,0,95.7,22,23,2
3245,Fender Benders,0,Monday,18,0.0,0.0,0,37.8,14,37,2
3245,Fender Benders,0,Monday,19,0.0,0.0,0,100.0,26,26,3
3245,Fender Benders,0,Monday,20,0.0,0.0,0,15.2,7,46,3
3245,Fender Benders,0,Monday,21,,,,0.0,0,27,0
3245,Fender Benders,0,Monday,22,,,,0.0,0,41,0
3245,Fender Benders,0,Monday,23,,,,0.0,0,19,0
3245,Fender Benders,1,Tuesday,0,,,,0.0,0,12,0
3245,Fender Benders,1,Tuesday,1,,,,0.0,0,17,0
3245,Fender Benders,1,Tuesday,2,,,,0.0,0,23,0
3245,Fender Benders,1,Tuesday,3,,,,0.0,0,20,0
3245,Fender Benders,1,Tuesday,4,,,,0.0,0,12,0
3245,Fender Benders,1,Tuesday,5,,,,0.0,0,3,0
3245,Fender Benders,1,Tuesday,9,,,,0.0,0,8,0
3245,Fender Benders,1,Tuesday,10,0.0,0.0,0,33.3,6,18,2
3245,Fender Benders,1,Tuesday,11,0.0,0.0,0,100.0,19,19,2
3245,Fender Benders,1,Tuesday,12,0.0,0.0,0,90.5,19,21,2
3245,Fender Benders,1,Tuesday,13,0.0,0.0,0,55.4,31,56,3
3245,Fender Benders,1,Tuesday,14,0.0,0.0,0,67.5,27,40,4
3245,Fender Benders,1,Tuesday,15,0.0,0.0,0,65.8,25,38,4
3245,Fender Benders,1,Tuesday,16,0.0,0.0,0,55.4,31,56,3
3245,Fender Benders,1,Tuesday,17,0.0,0.0,0,76.9,20,26,2
3245,Fender Benders,1,Tuesday,18,0.0,0.0,0,71.4,35,49,4
3245,Fender Benders,1,Tuesday,19,0.0,0.0,0,44.6,29,65,4
3245,Fender Benders,1,Tuesday,20,0.0,0.0,0,7.1,2,28,1
3245,Fender Benders,1,Tuesday,21,,,,0.0,0,59,0
3245,Fender Benders,1,Tuesday,22,,,,0.0,0,34,0
3245,Fender Benders,1,Tuesday,23,,,,0.0,0,23,0
3245,Fender Benders,2,Wednesday,0,,,,0.0,0,10,0
3245,Fender Benders,2,Wednesday,1,,,,0.0,0,20,0
3245,Fender Benders,2,Wednesday,2,,,,0.0,0,11,0
3245,Fender Benders,2,Wednesday,3,,,,0.0,0,27,0
3245,Fender Benders,2,Wednesday,4,,,,0.0,0,10,0
3245,Fender Benders,2,Wednesday,9,,,,0.0,0,8,0
3245,Fender Benders,2,Wednesday,10,0.0,0.0,0,15.8,3,19,1
3245,Fender Benders,2,Wednesday,11,0.0,0.0,0,100.0,15,15,2
3245,Fender Benders,2,Wednesday,12,0.0,0.0,0,94.4,17,18,3
3245,Fender Benders,2,Wednesday,13,0.0,0.0,0,45.7,21,46,3
3245,Fender Benders,2,Wednesday,14,0.0,0.0,0,69.7,23,33,3
3245,Fender Benders,2,Wednesday,15,0.0,0.0,0,56.8,21,37,4
3245,Fender Benders,2,Wednesday,16,0.0,0.0,0,45.7,16,35,3
3245,Fender Benders,2,Wednesday,17,0.0,0.0,0,53.6,15,28,2
3245,Fender Benders,2,Wednesday,18,0.0,0.0,0,65.6,21,32,3
3245,Fender Benders,2,Wednesday,19,0.0,0.0,0,31.8,14,44,4
3245,Fender Benders,2,Wednesday,20,0.0,0.0,0,7.3,3,41,1
3245,Fender Benders,2,Wednesday,21,,,,0.0,0,35,0
3245,Fender Benders,2,Wednesday,22,,,,0.0,0,23,0
3245,Fender Benders,2,Wednesday,23,,,,0.0,0,18,0
3245,Fender Benders,3,Thursday,0,,,,0.0,0,22,0
3245,Fender Benders,3,Thursday,1,,,,0.0,0,27,0
3245,Fender Benders,3,Thursday,2,,,,0.0,0,11,0
3245,Fender Benders,3,Thursday,3,,,,0.0,0,29,0
3245,Fender Benders,3,Thursday,4,,,,0.0,0,4,0
3245,Fender Benders,3,Thursday,9,,,,0.0,0,5,0
3245,Fender Benders,3,Thursday,10,0.0,0.0,0,33.3,4,12,1
3245,Fender Benders,3,Thursday,11,0.0,0.0,0,100.0,12,12,1
3245,Fender Benders,3,Thursday,12,0.0,0.0,0,78.9,15,19,2
3245,Fender Benders,3,Thursday,13,0.0,0.0,0,50.0,21,42,2
3245,Fender Benders,3,Thursday,14,0.0,0.0,0,60.7,17,28,2
3245,Fender Benders,3,Thursday,15,0.0,0.0,0,56.5,26,46,3
3245,Fender Benders,3,Thursday,16,0.0,0.0,0,58.6,17,29,2
3245,Fender Benders,3,Thursday,17,0.0,0.0,0,42.9,15,35,2
3245,Fender Benders,3,Thursday,18,0.0,0.0,0,37.1,13,35,3
3245,Fender Benders,3,Thursday,19,0.0,0.0,0,30.5,18,59,3
3245,Fender Benders,3,Thursday,20,0.0,0.0,0,25.0,11,44,2
3245,Fender Benders,3,Thursday,21,,,,0.0,0,25,0
3245,Fender Benders,3,Thursday,22,,,,0.0,0,53,0
3245,Fender Benders,3,Thursday,23,,,,0.0,0,22,0
3245,Fender Benders,4,Friday,0,,,,0.0,0,19,0
3245,Fender Benders,4,Friday,1,,,,0.0,0,10,0
3245,Fender Benders,4,Friday,2,,,,0.0,0,14,0
3245,Fender Benders,4,Friday,3,,,,0.0,0,26,0
3245,Fender Benders,4,Friday,4,,,,0.0,0,25,0
3245,Fender Benders,4,Friday,5,,,,0.0,0,1,0
3245,Fender Benders,4,Friday,9,,,,0.0,0,5,0
3245,Fender Benders,4,Friday,10,0.0,0.0,0,25.0,3,12,1
3245,Fender Benders,4,Friday,11,0.0,0.0,0,100.0,12,12,1
3245,Fender Benders,4,Friday,12,0.0,0.0,0,73.9,17,23,2
3245,Fender Benders,4,Friday,13,0.0,0.0,0,45.2,19,42,2
3245,Fender Benders,4,Friday,14,0.0,0.0,0,40.0,12,30,1
3245,Fender Benders,4,Friday,15,0.0,0.0,0,55.0,22,40,2
3245,Fender Benders,4,Friday,16,0.0,0.0,0,60.9,14,23,2
3245,Fender Benders,4,Friday,17,0.0,0.0,0,50.0,17,34,2
3245,Fender Benders,4,Friday,18,0.0,0.0,0,76.6,36,47,5
3245,Fender Benders,4,Friday,19,0.0,0.0,0,90.7,39,43,6
3245,Fender Benders,4,Friday,20,0.0,0.0,0,71.4,30,42,4
3245,Fender Benders,4,Friday,21,0.0,0.0,0,95.5,21,22,2
3245,Fender Benders,4,Friday,22,0.0,0.0,0,41.5,22,53,4
3245,Fender Benders,4,Friday,23,0.0,0.0,0,18.2,4,22,2
3245,Fender Benders,5,Saturday,0,,,,0.0,0,23,0
3245,Fender Benders,5,Saturday,1,,,,0.0,0,3,0
3245,Fender Benders,5,Saturday,2,,,,0.0,0,8,0
3245,Fender Benders,5,Saturday,3,,,,0.0,0,33,0
3245,Fender Benders,5,Saturday,4,,,,0.0,0,18,0
3245,Fender Benders,5,Saturday,5,,,,0.0,0,1,0
3245,Fender Benders,5,Saturday,9,,,,0.0,0,8,0
3245,Fender Benders,5,Saturday,10,0.0,0.0,0,33.3,4,12,1
3245,Fender Benders,5,Saturday,11,0.0,0.0,0,100.0,17,17,3
3245,Fender Benders,5,Saturday,12,0.0,0.0,0,100.0,49,49,7
3245,Fender Benders,5,Saturday,13,0.0,0.0,0,100.0,46,46,7
3245,Fender Benders,5,Saturday,14,0.0,0.0,0,100.0,36,36,4
3245,Fender Benders,5,Saturday,15,0.0,0.0,0,100.0,42,42,6
3245,Fender Benders,5,Saturday,16,0.0,0.0,0,100.0,48,48,6
3245,Fender Benders,5,Saturday,17,0.0,0.0,0,100.0,27,27,4
3245,Fender Benders,5,Saturday,18,0.0,0.0,0,100.0,58,58,7
3245,Fender Benders,5,Saturday,19,0.0,0.0,0,100.0,41,41,7
3245,Fender Benders,5,Saturday,20,0.0,0.0,0,81.4,35,43,6
3245,Fender Benders,5,Saturday,21,0.0,0.0,0,100.0,45,45,5
3245,Fender Benders,5,Saturday,22,0.0,0.0,0,73.1,19,26,4
3245,Fender Benders,5,Saturday,23,0.0,0.0,0,16.7,2,12,1
3245,Fender Benders,6,Sunday,0,,,,0.0,0,12,0
3245,Fender Benders,6,Sunday,1,,,,0.0,0,22,0
3245,Fender Benders,6,Sunday,2,,,,0.0,0,35,0
3245,Fender Benders,6,Sunday,3,,,,0.0,0,7,0
3245,Fender Benders,6,Sunday,4,,,,0.0,0,5,0
3245,Fender Benders,6,Sunday,5,,,,0.0,0,7,0
3245,Fender Benders,6,Sunday,9,,,,0.0,0,7,0
3245,Fender Benders,6,Sunday,10,0.0,0.0,0,33.3,4,12,1
3245,Fender Benders,6,Sunday,11,0.0,0.0,0,100.0,14,14,2
3245,Fender Benders,6,Sunday,12,0.0,0.0,0,90.3,28,31,4
3245,Fender Benders,6,Sunday,13,0.0,0.0,0,86.4,51,59,6
3245,Fender Benders,6,Sunday,14,0.0,0.0,0,85.7,24,28,3
3245,Fender Benders,6,Sunday,15,0.0,0.0,0,100.0,37,37,5
3245,Fender Benders,6,Sunday,16,0.0,0.0,0,100.0,43,43,7
3245,Fender Benders,6,Sunday,17,0.0,0.0,0,100.0,30,30,6
3245,Fender Benders,6,Sunday,18,0.0,0.0,0,100.0,46,46,5
3245,Fender Benders,6,Sunday,19,0.0,0.0,0,100.0,47,47,7
3245,Fender Benders,6,Sunday,20,0.0,0.0,0,83.7,36,43,7
3245,Fender Benders,6,Sunday,21,0.0,0.0,0,52.9,18,34,4
3245,Fender Benders,6,Sunday,22,0.0,0.0,0,6.1,3,49,2
3245,Fender Benders,6,Sunday,23,,,,0.0,0,19,0
17770,Final Destination,0,Monday,3,,,,0.0,0,1,0
17770,Final Destination,0,Monday,4,,,,0.0,0,23,0
17770,Final Destination,0,Monday,5,,,,0.0,0,9,0
17770,Final Destination,0,Monday,6,,,,0.0,0,3,0
17770,Final Destination,0,Monday,14,,,,0.0,0,8,0
17770,Final Destination,0,Monday,15,,,,0.0,0,6,0
17770,Final Destination,0,Monday,16,,,,0.0,0,10,0
17770,Final Destination,0,Monday,18,,,,0.0,0,12,0
17770,Final Destination,0,Monday,20,,,,0.0,0,13,0
17770,Final Destination,0,Monday,21,,,,0.0,0,16,0
17770,Final Destination,0,Monday,22,,,,0.0,0,7,0
17770,Final Destination,1,Tuesday,1,,,,0.0,0,3,0
17770,Final Destination,1,Tuesday,2,,,,0.0,0,21,0
17770,Final Destination,1,Tuesday,4,,,,0.0,0,9,0
17770,Final Destination,1,Tuesday,5,,,,0.0,0,3,0
17770,Final Destination,1,Tuesday,13,,,,0.0,0,7,0
17770,Final Destination,1,Tuesday,14,,,,0.0,0,17,0
17770,Final Destination,1,Tuesday,15,,,,0.0,0,12,0
17770,Final Destination,1,Tuesday,16,,,,0.0,0,9,0
17770,Final Destination,1,Tuesday,17,,,,0.0,0,3,0
17770,Final Destination,1,Tuesday,18,,,,0.0,0,9,0
17770,Final Destination,1,Tuesday,19,,,,0.0,0,27,0
17770,Final Destination,1,Tuesday,21,,,,0.0,0,16,0
17770,Final Destination,1,Tuesday,22,,,,0.0,0,20,0
17770,Final Destination,2,Wednesday,2,,,,0.0,0,2,0
17770,Final Destination,2,Wednesday,3,,,,0.0,0,24,0
17770,Final Destination,2,Wednesday,4,,,,0.0,0,10,0
17770,Final Destination,2,Wednesday,13,,,,0.0,0,6,0
17770,Final Destination,2,Wednesday,14,,,,0.0,0,16,0
17770,Final Destination,2,Wednesday,15,,,,0.0,0,13,0
17770,Final Destination,2,Wednesday,16,,,,0.0,0,3,0
17770,Final Destination,2,Wednesday,17,,,,0.0,0,10,0
17770,Final Destination,2,Wednesday,18,,,,0.0,0,7,0
17770,Final Destination,2,Wednesday,19,,,,0.0,0,19,0
17770,Final Destination,2,Wednesday,20,,,,0.0,0,10,0
17770,Final Destination,2,Wednesday,21,,,,0.0,0,14,0
17770,Final Destination,2,Wednesday,22,,,,0.0,0,10,0
17770,Final Destination,2,Wednesday,23,,,,0.0,0,6,0
17770,Final Destination,3,Thursday,0,,,,0.0,0,6,0
17770,Final Destination,3,Thursday,2,,,,0.0,0,1,0
17770,Final Destination,3,Thursday,3,,,,0.0,0,19,0
17770,Final Destination,3,Thursday,4,,,,0.0,0,4,0
17770,Final Destination,3,Thursday,13,,,,0.0,0,5,0
17770,Final Destination,3,Thursday,14,,,,0.0,0,12,0
17770,Final Destination,3,Thursday,15,,,,0.0,0,19,0
17770,Final Destination,3,Thursday,16,,,,0.0,0,1,0
17770,Final Destination,3,Thursday,17,,,,0.0,0,11,0
17770,Final Destination,3,Thursday,18,,,,0.0,0,1,0
17770,Final Destination,3,Thursday,19,0.0,0.0,0,16.7,3,18,1
17770,Final Destination,3,Thursday,20,0.0,0.0,0,52.9,9,17,1
17770,Final Destination,3,Thursday,21,,,,0.0,0,1,0
17770,Final Destination,3,Thursday,22,,,,0.0,0,18,0
17770,Final Destination,3,Thursday,23,,,,0.0,0,10,0
17770,Final Destination,4,Friday,0,,,,0.0,0,7,0
17770,Final Destination,4,Friday,3,,,,0.0,0,2,0
17770,Final Destination,4,Friday,4,,,,0.0,0,21,0
17770,Final Destination,4,Friday,5,,,,0.0,0,1,0
17770,Final Destination,4,Friday,13,,,,0.0,0,5,0
17770,Final Destination,4,Friday,14,,,,0.0,0,18,0
17770,Final Destination,4,Friday,15,,,,0.0,0,1,0
17770,Final Destination,4,Friday,16,,,,0.0,0,2,0
17770,Final Destination,4,Friday,17,,,,0.0,0,10,0
17770,Final Destination,4,Friday,18,0.0,0.0,0,100.0,8,8,1
17770,Final Destination,4,Friday,19,0.0,0.0,0,100.0,8,8,2
17770,Final Destination,4,Friday,20,0.0,0.0,0,100.0,8,8,1
17770,Final Destination,4,Friday,21,0.0,0.0,0,100.0,9,9,1
17770,Final Destination,4,Friday,22,0.0,0.0,0,100.0,9,9,2
17770,Final Destination,4,Friday,23,0.0,0.0,0,33.3,2,6,1
17770,Final Destination,5,Saturday,2,,,,0.0,0,4,0
17770,Final Destination,5,Saturday,3,,,,0.0,0,15,0
17770,Final Destination,5,Saturday,4,,,,0.0,0,16,0
17770,Final Destination,5,Saturday,5,,,,0.0,0,1,0
17770,Final Destination,5,Saturday,12,,,,0.0,0,16,0
17770,Final Destination,5,Saturday,13,,,,0.0,0,20,0
17770,Final Destination,5,Saturday,14,,,,0.0,0,4,0
17770,Final Destination,5,Saturday,15,,,,0.0,0,20,0
17770,Final Destination,5,Saturday,16,,,,0.0,0,12,0
17770,Final Destination,5,Saturday,17,,,,0.0,0,10,0
17770,Final Destination,5,Saturday,18,0.0,0.0,0,84.2,16,19,2
17770,Final Destination,5,Saturday,19,0.0,0.0,0,100.0,16,16,3
17770,Final Destination,5,Saturday,20,0.0,0.0,0,100.0,7,7,2
17770,Final Destination,5,Saturday,21,0.0,0.0,0,100.0,17,17,2
17770,Final Destination,5,Saturday,22,0.0,0.0,0,100.0,13,13,2
17770,Final Destination,5,Saturday,23,0.0,0.0,0,100.0,2,2,1
17770,Final Destination,6,Sunday,1,,,,0.0,0,1,0
17770,Final Destination,6,Sunday,2,,,,0.0,0,17,0
17770,Final Destination,6,Sunday,3,,,,0.0,0,6,0
17770,Final Destination,6,Sunday,4,,,,0.0,0,5,0
17770,Final Destination,6,Sunday,5,,,,0.0,0,7,0
17770,Final Destination,6,Sunday,12,,,,0.0,0,5,0
17770,Final Destination,6,Sunday,13,,,,0.0,0,25,0
17770,Final Destination,6,Sunday,14,,,,0.0,0,6,0
17770,Final Destination,6,Sunday,15,,,,0.0,0,10,0
17770,Final Destination,6,Sunday,16,,,,0.0,0,20,0
17770,Final Destination,6,Sunday,17,,,,0.0,0,10,0
17770,Final Destination,6,Sunday,18,0.0,0.0,0,75.0,6,8,1
17770,Final Destination,6,Sunday,19,0.0,0.0,0,100.0,22,22,3
17770,Final Destination,6,Sunday,20,0.0,0.0,0,100.0,14,14,3
17770,Final Destination,6,Sunday,21,0.0,0.0,0,100.0,3,3,1
17770,Final Destination,6,Sunday,22,0.0,0.0,0,7.1,2,28,1
17770,Final Destination,6,Sunday,23,,,,0.0,0,5,0
17426,Flying Scooters,0,Monday,0,,,,0.0,0,12,0
17426,Flying Scooters,0,Monday,1,,,,0.0,0,4,0
17426,Flying Scooters,0,Monday,2,,,,0.0,0,17,0
17426,Flying Scooters,0,Monday,3,,,,0.0,0,9,0
17426,Flying Scooters,0,Monday,4,,,,0.0,0,34,0
17426,Flying Scooters,0,Monday,5,,,,0.0,0,9,0
17426,Flying Scooters,0,Monday,6,,,,0.0,0,3,0
17426,Flying Scooters,0,Monday,9,,,,0.0,0,4,0
17426,Flying Scooters,0,Monday,10,0.0,0.0,0,33.3,4,12,1
17426,Flying Scooters,0,Monday,11,0.0,0.0,0,100.0,12,12,1
17426,Flying Scooters,0,Monday,12,0.0,0.0,0,100.0,12,12,1
17426,Flying Scooters,0,Monday,13,0.0,0.0,0,100.0,13,13,2
17426,Flying Scooters,0,Monday,14,0.0,0.0,0,57.5,23,40,2
17426,Flying Scooters,0,Monday,15,0.0,0.0,0,70.0,21,30,2
17426,Flying Scooters,0,Monday,16,0.0,0.0,0,60.0,15,25,2
17426,Flying Scooters,0,Monday,17,0.0,0.0,0,95.7,22,23,2
17426,Flying Scooters,0,Monday,18,0.0,0.0,0,37.8,14,37,2
17426,Flying Scooters,0,Monday,19,0.0,0.0,0,100.0,26,26,3
17426,Flying Scooters,0,Monday,20,0.0,0.0,0,15.2,7,46,3
17426,Flying Scooters,0,Monday,21,,,,0.0,0,27,0
17426,Flying Scooters,0,Monday,22,,,,0.0,0,41,0
17426,Flying Scooters,0,Monday,23,,,,0.0,0,19,0
17426,Flying Scooters,1,Tuesday,0,,,,0.0,0,12,0
17426,Flying Scooters,1,Tuesday,1,,,,0.0,0,17,0
17426,Flying Scooters,1,Tuesday,2,,,,0.0,0,23,0
17426,Flying Scooters,1,Tuesday,3,,,,0.0,0,20,0
17426,Flying Scooters,1,Tuesday,4,,,,0.0,0,12,0
17426,Flying Scooters,1,Tuesday,5,,,,0.0,0,3,0
17426,Flying Scooters,1,Tuesday,9,,,,0.0,0,8,0
17426,Flying Scooters,1,Tuesday,10,0.0,0.0,0,33.3,6,18,2
17426,Flying Scooters,1,Tuesday,11,0.0,0.0,0,100.0,19,19,2
17426,Flying Scooters,1,Tuesday,12,0.0,0.0,0,90.5,19,21,2
17426,Flying Scooters,1,Tuesday,13,0.0,0.0,0,55.4,31,56,3
17426,Flying Scooters,1,Tuesday,14,0.0,0.0,0,67.5,27,40,4
17426,Flying Scooters,1,Tuesday,15,0.0,0.0,0,65.8,25,38,4
17426,Flying Scooters,1,Tuesday,16,0.0,0.0,0,55.4,31,56,3
17426,Flying Scooters,1,Tuesday,17,0.0,0.0,0,76.9,20,26,2
17426,Flying Scooters,1,Tuesday,18,0.0,0.0,0,71.4,35,49,4
17426,Flying Scooters,1,Tuesday,19,0.0,0.0,0,44.6,29,65,4
17426,Flying Scooters,1,Tuesday,20,0.0,0.0,0,7.1,2,28,1
17426,Flying Scooters,1,Tuesday,21,,,,0.0,0,59,0
17426,Flying Scooters,1,Tuesday,22,,,,0.0,0,34,0
17426,Flying Scooters,1,Tuesday,23,,,,0.0,0,23,0
17426,Flying Scooters,2,Wednesday,0,,,,0.0,0,10,0
17426,Flying Scooters,2,Wednesday,1,,,,0.0,0,20,0
17426,Flying Scooters,2,Wednesday,2,,,,0.0,0,11,0
17426,Flying Scooters,2,Wednesday,3,,,,0.0,0,27,0
17426,Flying Scooters,2,Wednesday,4,,,,0.0,0,10,0
17426,Flying Scooters,2,Wednesday,9,,,,0.0,0,8,0
17426,Flying Scooters,2,Wednesday,10,0.0,0.0,0,15.8,3,19,1
17426,Flying Scooters,2,Wednesday,11,0.0,0.0,0,100.0,15,15,2
17426,Flying Scooters,2,Wednesday,12,0.0,0.0,0,94.4,17,18,3
17426,Flying Scooters,2,Wednesday,13,0.0,0.0,0,45.7,21,46,3
17426,Flying Scooters,2,Wednesday,14,0.0,0.0,0,69.7,23,33,3
17426,Flying Scooters,2,Wednesday,15,0.0,0.0,0,56.8,21,37,4
17426,Flying Scooters,2,Wednesday,16,0.0,0.0,0,45.7,16,35,3
17426,Flying Scooters,2,Wednesday,17,0.0,0.0,0,53.6,15,28,2
17426,Flying Scooters,2,Wednesday,18,0.0,0.0,0,65.6,21,32,3
17426,Flying Scooters,2,Wednesday,19,0.0,0.0,0,31.8,14,44,4
17426,Flying Scooters,2,Wednesday,20,0.0,0.0,0,7.3,3,41,1
17426,Flying Scooters,2,Wednesday,21,,,,0.0,0,35,0
17426,Flying Scooters,2,Wednesday,22,,,,0.0,0,23,0
17426,Flying Scooters,2,Wednesday,23,,,,0.0,0,18,0
17426,Flying Scooters,3,Thursday,0,,,,0.0,0,22,0
17426,Flying Scooters,3,Thursday,1,,,,0.0,0,27,0
17426,Flying Scooters,3,Thursday,2,,,,0.0,0,11,0
17426,Flying Scooters,3,Thursday,3,,,,0.0,0,29,0
17426,Flying Scooters,3,Thursday,4,,,,0.0,0,4,0
17426,Flying Scooters,3,Thursday,9,,,,0.0,0,5,0
17426,Flying Scooters,3,Thursday,10,0.0,0.0,0,33.3,4,12,1
17426,Flying Scooters,3,Thursday,11,0.0,0.0,0,100.0,12,12,1
17426,Flying Scooters,3,Thursday,12,0.0,0.0,0,78.9,15,19,2
17426,Flying Scooters,3,Thursday,13,0.0,0.0,0,50.0,21,42,2
17426,Flying Scooters,3,Thursday,14,0.0,0.0,0,60.7,17,28,2
17426,Flying Scooters,3,Thursday,15,0.0,0.0,0,56.5,26,46,3
17426,Flying Scooters,3,Thursday,16,0.0,0.0,0,58.6,17,29,2
17426,Flying Scooters,3,Thursday,17,0.0,0.0,0,42.9,15,35,2
17426,Flying Scooters,3,Thursday,18,0.0,0.0,0,37.1,13,35,3
17426,Flying Scooters,3,Thursday,19,0.0,0.0,0,30.5,18,59,3
17426,Flying Scooters,3,Thursday,20,0.0,0.0,0,25.0,11,44,2
17426,Flying Scooters,3,Thursday,21,,,,0.0,0,25,0
17426,Flying Scooters,3,Thursday,22,,,,0.0,0,53,0
17426,Flying Scooters,3,Thursday,23,,,,0.0,0,22,0
17426,Flying Scooters,4,Friday,0,,,,0.0,0,19,0
17426,Flying Scooters,4,Friday,1,,,,0.0,0,10,0
17426,Flying Scooters,4,Friday,2,,,,0.0,0,14,0
17426,Flying Scooters,4,Friday,3,,,,0.0,0,26,0
17426,Flying Scooters,4,Friday,4,,,,0.0,0,25,0
17426,Flying Scooters,4,Friday,5,,,,0.0,0,1,0
17426,Flying Scooters,4,Friday,9,,,,0.0,0,5,0
17426,Flying Scooters,4,Friday,10,0.0,0.0,0,25.0,3,12,1
17426,Flying Scooters,4,Friday,11,0.0,0.0,0,100.0,12,12,1
17426,Flying Scooters,4,Friday,12,0.0,0.0,0,73.9,17,23,2
17426,Flying Scooters,4,Friday,13,0.0,0.0,0,45.2,19,42,2
17426,Flying Scooters,4,Friday,14,0.0,0.0,0,40.0,12,30,1
17426,Flying Scooters,4,Friday,15,0.0,0.0,0,55.0,22,40,2
17426,Flying Scooters,4,Friday,16,0.0,0.0,0,60.9,14,23,2
17426,Flying Scooters,4,Friday,17,0.0,0.0,0,50.0,17,34,2
17426,Flying Scooters,4,Friday,18,0.0,0.0,0,76.6,36,47,5
17426,Flying Scooters,4,Friday,19,0.0,0.0,0,74.4,32,43,5
17426,Flying Scooters,4,Friday,20,0.0,0.0,0,47.6,20,42,3
17426,Flying Scooters,4,Friday,21,0.0,0.0,0,90.9,20,22,2
17426,Flying Scooters,4,Friday,22,0.0,0.0,0,24.5,13,53,2
17426,Flying Scooters,4,Friday,23,0.0,0.0,0,9.1,2,22,1
17426,Flying Scooters,5,Saturday,0,,,,0.0,0,23,0
17426,Flying Scooters,5,Saturday,1,,,,0.0,0,3,0
17426,Flying Scooters,5,Saturday,2,,,,0.0,0,8,0
17426,Flying Scooters,5,Saturday,3,,,,0.0,0,33,0
17426,Flying Scooters,5,Saturday,4,,,,0.0,0,18,0
17426,Flying Scooters,5,Saturday,5,,,,0.0,0,1,0
17426,Flying Scooters,5,Saturday,9,,,,0.0,0,8,0
17426,Flying Scooters,5,Saturday,10,0.0,0.0,0,33.3,4,12,1
17426,Flying Scooters,5,Saturday,11,0.0,0.0,0,100.0,17,17,3
17426,Flying Scooters,5,Saturday,12,0.0,0.0,0,100.0,49,49,7
17426,Flying Scooters,5,Saturday,13,0.0,0.0,0,100.0,46,46,7
17426,Flying Scooters,5,Saturday,14,0.0,0.0,0,100.0,36,36,4
17426,Flying Scooters,5,Saturday,15,0.0,0.0,0,100.0,42,42,6
17426,Flying Scooters,5,Saturday,16,0.0,0.0,0,100.0,48,48,6
17426,Flying Scooters,5,Saturday,17,0.0,0.0,0,100.0,27,27,4
17426,Flying Scooters,5,Saturday,18,0.0,0.0,0,100.0,58,58,7
17426,Flying Scooters,5,Saturday,19,0.0,0.0,0,100.0,41,41,7
17426,Flying Scooters,5,Saturday,20,0.0,0.0,0,81.4,35,43,6
17426,Flying Scooters,5,Saturday,21,0.0,0.0,0,100.0,45,45,5
17426,Flying Scooters,5,Saturday,22,0.0,0.0,0,73.1,19,26,4
17426,Flying Scooters,5,Saturday,23,0.0,0.0,0,16.7,2,12,1
17426,Flying Scooters,6,Sunday,0,,,,0.0,0,12,0
17426,Flying Scooters,6,Sunday,1,,,,0.0,0,22,0
17426,Flying Scooters,6,Sunday,2,,,,0.0,0,35,0
17426,Flying Scooters,6,Sunday,3,,,,0.0,0,7,0
17426,Flying Scooters,6,Sunday,4,,,,0.0,0,5,0
17426,Flying Scooters,6,Sunday,5,,,,0.0,0,7,0
17426,Flying Scooters,6,Sunday,9,,,,0.0,0,7,0
17426,Flying Scooters,6,Sunday,10,0.0,0.0,0,33.3,4,12,1
17426,Flying Scooters,6,Sunday,11,0.0,0.0,0,100.0,14,14,2
17426,Flying Scooters,6,Sunday,12,0.0,0.0,0,93.5,29,31,4
17426,Flying Scooters,6,Sunday,13,0.0,0.0,0,86.4,51,59,6
17426,Flying Scooters,6,Sunday,14,0.0,0.0,0,85.7,24,28,3
17426,Flying Scooters,6,Sunday,15,0.0,0.0,0,100.0,37,37,5
17426,Flying Scooters,6,Sunday,16,0.0,0.0,0,100.0,43,43,7
17426,Flying Scooters,6,Sunday,17,0.0,0.0,0,100.0,30,30,6
17426,Flying Scooters,6,Sunday,18,0.0,0.0,0,100.0,46,46,5
17426,Flying Scooters,6,Sunday,19,0.0,0.0,0,100.0,47,47,7
17426,Flying Scooters,6,Sunday,20,0.0,0.0,0,83.7,36,43,7
17426,Flying Scooters,6,Sunday,21,0.0,0.0,0,52.9,18,34,4
17426,Flying Scooters,6,Sunday,22,0.0,0.0,0,6.1,3,49,2
17426,Flying Scooters,6,Sunday,23,,,,0.0,0,19,0
15604,Giant Wheel,0,Monday,0,,,,0.0,0,12,0
15604,Giant Wheel,0,Monday,1,,,,0.0,0,4,0
15604,Giant Wheel,0,Monday,2,,,,0.0,0,17,0
15604,Giant Wheel,0,Monday,3,,,,0.0,0,9,0
15604,Giant Wheel,0,Monday,4,,,,0.0,0,34,0
15604,Giant Wheel,0,Monday,5,,,,0.0,0,9,0
15604,Giant Wheel,0,Monday,6,,,,0.0,0,3,0
15604,Giant Wheel,0,Monday,9,,,,0.0,0,4,0
15604,Giant Wheel,0,Monday,10,0.0,0.0,0,33.3,4,12,1
15604,Giant Wheel,0,Monday,11,0.0,0.0,0,100.0,12,12,1
15604,Giant Wheel,0,Monday,12,0.0,0.0,0,100.0,12,12,1
15604,Giant Wheel,0,Monday,13,1.5,0.0,20,100.0,13,13,2
15604,Giant Wheel,0,Monday,14,9.6,20.0,20,57.5,23,40,2
15604,Giant Wheel,0,Monday,15,0.0,0.0,0,70.0,21,30,2
15604,Giant Wheel,0,Monday,16,0.0,0.0,0,60.0,15,25,2
15604,Giant Wheel,0,Monday,17,9.1,20.0,20,95.7,22,23,2
15604,Giant Wheel,0,Monday,18,2.9,20.0,20,37.8,14,37,2
15604,Giant Wheel,0,Monday,19,3.8,20.0,20,100.0,26,26,3
15604,Giant Wheel,0,Monday,20,8.6,20.0,20,15.2,7,46,3
15604,Giant Wheel,0,Monday,21,,,,0.0,0,27,0
15604,Giant Wheel,0,Monday,22,,,,0.0,0,41,0
15604,Giant Wheel,0,Monday,23,,,,0.0,0,19,0
15604,Giant Wheel,1,Tuesday,0,,,,0.0,0,12,0
15604,Giant Wheel,1,Tuesday,1,,,,0.0,0,17,0
15604,Giant Wheel,1,Tuesday,2,,,,0.0,0,23,0
15604,Giant Wheel,1,Tuesday,3,,,,0.0,0,20,0
15604,Giant Wheel,1,Tuesday,4,,,,0.0,0,12,0
15604,Giant Wheel,1,Tuesday,5,,,,0.0,0,3,0
15604,Giant Wheel,1,Tuesday,9,,,,0.0,0,8,0
15604,Giant Wheel,1,Tuesday,10,0.0,0.0,0,22.2,4,18,1
15604,Giant Wheel,1,Tuesday,11,0.0,0.0,0,100.0,19,19,2
15604,Giant Wheel,1,Tuesday,12,0.0,0.0,0,57.1,12,21,1
15604,Giant Wheel,1,Tuesday,13,6.8,15.0,15,35.7,20,56,2
15604,Giant Wheel,1,Tuesday,14,9.5,15.0,15,47.5,19,40,3
15604,Giant Wheel,1,Tuesday,15,6.7,10.0,15,55.3,21,38,3
15604,Giant Wheel,1,Tuesday,16,10.2,15.0,25,55.4,31,56,3
15604,Giant Wheel,1,Tuesday,17,21.0,25.0,25,76.9,20,26,2
15604,Giant Wheel,1,Tuesday,18,15.5,25.0,25,57.1,28,49,3
15604,Giant Wheel,1,Tuesday,19,16.7,25.0,25,40.0,26,65,3
15604,Giant Wheel,1,Tuesday,20,25.0,25.0,25,7.1,2,28,1
15604,Giant Wheel,1,Tuesday,21,,,,0.0,0,59,0
15604,Giant Wheel,1,Tuesday,22,,,,0.0,0,34,0
15604,Giant Wheel,1,Tuesday,23,,,,0.0,0,23,0
15604,Giant Wheel,2,Wednesday,0,,,,0.0,0,10,0
15604,Giant Wheel,2,Wednesday,1,,,,0.0,0,20,0
15604,Giant Wheel,2,Wednesday,2,,,,0.0,0,11,0
15604,Giant Wheel,2,Wednesday,3,,,,0.0,0,27,0
15604,Giant Wheel,2,Wednesday,4,,,,0.0,0,10,0
15604,Giant Wheel,2,Wednesday,9,,,,0.0,0,8,0
15604,Giant Wheel,2,Wednesday,10,0.0,0.0,0,15.8,3,19,1
15604,Giant Wheel,2,Wednesday,11,0.0,0.0,0,100.0,15,15,2
15604,Giant Wheel,2,Wednesday,12,0.0,0.0,0,94.4,17,18,3
15604,Giant Wheel,2,Wednesday,13,0.0,0.0,0,45.7,21,46,3
15604,Giant Wheel,2,Wednesday,14,0.0,0.0,0,39.4,13,33,2
15604,Giant Wheel,2,Wednesday,15,0.0,0.0,0,51.4,19,37,3
15604,Giant Wheel,2,Wednesday,16,0.0,0.0,0,45.7,16,35,3
15604,Giant Wheel,2,Wednesday,17,0.0,0.0,0,53.6,15,28,2
15604,Giant Wheel,2,Wednesday,18,0.0,0.0,0,43.8,14,32,2
15604,Giant Wheel,2,Wednesday,19,0.0,0.0,0,27.3,12,44,3
15604,Giant Wheel,2,Wednesday,20,0.0,0.0,0,7.3,3,41,1
15604,Giant Wheel,2,Wednesday,21,,,,0.0,0,35,0
15604,Giant Wheel,2,Wednesday,22,,,,0.0,0,23,0
15604,Giant Wheel,2,Wednesday,23,,,,0.0,0,18,0
15604,Giant Wheel,3,Thursday,0,,,,0.0,0,22,0
15604,Giant Wheel,3,Thursday,1,,,,0.0,0,27,0
15604,Giant Wheel,3,Thursday,2,,,,0.0,0,11,0
15604,Giant Wheel,3,Thursday,3,,,,0.0,0,29,0
15604,Giant Wheel,3,Thursday,4,,,,0.0,0,4,0
15604,Giant Wheel,3,Thursday,9,,,,0.0,0,5,0
15604,Giant Wheel,3,Thursday,10,0.0,0.0,0,33.3,4,12,1
15604,Giant Wheel,3,Thursday,11,0.0,0.0,0,100.0,12,12,1
15604,Giant Wheel,3,Thursday,12,0.0,0.0,0,78.9,15,19,2
15604,Giant Wheel,3,Thursday,13,0.0,0.0,0,50.0,21,42,2
15604,Giant Wheel,3,Thursday,14,0.0,0.0,0,42.9,12,28,1
15604,Giant Wheel,3,Thursday,15,0.0,0.0,0,39.1,18,46,2
15604,Giant Wheel,3,Thursday,16,0.0,0.0,0,24.1,7,29,2
15604,Giant Wheel,3,Thursday,17,0.0,0.0,0,42.9,15,35,2
15604,Giant Wheel,3,Thursday,18,0.0,0.0,0,34.3,12,35,2
15604,Giant Wheel,3,Thursday,19,0.0,0.0,0,6.8,4,59,1
15604,Giant Wheel,3,Thursday,20,0.0,0.0,0,4.5,2,44,1
15604,Giant Wheel,3,Thursday,21,,,,0.0,0,25,0
15604,Giant Wheel,3,Thursday,22,,,,0.0,0,53,0
15604,Giant Wheel,3,Thursday,23,,,,0.0,0,22,0
15604,Giant Wheel,4,Friday,0,,,,0.0,0,19,0
15604,Giant Wheel,4,Friday,1,,,,0.0,0,10,0
15604,Giant Wheel,4,Friday,2,,,,0.0,0,14,0
15604,Giant Wheel,4,Friday,3,,,,0.0,0,26,0
15604,Giant Wheel,4,Friday,4,,,,0.0,0,25,0
15604,Giant Wheel,4,Friday,5,,,,0.0,0,1,0
15604,Giant Wheel,4,Friday,9,,,,0.0,0,5,0
15604,Giant Wheel,4,Friday,10,0.0,0.0,0,25.0,3,12,1
15604,Giant Wheel,4,Friday,11,0.0,0.0,0,100.0,12,12,1
15604,Giant Wheel,4,Friday,12,0.0,0.0,0,73.9,17,23,2
15604,Giant Wheel,4,Friday,13,0.0,0.0,0,45.2,19,42,2
15604,Giant Wheel,4,Friday,14,0.0,0.0,0,40.0,12,30,1
15604,Giant Wheel,4,Friday,15,2.7,10.0,10,55.0,22,40,2
15604,Giant Wheel,4,Friday,16,8.6,10.0,10,60.9,14,23,2
15604,Giant Wheel,4,Friday,17,7.1,10.0,10,50.0,17,34,2
15604,Giant Wheel,4,Friday,18,4.6,10.0,15,59.6,28,47,4
15604,Giant Wheel,4,Friday,19,5.8,15.0,15,72.1,31,43,4
15604,Giant Wheel,4,Friday,20,8.2,15.0,15,52.4,22,42,3
15604,Giant Wheel,4,Friday,21,15.0,15.0,15,54.5,12,22,1
15604,Giant Wheel,4,Friday,22,3.5,15.0,15,24.5,13,53,2
15604,Giant Wheel,4,Friday,23,0.0,0.0,0,9.1,2,22,1
15604,Giant Wheel,5,Saturday,0,,,,0.0,0,23,0
15604,Giant Wheel,5,Saturday,1,,,,0.0,0,3,0
15604,Giant Wheel,5,Saturday,2,,,,0.0,0,8,0
15604,Giant Wheel,5,Saturday,3,,,,0.0,0,33,0
15604,Giant Wheel,5,Saturday,4,,,,0.0,0,18,0
15604,Giant Wheel,5,Saturday,5,,,,0.0,0,1,0
15604,Giant Wheel,5,Saturday,9,,,,0.0,0,8,0
15604,Giant Wheel,5,Saturday,10,0.0,0.0,0,33.3,4,12,1
15604,Giant Wheel,5,Saturday,11,7.1,15.0,15,100.0,17,17,3
15604,Giant Wheel,5,Saturday,12,4.1,15.0,15,89.8,44,49,5
15604,Giant Wheel,5,Saturday,13,15.0,30.0,45,58.7,27,46,5
15604,Giant Wheel,5,Saturday,14,6.7,15.0,15,100.0,36,36,4
15604,Giant Wheel,5,Saturday,15,18.5,30.0,45,71.4,30,42,4
15604,Giant Wheel,5,Saturday,16,17.1,30.0,45,75.0,36,48,4
15604,Giant Wheel,5,Saturday,17,15.6,30.0,30,100.0,27,27,4
15604,Giant Wheel,5,Saturday,18,20.1,30.0,30,70.7,41,58,5
15604,Giant Wheel,5,Saturday,19,18.5,30.0,30,82.9,34,41,5
15604,Giant Wheel,5,Saturday,20,20.8,30.0,30,72.1,31,43,5
15604,Giant Wheel,5,Saturday,21,29.2,60.0,60,82.2,37,45,4
15604,Giant Wheel,5,Saturday,22,21.7,30.0,30,34.6,9,26,3
15604,Giant Wheel,5,Saturday,23,,,,0.0,0,12,0
15604,Giant Wheel,6,Sunday,0,,,,0.0,0,12,0
15604,Giant Wheel,6,Sunday,1,,,,0.0,0,22,0
15604,Giant Wheel,6,Sunday,2,,,,0.0,0,35,0
15604,Giant Wheel,6,Sunday,3,,,,0.0,0,7,0
15604,Giant Wheel,6,Sunday,4,,,,0.0,0,5,0
15604,Giant Wheel,6,Sunday,5,,,,0.0,0,7,0
15604,Giant Wheel,6,Sunday,9,,,,0.0,0,7,0
15604,Giant Wheel,6,Sunday,10,0.0,0.0,0,33.3,4,12,1
15604,Giant Wheel,6,Sunday,11,0.0,0.0,0,100.0,14,14,2
15604,Giant Wheel,6,Sunday,12,0.0,0.0,0,87.1,27,31,3
15604,Giant Wheel,6,Sunday,13,0.0,0.0,0,59.3,35,59,5
15604,Giant Wheel,6,Sunday,14,7.1,10.0,10,60.7,17,28,2
15604,Giant Wheel,6,Sunday,15,4.1,10.0,10,100.0,37,37,5
15604,Giant Wheel,6,Sunday,16,20.2,40.0,40,58.1,25,43,5
15604,Giant Wheel,6,Sunday,17,8.3,10.0,40,80.0,24,30,4
15604,Giant Wheel,6,Sunday,18,16.7,40.0,40,100.0,46,46,5
15604,Giant Wheel,6,Sunday,19,16.9,40.0,40,61.7,29,47,5
15604,Giant Wheel,6,Sunday,20,12.7,40.0,40,69.8,30,43,5
15604,Giant Wheel,6,Sunday,21,34.0,40.0,40,44.1,15,34,3
15604,Giant Wheel,6,Sunday,22,40.0,40.0,40,2.0,1,49,1
15604,Giant Wheel,6,Sunday,23,,,,0.0,0,19,0
3236,HARLEY QUINN™ Crazy Train,0,Monday,0,,,,0.0,0,12,0
3236,HARLEY QUINN™ Crazy Train,0,Monday,1,,,,0.0,0,4,0
3236,HARLEY QUINN™ Crazy Train,0,Monday,2,,,,0.0,0,17,0
3236,HARLEY QUINN™ Crazy Train,0,Monday,3,,,,0.0,0,9,0
3236,HARLEY QUINN™ Crazy Train,0,Monday,4,,,,0.0,0,34,0
3236,HARLEY QUINN™ Crazy Train,0,Monday,5,,,,0.0,0,9,0
3236,HARLEY QUINN™ Crazy Train,0,Monday,6,,,,0.0,0,3,0
3236,HARLEY QUINN™ Crazy Train,0,Monday,9,,,,0.0,0,4,0
3236,HARLEY QUINN™ Crazy Train,0,Monday,10,0.0,0.0,0,33.3,4,12,1
3236,HARLEY QUINN™ Crazy Train,0,Monday,11,0.0,0.0,0,100.0,12,12,1
3236,HARLEY QUINN™ Crazy Train,0,Monday,12,0.0,0.0,0,100.0,12,12,1
3236,HARLEY QUINN™ Crazy Train,0,Monday,13,2.3,0.0,30,100.0,13,13,2
3236,HARLEY QUINN™ Crazy Train,0,Monday,14,18.5,30.0,30,50.0,20,40,2
3236,HARLEY QUINN™ Crazy Train,0,Monday,15,12.1,15.0,15,70.0,21,30,2
3236,HARLEY QUINN™ Crazy Train,0,Monday,16,11.0,15.0,15,60.0,15,25,2
3236,HARLEY QUINN™ Crazy Train,0,Monday,17,20.2,30.0,30,95.7,22,23,2
3236,HARLEY QUINN™ Crazy Train,0,Monday,18,17.1,30.0,30,37.8,14,37,2
3236,HARLEY QUINN™ Crazy Train,0,Monday,19,11.5,15.0,15,100.0,26,26,3
3236,HARLEY QUINN™ Crazy Train,0,Monday,20,12.1,15.0,15,15.2,7,46,3
3236,HARLEY QUINN™ Crazy Train,0,Monday,21,,,,0.0,0,27,0
3236,HARLEY QUINN™ Crazy Train,0,Monday,22,,,,0.0,0,41,0
3236,HARLEY QUINN™ Crazy Train,0,Monday,23,,,,0.0,0,19,0
3236,HARLEY QUINN™ Crazy Train,1,Tuesday,0,,,,0.0,0,12,0
3236,HARLEY QUINN™ Crazy Train,1,Tuesday,1,,,,0.0,0,17,0
3236,HARLEY QUINN™ Crazy Train,1,Tuesday,2,,,,0.0,0,23,0
3236,HARLEY QUINN™ Crazy Train,1,Tuesday,3,,,,0.0,0,20,0
3236,HARLEY QUINN™ Crazy Train,1,Tuesday,4,,,,0.0,0,12,0
3236,HARLEY QUINN™ Crazy Train,1,Tuesday,5,,,,0.0,0,3,0
3236,HARLEY QUINN™ Crazy Train,1,Tuesday,9,,,,0.0,0,8,0
3236,HARLEY QUINN™ Crazy Train,1,Tuesday,10,0.0,0.0,0,33.3,6,18,2
3236,HARLEY QUINN™ Crazy Train,1,Tuesday,11,0.6,0.0,10,89.5,17,19,2
3236,HARLEY QUINN™ Crazy Train,1,Tuesday,12,6.6,10.0,15,90.5,19,21,2
3236,HARLEY QUINN™ Crazy Train,1,Tuesday,13,10.2,30.0,30,55.4,31,56,3
3236,HARLEY QUINN™ Crazy Train,1,Tuesday,14,13.3,30.0,30,67.5,27,40,4
3236,HARLEY QUINN™ Crazy Train,1,Tuesday,15,13.0,30.0,30,60.5,23,38,4
3236,HARLEY QUINN™ Crazy Train,1,Tuesday,16,11.6,30.0,30,55.4,31,56,3
3236,HARLEY QUINN™ Crazy Train,1,Tuesday,17,18.0,30.0,30,57.7,15,26,2
3236,HARLEY QUINN™ Crazy Train,1,Tuesday,18,10.0,30.0,30,61.2,30,49,4
3236,HARLEY QUINN™ Crazy Train,1,Tuesday,19,12.4,30.0,30,44.6,29,65,4
3236,HARLEY QUINN™ Crazy Train,1,Tuesday,20,30.0,30.0,30,7.1,2,28,1
3236,HARLEY QUINN™ Crazy Train,1,Tuesday,21,,,,0.0,0,59,0
3236,HARLEY QUINN™ Crazy Train,1,Tuesday,22,,,,0.0,0,34,0
3236,HARLEY QUINN™ Crazy Train,1,Tuesday,23,,,,0.0,0,23,0
3236,HARLEY QUINN™ Crazy Train,2,Wednesday,0,,,,0.0,0,10,0
3236,HARLEY QUINN™ Crazy Train,2,Wednesday,1,,,,0.0,0,20,0
3236,HARLEY QUINN™ Crazy Train,2,Wednesday,2,,,,0.0,0,11,0
3236,HARLEY QUINN™ Crazy Train,2,Wednesday,3,,,,0.0,0,27,0
3236,HARLEY QUINN™ Crazy Train,2,Wednesday,4,,,,0.0,0,10,0
3236,HARLEY QUINN™ Crazy Train,2,Wednesday,9,,,,0.0,0,8,0
3236,HARLEY QUINN™ Crazy Train,2,Wednesday,10,0.0,0.0,0,15.8,3,19,1
3236,HARLEY QUINN™ Crazy Train,2,Wednesday,11,0.0,0.0,0,100.0,15,15,2
3236,HARLEY QUINN™ Crazy Train,2,Wednesday,12,1.2,0.0,20,94.4,17,18,3
3236,HARLEY QUINN™ Crazy Train,2,Wednesday,13,4.5,15.0,20,45.7,21,46,3
3236,HARLEY QUINN™ Crazy Train,2,Wednesday,14,10.7,20.0,20,69.7,23,33,3
3236,HARLEY QUINN™ Crazy Train,2,Wednesday,15,9.8,15.0,20,56.8,21,37,4
3236,HARLEY QUINN™ Crazy Train,2,Wednesday,16,31.9,60.0,60,45.7,16,35,3
3236,HARLEY QUINN™ Crazy Train,2,Wednesday,17,24.6,60.0,60,50.0,14,28,2
3236,HARLEY QUINN™ Crazy Train,2,Wednesday,18,2.1,15.0,15,65.6,21,32,3
3236,HARLEY QUINN™ Crazy Train,2,Wednesday,19,18.2,60.0,60,31.8,14,44,4
3236,HARLEY QUINN™ Crazy Train,2,Wednesday,20,,,,0.0,0,41,0
3236,HARLEY QUINN™ Crazy Train,2,Wednesday,21,,,,0.0,0,35,0
3236,HARLEY QUINN™ Crazy Train,2,Wednesday,22,,,,0.0,0,23,0
3236,HARLEY QUINN™ Crazy Train,2,Wednesday,23,,,,0.0,0,18,0
3236,HARLEY QUINN™ Crazy Train,3,Thursday,0,,,,0.0,0,22,0
3236,HARLEY QUINN™ Crazy Train,3,Thursday,1,,,,0.0,0,27,0
3236,HARLEY QUINN™ Crazy Train,3,Thursday,2,,,,0.0,0,11,0
3236,HARLEY QUINN™ Crazy Train,3,Thursday,3,,,,0.0,0,29,0
3236,HARLEY QUINN™ Crazy Train,3,Thursday,4,,,,0.0,0,4,0
3236,HARLEY QUINN™ Crazy Train,3,Thursday,9,,,,0.0,0,5,0
3236,HARLEY QUINN™ Crazy Train,3,Thursday,10,0.0,0.0,0,33.3,4,12,1
3236,HARLEY QUINN™ Crazy Train,3,Thursday,11,0.0,0.0,0,100.0,12,12,1
3236,HARLEY QUINN™ Crazy Train,3,Thursday,12,0.0,0.0,0,78.9,15,19,2
3236,HARLEY QUINN™ Crazy Train,3,Thursday,13,0.0,0.0,0,50.0,21,42,2
3236,HARLEY QUINN™ Crazy Train,3,Thursday,14,4.7,10.0,10,60.7,17,28,2
3236,HARLEY QUINN™ Crazy Train,3,Thursday,15,4.6,10.0,10,56.5,26,46,3
3236,HARLEY QUINN™ Crazy Train,3,Thursday,16,6.9,10.0,10,55.2,16,29,2
3236,HARLEY QUINN™ Crazy Train,3,Thursday,17,7.9,10.0,10,40.0,14,35,2
3236,HARLEY QUINN™ Crazy Train,3,Thursday,18,3.0,10.0,10,28.6,10,35,3
3236,HARLEY QUINN™ Crazy Train,3,Thursday,19,0.0,0.0,0,30.5,18,59,3
3236,HARLEY QUINN™ Crazy Train,3,Thursday,20,0.0,0.0,0,25.0,11,44,2
3236,HARLEY QUINN™ Crazy Train,3,Thursday,21,,,,0.0,0,25,0
3236,HARLEY QUINN™ Crazy Train,3,Thursday,22,,,,0.0,0,53,0
3236,HARLEY QUINN™ Crazy Train,3,Thursday,23,,,,0.0,0,22,0
3236,HARLEY QUINN™ Crazy Train,4,Friday,0,,,,0.0,0,19,0
3236,HARLEY QUINN™ Crazy Train,4,Friday,1,,,,0.0,0,10,0
3236,HARLEY QUINN™ Crazy Train,4,Friday,2,,,,0.0,0,14,0
3236,HARLEY QUINN™ Crazy Train,4,Friday,3,,,,0.0,0,26,0
3236,HARLEY QUINN™ Crazy Train,4,Friday,4,,,,0.0,0,25,0
3236,HARLEY QUINN™ Crazy Train,4,Friday,5,,,,0.0,0,1,0
3236,HARLEY QUINN™ Crazy Train,4,Friday,9,,,,0.0,0,5,0
3236,HARLEY QUINN™ Crazy Train,4,Friday,10,0.0,0.0,0,25.0,3,12,1
3236,HARLEY QUINN™ Crazy Train,4,Friday,11,0.0,0.0,0,100.0,12,12,1
3236,HARLEY QUINN™ Crazy Train,4,Friday,12,0.0,0.0,0,73.9,17,23,2
3236,HARLEY QUINN™ Crazy Train,4,Friday,13,7.9,30.0,30,45.2,19,42,2
3236,HARLEY QUINN™ Crazy Train,4,Friday,14,30.0,30.0,30,40.0,12,30,1
3236,HARLEY QUINN™ Crazy Train,4,Friday,15,16.4,30.0,30,55.0,22,40,2
3236,HARLEY QUINN™ Crazy Train,4,Friday,16,25.7,30.0,30,60.9,14,23,2
3236,HARLEY QUINN™ Crazy Train,4,Friday,17,21.2,30.0,30,50.0,17,34,2
3236,HARLEY QUINN™ Crazy Train,4,Friday,18,10.5,30.0,30,70.2,33,47,5
3236,HARLEY QUINN™ Crazy Train,4,Friday,19,12.2,30.0,30,88.4,38,43,6
3236,HARLEY QUINN™ Crazy Train,4,Friday,20,12.0,30.0,30,71.4,30,42,4
3236,HARLEY QUINN™ Crazy Train,4,Friday,21,17.1,30.0,30,95.5,21,22,2
3236,HARLEY QUINN™ Crazy Train,4,Friday,22,4.1,30.0,30,41.5,22,53,4
3236,HARLEY QUINN™ Crazy Train,4,Friday,23,0.0,0.0,0,18.2,4,22,2
3236,HARLEY QUINN™ Crazy Train,5,Saturday,0,,,,0.0,0,23,0
3236,HARLEY QUINN™ Crazy Train,5,Saturday,1,,,,0.0,0,3,0
3236,HARLEY QUINN™ Crazy Train,5,Saturday,2,,,,0.0,0,8,0
3236,HARLEY QUINN™ Crazy Train,5,Saturday,3,,,,0.0,0,33,0
3236,HARLEY QUINN™ Crazy Train,5,Saturday,4,,,,0.0,0,18,0
3236,HARLEY QUINN™ Crazy Train,5,Saturday,5,,,,0.0,0,1,0
3236,HARLEY QUINN™ Crazy Train,5,Saturday,9,,,,0.0,0,8,0
3236,HARLEY QUINN™ Crazy Train,5,Saturday,10,0.0,0.0,0,33.3,4,12,1
3236,HARLEY QUINN™ Crazy Train,5,Saturday,11,2.4,10.0,10,100.0,17,17,3
3236,HARLEY QUINN™ Crazy Train,5,Saturday,12,5.3,10.0,25,100.0,49,49,7
3236,HARLEY QUINN™ Crazy Train,5,Saturday,13,13.5,30.0,30,95.7,44,46,7
3236,HARLEY QUINN™ Crazy Train,5,Saturday,14,20.1,30.0,30,100.0,36,36,4
3236,HARLEY QUINN™ Crazy Train,5,Saturday,15,18.1,45.0,45,100.0,42,42,6
3236,HARLEY QUINN™ Crazy Train,5,Saturday,16,22.7,45.0,45,100.0,48,48,6
3236,HARLEY QUINN™ Crazy Train,5,Saturday,17,30.9,35.0,40,100.0,27,27,4
3236,HARLEY QUINN™ Crazy Train,5,Saturday,18,27.6,45.0,45,93.1,54,58,7
3236,HARLEY QUINN™ Crazy Train,5,Saturday,19,32.1,40.0,45,95.1,39,41,7
3236,HARLEY QUINN™ Crazy Train,5,Saturday,20,30.3,45.0,45,72.1,31,43,6
3236,HARLEY QUINN™ Crazy Train,5,Saturday,21,27.4,40.0,40,91.1,41,45,5
3236,HARLEY QUINN™ Crazy Train,5,Saturday,22,45.7,60.0,60,57.7,15,26,4
3236,HARLEY QUINN™ Crazy Train,5,Saturday,23,60.0,60.0,60,16.7,2,12,1
3236,HARLEY QUINN™ Crazy Train,6,Sunday,0,,,,0.0,0,12,0
3236,HARLEY QUINN™ Crazy Train,6,Sunday,1,,,,0.0,0,22,0
3236,HARLEY QUINN™ Crazy Train,6,Sunday,2,,,,0.0,0,35,0
3236,HARLEY QUINN™ Crazy Train,6,Sunday,3,,,,0.0,0,7,0
3236,HARLEY QUINN™ Crazy Train,6,Sunday,4,,,,0.0,0,5,0
3236,HARLEY QUINN™ Crazy Train,6,Sunday,5,,,,0.0,0,7,0
3236,HARLEY QUINN™ Crazy Train,6,Sunday,9,,,,0.0,0,7,0
3236,HARLEY QUINN™ Crazy Train,6,Sunday,10,0.0,0.0,0,33.3,4,12,1
3236,HARLEY QUINN™ Crazy Train,6,Sunday,11,0.0,0.0,0,64.3,9,14,2
3236,HARLEY QUINN™ Crazy Train,6,Sunday,12,1.3,0.0,20,100.0,31,31,4
3236,HARLEY QUINN™ Crazy Train,6,Sunday,13,7.5,20.0,20,81.4,48,59,6
3236,HARLEY QUINN™ Crazy Train,6,Sunday,14,20.8,30.0,30,85.7,24,28,3
3236,HARLEY QUINN™ Crazy Train,6,Sunday,15,11.3,30.0,50,91.9,34,37,5
3236,HARLEY QUINN™ Crazy Train,6,Sunday,16,25.8,50.0,50,100.0,43,43,7
3236,HARLEY QUINN™ Crazy Train,6,Sunday,17,16.4,30.0,50,96.7,29,30,6
3236,HARLEY QUINN™ Crazy Train,6,Sunday,18,25.2,50.0,50,95.7,44,46,5
3236,HARLEY QUINN™ Crazy Train,6,Sunday,19,18.9,50.0,50,95.7,45,47,7
3236,HARLEY QUINN™ Crazy Train,6,Sunday,20,18.9,50.0,50,83.7,36,43,7
3236,HARLEY QUINN™ Crazy Train,6,Sunday,21,34.6,50.0,50,38.2,13,34,3
3236,HARLEY QUINN™ Crazy Train,6,Sunday,22,16.7,50.0,50,6.1,3,49,2
3236,HARLEY QUINN™ Crazy Train,6,Sunday,23,,,,0.0,0,19,0
3249,Houdini’s Great Escape,0,Monday,0,,,,0.0,0,12,0
3249,Houdini’s Great Escape,0,Monday,1,,,,0.0,0,4,0
3249,Houdini’s Great Escape,0,Monday,2,,,,0.0,0,17,0
3249,Houdini’s Great Escape,0,Monday,3,,,,0.0,0,9,0
3249,Houdini’s Great Escape,0,Monday,4,,,,0.0,0,34,0
3249,Houdini’s Great Escape,0,Monday,5,,,,0.0,0,9,0
3249,Houdini’s Great Escape,0,Monday,6,,,,0.0,0,3,0
3249,Houdini’s Great Escape,0,Monday,9,,,,0.0,0,4,0
3249,Houdini’s Great Escape,0,Monday,10,0.0,0.0,0,33.3,4,12,1
3249,Houdini’s Great Escape,0,Monday,11,0.0,0.0,0,100.0,12,12,1
3249,Houdini’s Great Escape,0,Monday,12,0.0,0.0,0,100.0,12,12,1
3249,Houdini’s Great Escape,0,Monday,13,0.0,0.0,0,100.0,13,13,2
3249,Houdini’s Great Escape,0,Monday,14,5.9,15.0,15,57.5,23,40,2
3249,Houdini’s Great Escape,0,Monday,15,0.0,0.0,0,70.0,21,30,2
3249,Houdini’s Great Escape,0,Monday,16,0.0,0.0,0,60.0,15,25,2
3249,Houdini’s Great Escape,0,Monday,17,6.8,15.0,15,95.7,22,23,2
3249,Houdini’s Great Escape,0,Monday,18,2.1,15.0,15,37.8,14,37,2
3249,Houdini’s Great Escape,0,Monday,19,2.9,15.0,15,100.0,26,26,3
3249,Houdini’s Great Escape,0,Monday,20,6.4,15.0,15,15.2,7,46,3
3249,Houdini’s Great Escape,0,Monday,21,,,,0.0,0,27,0
3249,Houdini’s Great Escape,0,Monday,22,,,,0.0,0,41,0
3249,Houdini’s Great Escape,0,Monday,23,,,,0.0,0,19,0
3249,Houdini’s Great Escape,1,Tuesday,0,,,,0.0,0,12,0
3249,Houdini’s Great Escape,1,Tuesday,1,,,,0.0,0,17,0
3249,Houdini’s Great Escape,1,Tuesday,2,,,,0.0,0,23,0
3249,Houdini’s Great Escape,1,Tuesday,3,,,,0.0,0,20,0
3249,Houdini’s Great Escape,1,Tuesday,4,,,,0.0,0,12,0
3249,Houdini’s Great Escape,1,Tuesday,5,,,,0.0,0,3,0
3249,Houdini’s Great Escape,1,Tuesday,9,,,,0.0,0,8,0
3249,Houdini’s Great Escape,1,Tuesday,10,0.0,0.0,0,33.3,6,18,2
3249,Houdini’s Great Escape,1,Tuesday,11,0.3,0.0,5,100.0,19,19,2
3249,Houdini’s Great Escape,1,Tuesday,12,1.8,5.0,5,90.5,19,21,2
3249,Houdini’s Great Escape,1,Tuesday,13,1.3,5.0,5,55.4,31,56,3
3249,Houdini’s Great Escape,1,Tuesday,14,3.2,10.0,10,47.5,19,40,3
3249,Houdini’s Great Escape,1,Tuesday,15,7.4,15.0,15,55.3,21,38,3
3249,Houdini’s Great Escape,1,Tuesday,16,8.4,15.0,15,55.4,31,56,3
3249,Houdini’s Great Escape,1,Tuesday,17,13.0,15.0,15,76.9,20,26,2
3249,Houdini’s Great Escape,1,Tuesday,18,7.5,15.0,15,57.1,28,49,3
3249,Houdini’s Great Escape,1,Tuesday,19,5.8,10.0,10,40.0,26,65,3
3249,Houdini’s Great Escape,1,Tuesday,20,5.0,5.0,5,7.1,2,28,1
3249,Houdini’s Great Escape,1,Tuesday,21,,,,0.0,0,59,0
3249,Houdini’s Great Escape,1,Tuesday,22,,,,0.0,0,34,0
3249,Houdini’s Great Escape,1,Tuesday,23,,,,0.0,0,23,0
3249,Houdini’s Great Escape,2,Wednesday,0,,,,0.0,0,10,0
3249,Houdini’s Great Escape,2,Wednesday,1,,,,0.0,0,20,0
3249,Houdini’s Great Escape,2,Wednesday,2,,,,0.0,0,11,0
3249,Houdini’s Great Escape,2,Wednesday,3,,,,0.0,0,27,0
3249,Houdini’s Great Escape,2,Wednesday,4,,,,0.0,0,10,0
3249,Houdini’s Great Escape,2,Wednesday,9,,,,0.0,0,8,0
3249,Houdini’s Great Escape,2,Wednesday,10,0.0,0.0,0,5.3,1,19,1
3249,Houdini’s Great Escape,2,Wednesday,11,0.0,0.0,0,93.3,14,15,2
3249,Houdini’s Great Escape,2,Wednesday,12,0.0,0.0,0,94.4,17,18,3
3249,Houdini’s Great Escape,2,Wednesday,13,0.0,0.0,0,45.7,21,46,3
3249,Houdini’s Great Escape,2,Wednesday,14,0.0,0.0,0,36.4,12,33,2
3249,Houdini’s Great Escape,2,Wednesday,15,0.0,0.0,0,45.9,17,37,2
3249,Houdini’s Great Escape,2,Wednesday,16,0.0,0.0,0,45.7,16,35,3
3249,Houdini’s Great Escape,2,Wednesday,17,0.0,0.0,0,53.6,15,28,2
3249,Houdini’s Great Escape,2,Wednesday,18,0.0,0.0,0,43.8,14,32,2
3249,Houdini’s Great Escape,2,Wednesday,19,0.8,5.0,5,27.3,12,44,3
3249,Houdini’s Great Escape,2,Wednesday,20,5.0,5.0,5,7.3,3,41,1
3249,Houdini’s Great Escape,2,Wednesday,21,,,,0.0,0,35,0
3249,Houdini’s Great Escape,2,Wednesday,22,,,,0.0,0,23,0
3249,Houdini’s Great Escape,2,Wednesday,23,,,,0.0,0,18,0
3249,Houdini’s Great Escape,3,Thursday,0,,,,0.0,0,22,0
3249,Houdini’s Great Escape,3,Thursday,1,,,,0.0,0,27,0
3249,Houdini’s Great Escape,3,Thursday,2,,,,0.0,0,11,0
3249,Houdini’s Great Escape,3,Thursday,3,,,,0.0,0,29,0
3249,Houdini’s Great Escape,3,Thursday,4,,,,0.0,0,4,0
3249,Houdini’s Great Escape,3,Thursday,9,,,,0.0,0,5,0
3249,Houdini’s Great Escape,3,Thursday,10,0.0,0.0,0,33.3,4,12,1
3249,Houdini’s Great Escape,3,Thursday,11,0.0,0.0,0,100.0,12,12,1
3249,Houdini’s Great Escape,3,Thursday,12,0.0,0.0,0,78.9,15,19,2
3249,Houdini’s Great Escape,3,Thursday,13,0.0,0.0,0,50.0,21,42,2
3249,Houdini’s Great Escape,3,Thursday,14,2.3,5.0,5,53.6,15,28,2
3249,Houdini’s Great Escape,3,Thursday,15,2.3,5.0,5,56.5,26,46,3
3249,Houdini’s Great Escape,3,Thursday,16,3.5,5.0,5,58.6,17,29,2
3249,Houdini’s Great Escape,3,Thursday,17,4.0,5.0,5,42.9,15,35,2
3249,Houdini’s Great Escape,3,Thursday,18,1.2,5.0,5,37.1,13,35,3
3249,Houdini’s Great Escape,3,Thursday,19,0.0,0.0,0,30.5,18,59,3
3249,Houdini’s Great Escape,3,Thursday,20,0.0,0.0,0,25.0,11,44,2
3249,Houdini’s Great Escape,3,Thursday,21,,,,0.0,0,25,0
3249,Houdini’s Great Escape,3,Thursday,22,,,,0.0,0,53,0
3249,Houdini’s Great Escape,3,Thursday,23,,,,0.0,0,22,0
3249,Houdini’s Great Escape,4,Friday,0,,,,0.0,0,19,0
3249,Houdini’s Great Escape,4,Friday,1,,,,0.0,0,10,0
3249,Houdini’s Great Escape,4,Friday,2,,,,0.0,0,14,0
3249,Houdini’s Great Escape,4,Friday,3,,,,0.0,0,26,0
3249,Houdini’s Great Escape,4,Friday,4,,,,0.0,0,25,0
3249,Houdini’s Great Escape,4,Friday,5,,,,0.0,0,1,0
3249,Houdini’s Great Escape,4,Friday,9,,,,0.0,0,5,0
3249,Houdini’s Great Escape,4,Friday,10,0.0,0.0,0,25.0,3,12,1
3249,Houdini’s Great Escape,4,Friday,11,0.0,0.0,0,100.0,12,12,1
3249,Houdini’s Great Escape,4,Friday,12,0.0,0.0,0,73.9,17,23,2
3249,Houdini’s Great Escape,4,Friday,13,0.0,0.0,0,45.2,19,42,2
3249,Houdini’s Great Escape,4,Friday,14,0.0,0.0,0,40.0,12,30,1
3249,Houdini’s Great Escape,4,Friday,15,13.6,30.0,30,55.0,22,40,2
3249,Houdini’s Great Escape,4,Friday,16,25.7,30.0,30,60.9,14,23,2
3249,Houdini’s Great Escape,4,Friday,17,22.4,30.0,30,50.0,17,34,2
3249,Houdini’s Great Escape,4,Friday,18,11.4,30.0,30,70.2,33,47,5
3249,Houdini’s Great Escape,4,Friday,19,11.6,30.0,30,81.4,35,43,5
3249,Houdini’s Great Escape,4,Friday,20,16.4,30.0,30,52.4,22,42,3
3249,Houdini’s Great Escape,4,Friday,21,17.1,30.0,30,95.5,21,22,2
3249,Houdini’s Great Escape,4,Friday,22,7.5,30.0,30,22.6,12,53,3
3249,Houdini’s Great Escape,4,Friday,23,0.0,0.0,0,9.1,2,22,1
3249,Houdini’s Great Escape,5,Saturday,0,,,,0.0,0,23,0
3249,Houdini’s Great Escape,5,Saturday,1,,,,0.0,0,3,0
3249,Houdini’s Great Escape,5,Saturday,2,,,,0.0,0,8,0
3249,Houdini’s Great Escape,5,Saturday,3,,,,0.0,0,33,0
3249,Houdini’s Great Escape,5,Saturday,4,,,,0.0,0,18,0
3249,Houdini’s Great Escape,5,Saturday,5,,,,0.0,0,1,0
3249,Houdini’s Great Escape,5,Saturday,9,,,,0.0,0,8,0
3249,Houdini’s Great Escape,5,Saturday,10,0.0,0.0,0,33.3,4,12,1
3249,Houdini’s Great Escape,5,Saturday,11,0.0,0.0,0,100.0,17,17,3
3249,Houdini’s Great Escape,5,Saturday,12,0.6,5.0,5,100.0,49,49,7
3249,Houdini’s Great Escape,5,Saturday,13,1.3,5.0,5,100.0,46,46,7
3249,Houdini’s Great Escape,5,Saturday,14,3.6,15.0,15,100.0,36,36,4
3249,Houdini’s Great Escape,5,Saturday,15,8.7,15.0,45,100.0,42,42,6
3249,Houdini’s Great Escape,5,Saturday,16,10.9,45.0,45,100.0,48,48,6
3249,Houdini’s Great Escape,5,Saturday,17,18.1,40.0,40,100.0,27,27,4
3249,Houdini’s Great Escape,5,Saturday,18,15.3,60.0,60,100.0,58,58,7
3249,Houdini’s Great Escape,5,Saturday,19,21.2,60.0,60,100.0,41,41,7
3249,Houdini’s Great Escape,5,Saturday,20,10.6,20.0,40,81.4,35,43,6
3249,Houdini’s Great Escape,5,Saturday,21,13.4,40.0,40,95.6,43,45,5
3249,Houdini’s Great Escape,5,Saturday,22,55.5,90.0,90,73.1,19,26,4
3249,Houdini’s Great Escape,5,Saturday,23,90.0,90.0,90,16.7,2,12,1
3249,Houdini’s Great Escape,6,Sunday,0,,,,0.0,0,12,0
3249,Houdini’s Great Escape,6,Sunday,1,,,,0.0,0,22,0
3249,Houdini’s Great Escape,6,Sunday,2,,,,0.0,0,35,0
3249,Houdini’s Great Escape,6,Sunday,3,,,,0.0,0,7,0
3249,Houdini’s Great Escape,6,Sunday,4,,,,0.0,0,5,0
3249,Houdini’s Great Escape,6,Sunday,5,,,,0.0,0,7,0
3249,Houdini’s Great Escape,6,Sunday,9,,,,0.0,0,7,0
3249,Houdini’s Great Escape,6,Sunday,10,0.0,0.0,0,33.3,4,12,1
3249,Houdini’s Great Escape,6,Sunday,11,0.0,0.0,0,100.0,14,14,2
3249,Houdini’s Great Escape,6,Sunday,12,0.0,0.0,0,100.0,31,31,4
3249,Houdini’s Great Escape,6,Sunday,13,0.0,0.0,0,86.4,51,59,6
3249,Houdini’s Great Escape,6,Sunday,14,0.0,0.0,0,85.7,24,28,3
3249,Houdini’s Great Escape,6,Sunday,15,0.0,0.0,0,100.0,37,37,5
3249,Houdini’s Great Escape,6,Sunday,16,6.6,15.0,40,100.0,43,43,7
3249,Houdini’s Great Escape,6,Sunday,17,18.7,40.0,40,100.0,30,30,6
3249,Houdini’s Great Escape,6,Sunday,18,15.3,40.0,40,80.4,37,46,5
3249,Houdini’s Great Escape,6,Sunday,19,6.6,25.0,25,74.5,35,47,6
3249,Houdini’s Great Escape,6,Sunday,20,16.0,40.0,40,81.4,35,43,7
3249,Houdini’s Great Escape,6,Sunday,21,9.4,40.0,40,50.0,17,34,4
3249,Houdini’s Great Escape,6,Sunday,22,1.7,5.0,5,6.1,3,49,2
3249,Houdini’s Great Escape,6,Sunday,23,,,,0.0,0,19,0
17427,Hypno Twister,0,Monday,0,,,,0.0,0,12,0
17427,Hypno Twister,0,Monday,1,,,,0.0,0,4,0
17427,Hypno Twister,0,Monday,2,,,,0.0,0,17,0
17427,Hypno Twister,0,Monday,3,,,,0.0,0,9,0
17427,Hypno Twister,0,Monday,4,,,,0.0,0,34,0
17427,Hypno Twister,0,Monday,5,,,,0.0,0,9,0
17427,Hypno Twister,0,Monday,6,,,,0.0,0,3,0
17427,Hypno Twister,0,Monday,9,,,,0.0,0,4,0
17427,Hypno Twister,0,Monday,10,,,,0.0,0,12,0
17427,Hypno Twister,0,Monday,11,,,,0.0,0,12,0
17427,Hypno Twister,0,Monday,12,,,,0.0,0,12,0
17427,Hypno Twister,0,Monday,13,30.0,30.0,30,7.7,1,13,1
17427,Hypno Twister,0,Monday,14,30.0,30.0,30,22.5,9,40,1
17427,Hypno Twister,0,Monday,15,0.0,0.0,0,30.0,9,30,1
17427,Hypno Twister,0,Monday,16,0.0,0.0,0,12.0,3,25,1
17427,Hypno Twister,0,Monday,17,42.0,45.0,45,43.5,10,23,1
17427,Hypno Twister,0,Monday,18,45.0,45.0,45,5.4,2,37,1
17427,Hypno Twister,0,Monday,19,13.9,45.0,45,53.8,14,26,2
17427,Hypno Twister,0,Monday,20,9.0,15.0,15,10.9,5,46,2
17427,Hypno Twister,0,Monday,21,,,,0.0,0,27,0
17427,Hypno Twister,0,Monday,22,,,,0.0,0,41,0
17427,Hypno Twister,0,Monday,23,,,,0.0,0,19,0
17427,Hypno Twister,1,Tuesday,0,,,,0.0,0,12,0
17427,Hypno Twister,1,Tuesday,1,,,,0.0,0,17,0
17427,Hypno Twister,1,Tuesday,2,,,,0.0,0,23,0
17427,Hypno Twister,1,Tuesday,3,,,,0.0,0,20,0
17427,Hypno Twister,1,Tuesday,4,,,,0.0,0,12,0
17427,Hypno Twister,1,Tuesday,5,,,,0.0,0,3,0
17427,Hypno Twister,1,Tuesday,9,,,,0.0,0,8,0
17427,Hypno Twister,1,Tuesday,10,,,,0.0,0,18,0
17427,Hypno Twister,1,Tuesday,11,,,,0.0,0,19,0
17427,Hypno Twister,1,Tuesday,12,,,,0.0,0,21,0
17427,Hypno Twister,1,Tuesday,13,0.0,0.0,0,19.6,11,56,1
17427,Hypno Twister,1,Tuesday,14,0.0,0.0,0,22.5,9,40,2
17427,Hypno Twister,1,Tuesday,15,0.0,0.0,0,13.2,5,38,2
17427,Hypno Twister,1,Tuesday,16,0.0,0.0,0,19.6,11,56,1
17427,Hypno Twister,1,Tuesday,17,,,,0.0,0,26,0
17427,Hypno Twister,1,Tuesday,18,0.0,0.0,0,20.4,10,49,2
17427,Hypno Twister,1,Tuesday,19,0.0,0.0,0,12.3,8,65,2
17427,Hypno Twister,1,Tuesday,20,,,,0.0,0,28,0
17427,Hypno Twister,1,Tuesday,21,,,,0.0,0,59,0
17427,Hypno Twister,1,Tuesday,22,,,,0.0,0,34,0
17427,Hypno Twister,1,Tuesday,23,,,,0.0,0,23,0
17427,Hypno Twister,2,Wednesday,0,,,,0.0,0,10,0
17427,Hypno Twister,2,Wednesday,1,,,,0.0,0,20,0
17427,Hypno Twister,2,Wednesday,2,,,,0.0,0,11,0
17427,Hypno Twister,2,Wednesday,3,,,,0.0,0,27,0
17427,Hypno Twister,2,Wednesday,4,,,,0.0,0,10,0
17427,Hypno Twister,2,Wednesday,9,,,,0.0,0,8,0
17427,Hypno Twister,2,Wednesday,10,,,,0.0,0,19,0
17427,Hypno Twister,2,Wednesday,11,,,,0.0,0,15,0
17427,Hypno Twister,2,Wednesday,12,0.0,0.0,0,5.6,1,18,1
17427,Hypno Twister,2,Wednesday,13,0.0,0.0,0,23.9,11,46,1
17427,Hypno Twister,2,Wednesday,14,0.0,0.0,0,30.3,10,33,1
17427,Hypno Twister,2,Wednesday,15,0.0,0.0,0,21.6,8,37,2
17427,Hypno Twister,2,Wednesday,16,0.0,0.0,0,11.4,4,35,1
17427,Hypno Twister,2,Wednesday,17,,,,0.0,0,28,0
17427,Hypno Twister,2,Wednesday,18,0.0,0.0,0,50.0,16,32,2
17427,Hypno Twister,2,Wednesday,19,6.7,10.0,10,6.8,3,44,2
17427,Hypno Twister,2,Wednesday,20,10.0,10.0,10,7.3,3,41,1
17427,Hypno Twister,2,Wednesday,21,,,,0.0,0,35,0
17427,Hypno Twister,2,Wednesday,22,,,,0.0,0,23,0
17427,Hypno Twister,2,Wednesday,23,,,,0.0,0,18,0
17427,Hypno Twister,3,Thursday,0,,,,0.0,0,22,0
17427,Hypno Twister,3,Thursday,1,,,,0.0,0,27,0
17427,Hypno Twister,3,Thursday,2,,,,0.0,0,11,0
17427,Hypno Twister,3,Thursday,3,,,,0.0,0,29,0
17427,Hypno Twister,3,Thursday,4,,,,0.0,0,4,0
17427,Hypno Twister,3,Thursday,9,,,,0.0,0,5,0
17427,Hypno Twister,3,Thursday,10,,,,0.0,0,12,0
17427,Hypno Twister,3,Thursday,11,,,,0.0,0,12,0
17427,Hypno Twister,3,Thursday,12,0.0,0.0,0,15.8,3,19,1
17427,Hypno Twister,3,Thursday,13,0.0,0.0,0,21.4,9,42,1
17427,Hypno Twister,3,Thursday,14,0.0,0.0,0,3.6,1,28,1
17427,Hypno Twister,3,Thursday,15,0.0,0.0,0,21.7,10,46,2
17427,Hypno Twister,3,Thursday,16,0.0,0.0,0,13.8,4,29,1
17427,Hypno Twister,3,Thursday,17,0.0,0.0,0,8.6,3,35,1
17427,Hypno Twister,3,Thursday,18,0.0,0.0,0,28.6,10,35,2
17427,Hypno Twister,3,Thursday,19,0.0,0.0,0,30.5,18,59,3
17427,Hypno Twister,3,Thursday,20,0.0,0.0,0,25.0,11,44,2
17427,Hypno Twister,3,Thursday,21,,,,0.0,0,25,0
17427,Hypno Twister,3,Thursday,22,,,,0.0,0,53,0
17427,Hypno Twister,3,Thursday,23,,,,0.0,0,22,0
17427,Hypno Twister,4,Friday,0,,,,0.0,0,19,0
17427,Hypno Twister,4,Friday,1,,,,0.0,0,10,0
17427,Hypno Twister,4,Friday,2,,,,0.0,0,14,0
17427,Hypno Twister,4,Friday,3,,,,0.0,0,26,0
17427,Hypno Twister,4,Friday,4,,,,0.0,0,25,0
17427,Hypno Twister,4,Friday,5,,,,0.0,0,1,0
17427,Hypno Twister,4,Friday,9,,,,0.0,0,5,0
17427,Hypno Twister,4,Friday,10,,,,0.0,0,12,0
17427,Hypno Twister,4,Friday,11,,,,0.0,0,12,0
17427,Hypno Twister,4,Friday,12,0.0,0.0,0,21.7,5,23,1
17427,Hypno Twister,4,Friday,13,0.0,0.0,0,16.7,7,42,1
17427,Hypno Twister,4,Friday,14,,,,0.0,0,30,0
17427,Hypno Twister,4,Friday,15,0.0,0.0,0,25.0,10,40,1
17427,Hypno Twister,4,Friday,16,0.0,0.0,0,8.7,2,23,1
17427,Hypno Twister,4,Friday,17,13.0,15.0,15,14.7,5,34,1
17427,Hypno Twister,4,Friday,18,2.0,5.0,10,46.8,22,47,4
17427,Hypno Twister,4,Friday,19,4.4,10.0,10,62.8,27,43,5
17427,Hypno Twister,4,Friday,20,0.6,5.0,5,42.9,18,42,3
17427,Hypno Twister,4,Friday,21,10.0,30.0,30,27.3,6,22,1
17427,Hypno Twister,4,Friday,22,5.0,30.0,30,34.0,18,53,3
17427,Hypno Twister,4,Friday,23,0.0,0.0,0,18.2,4,22,2
17427,Hypno Twister,5,Saturday,0,,,,0.0,0,23,0
17427,Hypno Twister,5,Saturday,1,,,,0.0,0,3,0
17427,Hypno Twister,5,Saturday,2,,,,0.0,0,8,0
17427,Hypno Twister,5,Saturday,3,,,,0.0,0,33,0
17427,Hypno Twister,5,Saturday,4,,,,0.0,0,18,0
17427,Hypno Twister,5,Saturday,5,,,,0.0,0,1,0
17427,Hypno Twister,5,Saturday,9,,,,0.0,0,8,0
17427,Hypno Twister,5,Saturday,10,0.0,0.0,0,16.7,2,12,1
17427,Hypno Twister,5,Saturday,11,0.0,0.0,0,29.4,5,17,2
17427,Hypno Twister,5,Saturday,12,0.0,0.0,0,75.5,37,49,6
17427,Hypno Twister,5,Saturday,13,0.0,0.0,0,73.9,34,46,6
17427,Hypno Twister,5,Saturday,14,0.0,0.0,0,58.3,21,36,3
17427,Hypno Twister,5,Saturday,15,7.0,25.0,25,71.4,30,42,5
17427,Hypno Twister,5,Saturday,16,8.2,25.0,25,68.8,33,48,5
17427,Hypno Twister,5,Saturday,17,0.8,0.0,10,48.1,13,27,3
17427,Hypno Twister,5,Saturday,18,6.8,25.0,25,67.2,39,58,6
17427,Hypno Twister,5,Saturday,19,12.6,30.0,30,65.9,27,41,5
17427,Hypno Twister,5,Saturday,20,16.6,30.0,30,44.2,19,43,4
17427,Hypno Twister,5,Saturday,21,14.0,30.0,35,64.4,29,45,4
17427,Hypno Twister,5,Saturday,22,35.7,40.0,40,53.8,14,26,3
17427,Hypno Twister,5,Saturday,23,40.0,40.0,40,16.7,2,12,1
17427,Hypno Twister,6,Sunday,0,,,,0.0,0,12,0
17427,Hypno Twister,6,Sunday,1,,,,0.0,0,22,0
17427,Hypno Twister,6,Sunday,2,,,,0.0,0,35,0
17427,Hypno Twister,6,Sunday,3,,,,0.0,0,7,0
17427,Hypno Twister,6,Sunday,4,,,,0.0,0,5,0
17427,Hypno Twister,6,Sunday,5,,,,0.0,0,7,0
17427,Hypno Twister,6,Sunday,9,,,,0.0,0,7,0
17427,Hypno Twister,6,Sunday,10,,,,0.0,0,12,0
17427,Hypno Twister,6,Sunday,11,0.0,0.0,0,14.3,2,14,1
17427,Hypno Twister,6,Sunday,12,0.0,0.0,0,61.3,19,31,3
17427,Hypno Twister,6,Sunday,13,0.0,0.0,0,62.7,37,59,4
17427,Hypno Twister,6,Sunday,14,0.0,0.0,0,28.6,8,28,2
17427,Hypno Twister,6,Sunday,15,0.0,0.0,0,70.3,26,37,4
17427,Hypno Twister,6,Sunday,16,2.8,10.0,10,93.0,40,43,6
17427,Hypno Twister,6,Sunday,17,3.3,30.0,30,60.0,18,30,5
17427,Hypno Twister,6,Sunday,18,10.0,30.0,30,56.5,26,46,4
17427,Hypno Twister,6,Sunday,19,9.9,45.0,45,72.3,34,47,6
17427,Hypno Twister,6,Sunday,20,8.3,45.0,45,48.8,21,43,5
17427,Hypno Twister,6,Sunday,21,32.2,45.0,45,47.1,16,34,3
17427,Hypno Twister,6,Sunday,22,15.0,45.0,45,6.1,3,49,2
17427,Hypno Twister,6,Sunday,23,,,,0.0,0,19,0
17771,JASON: Blood Reign,0,Monday,3,,,,0.0,0,1,0
17771,JASON: Blood Reign,0,Monday,4,,,,0.0,0,23,0
17771,JASON: Blood Reign,0,Monday,5,,,,0.0,0,9,0
17771,JASON: Blood Reign,0,Monday,6,,,,0.0,0,3,0
17771,JASON: Blood Reign,0,Monday,14,,,,0.0,0,8,0
17771,JASON: Blood Reign,0,Monday,15,,,,0.0,0,6,0
17771,JASON: Blood Reign,0,Monday,16,,,,0.0,0,10,0
17771,JASON: Blood Reign,0,Monday,18,,,,0.0,0,12,0
17771,JASON: Blood Reign,0,Monday,20,,,,0.0,0,13,0
17771,JASON: Blood Reign,0,Monday,21,,,,0.0,0,16,0
17771,JASON: Blood Reign,0,Monday,22,,,,0.0,0,7,0
17771,JASON: Blood Reign,1,Tuesday,1,,,,0.0,0,3,0
17771,JASON: Blood Reign,1,Tuesday,2,,,,0.0,0,21,0
17771,JASON: Blood Reign,1,Tuesday,4,,,,0.0,0,9,0
17771,JASON: Blood Reign,1,Tuesday,5,,,,0.0,0,3,0
17771,JASON: Blood Reign,1,Tuesday,13,,,,0.0,0,7,0
17771,JASON: Blood Reign,1,Tuesday,14,,,,0.0,0,17,0
17771,JASON: Blood Reign,1,Tuesday,15,,,,0.0,0,12,0
17771,JASON: Blood Reign,1,Tuesday,16,,,,0.0,0,9,0
17771,JASON: Blood Reign,1,Tuesday,17,,,,0.0,0,3,0
17771,JASON: Blood Reign,1,Tuesday,18,,,,0.0,0,9,0
17771,JASON: Blood Reign,1,Tuesday,19,,,,0.0,0,27,0
17771,JASON: Blood Reign,1,Tuesday,21,,,,0.0,0,16,0
17771,JASON: Blood Reign,1,Tuesday,22,,,,0.0,0,20,0
17771,JASON: Blood Reign,2,Wednesday,2,,,,0.0,0,2,0
17771,JASON: Blood Reign,2,Wednesday,3,,,,0.0,0,24,0
17771,JASON: Blood Reign,2,Wednesday,4,,,,0.0,0,10,0
17771,JASON: Blood Reign,2,Wednesday,13,,,,0.0,0,6,0
17771,JASON: Blood Reign,2,Wednesday,14,,,,0.0,0,16,0
17771,JASON: Blood Reign,2,Wednesday,15,,,,0.0,0,13,0
17771,JASON: Blood Reign,2,Wednesday,16,,,,0.0,0,3,0
17771,JASON: Blood Reign,2,Wednesday,17,,,,0.0,0,10,0
17771,JASON: Blood Reign,2,Wednesday,18,,,,0.0,0,7,0
17771,JASON: Blood Reign,2,Wednesday,19,,,,0.0,0,19,0
17771,JASON: Blood Reign,2,Wednesday,20,,,,0.0,0,10,0
17771,JASON: Blood Reign,2,Wednesday,21,,,,0.0,0,14,0
17771,JASON: Blood Reign,2,Wednesday,22,,,,0.0,0,10,0
17771,JASON: Blood Reign,2,Wednesday,23,,,,0.0,0,6,0
17771,JASON: Blood Reign,3,Thursday,0,,,,0.0,0,6,0
17771,JASON: Blood Reign,3,Thursday,2,,,,0.0,0,1,0
17771,JASON: Blood Reign,3,Thursday,3,,,,0.0,0,19,0
17771,JASON: Blood Reign,3,Thursday,4,,,,0.0,0,4,0
17771,JASON: Blood Reign,3,Thursday,13,,,,0.0,0,5,0
17771,JASON: Blood Reign,3,Thursday,14,,,,0.0,0,12,0
17771,JASON: Blood Reign,3,Thursday,15,,,,0.0,0,19,0
17771,JASON: Blood Reign,3,Thursday,16,,,,0.0,0,1,0
17771,JASON: Blood Reign,3,Thursday,17,,,,0.0,0,11,0
17771,JASON: Blood Reign,3,Thursday,18,,,,0.0,0,1,0
17771,JASON: Blood Reign,3,Thursday,19,0.0,0.0,0,16.7,3,18,1
17771,JASON: Blood Reign,3,Thursday,20,0.0,0.0,0,52.9,9,17,1
17771,JASON: Blood Reign,3,Thursday,21,,,,0.0,0,1,0
17771,JASON: Blood Reign,3,Thursday,22,,,,0.0,0,18,0
17771,JASON: Blood Reign,3,Thursday,23,,,,0.0,0,10,0
17771,JASON: Blood Reign,4,Friday,0,,,,0.0,0,7,0
17771,JASON: Blood Reign,4,Friday,3,,,,0.0,0,2,0
17771,JASON: Blood Reign,4,Friday,4,,,,0.0,0,21,0
17771,JASON: Blood Reign,4,Friday,5,,,,0.0,0,1,0
17771,JASON: Blood Reign,4,Friday,13,,,,0.0,0,5,0
17771,JASON: Blood Reign,4,Friday,14,,,,0.0,0,18,0
17771,JASON: Blood Reign,4,Friday,15,,,,0.0,0,1,0
17771,JASON: Blood Reign,4,Friday,16,,,,0.0,0,2,0
17771,JASON: Blood Reign,4,Friday,17,,,,0.0,0,10,0
17771,JASON: Blood Reign,4,Friday,18,0.0,0.0,0,100.0,8,8,1
17771,JASON: Blood Reign,4,Friday,19,0.0,0.0,0,100.0,8,8,2
17771,JASON: Blood Reign,4,Friday,20,0.0,0.0,0,100.0,8,8,1
17771,JASON: Blood Reign,4,Friday,21,0.0,0.0,0,100.0,9,9,1
17771,JASON: Blood Reign,4,Friday,22,0.0,0.0,0,100.0,9,9,2
17771,JASON: Blood Reign,4,Friday,23,0.0,0.0,0,33.3,2,6,1
17771,JASON: Blood Reign,5,Saturday,2,,,,0.0,0,4,0
17771,JASON: Blood Reign,5,Saturday,3,,,,0.0,0,15,0
17771,JASON: Blood Reign,5,Saturday,4,,,,0.0,0,16,0
17771,JASON: Blood Reign,5,Saturday,5,,,,0.0,0,1,0
17771,JASON: Blood Reign,5,Saturday,12,,,,0.0,0,16,0
17771,JASON: Blood Reign,5,Saturday,13,,,,0.0,0,20,0
17771,JASON: Blood Reign,5,Saturday,14,,,,0.0,0,4,0
17771,JASON: Blood Reign,5,Saturday,15,,,,0.0,0,20,0
17771,JASON: Blood Reign,5,Saturday,16,,,,0.0,0,12,0
17771,JASON: Blood Reign,5,Saturday,17,,,,0.0,0,10,0
17771,JASON: Blood Reign,5,Saturday,18,0.0,0.0,0,84.2,16,19,2
17771,JASON: Blood Reign,5,Saturday,19,0.0,0.0,0,100.0,16,16,3
17771,JASON: Blood Reign,5,Saturday,20,0.0,0.0,0,100.0,7,7,2
17771,JASON: Blood Reign,5,Saturday,21,0.0,0.0,0,100.0,17,17,2
17771,JASON: Blood Reign,5,Saturday,22,0.0,0.0,0,100.0,13,13,2
17771,JASON: Blood Reign,5,Saturday,23,0.0,0.0,0,100.0,2,2,1
17771,JASON: Blood Reign,6,Sunday,1,,,,0.0,0,1,0
17771,JASON: Blood Reign,6,Sunday,2,,,,0.0,0,17,0
17771,JASON: Blood Reign,6,Sunday,3,,,,0.0,0,6,0
17771,JASON: Blood Reign,6,Sunday,4,,,,0.0,0,5,0
17771,JASON: Blood Reign,6,Sunday,5,,,,0.0,0,7,0
17771,JASON: Blood Reign,6,Sunday,12,,,,0.0,0,5,0
17771,JASON: Blood Reign,6,Sunday,13,,,,0.0,0,25,0
17771,JASON: Blood Reign,6,Sunday,14,,,,0.0,0,6,0
17771,JASON: Blood Reign,6,Sunday,15,,,,0.0,0,10,0
17771,JASON: Blood Reign,6,Sunday,16,,,,0.0,0,20,0
17771,JASON: Blood Reign,6,Sunday,17,,,,0.0,0,10,0
17771,JASON: Blood Reign,6,Sunday,18,0.0,0.0,0,75.0,6,8,1
17771,JASON: Blood Reign,6,Sunday,19,0.0,0.0,0,100.0,22,22,3
17771,JASON: Blood Reign,6,Sunday,20,0.0,0.0,0,100.0,14,14,3
17771,JASON: Blood Reign,6,Sunday,21,0.0,0.0,0,100.0,3,3,1
17771,JASON: Blood Reign,6,Sunday,22,0.0,0.0,0,7.1,2,28,1
17771,JASON: Blood Reign,6,Sunday,23,,,,0.0,0,5,0
8539,Jersey Devil Coaster,0,Monday,0,,,,0.0,0,12,0
8539,Jersey Devil Coaster,0,Monday,1,,,,0.0,0,4,0
8539,Jersey Devil Coaster,0,Monday,2,,,,0.0,0,17,0
8539,Jersey Devil Coaster,0,Monday,3,,,,0.0,0,9,0
8539,Jersey Devil Coaster,0,Monday,4,,,,0.0,0,34,0
8539,Jersey Devil Coaster,0,Monday,5,,,,0.0,0,9,0
8539,Jersey Devil Coaster,0,Monday,6,,,,0.0,0,3,0
8539,Jersey Devil Coaster,0,Monday,9,,,,0.0,0,4,0
8539,Jersey Devil Coaster,0,Monday,10,,,,0.0,0,12,0
8539,Jersey Devil Coaster,0,Monday,11,,,,0.0,0,12,0
8539,Jersey Devil Coaster,0,Monday,12,0.0,0.0,0,16.7,2,12,1
8539,Jersey Devil Coaster,0,Monday,13,26.5,30.0,45,100.0,13,13,2
8539,Jersey Devil Coaster,0,Monday,14,37.2,45.0,45,57.5,23,40,2
8539,Jersey Devil Coaster,0,Monday,15,27.1,30.0,90,70.0,21,30,2
8539,Jersey Devil Coaster,0,Monday,16,71.5,90.0,90,52.0,13,25,2
8539,Jersey Devil Coaster,0,Monday,17,51.4,90.0,90,95.7,22,23,2
8539,Jersey Devil Coaster,0,Monday,18,54.3,60.0,60,37.8,14,37,2
8539,Jersey Devil Coaster,0,Monday,19,33.7,60.0,60,100.0,26,26,3
8539,Jersey Devil Coaster,0,Monday,20,10.7,30.0,30,15.2,7,46,3
8539,Jersey Devil Coaster,0,Monday,21,,,,0.0,0,27,0
8539,Jersey Devil Coaster,0,Monday,22,,,,0.0,0,41,0
8539,Jersey Devil Coaster,0,Monday,23,,,,0.0,0,19,0
8539,Jersey Devil Coaster,1,Tuesday,0,,,,0.0,0,12,0
8539,Jersey Devil Coaster,1,Tuesday,1,,,,0.0,0,17,0
8539,Jersey Devil Coaster,1,Tuesday,2,,,,0.0,0,23,0
8539,Jersey Devil Coaster,1,Tuesday,3,,,,0.0,0,20,0
8539,Jersey Devil Coaster,1,Tuesday,4,,,,0.0,0,12,0
8539,Jersey Devil Coaster,1,Tuesday,5,,,,0.0,0,3,0
8539,Jersey Devil Coaster,1,Tuesday,9,,,,0.0,0,8,0
8539,Jersey Devil Coaster,1,Tuesday,10,0.0,0.0,0,22.2,4,18,1
8539,Jersey Devil Coaster,1,Tuesday,11,4.5,15.0,15,78.9,15,19,2
8539,Jersey Devil Coaster,1,Tuesday,12,18.5,20.0,20,47.6,10,21,2
8539,Jersey Devil Coaster,1,Tuesday,13,10.6,20.0,45,55.4,31,56,3
8539,Jersey Devil Coaster,1,Tuesday,14,19.8,45.0,60,67.5,27,40,4
8539,Jersey Devil Coaster,1,Tuesday,15,42.4,60.0,60,44.7,17,38,3
8539,Jersey Devil Coaster,1,Tuesday,16,20.2,60.0,60,42.9,24,56,3
8539,Jersey Devil Coaster,1,Tuesday,17,24.7,30.0,30,73.1,19,26,2
8539,Jersey Devil Coaster,1,Tuesday,18,14.1,30.0,30,65.3,32,49,4
8539,Jersey Devil Coaster,1,Tuesday,19,20.0,30.0,30,41.5,27,65,4
8539,Jersey Devil Coaster,1,Tuesday,20,30.0,30.0,30,7.1,2,28,1
8539,Jersey Devil Coaster,1,Tuesday,21,,,,0.0,0,59,0
8539,Jersey Devil Coaster,1,Tuesday,22,,,,0.0,0,34,0
8539,Jersey Devil Coaster,1,Tuesday,23,,,,0.0,0,23,0
8539,Jersey Devil Coaster,2,Wednesday,0,,,,0.0,0,10,0
8539,Jersey Devil Coaster,2,Wednesday,1,,,,0.0,0,20,0
8539,Jersey Devil Coaster,2,Wednesday,2,,,,0.0,0,11,0
8539,Jersey Devil Coaster,2,Wednesday,3,,,,0.0,0,27,0
8539,Jersey Devil Coaster,2,Wednesday,4,,,,0.0,0,10,0
8539,Jersey Devil Coaster,2,Wednesday,9,,,,0.0,0,8,0
8539,Jersey Devil Coaster,2,Wednesday,10,,,,0.0,0,19,0
8539,Jersey Devil Coaster,2,Wednesday,11,0.0,0.0,0,93.3,14,15,2
8539,Jersey Devil Coaster,2,Wednesday,12,13.2,45.0,45,94.4,17,18,3
8539,Jersey Devil Coaster,2,Wednesday,13,2.1,0.0,45,45.7,21,46,3
8539,Jersey Devil Coaster,2,Wednesday,14,19.8,60.0,60,66.7,22,33,3
8539,Jersey Devil Coaster,2,Wednesday,15,3.2,30.0,30,51.4,19,37,4
8539,Jersey Devil Coaster,2,Wednesday,16,9.0,30.0,30,28.6,10,35,3
8539,Jersey Devil Coaster,2,Wednesday,17,45.0,60.0,60,21.4,6,28,2
8539,Jersey Devil Coaster,2,Wednesday,18,0.0,0.0,0,56.2,18,32,2
8539,Jersey Devil Coaster,2,Wednesday,19,26.0,40.0,40,22.7,10,44,4
8539,Jersey Devil Coaster,2,Wednesday,20,30.0,30.0,30,7.3,3,41,1
8539,Jersey Devil Coaster,2,Wednesday,21,,,,0.0,0,35,0
8539,Jersey Devil Coaster,2,Wednesday,22,,,,0.0,0,23,0
8539,Jersey Devil Coaster,2,Wednesday,23,,,,0.0,0,18,0
8539,Jersey Devil Coaster,3,Thursday,0,,,,0.0,0,22,0
8539,Jersey Devil Coaster,3,Thursday,1,,,,0.0,0,27,0
8539,Jersey Devil Coaster,3,Thursday,2,,,,0.0,0,11,0
8539,Jersey Devil Coaster,3,Thursday,3,,,,0.0,0,29,0
8539,Jersey Devil Coaster,3,Thursday,4,,,,0.0,0,4,0
8539,Jersey Devil Coaster,3,Thursday,9,,,,0.0,0,5,0
8539,Jersey Devil Coaster,3,Thursday,10,,,,0.0,0,12,0
8539,Jersey Devil Coaster,3,Thursday,11,0.0,0.0,0,83.3,10,12,1
8539,Jersey Devil Coaster,3,Thursday,12,0.0,0.0,0,78.9,15,19,2
8539,Jersey Devil Coaster,3,Thursday,13,0.0,0.0,0,28.6,12,42,2
8539,Jersey Devil Coaster,3,Thursday,14,0.0,0.0,0,35.7,10,28,2
8539,Jersey Devil Coaster,3,Thursday,15,0.0,0.0,0,30.4,14,46,3
8539,Jersey Devil Coaster,3,Thursday,16,0.0,0.0,0,41.4,12,29,2
8539,Jersey Devil Coaster,3,Thursday,17,0.0,0.0,0,42.9,15,35,2
8539,Jersey Devil Coaster,3,Thursday,18,0.0,0.0,0,37.1,13,35,3
8539,Jersey Devil Coaster,3,Thursday,19,20.8,60.0,60,30.5,18,59,3
8539,Jersey Devil Coaster,3,Thursday,20,4.0,5.0,5,22.7,10,44,2
8539,Jersey Devil Coaster,3,Thursday,21,,,,0.0,0,25,0
8539,Jersey Devil Coaster,3,Thursday,22,,,,0.0,0,53,0
8539,Jersey Devil Coaster,3,Thursday,23,,,,0.0,0,22,0
8539,Jersey Devil Coaster,4,Friday,0,,,,0.0,0,19,0
8539,Jersey Devil Coaster,4,Friday,1,,,,0.0,0,10,0
8539,Jersey Devil Coaster,4,Friday,2,,,,0.0,0,14,0
8539,Jersey Devil Coaster,4,Friday,3,,,,0.0,0,26,0
8539,Jersey Devil Coaster,4,Friday,4,,,,0.0,0,25,0
8539,Jersey Devil Coaster,4,Friday,5,,,,0.0,0,1,0
8539,Jersey Devil Coaster,4,Friday,9,,,,0.0,0,5,0
8539,Jersey Devil Coaster,4,Friday,10,0.0,0.0,0,16.7,2,12,1
8539,Jersey Devil Coaster,4,Friday,11,0.0,0.0,0,33.3,4,12,1
8539,Jersey Devil Coaster,4,Friday,12,0.0,0.0,0,21.7,5,23,1
8539,Jersey Devil Coaster,4,Friday,13,11.9,60.0,60,38.1,16,42,2
8539,Jersey Devil Coaster,4,Friday,14,60.0,60.0,60,33.3,10,30,1
8539,Jersey Devil Coaster,4,Friday,15,32.7,60.0,60,55.0,22,40,2
8539,Jersey Devil Coaster,4,Friday,16,50.0,60.0,60,52.2,12,23,2
8539,Jersey Devil Coaster,4,Friday,17,40.0,60.0,60,44.1,15,34,2
8539,Jersey Devil Coaster,4,Friday,18,7.5,20.0,20,25.5,12,47,3
8539,Jersey Devil Coaster,4,Friday,19,12.6,20.0,20,44.2,19,43,3
8539,Jersey Devil Coaster,4,Friday,20,36.6,60.0,60,38.1,16,42,3
8539,Jersey Devil Coaster,4,Friday,21,42.4,60.0,60,77.3,17,22,2
8539,Jersey Devil Coaster,4,Friday,22,18.5,30.0,30,24.5,13,53,2
8539,Jersey Devil Coaster,4,Friday,23,15.0,15.0,15,9.1,2,22,1
8539,Jersey Devil Coaster,5,Saturday,0,,,,0.0,0,23,0
8539,Jersey Devil Coaster,5,Saturday,1,,,,0.0,0,3,0
8539,Jersey Devil Coaster,5,Saturday,2,,,,0.0,0,8,0
8539,Jersey Devil Coaster,5,Saturday,3,,,,0.0,0,33,0
8539,Jersey Devil Coaster,5,Saturday,4,,,,0.0,0,18,0
8539,Jersey Devil Coaster,5,Saturday,5,,,,0.0,0,1,0
8539,Jersey Devil Coaster,5,Saturday,9,,,,0.0,0,8,0
8539,Jersey Devil Coaster,5,Saturday,10,0.0,0.0,0,25.0,3,12,1
8539,Jersey Devil Coaster,5,Saturday,11,0.0,0.0,0,35.3,6,17,3
8539,Jersey Devil Coaster,5,Saturday,12,2.1,5.0,20,67.3,33,49,7
8539,Jersey Devil Coaster,5,Saturday,13,4.8,20.0,45,63.0,29,46,6
8539,Jersey Devil Coaster,5,Saturday,14,48.1,85.0,85,50.0,18,36,3
8539,Jersey Devil Coaster,5,Saturday,15,38.5,85.0,85,57.1,24,42,5
8539,Jersey Devil Coaster,5,Saturday,16,35.6,45.0,45,50.0,24,48,5
8539,Jersey Devil Coaster,5,Saturday,17,39.2,45.0,45,48.1,13,27,3
8539,Jersey Devil Coaster,5,Saturday,18,35.8,90.0,90,93.1,54,58,7
8539,Jersey Devil Coaster,5,Saturday,19,44.4,90.0,90,100.0,41,41,7
8539,Jersey Devil Coaster,5,Saturday,20,36.3,45.0,45,81.4,35,43,6
8539,Jersey Devil Coaster,5,Saturday,21,29.8,45.0,45,100.0,45,45,5
8539,Jersey Devil Coaster,5,Saturday,22,51.6,60.0,60,73.1,19,26,4
8539,Jersey Devil Coaster,5,Saturday,23,60.0,60.0,60,16.7,2,12,1
8539,Jersey Devil Coaster,6,Sunday,0,,,,0.0,0,12,0
8539,Jersey Devil Coaster,6,Sunday,1,,,,0.0,0,22,0
8539,Jersey Devil Coaster,6,Sunday,2,,,,0.0,0,35,0
8539,Jersey Devil Coaster,6,Sunday,3,,,,0.0,0,7,0
8539,Jersey Devil Coaster,6,Sunday,4,,,,0.0,0,5,0
8539,Jersey Devil Coaster,6,Sunday,5,,,,0.0,0,7,0
8539,Jersey Devil Coaster,6,Sunday,9,,,,0.0,0,7,0
8539,Jersey Devil Coaster,6,Sunday,10,,,,0.0,0,12,0
8539,Jersey Devil Coaster,6,Sunday,11,0.0,0.0,0,85.7,12,14,2
8539,Jersey Devil Coaster,6,Sunday,12,2.2,0.0,30,87.1,27,31,4
8539,Jersey Devil Coaster,6,Sunday,13,17.3,75.0,75,86.4,51,59,6
8539,Jersey Devil Coaster,6,Sunday,14,53.6,75.0,75,78.6,22,28,3
8539,Jersey Devil Coaster,6,Sunday,15,29.5,75.0,75,100.0,37,37,5
8539,Jersey Devil Coaster,6,Sunday,16,19.4,60.0,75,100.0,43,43,7
8539,Jersey Devil Coaster,6,Sunday,17,32.4,75.0,75,90.0,27,30,6
8539,Jersey Devil Coaster,6,Sunday,18,40.8,60.0,75,87.0,40,46,5
8539,Jersey Devil Coaster,6,Sunday,19,28.0,75.0,75,100.0,47,47,7
8539,Jersey Devil Coaster,6,Sunday,20,21.2,45.0,45,79.1,34,43,7
8539,Jersey Devil Coaster,6,Sunday,21,21.9,45.0,45,52.9,18,34,4
8539,Jersey Devil Coaster,6,Sunday,22,8.3,25.0,25,6.1,3,49,2
8539,Jersey Devil Coaster,6,Sunday,23,,,,0.0,0,19,0
3250,Jolly Roger,0,Monday,0,,,,0.0,0,12,0
3250,Jolly Roger,0,Monday,1,,,,0.0,0,4,0
3250,Jolly Roger,0,Monday,2,,,,0.0,0,17,0
3250,Jolly Roger,0,Monday,3,,,,0.0,0,9,0
3250,Jolly Roger,0,Monday,4,,,,0.0,0,34,0
3250,Jolly Roger,0,Monday,5,,,,0.0,0,9,0
3250,Jolly Roger,0,Monday,6,,,,0.0,0,3,0
3250,Jolly Roger,0,Monday,9,,,,0.0,0,4,0
3250,Jolly Roger,0,Monday,10,0.0,0.0,0,33.3,4,12,1
3250,Jolly Roger,0,Monday,11,0.0,0.0,0,100.0,12,12,1
3250,Jolly Roger,0,Monday,12,0.0,0.0,0,100.0,12,12,1
3250,Jolly Roger,0,Monday,13,0.0,0.0,0,100.0,13,13,2
3250,Jolly Roger,0,Monday,14,0.0,0.0,0,57.5,23,40,2
3250,Jolly Roger,0,Monday,15,0.0,0.0,0,70.0,21,30,2
3250,Jolly Roger,0,Monday,16,0.0,0.0,0,60.0,15,25,2
3250,Jolly Roger,0,Monday,17,0.0,0.0,0,95.7,22,23,2
3250,Jolly Roger,0,Monday,18,0.0,0.0,0,37.8,14,37,2
3250,Jolly Roger,0,Monday,19,0.0,0.0,0,100.0,26,26,3
3250,Jolly Roger,0,Monday,20,0.0,0.0,0,15.2,7,46,3
3250,Jolly Roger,0,Monday,21,,,,0.0,0,27,0
3250,Jolly Roger,0,Monday,22,,,,0.0,0,41,0
3250,Jolly Roger,0,Monday,23,,,,0.0,0,19,0
3250,Jolly Roger,1,Tuesday,0,,,,0.0,0,12,0
3250,Jolly Roger,1,Tuesday,1,,,,0.0,0,17,0
3250,Jolly Roger,1,Tuesday,2,,,,0.0,0,23,0
3250,Jolly Roger,1,Tuesday,3,,,,0.0,0,20,0
3250,Jolly Roger,1,Tuesday,4,,,,0.0,0,12,0
3250,Jolly Roger,1,Tuesday,5,,,,0.0,0,3,0
3250,Jolly Roger,1,Tuesday,9,,,,0.0,0,8,0
3250,Jolly Roger,1,Tuesday,10,0.0,0.0,0,33.3,6,18,2
3250,Jolly Roger,1,Tuesday,11,0.0,0.0,0,100.0,19,19,2
3250,Jolly Roger,1,Tuesday,12,0.0,0.0,0,90.5,19,21,2
3250,Jolly Roger,1,Tuesday,13,0.0,0.0,0,55.4,31,56,3
3250,Jolly Roger,1,Tuesday,14,0.0,0.0,0,47.5,19,40,3
3250,Jolly Roger,1,Tuesday,15,0.0,0.0,0,55.3,21,38,3
3250,Jolly Roger,1,Tuesday,16,0.0,0.0,0,55.4,31,56,3
3250,Jolly Roger,1,Tuesday,17,0.0,0.0,0,76.9,20,26,2
3250,Jolly Roger,1,Tuesday,18,0.0,0.0,0,71.4,35,49,4
3250,Jolly Roger,1,Tuesday,19,0.0,0.0,0,44.6,29,65,4
3250,Jolly Roger,1,Tuesday,20,0.0,0.0,0,7.1,2,28,1
3250,Jolly Roger,1,Tuesday,21,,,,0.0,0,59,0
3250,Jolly Roger,1,Tuesday,22,,,,0.0,0,34,0
3250,Jolly Roger,1,Tuesday,23,,,,0.0,0,23,0
3250,Jolly Roger,2,Wednesday,0,,,,0.0,0,10,0
3250,Jolly Roger,2,Wednesday,1,,,,0.0,0,20,0
3250,Jolly Roger,2,Wednesday,2,,,,0.0,0,11,0
3250,Jolly Roger,2,Wednesday,3,,,,0.0,0,27,0
3250,Jolly Roger,2,Wednesday,4,,,,0.0,0,10,0
3250,Jolly Roger,2,Wednesday,9,,,,0.0,0,8,0
3250,Jolly Roger,2,Wednesday,10,0.0,0.0,0,15.8,3,19,1
3250,Jolly Roger,2,Wednesday,11,0.0,0.0,0,100.0,15,15,2
3250,Jolly Roger,2,Wednesday,12,0.0,0.0,0,94.4,17,18,3
3250,Jolly Roger,2,Wednesday,13,0.0,0.0,0,45.7,21,46,3
3250,Jolly Roger,2,Wednesday,14,0.0,0.0,0,39.4,13,33,2
3250,Jolly Roger,2,Wednesday,15,0.0,0.0,0,51.4,19,37,3
3250,Jolly Roger,2,Wednesday,16,0.0,0.0,0,45.7,16,35,3
3250,Jolly Roger,2,Wednesday,17,0.0,0.0,0,53.6,15,28,2
3250,Jolly Roger,2,Wednesday,18,0.0,0.0,0,65.6,21,32,3
3250,Jolly Roger,2,Wednesday,19,0.0,0.0,0,31.8,14,44,4
3250,Jolly Roger,2,Wednesday,20,0.0,0.0,0,7.3,3,41,1
3250,Jolly Roger,2,Wednesday,21,,,,0.0,0,35,0
3250,Jolly Roger,2,Wednesday,22,,,,0.0,0,23,0
3250,Jolly Roger,2,Wednesday,23,,,,0.0,0,18,0
3250,Jolly Roger,3,Thursday,0,,,,0.0,0,22,0
3250,Jolly Roger,3,Thursday,1,,,,0.0,0,27,0
3250,Jolly Roger,3,Thursday,2,,,,0.0,0,11,0
3250,Jolly Roger,3,Thursday,3,,,,0.0,0,29,0
3250,Jolly Roger,3,Thursday,4,,,,0.0,0,4,0
3250,Jolly Roger,3,Thursday,9,,,,0.0,0,5,0
3250,Jolly Roger,3,Thursday,10,0.0,0.0,0,33.3,4,12,1
3250,Jolly Roger,3,Thursday,11,0.0,0.0,0,100.0,12,12,1
3250,Jolly Roger,3,Thursday,12,0.0,0.0,0,73.7,14,19,2
3250,Jolly Roger,3,Thursday,13,0.0,0.0,0,50.0,21,42,2
3250,Jolly Roger,3,Thursday,14,0.0,0.0,0,60.7,17,28,2
3250,Jolly Roger,3,Thursday,15,0.0,0.0,0,56.5,26,46,3
3250,Jolly Roger,3,Thursday,16,0.0,0.0,0,58.6,17,29,2
3250,Jolly Roger,3,Thursday,17,0.0,0.0,0,42.9,15,35,2
3250,Jolly Roger,3,Thursday,18,0.0,0.0,0,37.1,13,35,3
3250,Jolly Roger,3,Thursday,19,0.0,0.0,0,25.4,15,59,2
3250,Jolly Roger,3,Thursday,20,0.0,0.0,0,4.5,2,44,1
3250,Jolly Roger,3,Thursday,21,,,,0.0,0,25,0
3250,Jolly Roger,3,Thursday,22,,,,0.0,0,53,0
3250,Jolly Roger,3,Thursday,23,,,,0.0,0,22,0
3250,Jolly Roger,4,Friday,0,,,,0.0,0,19,0
3250,Jolly Roger,4,Friday,1,,,,0.0,0,10,0
3250,Jolly Roger,4,Friday,2,,,,0.0,0,14,0
3250,Jolly Roger,4,Friday,3,,,,0.0,0,26,0
3250,Jolly Roger,4,Friday,4,,,,0.0,0,25,0
3250,Jolly Roger,4,Friday,5,,,,0.0,0,1,0
3250,Jolly Roger,4,Friday,9,,,,0.0,0,5,0
3250,Jolly Roger,4,Friday,10,0.0,0.0,0,25.0,3,12,1
3250,Jolly Roger,4,Friday,11,0.0,0.0,0,100.0,12,12,1
3250,Jolly Roger,4,Friday,12,0.0,0.0,0,52.2,12,23,1
3250,Jolly Roger,4,Friday,13,0.0,0.0,0,28.6,12,42,1
3250,Jolly Roger,4,Friday,14,0.0,0.0,0,40.0,12,30,1
3250,Jolly Roger,4,Friday,15,0.0,0.0,0,55.0,22,40,2
3250,Jolly Roger,4,Friday,16,0.0,0.0,0,60.9,14,23,2
3250,Jolly Roger,4,Friday,17,0.0,0.0,0,50.0,17,34,2
3250,Jolly Roger,4,Friday,18,0.0,0.0,0,76.6,36,47,5
3250,Jolly Roger,4,Friday,19,0.0,0.0,0,90.7,39,43,6
3250,Jolly Roger,4,Friday,20,0.0,0.0,0,71.4,30,42,4
3250,Jolly Roger,4,Friday,21,0.0,0.0,0,95.5,21,22,2
3250,Jolly Roger,4,Friday,22,0.0,0.0,0,41.5,22,53,4
3250,Jolly Roger,4,Friday,23,0.0,0.0,0,18.2,4,22,2
3250,Jolly Roger,5,Saturday,0,,,,0.0,0,23,0
3250,Jolly Roger,5,Saturday,1,,,,0.0,0,3,0
3250,Jolly Roger,5,Saturday,2,,,,0.0,0,8,0
3250,Jolly Roger,5,Saturday,3,,,,0.0,0,33,0
3250,Jolly Roger,5,Saturday,4,,,,0.0,0,18,0
3250,Jolly Roger,5,Saturday,5,,,,0.0,0,1,0
3250,Jolly Roger,5,Saturday,9,,,,0.0,0,8,0
3250,Jolly Roger,5,Saturday,10,0.0,0.0,0,33.3,4,12,1
3250,Jolly Roger,5,Saturday,11,0.0,0.0,0,100.0,17,17,3
3250,Jolly Roger,5,Saturday,12,0.0,0.0,0,100.0,49,49,7
3250,Jolly Roger,5,Saturday,13,0.0,0.0,0,100.0,46,46,7
3250,Jolly Roger,5,Saturday,14,0.0,0.0,0,100.0,36,36,4
3250,Jolly Roger,5,Saturday,15,0.0,0.0,0,97.6,41,42,6
3250,Jolly Roger,5,Saturday,16,0.0,0.0,0,91.7,44,48,6
3250,Jolly Roger,5,Saturday,17,0.0,0.0,0,96.3,26,27,4
3250,Jolly Roger,5,Saturday,18,0.0,0.0,0,96.6,56,58,6
3250,Jolly Roger,5,Saturday,19,0.0,0.0,0,100.0,41,41,7
3250,Jolly Roger,5,Saturday,20,0.0,0.0,0,81.4,35,43,6
3250,Jolly Roger,5,Saturday,21,0.0,0.0,0,100.0,45,45,5
3250,Jolly Roger,5,Saturday,22,0.0,0.0,0,73.1,19,26,4
3250,Jolly Roger,5,Saturday,23,0.0,0.0,0,16.7,2,12,1
3250,Jolly Roger,6,Sunday,0,,,,0.0,0,12,0
3250,Jolly Roger,6,Sunday,1,,,,0.0,0,22,0
3250,Jolly Roger,6,Sunday,2,,,,0.0,0,35,0
3250,Jolly Roger,6,Sunday,3,,,,0.0,0,7,0
3250,Jolly Roger,6,Sunday,4,,,,0.0,0,5,0
3250,Jolly Roger,6,Sunday,5,,,,0.0,0,7,0
3250,Jolly Roger,6,Sunday,9,,,,0.0,0,7,0
3250,Jolly Roger,6,Sunday,10,0.0,0.0,0,33.3,4,12,1
3250,Jolly Roger,6,Sunday,11,0.0,0.0,0,100.0,14,14,2
3250,Jolly Roger,6,Sunday,12,0.0,0.0,0,100.0,31,31,4
3250,Jolly Roger,6,Sunday,13,0.0,0.0,0,66.1,39,59,5
3250,Jolly Roger,6,Sunday,14,0.0,0.0,0,85.7,24,28,3
3250,Jolly Roger,6,Sunday,15,0.0,0.0,0,97.3,36,37,4
3250,Jolly Roger,6,Sunday,16,0.0,0.0,0,86.0,37,43,7
3250,Jolly Roger,6,Sunday,17,0.0,0.0,0,100.0,30,30,6
3250,Jolly Roger,6,Sunday,18,0.0,0.0,0,100.0,46,46,5
3250,Jolly Roger,6,Sunday,19,0.0,0.0,0,100.0,47,47,7
3250,Jolly Roger,6,Sunday,20,0.0,0.0,0,83.7,36,43,7
3250,Jolly Roger,6,Sunday,21,0.0,0.0,0,52.9,18,34,4
3250,Jolly Roger,6,Sunday,22,0.0,0.0,0,6.1,3,49,2
3250,Jolly Roger,6,Sunday,23,,,,0.0,0,19,0
3916,JUSTICE LEAGUE™: Battle for METROPOLIS,0,Monday,0,,,,0.0,0,12,0
3916,JUSTICE LEAGUE™: Battle for METROPOLIS,0,Monday,1,,,,0.0,0,4,0
3916,JUSTICE LEAGUE™: Battle for METROPOLIS,0,Monday,2,,,,0.0,0,17,0
3916,JUSTICE LEAGUE™: Battle for METROPOLIS,0,Monday,3,,,,0.0,0,9,0
3916,JUSTICE LEAGUE™: Battle for METROPOLIS,0,Monday,4,,,,0.0,0,34,0
3916,JUSTICE LEAGUE™: Battle for METROPOLIS,0,Monday,5,,,,0.0,0,9,0
3916,JUSTICE LEAGUE™: Battle for METROPOLIS,0,Monday,6,,,,0.0,0,3,0
3916,JUSTICE LEAGUE™: Battle for METROPOLIS,0,Monday,9,,,,0.0,0,4,0
3916,JUSTICE LEAGUE™: Battle for METROPOLIS,0,Monday,10,,,,0.0,0,12,0
3916,JUSTICE LEAGUE™: Battle for METROPOLIS,0,Monday,11,,,,0.0,0,12,0
3916,JUSTICE LEAGUE™: Battle for METROPOLIS,0,Monday,12,,,,0.0,0,12,0
3916,JUSTICE LEAGUE™: Battle for METROPOLIS,0,Monday,13,5.0,30.0,30,46.2,6,13,2
3916,JUSTICE LEAGUE™: Battle for METROPOLIS,0,Monday,14,19.8,30.0,30,55.0,22,40,2
3916,JUSTICE LEAGUE™: Battle for METROPOLIS,0,Monday,15,15.0,60.0,60,70.0,21,30,2
3916,JUSTICE LEAGUE™: Battle for METROPOLIS,0,Monday,16,28.7,60.0,60,60.0,15,25,2
3916,JUSTICE LEAGUE™: Battle for METROPOLIS,0,Monday,17,22.5,25.0,25,69.6,16,23,2
3916,JUSTICE LEAGUE™: Battle for METROPOLIS,0,Monday,18,23.6,25.0,25,37.8,14,37,2
3916,JUSTICE LEAGUE™: Battle for METROPOLIS,0,Monday,19,11.3,25.0,25,100.0,26,26,3
3916,JUSTICE LEAGUE™: Battle for METROPOLIS,0,Monday,20,8.6,20.0,20,15.2,7,46,3
3916,JUSTICE LEAGUE™: Battle for METROPOLIS,0,Monday,21,,,,0.0,0,27,0
3916,JUSTICE LEAGUE™: Battle for METROPOLIS,0,Monday,22,,,,0.0,0,41,0
3916,JUSTICE LEAGUE™: Battle for METROPOLIS,0,Monday,23,,,,0.0,0,19,0
3916,JUSTICE LEAGUE™: Battle for METROPOLIS,1,Tuesday,0,,,,0.0,0,12,0
3916,JUSTICE LEAGUE™: Battle for METROPOLIS,1,Tuesday,1,,,,0.0,0,17,0
3916,JUSTICE LEAGUE™: Battle for METROPOLIS,1,Tuesday,2,,,,0.0,0,23,0
3916,JUSTICE LEAGUE™: Battle for METROPOLIS,1,Tuesday,3,,,,0.0,0,20,0
3916,JUSTICE LEAGUE™: Battle for METROPOLIS,1,Tuesday,4,,,,0.0,0,12,0
3916,JUSTICE LEAGUE™: Battle for METROPOLIS,1,Tuesday,5,,,,0.0,0,3,0
3916,JUSTICE LEAGUE™: Battle for METROPOLIS,1,Tuesday,9,,,,0.0,0,8,0
3916,JUSTICE LEAGUE™: Battle for METROPOLIS,1,Tuesday,10,0.0,0.0,0,33.3,6,18,2
3916,JUSTICE LEAGUE™: Battle for METROPOLIS,1,Tuesday,11,0.0,0.0,0,63.2,12,19,1
3916,JUSTICE LEAGUE™: Battle for METROPOLIS,1,Tuesday,12,1.2,5.0,5,81.0,17,21,2
3916,JUSTICE LEAGUE™: Battle for METROPOLIS,1,Tuesday,13,14.0,30.0,30,55.4,31,56,3
3916,JUSTICE LEAGUE™: Battle for METROPOLIS,1,Tuesday,14,15.2,30.0,30,67.5,27,40,4
3916,JUSTICE LEAGUE™: Battle for METROPOLIS,1,Tuesday,15,16.7,30.0,30,60.5,23,38,4
3916,JUSTICE LEAGUE™: Battle for METROPOLIS,1,Tuesday,16,12.1,20.0,20,55.4,31,56,3
3916,JUSTICE LEAGUE™: Battle for METROPOLIS,1,Tuesday,17,24.0,30.0,30,76.9,20,26,2
3916,JUSTICE LEAGUE™: Battle for METROPOLIS,1,Tuesday,18,12.7,30.0,30,67.3,33,49,4
3916,JUSTICE LEAGUE™: Battle for METROPOLIS,1,Tuesday,19,3.5,5.0,20,40.0,26,65,3
3916,JUSTICE LEAGUE™: Battle for METROPOLIS,1,Tuesday,20,5.0,5.0,5,7.1,2,28,1
3916,JUSTICE LEAGUE™: Battle for METROPOLIS,1,Tuesday,21,,,,0.0,0,59,0
3916,JUSTICE LEAGUE™: Battle for METROPOLIS,1,Tuesday,22,,,,0.0,0,34,0
3916,JUSTICE LEAGUE™: Battle for METROPOLIS,1,Tuesday,23,,,,0.0,0,23,0
3916,JUSTICE LEAGUE™: Battle for METROPOLIS,2,Wednesday,0,,,,0.0,0,10,0
3916,JUSTICE LEAGUE™: Battle for METROPOLIS,2,Wednesday,1,,,,0.0,0,20,0
3916,JUSTICE LEAGUE™: Battle for METROPOLIS,2,Wednesday,2,,,,0.0,0,11,0
3916,JUSTICE LEAGUE™: Battle for METROPOLIS,2,Wednesday,3,,,,0.0,0,27,0
3916,JUSTICE LEAGUE™: Battle for METROPOLIS,2,Wednesday,4,,,,0.0,0,10,0
3916,JUSTICE LEAGUE™: Battle for METROPOLIS,2,Wednesday,9,,,,0.0,0,8,0
3916,JUSTICE LEAGUE™: Battle for METROPOLIS,2,Wednesday,10,0.0,0.0,0,15.8,3,19,1
3916,JUSTICE LEAGUE™: Battle for METROPOLIS,2,Wednesday,11,0.0,0.0,0,100.0,15,15,2
3916,JUSTICE LEAGUE™: Battle for METROPOLIS,2,Wednesday,12,0.0,0.0,0,94.4,17,18,3
3916,JUSTICE LEAGUE™: Battle for METROPOLIS,2,Wednesday,13,0.0,0.0,0,45.7,21,46,3
3916,JUSTICE LEAGUE™: Battle for METROPOLIS,2,Wednesday,14,0.0,0.0,0,63.6,21,33,3
3916,JUSTICE LEAGUE™: Battle for METROPOLIS,2,Wednesday,15,8.6,30.0,30,56.8,21,37,4
3916,JUSTICE LEAGUE™: Battle for METROPOLIS,2,Wednesday,16,3.8,30.0,30,45.7,16,35,3
3916,JUSTICE LEAGUE™: Battle for METROPOLIS,2,Wednesday,17,22.0,30.0,30,53.6,15,28,2
3916,JUSTICE LEAGUE™: Battle for METROPOLIS,2,Wednesday,18,4.3,30.0,30,65.6,21,32,3
3916,JUSTICE LEAGUE™: Battle for METROPOLIS,2,Wednesday,19,19.3,30.0,30,31.8,14,44,4
3916,JUSTICE LEAGUE™: Battle for METROPOLIS,2,Wednesday,20,0.0,0.0,0,7.3,3,41,1
3916,JUSTICE LEAGUE™: Battle for METROPOLIS,2,Wednesday,21,,,,0.0,0,35,0
3916,JUSTICE LEAGUE™: Battle for METROPOLIS,2,Wednesday,22,,,,0.0,0,23,0
3916,JUSTICE LEAGUE™: Battle for METROPOLIS,2,Wednesday,23,,,,0.0,0,18,0
3916,JUSTICE LEAGUE™: Battle for METROPOLIS,3,Thursday,0,,,,0.0,0,22,0
3916,JUSTICE LEAGUE™: Battle for METROPOLIS,3,Thursday,1,,,,0.0,0,27,0
3916,JUSTICE LEAGUE™: Battle for METROPOLIS,3,Thursday,2,,,,0.0,0,11,0
3916,JUSTICE LEAGUE™: Battle for METROPOLIS,3,Thursday,3,,,,0.0,0,29,0
3916,JUSTICE LEAGUE™: Battle for METROPOLIS,3,Thursday,4,,,,0.0,0,4,0
3916,JUSTICE LEAGUE™: Battle for METROPOLIS,3,Thursday,9,,,,0.0,0,5,0
3916,JUSTICE LEAGUE™: Battle for METROPOLIS,3,Thursday,10,0.0,0.0,0,33.3,4,12,1
3916,JUSTICE LEAGUE™: Battle for METROPOLIS,3,Thursday,11,2.9,5.0,5,100.0,12,12,1
3916,JUSTICE LEAGUE™: Battle for METROPOLIS,3,Thursday,12,4.0,5.0,5,78.9,15,19,2
3916,JUSTICE LEAGUE™: Battle for METROPOLIS,3,Thursday,13,2.9,5.0,5,50.0,21,42,2
3916,JUSTICE LEAGUE™: Battle for METROPOLIS,3,Thursday,14,3.5,5.0,5,60.7,17,28,2
3916,JUSTICE LEAGUE™: Battle for METROPOLIS,3,Thursday,15,2.6,5.0,5,50.0,23,46,3
3916,JUSTICE LEAGUE™: Battle for METROPOLIS,3,Thursday,16,3.5,5.0,5,58.6,17,29,2
3916,JUSTICE LEAGUE™: Battle for METROPOLIS,3,Thursday,17,4.0,5.0,5,42.9,15,35,2
3916,JUSTICE LEAGUE™: Battle for METROPOLIS,3,Thursday,18,1.2,5.0,5,37.1,13,35,3
3916,JUSTICE LEAGUE™: Battle for METROPOLIS,3,Thursday,19,0.0,0.0,0,30.5,18,59,3
3916,JUSTICE LEAGUE™: Battle for METROPOLIS,3,Thursday,20,0.0,0.0,0,25.0,11,44,2
3916,JUSTICE LEAGUE™: Battle for METROPOLIS,3,Thursday,21,,,,0.0,0,25,0
3916,JUSTICE LEAGUE™: Battle for METROPOLIS,3,Thursday,22,,,,0.0,0,53,0
3916,JUSTICE LEAGUE™: Battle for METROPOLIS,3,Thursday,23,,,,0.0,0,22,0
3916,JUSTICE LEAGUE™: Battle for METROPOLIS,4,Friday,0,,,,0.0,0,19,0
3916,JUSTICE LEAGUE™: Battle for METROPOLIS,4,Friday,1,,,,0.0,0,10,0
3916,JUSTICE LEAGUE™: Battle for METROPOLIS,4,Friday,2,,,,0.0,0,14,0
3916,JUSTICE LEAGUE™: Battle for METROPOLIS,4,Friday,3,,,,0.0,0,26,0
3916,JUSTICE LEAGUE™: Battle for METROPOLIS,4,Friday,4,,,,0.0,0,25,0
3916,JUSTICE LEAGUE™: Battle for METROPOLIS,4,Friday,5,,,,0.0,0,1,0
3916,JUSTICE LEAGUE™: Battle for METROPOLIS,4,Friday,9,,,,0.0,0,5,0
3916,JUSTICE LEAGUE™: Battle for METROPOLIS,4,Friday,10,0.0,0.0,0,25.0,3,12,1
3916,JUSTICE LEAGUE™: Battle for METROPOLIS,4,Friday,11,0.0,0.0,0,100.0,12,12,1
3916,JUSTICE LEAGUE™: Battle for METROPOLIS,4,Friday,12,2.9,10.0,10,73.9,17,23,2
3916,JUSTICE LEAGUE™: Battle for METROPOLIS,4,Friday,13,5.0,15.0,15,45.2,19,42,2
3916,JUSTICE LEAGUE™: Battle for METROPOLIS,4,Friday,14,26.2,30.0,45,40.0,12,30,1
3916,JUSTICE LEAGUE™: Battle for METROPOLIS,4,Friday,15,30.0,45.0,45,55.0,22,40,2
3916,JUSTICE LEAGUE™: Battle for METROPOLIS,4,Friday,16,39.3,45.0,45,60.9,14,23,2
3916,JUSTICE LEAGUE™: Battle for METROPOLIS,4,Friday,17,34.7,45.0,45,50.0,17,34,2
3916,JUSTICE LEAGUE™: Battle for METROPOLIS,4,Friday,18,16.2,45.0,45,68.1,32,47,5
3916,JUSTICE LEAGUE™: Battle for METROPOLIS,4,Friday,19,21.1,45.0,45,86.0,37,43,6
3916,JUSTICE LEAGUE™: Battle for METROPOLIS,4,Friday,20,14.5,45.0,45,47.6,20,42,4
3916,JUSTICE LEAGUE™: Battle for METROPOLIS,4,Friday,21,14.1,45.0,45,77.3,17,22,2
3916,JUSTICE LEAGUE™: Battle for METROPOLIS,4,Friday,22,2.7,10.0,10,41.5,22,53,4
3916,JUSTICE LEAGUE™: Battle for METROPOLIS,4,Friday,23,0.0,0.0,0,18.2,4,22,2
3916,JUSTICE LEAGUE™: Battle for METROPOLIS,5,Saturday,0,,,,0.0,0,23,0
3916,JUSTICE LEAGUE™: Battle for METROPOLIS,5,Saturday,1,,,,0.0,0,3,0
3916,JUSTICE LEAGUE™: Battle for METROPOLIS,5,Saturday,2,,,,0.0,0,8,0
3916,JUSTICE LEAGUE™: Battle for METROPOLIS,5,Saturday,3,,,,0.0,0,33,0
3916,JUSTICE LEAGUE™: Battle for METROPOLIS,5,Saturday,4,,,,0.0,0,18,0
3916,JUSTICE LEAGUE™: Battle for METROPOLIS,5,Saturday,5,,,,0.0,0,1,0
3916,JUSTICE LEAGUE™: Battle for METROPOLIS,5,Saturday,9,,,,0.0,0,8,0
3916,JUSTICE LEAGUE™: Battle for METROPOLIS,5,Saturday,10,0.0,0.0,0,33.3,4,12,1
3916,JUSTICE LEAGUE™: Battle for METROPOLIS,5,Saturday,11,4.7,25.0,25,100.0,17,17,3
3916,JUSTICE LEAGUE™: Battle for METROPOLIS,5,Saturday,12,5.9,25.0,30,100.0,49,49,7
3916,JUSTICE LEAGUE™: Battle for METROPOLIS,5,Saturday,13,10.0,25.0,30,100.0,46,46,7
3916,JUSTICE LEAGUE™: Battle for METROPOLIS,5,Saturday,14,23.9,30.0,45,88.9,32,36,4
3916,JUSTICE LEAGUE™: Battle for METROPOLIS,5,Saturday,15,27.6,45.0,60,100.0,42,42,6
3916,JUSTICE LEAGUE™: Battle for METROPOLIS,5,Saturday,16,40.8,60.0,60,100.0,48,48,6
3916,JUSTICE LEAGUE™: Battle for METROPOLIS,5,Saturday,17,17.6,45.0,60,100.0,27,27,4
3916,JUSTICE LEAGUE™: Battle for METROPOLIS,5,Saturday,18,35.1,60.0,60,93.1,54,58,7
3916,JUSTICE LEAGUE™: Battle for METROPOLIS,5,Saturday,19,26.3,60.0,60,100.0,41,41,7
3916,JUSTICE LEAGUE™: Battle for METROPOLIS,5,Saturday,20,31.4,60.0,60,67.4,29,43,5
3916,JUSTICE LEAGUE™: Battle for METROPOLIS,5,Saturday,21,28.0,60.0,60,100.0,45,45,5
3916,JUSTICE LEAGUE™: Battle for METROPOLIS,5,Saturday,22,61.1,90.0,90,73.1,19,26,4
3916,JUSTICE LEAGUE™: Battle for METROPOLIS,5,Saturday,23,90.0,90.0,90,16.7,2,12,1
3916,JUSTICE LEAGUE™: Battle for METROPOLIS,6,Sunday,0,,,,0.0,0,12,0
3916,JUSTICE LEAGUE™: Battle for METROPOLIS,6,Sunday,1,,,,0.0,0,22,0
3916,JUSTICE LEAGUE™: Battle for METROPOLIS,6,Sunday,2,,,,0.0,0,35,0
3916,JUSTICE LEAGUE™: Battle for METROPOLIS,6,Sunday,3,,,,0.0,0,7,0
3916,JUSTICE LEAGUE™: Battle for METROPOLIS,6,Sunday,4,,,,0.0,0,5,0
3916,JUSTICE LEAGUE™: Battle for METROPOLIS,6,Sunday,5,,,,0.0,0,7,0
3916,JUSTICE LEAGUE™: Battle for METROPOLIS,6,Sunday,9,,,,0.0,0,7,0
3916,JUSTICE LEAGUE™: Battle for METROPOLIS,6,Sunday,10,0.0,0.0,0,33.3,4,12,1
3916,JUSTICE LEAGUE™: Battle for METROPOLIS,6,Sunday,11,11.4,30.0,30,100.0,14,14,2
3916,JUSTICE LEAGUE™: Battle for METROPOLIS,6,Sunday,12,22.2,30.0,30,87.1,27,31,3
3916,JUSTICE LEAGUE™: Battle for METROPOLIS,6,Sunday,13,18.1,30.0,60,72.9,43,59,5
3916,JUSTICE LEAGUE™: Battle for METROPOLIS,6,Sunday,14,48.3,60.0,60,82.1,23,28,3
3916,JUSTICE LEAGUE™: Battle for METROPOLIS,6,Sunday,15,31.6,60.0,60,75.7,28,37,5
3916,JUSTICE LEAGUE™: Battle for METROPOLIS,6,Sunday,16,26.2,60.0,60,100.0,43,43,7
3916,JUSTICE LEAGUE™: Battle for METROPOLIS,6,Sunday,17,23.7,45.0,75,100.0,30,30,6
3916,JUSTICE LEAGUE™: Battle for METROPOLIS,6,Sunday,18,29.6,75.0,75,89.1,41,46,5
3916,JUSTICE LEAGUE™: Battle for METROPOLIS,6,Sunday,19,19.5,45.0,45,83.0,39,47,6
3916,JUSTICE LEAGUE™: Battle for METROPOLIS,6,Sunday,20,18.0,30.0,45,74.4,32,43,6
3916,JUSTICE LEAGUE™: Battle for METROPOLIS,6,Sunday,21,52.5,75.0,75,52.9,18,34,4
3916,JUSTICE LEAGUE™: Battle for METROPOLIS,6,Sunday,22,25.0,75.0,75,6.1,3,49,2
3916,JUSTICE LEAGUE™: Battle for METROPOLIS,6,Sunday,23,,,,0.0,0,19,0
10077,Lil' Devil Coaster,0,Monday,0,,,,0.0,0,12,0
10077,Lil' Devil Coaster,0,Monday,1,,,,0.0,0,4,0
10077,Lil' Devil Coaster,0,Monday,2,,,,0.0,0,17,0
10077,Lil' Devil Coaster,0,Monday,3,,,,0.0,0,9,0
10077,Lil' Devil Coaster,0,Monday,4,,,,0.0,0,34,0
10077,Lil' Devil Coaster,0,Monday,5,,,,0.0,0,9,0
10077,Lil' Devil Coaster,0,Monday,6,,,,0.0,0,3,0
10077,Lil' Devil Coaster,0,Monday,9,,,,0.0,0,4,0
10077,Lil' Devil Coaster,0,Monday,10,0.0,0.0,0,33.3,4,12,1
10077,Lil' Devil Coaster,0,Monday,11,0.0,0.0,0,100.0,12,12,1
10077,Lil' Devil Coaster,0,Monday,12,0.0,0.0,0,100.0,12,12,1
10077,Lil' Devil Coaster,0,Monday,13,0.0,0.0,0,100.0,13,13,2
10077,Lil' Devil Coaster,0,Monday,14,0.0,0.0,0,57.5,23,40,2
10077,Lil' Devil Coaster,0,Monday,15,0.0,0.0,0,70.0,21,30,2
10077,Lil' Devil Coaster,0,Monday,16,0.0,0.0,0,60.0,15,25,2
10077,Lil' Devil Coaster,0,Monday,17,0.0,0.0,0,95.7,22,23,2
10077,Lil' Devil Coaster,0,Monday,18,0.0,0.0,0,37.8,14,37,2
10077,Lil' Devil Coaster,0,Monday,19,0.0,0.0,0,100.0,26,26,3
10077,Lil' Devil Coaster,0,Monday,20,0.0,0.0,0,15.2,7,46,3
10077,Lil' Devil Coaster,0,Monday,21,,,,0.0,0,27,0
10077,Lil' Devil Coaster,0,Monday,22,,,,0.0,0,41,0
10077,Lil' Devil Coaster,0,Monday,23,,,,0.0,0,19,0
10077,Lil' Devil Coaster,1,Tuesday,0,,,,0.0,0,12,0
10077,Lil' Devil Coaster,1,Tuesday,1,,,,0.0,0,17,0
10077,Lil' Devil Coaster,1,Tuesday,2,,,,0.0,0,23,0
10077,Lil' Devil Coaster,1,Tuesday,3,,,,0.0,0,20,0
10077,Lil' Devil Coaster,1,Tuesday,4,,,,0.0,0,12,0
10077,Lil' Devil Coaster,1,Tuesday,5,,,,0.0,0,3,0
10077,Lil' Devil Coaster,1,Tuesday,9,,,,0.0,0,8,0
10077,Lil' Devil Coaster,1,Tuesday,10,0.0,0.0,0,33.3,6,18,2
10077,Lil' Devil Coaster,1,Tuesday,11,0.0,0.0,0,100.0,19,19,2
10077,Lil' Devil Coaster,1,Tuesday,12,0.0,0.0,0,90.5,19,21,2
10077,Lil' Devil Coaster,1,Tuesday,13,0.0,0.0,0,55.4,31,56,3
10077,Lil' Devil Coaster,1,Tuesday,14,0.0,0.0,0,67.5,27,40,4
10077,Lil' Devil Coaster,1,Tuesday,15,0.0,0.0,0,65.8,25,38,4
10077,Lil' Devil Coaster,1,Tuesday,16,0.0,0.0,0,55.4,31,56,3
10077,Lil' Devil Coaster,1,Tuesday,17,0.0,0.0,0,76.9,20,26,2
10077,Lil' Devil Coaster,1,Tuesday,18,0.0,0.0,0,69.4,34,49,4
10077,Lil' Devil Coaster,1,Tuesday,19,0.0,0.0,0,44.6,29,65,4
10077,Lil' Devil Coaster,1,Tuesday,20,0.0,0.0,0,7.1,2,28,1
10077,Lil' Devil Coaster,1,Tuesday,21,,,,0.0,0,59,0
10077,Lil' Devil Coaster,1,Tuesday,22,,,,0.0,0,34,0
10077,Lil' Devil Coaster,1,Tuesday,23,,,,0.0,0,23,0
10077,Lil' Devil Coaster,2,Wednesday,0,,,,0.0,0,10,0
10077,Lil' Devil Coaster,2,Wednesday,1,,,,0.0,0,20,0
10077,Lil' Devil Coaster,2,Wednesday,2,,,,0.0,0,11,0
10077,Lil' Devil Coaster,2,Wednesday,3,,,,0.0,0,27,0
10077,Lil' Devil Coaster,2,Wednesday,4,,,,0.0,0,10,0
10077,Lil' Devil Coaster,2,Wednesday,9,,,,0.0,0,8,0
10077,Lil' Devil Coaster,2,Wednesday,10,0.0,0.0,0,15.8,3,19,1
10077,Lil' Devil Coaster,2,Wednesday,11,0.0,0.0,0,80.0,12,15,2
10077,Lil' Devil Coaster,2,Wednesday,12,0.0,0.0,0,94.4,17,18,3
10077,Lil' Devil Coaster,2,Wednesday,13,0.0,0.0,0,45.7,21,46,3
10077,Lil' Devil Coaster,2,Wednesday,14,0.0,0.0,0,69.7,23,33,3
10077,Lil' Devil Coaster,2,Wednesday,15,0.0,0.0,0,56.8,21,37,4
10077,Lil' Devil Coaster,2,Wednesday,16,0.0,0.0,0,40.0,14,35,3
10077,Lil' Devil Coaster,2,Wednesday,17,0.0,0.0,0,53.6,15,28,2
10077,Lil' Devil Coaster,2,Wednesday,18,0.0,0.0,0,65.6,21,32,3
10077,Lil' Devil Coaster,2,Wednesday,19,0.0,0.0,0,25.0,11,44,4
10077,Lil' Devil Coaster,2,Wednesday,20,0.0,0.0,0,7.3,3,41,1
10077,Lil' Devil Coaster,2,Wednesday,21,,,,0.0,0,35,0
10077,Lil' Devil Coaster,2,Wednesday,22,,,,0.0,0,23,0
10077,Lil' Devil Coaster,2,Wednesday,23,,,,0.0,0,18,0
10077,Lil' Devil Coaster,3,Thursday,0,,,,0.0,0,22,0
10077,Lil' Devil Coaster,3,Thursday,1,,,,0.0,0,27,0
10077,Lil' Devil Coaster,3,Thursday,2,,,,0.0,0,11,0
10077,Lil' Devil Coaster,3,Thursday,3,,,,0.0,0,29,0
10077,Lil' Devil Coaster,3,Thursday,4,,,,0.0,0,4,0
10077,Lil' Devil Coaster,3,Thursday,9,,,,0.0,0,5,0
10077,Lil' Devil Coaster,3,Thursday,10,0.0,0.0,0,33.3,4,12,1
10077,Lil' Devil Coaster,3,Thursday,11,0.0,0.0,0,100.0,12,12,1
10077,Lil' Devil Coaster,3,Thursday,12,0.0,0.0,0,78.9,15,19,2
10077,Lil' Devil Coaster,3,Thursday,13,0.0,0.0,0,50.0,21,42,2
10077,Lil' Devil Coaster,3,Thursday,14,0.0,0.0,0,60.7,17,28,2
10077,Lil' Devil Coaster,3,Thursday,15,0.0,0.0,0,52.2,24,46,3
10077,Lil' Devil Coaster,3,Thursday,16,0.0,0.0,0,55.2,16,29,2
10077,Lil' Devil Coaster,3,Thursday,17,0.0,0.0,0,42.9,15,35,2
10077,Lil' Devil Coaster,3,Thursday,18,0.0,0.0,0,37.1,13,35,3
10077,Lil' Devil Coaster,3,Thursday,19,0.0,0.0,0,30.5,18,59,3
10077,Lil' Devil Coaster,3,Thursday,20,0.0,0.0,0,25.0,11,44,2
10077,Lil' Devil Coaster,3,Thursday,21,,,,0.0,0,25,0
10077,Lil' Devil Coaster,3,Thursday,22,,,,0.0,0,53,0
10077,Lil' Devil Coaster,3,Thursday,23,,,,0.0,0,22,0
10077,Lil' Devil Coaster,4,Friday,0,,,,0.0,0,19,0
10077,Lil' Devil Coaster,4,Friday,1,,,,0.0,0,10,0
10077,Lil' Devil Coaster,4,Friday,2,,,,0.0,0,14,0
10077,Lil' Devil Coaster,4,Friday,3,,,,0.0,0,26,0
10077,Lil' Devil Coaster,4,Friday,4,,,,0.0,0,25,0
10077,Lil' Devil Coaster,4,Friday,5,,,,0.0,0,1,0
10077,Lil' Devil Coaster,4,Friday,9,,,,0.0,0,5,0
10077,Lil' Devil Coaster,4,Friday,10,0.0,0.0,0,25.0,3,12,1
10077,Lil' Devil Coaster,4,Friday,11,0.0,0.0,0,100.0,12,12,1
10077,Lil' Devil Coaster,4,Friday,12,0.0,0.0,0,73.9,17,23,2
10077,Lil' Devil Coaster,4,Friday,13,0.0,0.0,0,45.2,19,42,2
10077,Lil' Devil Coaster,4,Friday,14,0.0,0.0,0,40.0,12,30,1
10077,Lil' Devil Coaster,4,Friday,15,0.0,0.0,0,55.0,22,40,2
10077,Lil' Devil Coaster,4,Friday,16,0.0,0.0,0,60.9,14,23,2
10077,Lil' Devil Coaster,4,Friday,17,0.0,0.0,0,50.0,17,34,2
10077,Lil' Devil Coaster,4,Friday,18,0.0,0.0,0,76.6,36,47,5
10077,Lil' Devil Coaster,4,Friday,19,0.0,0.0,0,90.7,39,43,6
10077,Lil' Devil Coaster,4,Friday,20,0.0,0.0,0,71.4,30,42,4
10077,Lil' Devil Coaster,4,Friday,21,0.0,0.0,0,95.5,21,22,2
10077,Lil' Devil Coaster,4,Friday,22,0.0,0.0,0,30.2,16,53,3
10077,Lil' Devil Coaster,4,Friday,23,0.0,0.0,0,9.1,2,22,1
10077,Lil' Devil Coaster,5,Saturday,0,,,,0.0,0,23,0
10077,Lil' Devil Coaster,5,Saturday,1,,,,0.0,0,3,0
10077,Lil' Devil Coaster,5,Saturday,2,,,,0.0,0,8,0
10077,Lil' Devil Coaster,5,Saturday,3,,,,0.0,0,33,0
10077,Lil' Devil Coaster,5,Saturday,4,,,,0.0,0,18,0
10077,Lil' Devil Coaster,5,Saturday,5,,,,0.0,0,1,0
10077,Lil' Devil Coaster,5,Saturday,9,,,,0.0,0,8,0
10077,Lil' Devil Coaster,5,Saturday,10,0.0,0.0,0,33.3,4,12,1
10077,Lil' Devil Coaster,5,Saturday,11,0.0,0.0,0,88.2,15,17,3
10077,Lil' Devil Coaster,5,Saturday,12,0.0,0.0,0,100.0,49,49,7
10077,Lil' Devil Coaster,5,Saturday,13,0.0,0.0,0,100.0,46,46,7
10077,Lil' Devil Coaster,5,Saturday,14,0.0,0.0,0,100.0,36,36,4
10077,Lil' Devil Coaster,5,Saturday,15,0.0,0.0,0,100.0,42,42,6
10077,Lil' Devil Coaster,5,Saturday,16,0.0,0.0,0,95.8,46,48,6
10077,Lil' Devil Coaster,5,Saturday,17,0.0,0.0,0,96.3,26,27,4
10077,Lil' Devil Coaster,5,Saturday,18,0.0,0.0,0,100.0,58,58,7
10077,Lil' Devil Coaster,5,Saturday,19,0.0,0.0,0,100.0,41,41,7
10077,Lil' Devil Coaster,5,Saturday,20,0.0,0.0,0,81.4,35,43,6
10077,Lil' Devil Coaster,5,Saturday,21,0.0,0.0,0,100.0,45,45,5
10077,Lil' Devil Coaster,5,Saturday,22,0.0,0.0,0,73.1,19,26,4
10077,Lil' Devil Coaster,5,Saturday,23,0.0,0.0,0,16.7,2,12,1
10077,Lil' Devil Coaster,6,Sunday,0,,,,0.0,0,12,0
10077,Lil' Devil Coaster,6,Sunday,1,,,,0.0,0,22,0
10077,Lil' Devil Coaster,6,Sunday,2,,,,0.0,0,35,0
10077,Lil' Devil Coaster,6,Sunday,3,,,,0.0,0,7,0
10077,Lil' Devil Coaster,6,Sunday,4,,,,0.0,0,5,0
10077,Lil' Devil Coaster,6,Sunday,5,,,,0.0,0,7,0
10077,Lil' Devil Coaster,6,Sunday,9,,,,0.0,0,7,0
10077,Lil' Devil Coaster,6,Sunday,10,0.0,0.0,0,33.3,4,12,1
10077,Lil' Devil Coaster,6,Sunday,11,0.0,0.0,0,100.0,14,14,2
10077,Lil' Devil Coaster,6,Sunday,12,0.0,0.0,0,100.0,31,31,4
10077,Lil' Devil Coaster,6,Sunday,13,0.0,0.0,0,86.4,51,59,6
10077,Lil' Devil Coaster,6,Sunday,14,0.0,0.0,0,85.7,24,28,3
10077,Lil' Devil Coaster,6,Sunday,15,0.0,0.0,0,100.0,37,37,5
10077,Lil' Devil Coaster,6,Sunday,16,0.0,0.0,0,100.0,43,43,7
10077,Lil' Devil Coaster,6,Sunday,17,0.0,0.0,0,96.7,29,30,6
10077,Lil' Devil Coaster,6,Sunday,18,0.0,0.0,0,97.8,45,46,5
10077,Lil' Devil Coaster,6,Sunday,19,0.0,0.0,0,100.0,47,47,7
10077,Lil' Devil Coaster,6,Sunday,20,0.0,0.0,0,81.4,35,43,7
10077,Lil' Devil Coaster,6,Sunday,21,0.0,0.0,0,52.9,18,34,4
10077,Lil' Devil Coaster,6,Sunday,22,0.0,0.0,0,6.1,3,49,2
10077,Lil' Devil Coaster,6,Sunday,23,,,,0.0,0,19,0
10533,Medusa,0,Monday,0,,,,0.0,0,12,0
10533,Medusa,0,Monday,1,,,,0.0,0,4,0
10533,Medusa,0,Monday,2,,,,0.0,0,17,0
10533,Medusa,0,Monday,3,,,,0.0,0,9,0
10533,Medusa,0,Monday,4,,,,0.0,0,34,0
10533,Medusa,0,Monday,5,,,,0.0,0,9,0
10533,Medusa,0,Monday,6,,,,0.0,0,3,0
10533,Medusa,0,Monday,9,,,,0.0,0,4,0
10533,Medusa,0,Monday,10,0.0,0.0,0,33.3,4,12,1
10533,Medusa,0,Monday,11,0.0,0.0,0,100.0,12,12,1
10533,Medusa,0,Monday,12,0.0,0.0,0,100.0,12,12,1
10533,Medusa,0,Monday,13,0.0,0.0,0,100.0,13,13,2
10533,Medusa,0,Monday,14,8.4,20.0,20,47.5,19,40,2
10533,Medusa,0,Monday,15,18.3,30.0,30,70.0,21,30,2
10533,Medusa,0,Monday,16,25.0,30.0,30,60.0,15,25,2
10533,Medusa,0,Monday,17,42.3,65.0,65,95.7,22,23,2
10533,Medusa,0,Monday,18,38.6,45.0,45,37.8,14,37,2
10533,Medusa,0,Monday,19,12.5,20.0,20,100.0,26,26,3
10533,Medusa,0,Monday,20,11.4,20.0,20,15.2,7,46,3
10533,Medusa,0,Monday,21,,,,0.0,0,27,0
10533,Medusa,0,Monday,22,,,,0.0,0,41,0
10533,Medusa,0,Monday,23,,,,0.0,0,19,0
10533,Medusa,1,Tuesday,0,,,,0.0,0,12,0
10533,Medusa,1,Tuesday,1,,,,0.0,0,17,0
10533,Medusa,1,Tuesday,2,,,,0.0,0,23,0
10533,Medusa,1,Tuesday,3,,,,0.0,0,20,0
10533,Medusa,1,Tuesday,4,,,,0.0,0,12,0
10533,Medusa,1,Tuesday,5,,,,0.0,0,3,0
10533,Medusa,1,Tuesday,9,,,,0.0,0,8,0
10533,Medusa,1,Tuesday,10,0.0,0.0,0,33.3,6,18,2
10533,Medusa,1,Tuesday,11,0.0,0.0,0,100.0,19,19,2
10533,Medusa,1,Tuesday,12,0.0,0.0,0,90.5,19,21,2
10533,Medusa,1,Tuesday,13,0.0,0.0,0,55.4,31,56,3
10533,Medusa,1,Tuesday,14,1.7,0.0,45,67.5,27,40,4
10533,Medusa,1,Tuesday,15,21.6,45.0,45,65.8,25,38,4
10533,Medusa,1,Tuesday,16,23.2,45.0,60,55.4,31,56,3
10533,Medusa,1,Tuesday,17,51.0,60.0,60,76.9,20,26,2
10533,Medusa,1,Tuesday,18,21.8,45.0,60,67.3,33,49,4
10533,Medusa,1,Tuesday,19,7.8,15.0,15,44.6,29,65,4
10533,Medusa,1,Tuesday,20,15.0,15.0,15,7.1,2,28,1
10533,Medusa,1,Tuesday,21,,,,0.0,0,59,0
10533,Medusa,1,Tuesday,22,,,,0.0,0,34,0
10533,Medusa,1,Tuesday,23,,,,0.0,0,23,0
10533,Medusa,2,Wednesday,0,,,,0.0,0,10,0
10533,Medusa,2,Wednesday,1,,,,0.0,0,20,0
10533,Medusa,2,Wednesday,2,,,,0.0,0,11,0
10533,Medusa,2,Wednesday,3,,,,0.0,0,27,0
10533,Medusa,2,Wednesday,4,,,,0.0,0,10,0
10533,Medusa,2,Wednesday,9,,,,0.0,0,8,0
10533,Medusa,2,Wednesday,10,0.0,0.0,0,15.8,3,19,1
10533,Medusa,2,Wednesday,11,0.0,0.0,0,100.0,15,15,2
10533,Medusa,2,Wednesday,12,0.0,0.0,0,94.4,17,18,3
10533,Medusa,2,Wednesday,13,0.0,0.0,0,34.8,16,46,3
10533,Medusa,2,Wednesday,14,8.7,20.0,20,69.7,23,33,3
10533,Medusa,2,Wednesday,15,5.5,10.0,25,56.8,21,37,4
10533,Medusa,2,Wednesday,16,17.3,25.0,25,42.9,15,35,3
10533,Medusa,2,Wednesday,17,7.7,25.0,25,46.4,13,28,2
10533,Medusa,2,Wednesday,18,3.1,10.0,10,65.6,21,32,3
10533,Medusa,2,Wednesday,19,11.1,25.0,25,20.5,9,44,4
10533,Medusa,2,Wednesday,20,25.0,25.0,25,7.3,3,41,1
10533,Medusa,2,Wednesday,21,,,,0.0,0,35,0
10533,Medusa,2,Wednesday,22,,,,0.0,0,23,0
10533,Medusa,2,Wednesday,23,,,,0.0,0,18,0
10533,Medusa,3,Thursday,0,,,,0.0,0,22,0
10533,Medusa,3,Thursday,1,,,,0.0,0,27,0
10533,Medusa,3,Thursday,2,,,,0.0,0,11,0
10533,Medusa,3,Thursday,3,,,,0.0,0,29,0
10533,Medusa,3,Thursday,4,,,,0.0,0,4,0
10533,Medusa,3,Thursday,9,,,,0.0,0,5,0
10533,Medusa,3,Thursday,10,0.0,0.0,0,33.3,4,12,1
10533,Medusa,3,Thursday,11,0.0,0.0,0,100.0,12,12,1
10533,Medusa,3,Thursday,12,0.0,0.0,0,78.9,15,19,2
10533,Medusa,3,Thursday,13,0.0,0.0,0,50.0,21,42,2
10533,Medusa,3,Thursday,14,0.0,0.0,0,60.7,17,28,2
10533,Medusa,3,Thursday,15,0.0,0.0,0,56.5,26,46,3
10533,Medusa,3,Thursday,16,0.0,0.0,0,58.6,17,29,2
10533,Medusa,3,Thursday,17,0.0,0.0,0,42.9,15,35,2
10533,Medusa,3,Thursday,18,0.0,0.0,0,37.1,13,35,3
10533,Medusa,3,Thursday,19,0.0,0.0,0,30.5,18,59,3
10533,Medusa,3,Thursday,20,0.0,0.0,0,25.0,11,44,2
10533,Medusa,3,Thursday,21,,,,0.0,0,25,0
10533,Medusa,3,Thursday,22,,,,0.0,0,53,0
10533,Medusa,3,Thursday,23,,,,0.0,0,22,0
10533,Medusa,4,Friday,0,,,,0.0,0,19,0
10533,Medusa,4,Friday,1,,,,0.0,0,10,0
10533,Medusa,4,Friday,2,,,,0.0,0,14,0
10533,Medusa,4,Friday,3,,,,0.0,0,26,0
10533,Medusa,4,Friday,4,,,,0.0,0,25,0
10533,Medusa,4,Friday,5,,,,0.0,0,1,0
10533,Medusa,4,Friday,9,,,,0.0,0,5,0
10533,Medusa,4,Friday,10,0.0,0.0,0,25.0,3,12,1
10533,Medusa,4,Friday,11,0.0,0.0,0,100.0,12,12,1
10533,Medusa,4,Friday,12,0.0,0.0,0,73.9,17,23,2
10533,Medusa,4,Friday,13,0.0,0.0,0,40.5,17,42,2
10533,Medusa,4,Friday,14,10.0,20.0,20,40.0,12,30,1
10533,Medusa,4,Friday,15,13.6,35.0,35,55.0,22,40,2
10533,Medusa,4,Friday,16,30.0,35.0,35,60.9,14,23,2
10533,Medusa,4,Friday,17,26.2,35.0,35,50.0,17,34,2
10533,Medusa,4,Friday,18,14.7,35.0,35,68.1,32,47,5
10533,Medusa,4,Friday,19,14.4,35.0,35,79.1,34,43,6
10533,Medusa,4,Friday,20,16.2,35.0,35,71.4,30,42,4
10533,Medusa,4,Friday,21,22.5,35.0,35,90.9,20,22,2
10533,Medusa,4,Friday,22,12.4,35.0,35,35.8,19,53,3
10533,Medusa,4,Friday,23,7.5,10.0,10,18.2,4,22,2
10533,Medusa,5,Saturday,0,,,,0.0,0,23,0
10533,Medusa,5,Saturday,1,,,,0.0,0,3,0
10533,Medusa,5,Saturday,2,,,,0.0,0,8,0
10533,Medusa,5,Saturday,3,,,,0.0,0,33,0
10533,Medusa,5,Saturday,4,,,,0.0,0,18,0
10533,Medusa,5,Saturday,5,,,,0.0,0,1,0
10533,Medusa,5,Saturday,9,,,,0.0,0,8,0
10533,Medusa,5,Saturday,10,0.0,0.0,0,33.3,4,12,1
10533,Medusa,5,Saturday,11,0.0,0.0,0,100.0,17,17,3
10533,Medusa,5,Saturday,12,0.0,0.0,0,91.8,45,49,7
10533,Medusa,5,Saturday,13,0.7,0.0,10,97.8,45,46,6
10533,Medusa,5,Saturday,14,5.2,10.0,10,69.4,25,36,3
10533,Medusa,5,Saturday,15,7.6,50.0,50,88.1,37,42,6
10533,Medusa,5,Saturday,16,10.2,50.0,50,100.0,48,48,6
10533,Medusa,5,Saturday,17,24.4,50.0,50,100.0,27,27,4
10533,Medusa,5,Saturday,18,31.3,75.0,75,100.0,58,58,7
10533,Medusa,5,Saturday,19,29.3,75.0,75,100.0,41,41,7
10533,Medusa,5,Saturday,20,12.9,40.0,45,72.1,31,43,5
10533,Medusa,5,Saturday,21,11.9,45.0,45,100.0,45,45,5
10533,Medusa,5,Saturday,22,46.8,75.0,75,73.1,19,26,4
10533,Medusa,5,Saturday,23,75.0,75.0,75,16.7,2,12,1
10533,Medusa,6,Sunday,0,,,,0.0,0,12,0
10533,Medusa,6,Sunday,1,,,,0.0,0,22,0
10533,Medusa,6,Sunday,2,,,,0.0,0,35,0
10533,Medusa,6,Sunday,3,,,,0.0,0,7,0
10533,Medusa,6,Sunday,4,,,,0.0,0,5,0
10533,Medusa,6,Sunday,5,,,,0.0,0,7,0
10533,Medusa,6,Sunday,9,,,,0.0,0,7,0
10533,Medusa,6,Sunday,10,0.0,0.0,0,33.3,4,12,1
10533,Medusa,6,Sunday,11,0.0,0.0,0,100.0,14,14,2
10533,Medusa,6,Sunday,12,0.0,0.0,0,93.5,29,31,4
10533,Medusa,6,Sunday,13,2.6,20.0,30,83.1,49,59,6
10533,Medusa,6,Sunday,14,23.3,35.0,35,75.0,21,28,3
10533,Medusa,6,Sunday,15,13.0,35.0,60,94.6,35,37,5
10533,Medusa,6,Sunday,16,29.4,60.0,90,100.0,43,43,7
10533,Medusa,6,Sunday,17,32.3,90.0,90,93.3,28,30,6
10533,Medusa,6,Sunday,18,41.3,60.0,90,67.4,31,46,5
10533,Medusa,6,Sunday,19,30.6,90.0,90,100.0,47,47,7
10533,Medusa,6,Sunday,20,44.6,90.0,90,62.8,27,43,6
10533,Medusa,6,Sunday,21,13.1,90.0,90,52.9,18,34,4
10533,Medusa,6,Sunday,22,0.0,0.0,0,6.1,3,49,2
10533,Medusa,6,Sunday,23,,,,0.0,0,19,0
3253,Nitro,0,Monday,0,,,,0.0,0,12,0
3253,Nitro,0,Monday,1,,,,0.0,0,4,0
3253,Nitro,0,Monday,2,,,,0.0,0,17,0
3253,Nitro,0,Monday,3,,,,0.0,0,9,0
3253,Nitro,0,Monday,4,,,,0.0,0,34,0
3253,Nitro,0,Monday,5,,,,0.0,0,9,0
3253,Nitro,0,Monday,6,,,,0.0,0,3,0
3253,Nitro,0,Monday,9,,,,0.0,0,4,0
3253,Nitro,0,Monday,10,,,,0.0,0,12,0
3253,Nitro,0,Monday,11,,,,0.0,0,12,0
3253,Nitro,0,Monday,12,,,,0.0,0,12,0
3253,Nitro,0,Monday,13,30.0,30.0,30,7.7,1,13,1
3253,Nitro,0,Monday,14,30.0,30.0,30,27.5,11,40,1
3253,Nitro,0,Monday,15,0.0,0.0,0,30.0,9,30,1
3253,Nitro,0,Monday,16,0.0,0.0,0,12.0,3,25,1
3253,Nitro,0,Monday,17,51.0,60.0,60,43.5,10,23,1
3253,Nitro,0,Monday,18,30.0,60.0,60,21.6,8,37,2
3253,Nitro,0,Monday,19,16.9,30.0,45,100.0,26,26,3
3253,Nitro,0,Monday,20,8.6,15.0,15,15.2,7,46,3
3253,Nitro,0,Monday,21,,,,0.0,0,27,0
3253,Nitro,0,Monday,22,,,,0.0,0,41,0
3253,Nitro,0,Monday,23,,,,0.0,0,19,0
3253,Nitro,1,Tuesday,0,,,,0.0,0,12,0
3253,Nitro,1,Tuesday,1,,,,0.0,0,17,0
3253,Nitro,1,Tuesday,2,,,,0.0,0,23,0
3253,Nitro,1,Tuesday,3,,,,0.0,0,20,0
3253,Nitro,1,Tuesday,4,,,,0.0,0,12,0
3253,Nitro,1,Tuesday,5,,,,0.0,0,3,0
3253,Nitro,1,Tuesday,9,,,,0.0,0,8,0
3253,Nitro,1,Tuesday,10,,,,0.0,0,18,0
3253,Nitro,1,Tuesday,11,8.6,20.0,20,36.8,7,19,1
3253,Nitro,1,Tuesday,12,2.5,5.0,5,66.7,14,21,2
3253,Nitro,1,Tuesday,13,15.2,60.0,90,55.4,31,56,3
3253,Nitro,1,Tuesday,14,25.8,60.0,60,60.0,24,40,4
3253,Nitro,1,Tuesday,15,34.0,60.0,60,65.8,25,38,4
3253,Nitro,1,Tuesday,16,34.8,90.0,90,48.2,27,56,3
3253,Nitro,1,Tuesday,17,54.8,90.0,90,76.9,20,26,2
3253,Nitro,1,Tuesday,18,16.9,60.0,90,71.4,35,49,4
3253,Nitro,1,Tuesday,19,9.6,20.0,20,41.5,27,65,4
3253,Nitro,1,Tuesday,20,10.0,10.0,10,7.1,2,28,1
3253,Nitro,1,Tuesday,21,,,,0.0,0,59,0
3253,Nitro,1,Tuesday,22,,,,0.0,0,34,0
3253,Nitro,1,Tuesday,23,,,,0.0,0,23,0
3253,Nitro,2,Wednesday,0,,,,0.0,0,10,0
3253,Nitro,2,Wednesday,1,,,,0.0,0,20,0
3253,Nitro,2,Wednesday,2,,,,0.0,0,11,0
3253,Nitro,2,Wednesday,3,,,,0.0,0,27,0
3253,Nitro,2,Wednesday,4,,,,0.0,0,10,0
3253,Nitro,2,Wednesday,9,,,,0.0,0,8,0
3253,Nitro,2,Wednesday,10,,,,0.0,0,19,0
3253,Nitro,2,Wednesday,11,0.0,0.0,0,80.0,12,15,2
3253,Nitro,2,Wednesday,12,0.0,0.0,0,94.4,17,18,3
3253,Nitro,2,Wednesday,13,16.8,60.0,60,41.3,19,46,3
3253,Nitro,2,Wednesday,14,29.6,60.0,60,69.7,23,33,3
3253,Nitro,2,Wednesday,15,14.0,50.0,50,40.5,15,37,3
3253,Nitro,2,Wednesday,16,49.5,60.0,60,28.6,10,35,2
3253,Nitro,2,Wednesday,17,19.7,60.0,60,53.6,15,28,2
3253,Nitro,2,Wednesday,18,0.9,5.0,5,53.1,17,32,3
3253,Nitro,2,Wednesday,19,7.5,30.0,30,31.8,14,44,4
3253,Nitro,2,Wednesday,20,30.0,30.0,30,7.3,3,41,1
3253,Nitro,2,Wednesday,21,,,,0.0,0,35,0
3253,Nitro,2,Wednesday,22,,,,0.0,0,23,0
3253,Nitro,2,Wednesday,23,,,,0.0,0,18,0
3253,Nitro,3,Thursday,0,,,,0.0,0,22,0
3253,Nitro,3,Thursday,1,,,,0.0,0,27,0
3253,Nitro,3,Thursday,2,,,,0.0,0,11,0
3253,Nitro,3,Thursday,3,,,,0.0,0,29,0
3253,Nitro,3,Thursday,4,,,,0.0,0,4,0
3253,Nitro,3,Thursday,9,,,,0.0,0,5,0
3253,Nitro,3,Thursday,10,0.0,0.0,0,8.3,1,12,1
3253,Nitro,3,Thursday,11,0.0,0.0,0,41.7,5,12,1
3253,Nitro,3,Thursday,12,0.0,0.0,0,78.9,15,19,2
3253,Nitro,3,Thursday,13,0.0,0.0,0,45.2,19,42,2
3253,Nitro,3,Thursday,14,0.0,0.0,0,60.7,17,28,2
3253,Nitro,3,Thursday,15,0.0,0.0,0,52.2,24,46,3
3253,Nitro,3,Thursday,16,0.0,0.0,0,58.6,17,29,2
3253,Nitro,3,Thursday,17,0.0,0.0,0,20.0,7,35,2
3253,Nitro,3,Thursday,18,0.0,0.0,0,25.7,9,35,1
3253,Nitro,3,Thursday,19,0.0,0.0,0,28.8,17,59,3
3253,Nitro,3,Thursday,20,0.0,0.0,0,25.0,11,44,2
3253,Nitro,3,Thursday,21,,,,0.0,0,25,0
3253,Nitro,3,Thursday,22,,,,0.0,0,53,0
3253,Nitro,3,Thursday,23,,,,0.0,0,22,0
3253,Nitro,4,Friday,0,,,,0.0,0,19,0
3253,Nitro,4,Friday,1,,,,0.0,0,10,0
3253,Nitro,4,Friday,2,,,,0.0,0,14,0
3253,Nitro,4,Friday,3,,,,0.0,0,26,0
3253,Nitro,4,Friday,4,,,,0.0,0,25,0
3253,Nitro,4,Friday,5,,,,0.0,0,1,0
3253,Nitro,4,Friday,9,,,,0.0,0,5,0
3253,Nitro,4,Friday,10,,,,0.0,0,12,0
3253,Nitro,4,Friday,11,,,,0.0,0,12,0
3253,Nitro,4,Friday,12,0.0,0.0,0,21.7,5,23,1
3253,Nitro,4,Friday,13,0.0,0.0,0,16.7,7,42,1
3253,Nitro,4,Friday,14,,,,0.0,0,30,0
3253,Nitro,4,Friday,15,0.0,0.0,0,25.0,10,40,1
3253,Nitro,4,Friday,16,18.0,60.0,60,43.5,10,23,2
3253,Nitro,4,Friday,17,37.1,60.0,60,50.0,17,34,2
3253,Nitro,4,Friday,18,18.5,45.0,45,72.3,34,47,5
3253,Nitro,4,Friday,19,17.9,45.0,45,90.7,39,43,6
3253,Nitro,4,Friday,20,4.3,25.0,25,66.7,28,42,4
3253,Nitro,4,Friday,21,15.2,25.0,60,95.5,21,22,2
3253,Nitro,4,Friday,22,2.0,15.0,15,41.5,22,53,4
3253,Nitro,4,Friday,23,0.0,0.0,0,18.2,4,22,2
3253,Nitro,5,Saturday,0,,,,0.0,0,23,0
3253,Nitro,5,Saturday,1,,,,0.0,0,3,0
3253,Nitro,5,Saturday,2,,,,0.0,0,8,0
3253,Nitro,5,Saturday,3,,,,0.0,0,33,0
3253,Nitro,5,Saturday,4,,,,0.0,0,18,0
3253,Nitro,5,Saturday,5,,,,0.0,0,1,0
3253,Nitro,5,Saturday,9,,,,0.0,0,8,0
3253,Nitro,5,Saturday,10,0.0,0.0,0,33.3,4,12,1
3253,Nitro,5,Saturday,11,0.0,0.0,0,100.0,17,17,3
3253,Nitro,5,Saturday,12,0.0,0.0,0,100.0,49,49,7
3253,Nitro,5,Saturday,13,1.9,5.0,20,93.5,43,46,6
3253,Nitro,5,Saturday,14,11.8,35.0,35,100.0,36,36,4
3253,Nitro,5,Saturday,15,24.4,60.0,60,100.0,42,42,6
3253,Nitro,5,Saturday,16,20.0,60.0,60,95.8,46,48,6
3253,Nitro,5,Saturday,17,31.0,60.0,60,88.9,24,27,4
3253,Nitro,5,Saturday,18,33.2,75.0,75,96.6,56,58,7
3253,Nitro,5,Saturday,19,25.5,75.0,75,100.0,41,41,7
3253,Nitro,5,Saturday,20,34.7,60.0,60,79.1,34,43,6
3253,Nitro,5,Saturday,21,19.0,45.0,45,100.0,45,45,5
3253,Nitro,5,Saturday,22,36.3,90.0,90,73.1,19,26,4
3253,Nitro,5,Saturday,23,45.0,60.0,60,16.7,2,12,1
3253,Nitro,6,Sunday,0,,,,0.0,0,12,0
3253,Nitro,6,Sunday,1,,,,0.0,0,22,0
3253,Nitro,6,Sunday,2,,,,0.0,0,35,0
3253,Nitro,6,Sunday,3,,,,0.0,0,7,0
3253,Nitro,6,Sunday,4,,,,0.0,0,5,0
3253,Nitro,6,Sunday,5,,,,0.0,0,7,0
3253,Nitro,6,Sunday,9,,,,0.0,0,7,0
3253,Nitro,6,Sunday,10,0.0,0.0,0,33.3,4,12,1
3253,Nitro,6,Sunday,11,0.0,0.0,0,35.7,5,14,2
3253,Nitro,6,Sunday,12,4.4,15.0,15,51.6,16,31,3
3253,Nitro,6,Sunday,13,19.7,60.0,60,66.1,39,59,5
3253,Nitro,6,Sunday,14,29.2,45.0,45,42.9,12,28,2
3253,Nitro,6,Sunday,15,8.5,50.0,60,70.3,26,37,4
3253,Nitro,6,Sunday,16,26.5,60.0,60,93.0,40,43,6
3253,Nitro,6,Sunday,17,6.7,60.0,60,60.0,18,30,5
3253,Nitro,6,Sunday,18,26.6,60.0,60,73.9,34,46,4
3253,Nitro,6,Sunday,19,11.1,45.0,45,74.5,35,47,6
3253,Nitro,6,Sunday,20,5.8,20.0,20,55.8,24,43,6
3253,Nitro,6,Sunday,21,16.9,45.0,45,47.1,16,34,3
3253,Nitro,6,Sunday,22,3.3,10.0,10,6.1,3,49,2
3253,Nitro,6,Sunday,23,,,,0.0,0,19,0
17772,Plaza De La Muerte,0,Monday,3,,,,0.0,0,1,0
17772,Plaza De La Muerte,0,Monday,4,,,,0.0,0,23,0
17772,Plaza De La Muerte,0,Monday,5,,,,0.0,0,9,0
17772,Plaza De La Muerte,0,Monday,6,,,,0.0,0,3,0
17772,Plaza De La Muerte,0,Monday,14,,,,0.0,0,8,0
17772,Plaza De La Muerte,0,Monday,15,,,,0.0,0,6,0
17772,Plaza De La Muerte,0,Monday,16,,,,0.0,0,10,0
17772,Plaza De La Muerte,0,Monday,18,,,,0.0,0,12,0
17772,Plaza De La Muerte,0,Monday,20,,,,0.0,0,13,0
17772,Plaza De La Muerte,0,Monday,21,,,,0.0,0,16,0
17772,Plaza De La Muerte,0,Monday,22,,,,0.0,0,7,0
17772,Plaza De La Muerte,1,Tuesday,1,,,,0.0,0,3,0
17772,Plaza De La Muerte,1,Tuesday,2,,,,0.0,0,21,0
17772,Plaza De La Muerte,1,Tuesday,4,,,,0.0,0,9,0
17772,Plaza De La Muerte,1,Tuesday,5,,,,0.0,0,3,0
17772,Plaza De La Muerte,1,Tuesday,13,,,,0.0,0,7,0
17772,Plaza De La Muerte,1,Tuesday,14,,,,0.0,0,17,0
17772,Plaza De La Muerte,1,Tuesday,15,,,,0.0,0,12,0
17772,Plaza De La Muerte,1,Tuesday,16,,,,0.0,0,9,0
17772,Plaza De La Muerte,1,Tuesday,17,,,,0.0,0,3,0
17772,Plaza De La Muerte,1,Tuesday,18,,,,0.0,0,9,0
17772,Plaza De La Muerte,1,Tuesday,19,,,,0.0,0,27,0
17772,Plaza De La Muerte,1,Tuesday,21,,,,0.0,0,16,0
17772,Plaza De La Muerte,1,Tuesday,22,,,,0.0,0,20,0
17772,Plaza De La Muerte,2,Wednesday,2,,,,0.0,0,2,0
17772,Plaza De La Muerte,2,Wednesday,3,,,,0.0,0,24,0
17772,Plaza De La Muerte,2,Wednesday,4,,,,0.0,0,10,0
17772,Plaza De La Muerte,2,Wednesday,13,,,,0.0,0,6,0
17772,Plaza De La Muerte,2,Wednesday,14,,,,0.0,0,16,0
17772,Plaza De La Muerte,2,Wednesday,15,,,,0.0,0,13,0
17772,Plaza De La Muerte,2,Wednesday,16,,,,0.0,0,3,0
17772,Plaza De La Muerte,2,Wednesday,17,,,,0.0,0,10,0
17772,Plaza De La Muerte,2,Wednesday,18,,,,0.0,0,7,0
17772,Plaza De La Muerte,2,Wednesday,19,,,,0.0,0,19,0
17772,Plaza De La Muerte,2,Wednesday,20,,,,0.0,0,10,0
17772,Plaza De La Muerte,2,Wednesday,21,,,,0.0,0,14,0
17772,Plaza De La Muerte,2,Wednesday,22,,,,0.0,0,10,0
17772,Plaza De La Muerte,2,Wednesday,23,,,,0.0,0,6,0
17772,Plaza De La Muerte,3,Thursday,0,,,,0.0,0,6,0
17772,Plaza De La Muerte,3,Thursday,2,,,,0.0,0,1,0
17772,Plaza De La Muerte,3,Thursday,3,,,,0.0,0,19,0
17772,Plaza De La Muerte,3,Thursday,4,,,,0.0,0,4,0
17772,Plaza De La Muerte,3,Thursday,13,,,,0.0,0,5,0
17772,Plaza De La Muerte,3,Thursday,14,,,,0.0,0,12,0
17772,Plaza De La Muerte,3,Thursday,15,,,,0.0,0,19,0
17772,Plaza De La Muerte,3,Thursday,16,,,,0.0,0,1,0
17772,Plaza De La Muerte,3,Thursday,17,,,,0.0,0,11,0
17772,Plaza De La Muerte,3,Thursday,18,,,,0.0,0,1,0
17772,Plaza De La Muerte,3,Thursday,19,0.0,0.0,0,16.7,3,18,1
17772,Plaza De La Muerte,3,Thursday,20,0.0,0.0,0,52.9,9,17,1
17772,Plaza De La Muerte,3,Thursday,21,,,,0.0,0,1,0
17772,Plaza De La Muerte,3,Thursday,22,,,,0.0,0,18,0
17772,Plaza De La Muerte,3,Thursday,23,,,,0.0,0,10,0
17772,Plaza De La Muerte,4,Friday,0,,,,0.0,0,7,0
17772,Plaza De La Muerte,4,Friday,3,,,,0.0,0,2,0
17772,Plaza De La Muerte,4,Friday,4,,,,0.0,0,21,0
17772,Plaza De La Muerte,4,Friday,5,,,,0.0,0,1,0
17772,Plaza De La Muerte,4,Friday,13,,,,0.0,0,5,0
17772,Plaza De La Muerte,4,Friday,14,,,,0.0,0,18,0
17772,Plaza De La Muerte,4,Friday,15,,,,0.0,0,1,0
17772,Plaza De La Muerte,4,Friday,16,,,,0.0,0,2,0
17772,Plaza De La Muerte,4,Friday,17,,,,0.0,0,10,0
17772,Plaza De La Muerte,4,Friday,18,,,,0.0,0,8,0
17772,Plaza De La Muerte,4,Friday,19,0.0,0.0,0,100.0,8,8,2
17772,Plaza De La Muerte,4,Friday,20,0.0,0.0,0,100.0,8,8,1
17772,Plaza De La Muerte,4,Friday,21,0.0,0.0,0,100.0,9,9,1
17772,Plaza De La Muerte,4,Friday,22,0.0,0.0,0,100.0,9,9,2
17772,Plaza De La Muerte,4,Friday,23,0.0,0.0,0,33.3,2,6,1
17772,Plaza De La Muerte,5,Saturday,2,,,,0.0,0,4,0
17772,Plaza De La Muerte,5,Saturday,3,,,,0.0,0,15,0
17772,Plaza De La Muerte,5,Saturday,4,,,,0.0,0,16,0
17772,Plaza De La Muerte,5,Saturday,5,,,,0.0,0,1,0
17772,Plaza De La Muerte,5,Saturday,12,,,,0.0,0,16,0
17772,Plaza De La Muerte,5,Saturday,13,,,,0.0,0,20,0
17772,Plaza De La Muerte,5,Saturday,14,,,,0.0,0,4,0
17772,Plaza De La Muerte,5,Saturday,15,,,,0.0,0,20,0
17772,Plaza De La Muerte,5,Saturday,16,,,,0.0,0,12,0
17772,Plaza De La Muerte,5,Saturday,17,,,,0.0,0,10,0
17772,Plaza De La Muerte,5,Saturday,18,0.0,0.0,0,5.3,1,19,1
17772,Plaza De La Muerte,5,Saturday,19,0.0,0.0,0,93.8,15,16,2
17772,Plaza De La Muerte,5,Saturday,20,0.0,0.0,0,100.0,7,7,2
17772,Plaza De La Muerte,5,Saturday,21,0.0,0.0,0,100.0,17,17,2
17772,Plaza De La Muerte,5,Saturday,22,0.0,0.0,0,100.0,13,13,2
17772,Plaza De La Muerte,5,Saturday,23,0.0,0.0,0,100.0,2,2,1
17772,Plaza De La Muerte,6,Sunday,1,,,,0.0,0,1,0
17772,Plaza De La Muerte,6,Sunday,2,,,,0.0,0,17,0
17772,Plaza De La Muerte,6,Sunday,3,,,,0.0,0,6,0
17772,Plaza De La Muerte,6,Sunday,4,,,,0.0,0,5,0
17772,Plaza De La Muerte,6,Sunday,5,,,,0.0,0,7,0
17772,Plaza De La Muerte,6,Sunday,12,,,,0.0,0,5,0
17772,Plaza De La Muerte,6,Sunday,13,,,,0.0,0,25,0
17772,Plaza De La Muerte,6,Sunday,14,,,,0.0,0,6,0
17772,Plaza De La Muerte,6,Sunday,15,,,,0.0,0,10,0
17772,Plaza De La Muerte,6,Sunday,16,,,,0.0,0,20,0
17772,Plaza De La Muerte,6,Sunday,17,,,,0.0,0,10,0
17772,Plaza De La Muerte,6,Sunday,18,,,,0.0,0,8,0
17772,Plaza De La Muerte,6,Sunday,19,0.0,0.0,0,100.0,22,22,3
17772,Plaza De La Muerte,6,Sunday,20,0.0,0.0,0,100.0,14,14,3
17772,Plaza De La Muerte,6,Sunday,21,0.0,0.0,0,100.0,3,3,1
17772,Plaza De La Muerte,6,Sunday,22,0.0,0.0,0,7.1,2,28,1
17772,Plaza De La Muerte,6,Sunday,23,,,,0.0,0,5,0
15617,Porky Pig Camp Wagons,0,Monday,0,,,,0.0,0,12,0
15617,Porky Pig Camp Wagons,0,Monday,1,,,,0.0,0,4,0
15617,Porky Pig Camp Wagons,0,Monday,2,,,,0.0,0,17,0
15617,Porky Pig Camp Wagons,0,Monday,3,,,,0.0,0,9,0
15617,Porky Pig Camp Wagons,0,Monday,4,,,,0.0,0,34,0
15617,Porky Pig Camp Wagons,0,Monday,5,,,,0.0,0,9,0
15617,Porky Pig Camp Wagons,0,Monday,6,,,,0.0,0,3,0
15617,Porky Pig Camp Wagons,0,Monday,9,,,,0.0,0,4,0
15617,Porky Pig Camp Wagons,0,Monday,10,0.0,0.0,0,33.3,4,12,1
15617,Porky Pig Camp Wagons,0,Monday,11,0.0,0.0,0,100.0,12,12,1
15617,Porky Pig Camp Wagons,0,Monday,12,0.0,0.0,0,100.0,12,12,1
15617,Porky Pig Camp Wagons,0,Monday,13,0.0,0.0,0,100.0,13,13,2
15617,Porky Pig Camp Wagons,0,Monday,14,0.0,0.0,0,57.5,23,40,2
15617,Porky Pig Camp Wagons,0,Monday,15,0.0,0.0,0,40.0,12,30,1
15617,Porky Pig Camp Wagons,0,Monday,16,0.0,0.0,0,48.0,12,25,1
15617,Porky Pig Camp Wagons,0,Monday,17,0.0,0.0,0,95.7,22,23,2
15617,Porky Pig Camp Wagons,0,Monday,18,0.0,0.0,0,37.8,14,37,2
15617,Porky Pig Camp Wagons,0,Monday,19,0.0,0.0,0,100.0,26,26,3
15617,Porky Pig Camp Wagons,0,Monday,20,0.0,0.0,0,15.2,7,46,3
15617,Porky Pig Camp Wagons,0,Monday,21,,,,0.0,0,27,0
15617,Porky Pig Camp Wagons,0,Monday,22,,,,0.0,0,41,0
15617,Porky Pig Camp Wagons,0,Monday,23,,,,0.0,0,19,0
15617,Porky Pig Camp Wagons,1,Tuesday,0,,,,0.0,0,12,0
15617,Porky Pig Camp Wagons,1,Tuesday,1,,,,0.0,0,17,0
15617,Porky Pig Camp Wagons,1,Tuesday,2,,,,0.0,0,23,0
15617,Porky Pig Camp Wagons,1,Tuesday,3,,,,0.0,0,20,0
15617,Porky Pig Camp Wagons,1,Tuesday,4,,,,0.0,0,12,0
15617,Porky Pig Camp Wagons,1,Tuesday,5,,,,0.0,0,3,0
15617,Porky Pig Camp Wagons,1,Tuesday,9,,,,0.0,0,8,0
15617,Porky Pig Camp Wagons,1,Tuesday,10,0.0,0.0,0,33.3,6,18,2
15617,Porky Pig Camp Wagons,1,Tuesday,11,0.0,0.0,0,100.0,19,19,2
15617,Porky Pig Camp Wagons,1,Tuesday,12,0.0,0.0,0,90.5,19,21,2
15617,Porky Pig Camp Wagons,1,Tuesday,13,0.0,0.0,0,55.4,31,56,3
15617,Porky Pig Camp Wagons,1,Tuesday,14,0.0,0.0,0,67.5,27,40,4
15617,Porky Pig Camp Wagons,1,Tuesday,15,0.0,0.0,0,65.8,25,38,4
15617,Porky Pig Camp Wagons,1,Tuesday,16,0.0,0.0,0,55.4,31,56,3
15617,Porky Pig Camp Wagons,1,Tuesday,17,0.0,0.0,0,76.9,20,26,2
15617,Porky Pig Camp Wagons,1,Tuesday,18,0.0,0.0,0,71.4,35,49,4
15617,Porky Pig Camp Wagons,1,Tuesday,19,0.0,0.0,0,44.6,29,65,4
15617,Porky Pig Camp Wagons,1,Tuesday,20,0.0,0.0,0,7.1,2,28,1
15617,Porky Pig Camp Wagons,1,Tuesday,21,,,,0.0,0,59,0
15617,Porky Pig Camp Wagons,1,Tuesday,22,,,,0.0,0,34,0
15617,Porky Pig Camp Wagons,1,Tuesday,23,,,,0.0,0,23,0
15617,Porky Pig Camp Wagons,2,Wednesday,0,,,,0.0,0,10,0
15617,Porky Pig Camp Wagons,2,Wednesday,1,,,,0.0,0,20,0
15617,Porky Pig Camp Wagons,2,Wednesday,2,,,,0.0,0,11,0
15617,Porky Pig Camp Wagons,2,Wednesday,3,,,,0.0,0,27,0
15617,Porky Pig Camp Wagons,2,Wednesday,4,,,,0.0,0,10,0
15617,Porky Pig Camp Wagons,2,Wednesday,9,,,,0.0,0,8,0
15617,Porky Pig Camp Wagons,2,Wednesday,10,0.0,0.0,0,15.8,3,19,1
15617,Porky Pig Camp Wagons,2,Wednesday,11,0.0,0.0,0,100.0,15,15,2
15617,Porky Pig Camp Wagons,2,Wednesday,12,0.0,0.0,0,94.4,17,18,3
15617,Porky Pig Camp Wagons,2,Wednesday,13,0.0,0.0,0,45.7,21,46,3
15617,Porky Pig Camp Wagons,2,Wednesday,14,0.0,0.0,0,69.7,23,33,3
15617,Porky Pig Camp Wagons,2,Wednesday,15,0.0,0.0,0,56.8,21,37,4
15617,Porky Pig Camp Wagons,2,Wednesday,16,0.0,0.0,0,45.7,16,35,3
15617,Porky Pig Camp Wagons,2,Wednesday,17,0.0,0.0,0,53.6,15,28,2
15617,Porky Pig Camp Wagons,2,Wednesday,18,0.0,0.0,0,65.6,21,32,3
15617,Porky Pig Camp Wagons,2,Wednesday,19,0.0,0.0,0,31.8,14,44,4
15617,Porky Pig Camp Wagons,2,Wednesday,20,0.0,0.0,0,7.3,3,41,1
15617,Porky Pig Camp Wagons,2,Wednesday,21,,,,0.0,0,35,0
15617,Porky Pig Camp Wagons,2,Wednesday,22,,,,0.0,0,23,0
15617,Porky Pig Camp Wagons,2,Wednesday,23,,,,0.0,0,18,0
15617,Porky Pig Camp Wagons,3,Thursday,0,,,,0.0,0,22,0
15617,Porky Pig Camp Wagons,3,Thursday,1,,,,0.0,0,27,0
15617,Porky Pig Camp Wagons,3,Thursday,2,,,,0.0,0,11,0
15617,Porky Pig Camp Wagons,3,Thursday,3,,,,0.0,0,29,0
15617,Porky Pig Camp Wagons,3,Thursday,4,,,,0.0,0,4,0
15617,Porky Pig Camp Wagons,3,Thursday,9,,,,0.0,0,5,0
15617,Porky Pig Camp Wagons,3,Thursday,10,0.0,0.0,0,33.3,4,12,1
15617,Porky Pig Camp Wagons,3,Thursday,11,0.0,0.0,0,100.0,12,12,1
15617,Porky Pig Camp Wagons,3,Thursday,12,0.0,0.0,0,63.2,12,19,1
15617,Porky Pig Camp Wagons,3,Thursday,13,0.0,0.0,0,28.6,12,42,1
15617,Porky Pig Camp Wagons,3,Thursday,14,0.0,0.0,0,60.7,17,28,2
15617,Porky Pig Camp Wagons,3,Thursday,15,0.0,0.0,0,41.3,19,46,2
15617,Porky Pig Camp Wagons,3,Thursday,16,0.0,0.0,0,41.4,12,29,1
15617,Porky Pig Camp Wagons,3,Thursday,17,0.0,0.0,0,42.9,15,35,2
15617,Porky Pig Camp Wagons,3,Thursday,18,0.0,0.0,0,37.1,13,35,3
15617,Porky Pig Camp Wagons,3,Thursday,19,0.0,0.0,0,25.4,15,59,2
15617,Porky Pig Camp Wagons,3,Thursday,20,0.0,0.0,0,4.5,2,44,1
15617,Porky Pig Camp Wagons,3,Thursday,21,,,,0.0,0,25,0
15617,Porky Pig Camp Wagons,3,Thursday,22,,,,0.0,0,53,0
15617,Porky Pig Camp Wagons,3,Thursday,23,,,,0.0,0,22,0
15617,Porky Pig Camp Wagons,4,Friday,0,,,,0.0,0,19,0
15617,Porky Pig Camp Wagons,4,Friday,1,,,,0.0,0,10,0
15617,Porky Pig Camp Wagons,4,Friday,2,,,,0.0,0,14,0
15617,Porky Pig Camp Wagons,4,Friday,3,,,,0.0,0,26,0
15617,Porky Pig Camp Wagons,4,Friday,4,,,,0.0,0,25,0
15617,Porky Pig Camp Wagons,4,Friday,5,,,,0.0,0,1,0
15617,Porky Pig Camp Wagons,4,Friday,9,,,,0.0,0,5,0
15617,Porky Pig Camp Wagons,4,Friday,10,0.0,0.0,0,25.0,3,12,1
15617,Porky Pig Camp Wagons,4,Friday,11,0.0,0.0,0,100.0,12,12,1
15617,Porky Pig Camp Wagons,4,Friday,12,0.0,0.0,0,73.9,17,23,2
15617,Porky Pig Camp Wagons,4,Friday,13,0.0,0.0,0,45.2,19,42,2
15617,Porky Pig Camp Wagons,4,Friday,14,0.0,0.0,0,40.0,12,30,1
15617,Porky Pig Camp Wagons,4,Friday,15,0.0,0.0,0,55.0,22,40,2
15617,Porky Pig Camp Wagons,4,Friday,16,0.0,0.0,0,60.9,14,23,2
15617,Porky Pig Camp Wagons,4,Friday,17,0.0,0.0,0,50.0,17,34,2
15617,Porky Pig Camp Wagons,4,Friday,18,0.0,0.0,0,46.8,22,47,3
15617,Porky Pig Camp Wagons,4,Friday,19,0.0,0.0,0,62.8,27,43,3
15617,Porky Pig Camp Wagons,4,Friday,20,0.0,0.0,0,33.3,14,42,2
15617,Porky Pig Camp Wagons,4,Friday,21,0.0,0.0,0,54.5,12,22,1
15617,Porky Pig Camp Wagons,4,Friday,22,0.0,0.0,0,5.7,3,53,1
15617,Porky Pig Camp Wagons,4,Friday,23,,,,0.0,0,22,0
15617,Porky Pig Camp Wagons,5,Saturday,0,,,,0.0,0,23,0
15617,Porky Pig Camp Wagons,5,Saturday,1,,,,0.0,0,3,0
15617,Porky Pig Camp Wagons,5,Saturday,2,,,,0.0,0,8,0
15617,Porky Pig Camp Wagons,5,Saturday,3,,,,0.0,0,33,0
15617,Porky Pig Camp Wagons,5,Saturday,4,,,,0.0,0,18,0
15617,Porky Pig Camp Wagons,5,Saturday,5,,,,0.0,0,1,0
15617,Porky Pig Camp Wagons,5,Saturday,9,,,,0.0,0,8,0
15617,Porky Pig Camp Wagons,5,Saturday,10,0.0,0.0,0,33.3,4,12,1
15617,Porky Pig Camp Wagons,5,Saturday,11,0.0,0.0,0,100.0,17,17,3
15617,Porky Pig Camp Wagons,5,Saturday,12,0.0,0.0,0,100.0,49,49,7
15617,Porky Pig Camp Wagons,5,Saturday,13,0.0,0.0,0,100.0,46,46,7
15617,Porky Pig Camp Wagons,5,Saturday,14,0.0,0.0,0,100.0,36,36,4
15617,Porky Pig Camp Wagons,5,Saturday,15,0.0,0.0,0,100.0,42,42,6
15617,Porky Pig Camp Wagons,5,Saturday,16,0.0,0.0,0,100.0,48,48,6
15617,Porky Pig Camp Wagons,5,Saturday,17,0.0,0.0,0,100.0,27,27,4
15617,Porky Pig Camp Wagons,5,Saturday,18,0.0,0.0,0,89.7,52,58,6
15617,Porky Pig Camp Wagons,5,Saturday,19,0.0,0.0,0,63.4,26,41,5
15617,Porky Pig Camp Wagons,5,Saturday,20,0.0,0.0,0,74.4,32,43,5
15617,Porky Pig Camp Wagons,5,Saturday,21,0.0,0.0,0,80.0,36,45,4
15617,Porky Pig Camp Wagons,5,Saturday,22,0.0,0.0,0,23.1,6,26,2
15617,Porky Pig Camp Wagons,5,Saturday,23,,,,0.0,0,12,0
15617,Porky Pig Camp Wagons,6,Sunday,0,,,,0.0,0,12,0
15617,Porky Pig Camp Wagons,6,Sunday,1,,,,0.0,0,22,0
15617,Porky Pig Camp Wagons,6,Sunday,2,,,,0.0,0,35,0
15617,Porky Pig Camp Wagons,6,Sunday,3,,,,0.0,0,7,0
15617,Porky Pig Camp Wagons,6,Sunday,4,,,,0.0,0,5,0
15617,Porky Pig Camp Wagons,6,Sunday,5,,,,0.0,0,7,0
15617,Porky Pig Camp Wagons,6,Sunday,9,,,,0.0,0,7,0
15617,Porky Pig Camp Wagons,6,Sunday,10,0.0,0.0,0,33.3,4,12,1
15617,Porky Pig Camp Wagons,6,Sunday,11,0.0,0.0,0,100.0,14,14,2
15617,Porky Pig Camp Wagons,6,Sunday,12,0.0,0.0,0,100.0,31,31,4
15617,Porky Pig Camp Wagons,6,Sunday,13,0.0,0.0,0,86.4,51,59,6
15617,Porky Pig Camp Wagons,6,Sunday,14,0.0,0.0,0,85.7,24,28,3
15617,Porky Pig Camp Wagons,6,Sunday,15,0.0,0.0,0,100.0,37,37,5
15617,Porky Pig Camp Wagons,6,Sunday,16,0.0,0.0,0,100.0,43,43,7
15617,Porky Pig Camp Wagons,6,Sunday,17,0.0,0.0,0,100.0,30,30,6
15617,Porky Pig Camp Wagons,6,Sunday,18,0.0,0.0,0,91.3,42,46,5
15617,Porky Pig Camp Wagons,6,Sunday,19,0.0,0.0,0,74.5,35,47,5
15617,Porky Pig Camp Wagons,6,Sunday,20,0.0,0.0,0,55.8,24,43,5
15617,Porky Pig Camp Wagons,6,Sunday,21,0.0,0.0,0,52.9,18,34,4
15617,Porky Pig Camp Wagons,6,Sunday,22,0.0,0.0,0,6.1,3,49,2
15617,Porky Pig Camp Wagons,6,Sunday,23,,,,0.0,0,19,0
3257,Raja’s Rickshaws,0,Monday,0,,,,0.0,0,12,0
3257,Raja’s Rickshaws,0,Monday,1,,,,0.0,0,4,0
3257,Raja’s Rickshaws,0,Monday,2,,,,0.0,0,17,0
3257,Raja’s Rickshaws,0,Monday,3,,,,0.0,0,9,0
3257,Raja’s Rickshaws,0,Monday,4,,,,0.0,0,34,0
3257,Raja’s Rickshaws,0,Monday,5,,,,0.0,0,9,0
3257,Raja’s Rickshaws,0,Monday,6,,,,0.0,0,3,0
3257,Raja’s Rickshaws,0,Monday,9,,,,0.0,0,4,0
3257,Raja’s Rickshaws,0,Monday,10,0.0,0.0,0,33.3,4,12,1
3257,Raja’s Rickshaws,0,Monday,11,0.0,0.0,0,100.0,12,12,1
3257,Raja’s Rickshaws,0,Monday,12,0.0,0.0,0,100.0,12,12,1
3257,Raja’s Rickshaws,0,Monday,13,0.0,0.0,0,100.0,13,13,2
3257,Raja’s Rickshaws,0,Monday,14,0.0,0.0,0,57.5,23,40,2
3257,Raja’s Rickshaws,0,Monday,15,0.0,0.0,0,70.0,21,30,2
3257,Raja’s Rickshaws,0,Monday,16,0.0,0.0,0,60.0,15,25,2
3257,Raja’s Rickshaws,0,Monday,17,0.0,0.0,0,95.7,22,23,2
3257,Raja’s Rickshaws,0,Monday,18,0.0,0.0,0,37.8,14,37,2
3257,Raja’s Rickshaws,0,Monday,19,0.0,0.0,0,100.0,26,26,3
3257,Raja’s Rickshaws,0,Monday,20,0.0,0.0,0,15.2,7,46,3
3257,Raja’s Rickshaws,0,Monday,21,,,,0.0,0,27,0
3257,Raja’s Rickshaws,0,Monday,22,,,,0.0,0,41,0
3257,Raja’s Rickshaws,0,Monday,23,,,,0.0,0,19,0
3257,Raja’s Rickshaws,1,Tuesday,0,,,,0.0,0,12,0
3257,Raja’s Rickshaws,1,Tuesday,1,,,,0.0,0,17,0
3257,Raja’s Rickshaws,1,Tuesday,2,,,,0.0,0,23,0
3257,Raja’s Rickshaws,1,Tuesday,3,,,,0.0,0,20,0
3257,Raja’s Rickshaws,1,Tuesday,4,,,,0.0,0,12,0
3257,Raja’s Rickshaws,1,Tuesday,5,,,,0.0,0,3,0
3257,Raja’s Rickshaws,1,Tuesday,9,,,,0.0,0,8,0
3257,Raja’s Rickshaws,1,Tuesday,10,0.0,0.0,0,33.3,6,18,2
3257,Raja’s Rickshaws,1,Tuesday,11,0.0,0.0,0,100.0,19,19,2
3257,Raja’s Rickshaws,1,Tuesday,12,0.0,0.0,0,90.5,19,21,2
3257,Raja’s Rickshaws,1,Tuesday,13,0.0,0.0,0,55.4,31,56,3
3257,Raja’s Rickshaws,1,Tuesday,14,0.0,0.0,0,67.5,27,40,4
3257,Raja’s Rickshaws,1,Tuesday,15,0.0,0.0,0,65.8,25,38,4
3257,Raja’s Rickshaws,1,Tuesday,16,0.0,0.0,0,55.4,31,56,3
3257,Raja’s Rickshaws,1,Tuesday,17,0.0,0.0,0,76.9,20,26,2
3257,Raja’s Rickshaws,1,Tuesday,18,0.0,0.0,0,71.4,35,49,4
3257,Raja’s Rickshaws,1,Tuesday,19,0.0,0.0,0,44.6,29,65,4
3257,Raja’s Rickshaws,1,Tuesday,20,0.0,0.0,0,7.1,2,28,1
3257,Raja’s Rickshaws,1,Tuesday,21,,,,0.0,0,59,0
3257,Raja’s Rickshaws,1,Tuesday,22,,,,0.0,0,34,0
3257,Raja’s Rickshaws,1,Tuesday,23,,,,0.0,0,23,0
3257,Raja’s Rickshaws,2,Wednesday,0,,,,0.0,0,10,0
3257,Raja’s Rickshaws,2,Wednesday,1,,,,0.0,0,20,0
3257,Raja’s Rickshaws,2,Wednesday,2,,,,0.0,0,11,0
3257,Raja’s Rickshaws,2,Wednesday,3,,,,0.0,0,27,0
3257,Raja’s Rickshaws,2,Wednesday,4,,,,0.0,0,10,0
3257,Raja’s Rickshaws,2,Wednesday,9,,,,0.0,0,8,0
3257,Raja’s Rickshaws,2,Wednesday,10,0.0,0.0,0,15.8,3,19,1
3257,Raja’s Rickshaws,2,Wednesday,11,0.0,0.0,0,100.0,15,15,2
3257,Raja’s Rickshaws,2,Wednesday,12,0.0,0.0,0,94.4,17,18,3
3257,Raja’s Rickshaws,2,Wednesday,13,0.0,0.0,0,45.7,21,46,3
3257,Raja’s Rickshaws,2,Wednesday,14,0.0,0.0,0,69.7,23,33,3
3257,Raja’s Rickshaws,2,Wednesday,15,0.0,0.0,0,56.8,21,37,4
3257,Raja’s Rickshaws,2,Wednesday,16,0.0,0.0,0,45.7,16,35,3
3257,Raja’s Rickshaws,2,Wednesday,17,0.0,0.0,0,53.6,15,28,2
3257,Raja’s Rickshaws,2,Wednesday,18,0.0,0.0,0,65.6,21,32,3
3257,Raja’s Rickshaws,2,Wednesday,19,0.0,0.0,0,31.8,14,44,4
3257,Raja’s Rickshaws,2,Wednesday,20,0.0,0.0,0,7.3,3,41,1
3257,Raja’s Rickshaws,2,Wednesday,21,,,,0.0,0,35,0
3257,Raja’s Rickshaws,2,Wednesday,22,,,,0.0,0,23,0
3257,Raja’s Rickshaws,2,Wednesday,23,,,,0.0,0,18,0
3257,Raja’s Rickshaws,3,Thursday,0,,,,0.0,0,22,0
3257,Raja’s Rickshaws,3,Thursday,1,,,,0.0,0,27,0
3257,Raja’s Rickshaws,3,Thursday,2,,,,0.0,0,11,0
3257,Raja’s Rickshaws,3,Thursday,3,,,,0.0,0,29,0
3257,Raja’s Rickshaws,3,Thursday,4,,,,0.0,0,4,0
3257,Raja’s Rickshaws,3,Thursday,9,,,,0.0,0,5,0
3257,Raja’s Rickshaws,3,Thursday,10,0.0,0.0,0,33.3,4,12,1
3257,Raja’s Rickshaws,3,Thursday,11,0.0,0.0,0,100.0,12,12,1
3257,Raja’s Rickshaws,3,Thursday,12,0.0,0.0,0,78.9,15,19,2
3257,Raja’s Rickshaws,3,Thursday,13,0.0,0.0,0,50.0,21,42,2
3257,Raja’s Rickshaws,3,Thursday,14,0.0,0.0,0,60.7,17,28,2
3257,Raja’s Rickshaws,3,Thursday,15,0.0,0.0,0,56.5,26,46,3
3257,Raja’s Rickshaws,3,Thursday,16,0.0,0.0,0,58.6,17,29,2
3257,Raja’s Rickshaws,3,Thursday,17,0.0,0.0,0,42.9,15,35,2
3257,Raja’s Rickshaws,3,Thursday,18,0.0,0.0,0,37.1,13,35,3
3257,Raja’s Rickshaws,3,Thursday,19,0.0,0.0,0,30.5,18,59,3
3257,Raja’s Rickshaws,3,Thursday,20,0.0,0.0,0,25.0,11,44,2
3257,Raja’s Rickshaws,3,Thursday,21,,,,0.0,0,25,0
3257,Raja’s Rickshaws,3,Thursday,22,,,,0.0,0,53,0
3257,Raja’s Rickshaws,3,Thursday,23,,,,0.0,0,22,0
3257,Raja’s Rickshaws,4,Friday,0,,,,0.0,0,19,0
3257,Raja’s Rickshaws,4,Friday,1,,,,0.0,0,10,0
3257,Raja’s Rickshaws,4,Friday,2,,,,0.0,0,14,0
3257,Raja’s Rickshaws,4,Friday,3,,,,0.0,0,26,0
3257,Raja’s Rickshaws,4,Friday,4,,,,0.0,0,25,0
3257,Raja’s Rickshaws,4,Friday,5,,,,0.0,0,1,0
3257,Raja’s Rickshaws,4,Friday,9,,,,0.0,0,5,0
3257,Raja’s Rickshaws,4,Friday,10,0.0,0.0,0,25.0,3,12,1
3257,Raja’s Rickshaws,4,Friday,11,0.0,0.0,0,100.0,12,12,1
3257,Raja’s Rickshaws,4,Friday,12,0.0,0.0,0,73.9,17,23,2
3257,Raja’s Rickshaws,4,Friday,13,0.0,0.0,0,45.2,19,42,2
3257,Raja’s Rickshaws,4,Friday,14,0.0,0.0,0,40.0,12,30,1
3257,Raja’s Rickshaws,4,Friday,15,0.0,0.0,0,55.0,22,40,2
3257,Raja’s Rickshaws,4,Friday,16,0.0,0.0,0,60.9,14,23,2
3257,Raja’s Rickshaws,4,Friday,17,0.0,0.0,0,50.0,17,34,2
3257,Raja’s Rickshaws,4,Friday,18,0.0,0.0,0,76.6,36,47,5
3257,Raja’s Rickshaws,4,Friday,19,0.0,0.0,0,90.7,39,43,6
3257,Raja’s Rickshaws,4,Friday,20,0.0,0.0,0,71.4,30,42,4
3257,Raja’s Rickshaws,4,Friday,21,0.0,0.0,0,95.5,21,22,2
3257,Raja’s Rickshaws,4,Friday,22,0.0,0.0,0,41.5,22,53,4
3257,Raja’s Rickshaws,4,Friday,23,0.0,0.0,0,18.2,4,22,2
3257,Raja’s Rickshaws,5,Saturday,0,,,,0.0,0,23,0
3257,Raja’s Rickshaws,5,Saturday,1,,,,0.0,0,3,0
3257,Raja’s Rickshaws,5,Saturday,2,,,,0.0,0,8,0
3257,Raja’s Rickshaws,5,Saturday,3,,,,0.0,0,33,0
3257,Raja’s Rickshaws,5,Saturday,4,,,,0.0,0,18,0
3257,Raja’s Rickshaws,5,Saturday,5,,,,0.0,0,1,0
3257,Raja’s Rickshaws,5,Saturday,9,,,,0.0,0,8,0
3257,Raja’s Rickshaws,5,Saturday,10,0.0,0.0,0,33.3,4,12,1
3257,Raja’s Rickshaws,5,Saturday,11,0.0,0.0,0,100.0,17,17,3
3257,Raja’s Rickshaws,5,Saturday,12,0.0,0.0,0,100.0,49,49,7
3257,Raja’s Rickshaws,5,Saturday,13,0.0,0.0,0,100.0,46,46,7
3257,Raja’s Rickshaws,5,Saturday,14,0.0,0.0,0,100.0,36,36,4
3257,Raja’s Rickshaws,5,Saturday,15,0.0,0.0,0,100.0,42,42,6
3257,Raja’s Rickshaws,5,Saturday,16,0.0,0.0,0,100.0,48,48,6
3257,Raja’s Rickshaws,5,Saturday,17,0.0,0.0,0,100.0,27,27,4
3257,Raja’s Rickshaws,5,Saturday,18,0.0,0.0,0,100.0,58,58,7
3257,Raja’s Rickshaws,5,Saturday,19,0.0,0.0,0,100.0,41,41,7
3257,Raja’s Rickshaws,5,Saturday,20,0.0,0.0,0,81.4,35,43,6
3257,Raja’s Rickshaws,5,Saturday,21,0.0,0.0,0,100.0,45,45,5
3257,Raja’s Rickshaws,5,Saturday,22,0.0,0.0,0,73.1,19,26,4
3257,Raja’s Rickshaws,5,Saturday,23,0.0,0.0,0,16.7,2,12,1
3257,Raja’s Rickshaws,6,Sunday,0,,,,0.0,0,12,0
3257,Raja’s Rickshaws,6,Sunday,1,,,,0.0,0,22,0
3257,Raja’s Rickshaws,6,Sunday,2,,,,0.0,0,35,0
3257,Raja’s Rickshaws,6,Sunday,3,,,,0.0,0,7,0
3257,Raja’s Rickshaws,6,Sunday,4,,,,0.0,0,5,0
3257,Raja’s Rickshaws,6,Sunday,5,,,,0.0,0,7,0
3257,Raja’s Rickshaws,6,Sunday,9,,,,0.0,0,7,0
3257,Raja’s Rickshaws,6,Sunday,10,0.0,0.0,0,33.3,4,12,1
3257,Raja’s Rickshaws,6,Sunday,11,0.0,0.0,0,100.0,14,14,2
3257,Raja’s Rickshaws,6,Sunday,12,0.0,0.0,0,100.0,31,31,4
3257,Raja’s Rickshaws,6,Sunday,13,0.0,0.0,0,86.4,51,59,6
3257,Raja’s Rickshaws,6,Sunday,14,0.0,0.0,0,85.7,24,28,3
3257,Raja’s Rickshaws,6,Sunday,15,0.0,0.0,0,100.0,37,37,5
3257,Raja’s Rickshaws,6,Sunday,16,0.0,0.0,0,100.0,43,43,7
3257,Raja’s Rickshaws,6,Sunday,17,0.0,0.0,0,100.0,30,30,6
3257,Raja’s Rickshaws,6,Sunday,18,0.0,0.0,0,100.0,46,46,5
3257,Raja’s Rickshaws,6,Sunday,19,0.0,0.0,0,100.0,47,47,7
3257,Raja’s Rickshaws,6,Sunday,20,0.0,0.0,0,83.7,36,43,7
3257,Raja’s Rickshaws,6,Sunday,21,0.0,0.0,0,52.9,18,34,4
3257,Raja’s Rickshaws,6,Sunday,22,0.0,0.0,0,6.1,3,49,2
3257,Raja’s Rickshaws,6,Sunday,23,,,,0.0,0,19,0
15829,Roaring Rapids,0,Monday,0,,,,0.0,0,12,0
15829,Roaring Rapids,0,Monday,1,,,,0.0,0,4,0
15829,Roaring Rapids,0,Monday,2,,,,0.0,0,17,0
15829,Roaring Rapids,0,Monday,3,,,,0.0,0,9,0
15829,Roaring Rapids,0,Monday,4,,,,0.0,0,34,0
15829,Roaring Rapids,0,Monday,5,,,,0.0,0,9,0
15829,Roaring Rapids,0,Monday,6,,,,0.0,0,3,0
15829,Roaring Rapids,0,Monday,9,,,,0.0,0,4,0
15829,Roaring Rapids,0,Monday,10,,,,0.0,0,12,0
15829,Roaring Rapids,0,Monday,11,,,,0.0,0,12,0
15829,Roaring Rapids,0,Monday,12,0.0,0.0,0,83.3,10,12,1
15829,Roaring Rapids,0,Monday,13,0.0,0.0,0,92.3,12,13,1
15829,Roaring Rapids,0,Monday,14,0.0,0.0,0,30.0,12,40,1
15829,Roaring Rapids,0,Monday,15,0.0,0.0,0,40.0,12,30,1
15829,Roaring Rapids,0,Monday,16,0.0,0.0,0,48.0,12,25,1
15829,Roaring Rapids,0,Monday,17,0.0,0.0,0,52.2,12,23,1
15829,Roaring Rapids,0,Monday,18,0.0,0.0,0,32.4,12,37,1
15829,Roaring Rapids,0,Monday,19,0.0,0.0,0,46.2,12,26,1
15829,Roaring Rapids,0,Monday,20,0.0,0.0,0,4.3,2,46,1
15829,Roaring Rapids,0,Monday,21,,,,0.0,0,27,0
15829,Roaring Rapids,0,Monday,22,,,,0.0,0,41,0
15829,Roaring Rapids,0,Monday,23,,,,0.0,0,19,0
15829,Roaring Rapids,1,Tuesday,0,,,,0.0,0,12,0
15829,Roaring Rapids,1,Tuesday,1,,,,0.0,0,17,0
15829,Roaring Rapids,1,Tuesday,2,,,,0.0,0,23,0
15829,Roaring Rapids,1,Tuesday,3,,,,0.0,0,20,0
15829,Roaring Rapids,1,Tuesday,4,,,,0.0,0,12,0
15829,Roaring Rapids,1,Tuesday,5,,,,0.0,0,3,0
15829,Roaring Rapids,1,Tuesday,9,,,,0.0,0,8,0
15829,Roaring Rapids,1,Tuesday,10,,,,0.0,0,18,0
15829,Roaring Rapids,1,Tuesday,11,0.0,0.0,0,5.3,1,19,1
15829,Roaring Rapids,1,Tuesday,12,0.0,0.0,0,81.0,17,21,2
15829,Roaring Rapids,1,Tuesday,13,0.0,0.0,0,35.7,20,56,2
15829,Roaring Rapids,1,Tuesday,14,0.0,0.0,0,45.0,18,40,2
15829,Roaring Rapids,1,Tuesday,15,13.2,30.0,30,52.6,20,38,2
15829,Roaring Rapids,1,Tuesday,16,15.0,30.0,30,35.7,20,56,2
15829,Roaring Rapids,1,Tuesday,17,13.8,30.0,30,76.9,20,26,2
15829,Roaring Rapids,1,Tuesday,18,5.0,5.0,5,36.7,18,49,2
15829,Roaring Rapids,1,Tuesday,19,5.0,5.0,5,32.3,21,65,2
15829,Roaring Rapids,1,Tuesday,20,5.0,5.0,5,7.1,2,28,1
15829,Roaring Rapids,1,Tuesday,21,,,,0.0,0,59,0
15829,Roaring Rapids,1,Tuesday,22,,,,0.0,0,34,0
15829,Roaring Rapids,1,Tuesday,23,,,,0.0,0,23,0
15829,Roaring Rapids,2,Wednesday,0,,,,0.0,0,10,0
15829,Roaring Rapids,2,Wednesday,1,,,,0.0,0,20,0
15829,Roaring Rapids,2,Wednesday,2,,,,0.0,0,11,0
15829,Roaring Rapids,2,Wednesday,3,,,,0.0,0,27,0
15829,Roaring Rapids,2,Wednesday,4,,,,0.0,0,10,0
15829,Roaring Rapids,2,Wednesday,9,,,,0.0,0,8,0
15829,Roaring Rapids,2,Wednesday,10,,,,0.0,0,19,0
15829,Roaring Rapids,2,Wednesday,11,,,,0.0,0,15,0
15829,Roaring Rapids,2,Wednesday,12,0.0,0.0,0,72.2,13,18,3
15829,Roaring Rapids,2,Wednesday,13,0.0,0.0,0,45.7,21,46,3
15829,Roaring Rapids,2,Wednesday,14,1.2,5.0,5,39.4,13,33,2
15829,Roaring Rapids,2,Wednesday,15,0.5,5.0,5,51.4,19,37,3
15829,Roaring Rapids,2,Wednesday,16,2.5,5.0,5,45.7,16,35,3
15829,Roaring Rapids,2,Wednesday,17,1.3,5.0,5,53.6,15,28,2
15829,Roaring Rapids,2,Wednesday,18,0.0,0.0,0,43.8,14,32,2
15829,Roaring Rapids,2,Wednesday,19,0.8,5.0,5,27.3,12,44,3
15829,Roaring Rapids,2,Wednesday,20,5.0,5.0,5,7.3,3,41,1
15829,Roaring Rapids,2,Wednesday,21,,,,0.0,0,35,0
15829,Roaring Rapids,2,Wednesday,22,,,,0.0,0,23,0
15829,Roaring Rapids,2,Wednesday,23,,,,0.0,0,18,0
15829,Roaring Rapids,3,Thursday,0,,,,0.0,0,22,0
15829,Roaring Rapids,3,Thursday,1,,,,0.0,0,27,0
15829,Roaring Rapids,3,Thursday,2,,,,0.0,0,11,0
15829,Roaring Rapids,3,Thursday,3,,,,0.0,0,29,0
15829,Roaring Rapids,3,Thursday,4,,,,0.0,0,4,0
15829,Roaring Rapids,3,Thursday,9,,,,0.0,0,5,0
15829,Roaring Rapids,3,Thursday,10,,,,0.0,0,12,0
15829,Roaring Rapids,3,Thursday,11,,,,0.0,0,12,0
15829,Roaring Rapids,3,Thursday,12,0.0,0.0,0,47.4,9,19,1
15829,Roaring Rapids,3,Thursday,13,0.0,0.0,0,28.6,12,42,1
15829,Roaring Rapids,3,Thursday,14,0.0,0.0,0,42.9,12,28,1
15829,Roaring Rapids,3,Thursday,15,0.0,0.0,0,26.1,12,46,1
15829,Roaring Rapids,3,Thursday,16,0.0,0.0,0,41.4,12,29,1
15829,Roaring Rapids,3,Thursday,17,0.0,0.0,0,34.3,12,35,1
15829,Roaring Rapids,3,Thursday,18,0.0,0.0,0,8.6,3,35,1
15829,Roaring Rapids,3,Thursday,19,,,,0.0,0,59,0
15829,Roaring Rapids,3,Thursday,20,,,,0.0,0,44,0
15829,Roaring Rapids,3,Thursday,21,,,,0.0,0,25,0
15829,Roaring Rapids,3,Thursday,22,,,,0.0,0,53,0
15829,Roaring Rapids,3,Thursday,23,,,,0.0,0,22,0
15829,Roaring Rapids,4,Friday,0,,,,0.0,0,19,0
15829,Roaring Rapids,4,Friday,1,,,,0.0,0,10,0
15829,Roaring Rapids,4,Friday,2,,,,0.0,0,14,0
15829,Roaring Rapids,4,Friday,3,,,,0.0,0,26,0
15829,Roaring Rapids,4,Friday,4,,,,0.0,0,25,0
15829,Roaring Rapids,4,Friday,5,,,,0.0,0,1,0
15829,Roaring Rapids,4,Friday,9,,,,0.0,0,5,0
15829,Roaring Rapids,4,Friday,10,,,,0.0,0,12,0
15829,Roaring Rapids,4,Friday,11,0.0,0.0,0,16.7,2,12,1
15829,Roaring Rapids,4,Friday,12,0.0,0.0,0,52.2,12,23,1
15829,Roaring Rapids,4,Friday,13,0.0,0.0,0,26.2,11,42,1
15829,Roaring Rapids,4,Friday,14,0.0,0.0,0,23.3,7,30,1
15829,Roaring Rapids,4,Friday,15,0.0,0.0,0,30.0,12,40,1
15829,Roaring Rapids,4,Friday,16,0.0,0.0,0,39.1,9,23,1
15829,Roaring Rapids,4,Friday,17,12.5,15.0,15,35.3,12,34,1
15829,Roaring Rapids,4,Friday,18,15.0,15.0,15,25.5,12,47,1
15829,Roaring Rapids,4,Friday,19,15.0,15.0,15,27.9,12,43,1
15829,Roaring Rapids,4,Friday,20,15.0,15.0,15,4.8,2,42,1
15829,Roaring Rapids,4,Friday,21,,,,0.0,0,22,0
15829,Roaring Rapids,4,Friday,22,,,,0.0,0,53,0
15829,Roaring Rapids,4,Friday,23,,,,0.0,0,22,0
15829,Roaring Rapids,5,Saturday,0,,,,0.0,0,23,0
15829,Roaring Rapids,5,Saturday,1,,,,0.0,0,3,0
15829,Roaring Rapids,5,Saturday,2,,,,0.0,0,8,0
15829,Roaring Rapids,5,Saturday,3,,,,0.0,0,33,0
15829,Roaring Rapids,5,Saturday,4,,,,0.0,0,18,0
15829,Roaring Rapids,5,Saturday,5,,,,0.0,0,1,0
15829,Roaring Rapids,5,Saturday,9,,,,0.0,0,8,0
15829,Roaring Rapids,5,Saturday,10,,,,0.0,0,12,0
15829,Roaring Rapids,5,Saturday,11,,,,0.0,0,17,0
15829,Roaring Rapids,5,Saturday,12,0.0,0.0,0,24.5,12,49,2
15829,Roaring Rapids,5,Saturday,13,0.0,0.0,0,47.8,22,46,2
15829,Roaring Rapids,5,Saturday,14,0.0,0.0,0,33.3,12,36,1
15829,Roaring Rapids,5,Saturday,15,13.3,40.0,40,42.9,18,42,2
15829,Roaring Rapids,5,Saturday,16,13.3,40.0,40,37.5,18,48,2
15829,Roaring Rapids,5,Saturday,17,0.0,0.0,0,44.4,12,27,1
15829,Roaring Rapids,5,Saturday,18,25.7,60.0,60,36.2,21,58,2
15829,Roaring Rapids,5,Saturday,19,4.6,0.0,60,31.7,13,41,2
15829,Roaring Rapids,5,Saturday,20,0.0,0.0,0,4.7,2,43,1
15829,Roaring Rapids,5,Saturday,21,,,,0.0,0,45,0
15829,Roaring Rapids,5,Saturday,22,,,,0.0,0,26,0
15829,Roaring Rapids,5,Saturday,23,,,,0.0,0,12,0
15829,Roaring Rapids,6,Sunday,0,,,,0.0,0,12,0
15829,Roaring Rapids,6,Sunday,1,,,,0.0,0,22,0
15829,Roaring Rapids,6,Sunday,2,,,,0.0,0,35,0
15829,Roaring Rapids,6,Sunday,3,,,,0.0,0,7,0
15829,Roaring Rapids,6,Sunday,4,,,,0.0,0,5,0
15829,Roaring Rapids,6,Sunday,5,,,,0.0,0,7,0
15829,Roaring Rapids,6,Sunday,9,,,,0.0,0,7,0
15829,Roaring Rapids,6,Sunday,10,,,,0.0,0,12,0
15829,Roaring Rapids,6,Sunday,11,,,,0.0,0,14,0
15829,Roaring Rapids,6,Sunday,12,0.0,0.0,0,32.3,10,31,1
15829,Roaring Rapids,6,Sunday,13,0.0,0.0,0,40.7,24,59,2
15829,Roaring Rapids,6,Sunday,14,0.0,0.0,0,42.9,12,28,1
15829,Roaring Rapids,6,Sunday,15,0.0,0.0,0,32.4,12,37,2
15829,Roaring Rapids,6,Sunday,16,31.4,35.0,35,25.6,11,43,2
15829,Roaring Rapids,6,Sunday,17,35.0,35.0,35,40.0,12,30,1
15829,Roaring Rapids,6,Sunday,18,35.0,35.0,35,26.1,12,46,1
15829,Roaring Rapids,6,Sunday,19,35.0,35.0,35,25.5,12,47,1
15829,Roaring Rapids,6,Sunday,20,0.0,0.0,0,7.0,3,43,1
15829,Roaring Rapids,6,Sunday,21,,,,0.0,0,34,0
15829,Roaring Rapids,6,Sunday,22,,,,0.0,0,49,0
15829,Roaring Rapids,6,Sunday,23,,,,0.0,0,19,0
3261,Runaway Train,0,Monday,0,,,,0.0,0,12,0
3261,Runaway Train,0,Monday,1,,,,0.0,0,4,0
3261,Runaway Train,0,Monday,2,,,,0.0,0,17,0
3261,Runaway Train,0,Monday,3,,,,0.0,0,9,0
3261,Runaway Train,0,Monday,4,,,,0.0,0,34,0
3261,Runaway Train,0,Monday,5,,,,0.0,0,9,0
3261,Runaway Train,0,Monday,6,,,,0.0,0,3,0
3261,Runaway Train,0,Monday,9,,,,0.0,0,4,0
3261,Runaway Train,0,Monday,10,,,,0.0,0,12,0
3261,Runaway Train,0,Monday,11,,,,0.0,0,12,0
3261,Runaway Train,0,Monday,12,,,,0.0,0,12,0
3261,Runaway Train,0,Monday,13,,,,0.0,0,13,0
3261,Runaway Train,0,Monday,14,,,,0.0,0,40,0
3261,Runaway Train,0,Monday,15,,,,0.0,0,30,0
3261,Runaway Train,0,Monday,16,,,,0.0,0,25,0
3261,Runaway Train,0,Monday,17,,,,0.0,0,23,0
3261,Runaway Train,0,Monday,18,,,,0.0,0,37,0
3261,Runaway Train,0,Monday,19,,,,0.0,0,26,0
3261,Runaway Train,0,Monday,20,,,,0.0,0,46,0
3261,Runaway Train,0,Monday,21,,,,0.0,0,27,0
3261,Runaway Train,0,Monday,22,,,,0.0,0,41,0
3261,Runaway Train,0,Monday,23,,,,0.0,0,19,0
3261,Runaway Train,1,Tuesday,0,,,,0.0,0,12,0
3261,Runaway Train,1,Tuesday,1,,,,0.0,0,17,0
3261,Runaway Train,1,Tuesday,2,,,,0.0,0,23,0
3261,Runaway Train,1,Tuesday,3,,,,0.0,0,20,0
3261,Runaway Train,1,Tuesday,4,,,,0.0,0,12,0
3261,Runaway Train,1,Tuesday,5,,,,0.0,0,3,0
3261,Runaway Train,1,Tuesday,9,,,,0.0,0,8,0
3261,Runaway Train,1,Tuesday,10,,,,0.0,0,18,0
3261,Runaway Train,1,Tuesday,11,,,,0.0,0,19,0
3261,Runaway Train,1,Tuesday,12,,,,0.0,0,21,0
3261,Runaway Train,1,Tuesday,13,,,,0.0,0,56,0
3261,Runaway Train,1,Tuesday,14,,,,0.0,0,40,0
3261,Runaway Train,1,Tuesday,15,,,,0.0,0,38,0
3261,Runaway Train,1,Tuesday,16,,,,0.0,0,56,0
3261,Runaway Train,1,Tuesday,17,,,,0.0,0,26,0
3261,Runaway Train,1,Tuesday,18,,,,0.0,0,49,0
3261,Runaway Train,1,Tuesday,19,,,,0.0,0,65,0
3261,Runaway Train,1,Tuesday,20,,,,0.0,0,28,0
3261,Runaway Train,1,Tuesday,21,,,,0.0,0,59,0
3261,Runaway Train,1,Tuesday,22,,,,0.0,0,34,0
3261,Runaway Train,1,Tuesday,23,,,,0.0,0,23,0
3261,Runaway Train,2,Wednesday,0,,,,0.0,0,10,0
3261,Runaway Train,2,Wednesday,1,,,,0.0,0,20,0
3261,Runaway Train,2,Wednesday,2,,,,0.0,0,11,0
3261,Runaway Train,2,Wednesday,3,,,,0.0,0,27,0
3261,Runaway Train,2,Wednesday,4,,,,0.0,0,10,0
3261,Runaway Train,2,Wednesday,9,,,,0.0,0,8,0
3261,Runaway Train,2,Wednesday,10,,,,0.0,0,19,0
3261,Runaway Train,2,Wednesday,11,,,,0.0,0,15,0
3261,Runaway Train,2,Wednesday,12,,,,0.0,0,18,0
3261,Runaway Train,2,Wednesday,13,,,,0.0,0,46,0
3261,Runaway Train,2,Wednesday,14,,,,0.0,0,33,0
3261,Runaway Train,2,Wednesday,15,,,,0.0,0,37,0
3261,Runaway Train,2,Wednesday,16,,,,0.0,0,35,0
3261,Runaway Train,2,Wednesday,17,,,,0.0,0,28,0
3261,Runaway Train,2,Wednesday,18,,,,0.0,0,32,0
3261,Runaway Train,2,Wednesday,19,,,,0.0,0,44,0
3261,Runaway Train,2,Wednesday,20,,,,0.0,0,41,0
3261,Runaway Train,2,Wednesday,21,,,,0.0,0,35,0
3261,Runaway Train,2,Wednesday,22,,,,0.0,0,23,0
3261,Runaway Train,2,Wednesday,23,,,,0.0,0,18,0
3261,Runaway Train,3,Thursday,0,,,,0.0,0,22,0
3261,Runaway Train,3,Thursday,1,,,,0.0,0,27,0
3261,Runaway Train,3,Thursday,2,,,,0.0,0,11,0
3261,Runaway Train,3,Thursday,3,,,,0.0,0,29,0
3261,Runaway Train,3,Thursday,4,,,,0.0,0,4,0
3261,Runaway Train,3,Thursday,9,,,,0.0,0,5,0
3261,Runaway Train,3,Thursday,10,,,,0.0,0,12,0
3261,Runaway Train,3,Thursday,11,,,,0.0,0,12,0
3261,Runaway Train,3,Thursday,12,,,,0.0,0,19,0
3261,Runaway Train,3,Thursday,13,,,,0.0,0,42,0
3261,Runaway Train,3,Thursday,14,,,,0.0,0,28,0
3261,Runaway Train,3,Thursday,15,,,,0.0,0,46,0
3261,Runaway Train,3,Thursday,16,,,,0.0,0,29,0
3261,Runaway Train,3,Thursday,17,,,,0.0,0,35,0
3261,Runaway Train,3,Thursday,18,,,,0.0,0,35,0
3261,Runaway Train,3,Thursday,19,,,,0.0,0,59,0
3261,Runaway Train,3,Thursday,20,,,,0.0,0,44,0
3261,Runaway Train,3,Thursday,21,,,,0.0,0,25,0
3261,Runaway Train,3,Thursday,22,,,,0.0,0,53,0
3261,Runaway Train,3,Thursday,23,,,,0.0,0,22,0
3261,Runaway Train,4,Friday,0,,,,0.0,0,19,0
3261,Runaway Train,4,Friday,1,,,,0.0,0,10,0
3261,Runaway Train,4,Friday,2,,,,0.0,0,14,0
3261,Runaway Train,4,Friday,3,,,,0.0,0,26,0
3261,Runaway Train,4,Friday,4,,,,0.0,0,25,0
3261,Runaway Train,4,Friday,5,,,,0.0,0,1,0
3261,Runaway Train,4,Friday,9,,,,0.0,0,5,0
3261,Runaway Train,4,Friday,10,,,,0.0,0,12,0
3261,Runaway Train,4,Friday,11,,,,0.0,0,12,0
3261,Runaway Train,4,Friday,12,,,,0.0,0,23,0
3261,Runaway Train,4,Friday,13,,,,0.0,0,42,0
3261,Runaway Train,4,Friday,14,,,,0.0,0,30,0
3261,Runaway Train,4,Friday,15,,,,0.0,0,40,0
3261,Runaway Train,4,Friday,16,,,,0.0,0,23,0
3261,Runaway Train,4,Friday,17,,,,0.0,0,34,0
3261,Runaway Train,4,Friday,18,,,,0.0,0,47,0
3261,Runaway Train,4,Friday,19,,,,0.0,0,43,0
3261,Runaway Train,4,Friday,20,,,,0.0,0,42,0
3261,Runaway Train,4,Friday,21,,,,0.0,0,22,0
3261,Runaway Train,4,Friday,22,,,,0.0,0,53,0
3261,Runaway Train,4,Friday,23,,,,0.0,0,22,0
3261,Runaway Train,5,Saturday,0,,,,0.0,0,23,0
3261,Runaway Train,5,Saturday,1,,,,0.0,0,3,0
3261,Runaway Train,5,Saturday,2,,,,0.0,0,8,0
3261,Runaway Train,5,Saturday,3,,,,0.0,0,33,0
3261,Runaway Train,5,Saturday,4,,,,0.0,0,18,0
3261,Runaway Train,5,Saturday,5,,,,0.0,0,1,0
3261,Runaway Train,5,Saturday,9,,,,0.0,0,8,0
3261,Runaway Train,5,Saturday,10,0.0,0.0,0,16.7,2,12,1
3261,Runaway Train,5,Saturday,11,,,,0.0,0,17,0
3261,Runaway Train,5,Saturday,12,,,,0.0,0,49,0
3261,Runaway Train,5,Saturday,13,,,,0.0,0,46,0
3261,Runaway Train,5,Saturday,14,,,,0.0,0,36,0
3261,Runaway Train,5,Saturday,15,,,,0.0,0,42,0
3261,Runaway Train,5,Saturday,16,,,,0.0,0,48,0
3261,Runaway Train,5,Saturday,17,,,,0.0,0,27,0
3261,Runaway Train,5,Saturday,18,,,,0.0,0,58,0
3261,Runaway Train,5,Saturday,19,,,,0.0,0,41,0
3261,Runaway Train,5,Saturday,20,,,,0.0,0,43,0
3261,Runaway Train,5,Saturday,21,,,,0.0,0,45,0
3261,Runaway Train,5,Saturday,22,,,,0.0,0,26,0
3261,Runaway Train,5,Saturday,23,,,,0.0,0,12,0
3261,Runaway Train,6,Sunday,0,,,,0.0,0,12,0
3261,Runaway Train,6,Sunday,1,,,,0.0,0,22,0
3261,Runaway Train,6,Sunday,2,,,,0.0,0,35,0
3261,Runaway Train,6,Sunday,3,,,,0.0,0,7,0
3261,Runaway Train,6,Sunday,4,,,,0.0,0,5,0
3261,Runaway Train,6,Sunday,5,,,,0.0,0,7,0
3261,Runaway Train,6,Sunday,9,,,,0.0,0,7,0
3261,Runaway Train,6,Sunday,10,,,,0.0,0,12,0
3261,Runaway Train,6,Sunday,11,,,,0.0,0,14,0
3261,Runaway Train,6,Sunday,12,,,,0.0,0,31,0
3261,Runaway Train,6,Sunday,13,,,,0.0,0,59,0
3261,Runaway Train,6,Sunday,14,,,,0.0,0,28,0
3261,Runaway Train,6,Sunday,15,,,,0.0,0,37,0
3261,Runaway Train,6,Sunday,16,,,,0.0,0,43,0
3261,Runaway Train,6,Sunday,17,,,,0.0,0,30,0
3261,Runaway Train,6,Sunday,18,,,,0.0,0,46,0
3261,Runaway Train,6,Sunday,19,,,,0.0,0,47,0
3261,Runaway Train,6,Sunday,20,,,,0.0,0,43,0
3261,Runaway Train,6,Sunday,21,,,,0.0,0,34,0
3261,Runaway Train,6,Sunday,22,,,,0.0,0,49,0
3261,Runaway Train,6,Sunday,23,,,,0.0,0,19,0
3274,Safari Off-Road Adventure,0,Monday,0,,,,0.0,0,12,0
3274,Safari Off-Road Adventure,0,Monday,1,,,,0.0,0,4,0
3274,Safari Off-Road Adventure,0,Monday,2,,,,0.0,0,17,0
3274,Safari Off-Road Adventure,0,Monday,3,,,,0.0,0,9,0
3274,Safari Off-Road Adventure,0,Monday,4,,,,0.0,0,34,0
3274,Safari Off-Road Adventure,0,Monday,5,,,,0.0,0,9,0
3274,Safari Off-Road Adventure,0,Monday,6,,,,0.0,0,3,0
3274,Safari Off-Road Adventure,0,Monday,9,,,,0.0,0,4,0
3274,Safari Off-Road Adventure,0,Monday,10,,,,0.0,0,12,0
3274,Safari Off-Road Adventure,0,Monday,11,,,,0.0,0,12,0
3274,Safari Off-Road Adventure,0,Monday,12,,,,0.0,0,12,0
3274,Safari Off-Road Adventure,0,Monday,13,,,,0.0,0,13,0
3274,Safari Off-Road Adventure,0,Monday,14,,,,0.0,0,40,0
3274,Safari Off-Road Adventure,0,Monday,15,,,,0.0,0,30,0
3274,Safari Off-Road Adventure,0,Monday,16,,,,0.0,0,25,0
3274,Safari Off-Road Adventure,0,Monday,17,,,,0.0,0,23,0
3274,Safari Off-Road Adventure,0,Monday,18,,,,0.0,0,37,0
3274,Safari Off-Road Adventure,0,Monday,19,,,,0.0,0,26,0
3274,Safari Off-Road Adventure,0,Monday,20,,,,0.0,0,46,0
3274,Safari Off-Road Adventure,0,Monday,21,,,,0.0,0,27,0
3274,Safari Off-Road Adventure,0,Monday,22,,,,0.0,0,41,0
3274,Safari Off-Road Adventure,0,Monday,23,,,,0.0,0,19,0
3274,Safari Off-Road Adventure,1,Tuesday,0,,,,0.0,0,12,0
3274,Safari Off-Road Adventure,1,Tuesday,1,,,,0.0,0,17,0
3274,Safari Off-Road Adventure,1,Tuesday,2,,,,0.0,0,23,0
3274,Safari Off-Road Adventure,1,Tuesday,3,,,,0.0,0,20,0
3274,Safari Off-Road Adventure,1,Tuesday,4,,,,0.0,0,12,0
3274,Safari Off-Road Adventure,1,Tuesday,5,,,,0.0,0,3,0
3274,Safari Off-Road Adventure,1,Tuesday,9,,,,0.0,0,8,0
3274,Safari Off-Road Adventure,1,Tuesday,10,,,,0.0,0,18,0
3274,Safari Off-Road Adventure,1,Tuesday,11,0.0,0.0,0,36.8,7,19,1
3274,Safari Off-Road Adventure,1,Tuesday,12,15.0,15.0,15,33.3,7,21,1
3274,Safari Off-Road Adventure,1,Tuesday,13,20.0,20.0,20,14.3,8,56,1
3274,Safari Off-Road Adventure,1,Tuesday,14,40.0,40.0,40,15.0,6,40,1
3274,Safari Off-Road Adventure,1,Tuesday,15,25.0,25.0,25,21.1,8,38,1
3274,Safari Off-Road Adventure,1,Tuesday,16,,,,0.0,0,56,0
3274,Safari Off-Road Adventure,1,Tuesday,17,,,,0.0,0,26,0
3274,Safari Off-Road Adventure,1,Tuesday,18,,,,0.0,0,49,0
3274,Safari Off-Road Adventure,1,Tuesday,19,,,,0.0,0,65,0
3274,Safari Off-Road Adventure,1,Tuesday,20,,,,0.0,0,28,0
3274,Safari Off-Road Adventure,1,Tuesday,21,,,,0.0,0,59,0
3274,Safari Off-Road Adventure,1,Tuesday,22,,,,0.0,0,34,0
3274,Safari Off-Road Adventure,1,Tuesday,23,,,,0.0,0,23,0
3274,Safari Off-Road Adventure,2,Wednesday,0,,,,0.0,0,10,0
3274,Safari Off-Road Adventure,2,Wednesday,1,,,,0.0,0,20,0
3274,Safari Off-Road Adventure,2,Wednesday,2,,,,0.0,0,11,0
3274,Safari Off-Road Adventure,2,Wednesday,3,,,,0.0,0,27,0
3274,Safari Off-Road Adventure,2,Wednesday,4,,,,0.0,0,10,0
3274,Safari Off-Road Adventure,2,Wednesday,9,,,,0.0,0,8,0
3274,Safari Off-Road Adventure,2,Wednesday,10,,,,0.0,0,19,0
3274,Safari Off-Road Adventure,2,Wednesday,11,0.0,0.0,0,46.7,7,15,1
3274,Safari Off-Road Adventure,2,Wednesday,12,0.0,0.0,0,27.8,5,18,1
3274,Safari Off-Road Adventure,2,Wednesday,13,15.0,15.0,15,19.6,9,46,1
3274,Safari Off-Road Adventure,2,Wednesday,14,15.0,15.0,15,9.1,3,33,1
3274,Safari Off-Road Adventure,2,Wednesday,15,29.5,30.0,30,29.7,11,37,1
3274,Safari Off-Road Adventure,2,Wednesday,16,30.0,30.0,30,2.9,1,35,1
3274,Safari Off-Road Adventure,2,Wednesday,17,,,,0.0,0,28,0
3274,Safari Off-Road Adventure,2,Wednesday,18,,,,0.0,0,32,0
3274,Safari Off-Road Adventure,2,Wednesday,19,,,,0.0,0,44,0
3274,Safari Off-Road Adventure,2,Wednesday,20,,,,0.0,0,41,0
3274,Safari Off-Road Adventure,2,Wednesday,21,,,,0.0,0,35,0
3274,Safari Off-Road Adventure,2,Wednesday,22,,,,0.0,0,23,0
3274,Safari Off-Road Adventure,2,Wednesday,23,,,,0.0,0,18,0
3274,Safari Off-Road Adventure,3,Thursday,0,,,,0.0,0,22,0
3274,Safari Off-Road Adventure,3,Thursday,1,,,,0.0,0,27,0
3274,Safari Off-Road Adventure,3,Thursday,2,,,,0.0,0,11,0
3274,Safari Off-Road Adventure,3,Thursday,3,,,,0.0,0,29,0
3274,Safari Off-Road Adventure,3,Thursday,4,,,,0.0,0,4,0
3274,Safari Off-Road Adventure,3,Thursday,9,,,,0.0,0,5,0
3274,Safari Off-Road Adventure,3,Thursday,10,,,,0.0,0,12,0
3274,Safari Off-Road Adventure,3,Thursday,11,0.0,0.0,0,83.3,10,12,1
3274,Safari Off-Road Adventure,3,Thursday,12,0.0,0.0,0,63.2,12,19,1
3274,Safari Off-Road Adventure,3,Thursday,13,0.0,0.0,0,28.6,12,42,1
3274,Safari Off-Road Adventure,3,Thursday,14,11.2,15.0,15,42.9,12,28,1
3274,Safari Off-Road Adventure,3,Thursday,15,15.0,15.0,15,26.1,12,46,1
3274,Safari Off-Road Adventure,3,Thursday,16,15.0,15.0,15,6.9,2,29,1
3274,Safari Off-Road Adventure,3,Thursday,17,,,,0.0,0,35,0
3274,Safari Off-Road Adventure,3,Thursday,18,,,,0.0,0,35,0
3274,Safari Off-Road Adventure,3,Thursday,19,,,,0.0,0,59,0
3274,Safari Off-Road Adventure,3,Thursday,20,,,,0.0,0,44,0
3274,Safari Off-Road Adventure,3,Thursday,21,,,,0.0,0,25,0
3274,Safari Off-Road Adventure,3,Thursday,22,,,,0.0,0,53,0
3274,Safari Off-Road Adventure,3,Thursday,23,,,,0.0,0,22,0
3274,Safari Off-Road Adventure,4,Friday,0,,,,0.0,0,19,0
3274,Safari Off-Road Adventure,4,Friday,1,,,,0.0,0,10,0
3274,Safari Off-Road Adventure,4,Friday,2,,,,0.0,0,14,0
3274,Safari Off-Road Adventure,4,Friday,3,,,,0.0,0,26,0
3274,Safari Off-Road Adventure,4,Friday,4,,,,0.0,0,25,0
3274,Safari Off-Road Adventure,4,Friday,5,,,,0.0,0,1,0
3274,Safari Off-Road Adventure,4,Friday,9,,,,0.0,0,5,0
3274,Safari Off-Road Adventure,4,Friday,10,,,,0.0,0,12,0
3274,Safari Off-Road Adventure,4,Friday,11,0.0,0.0,0,83.3,10,12,1
3274,Safari Off-Road Adventure,4,Friday,12,0.0,0.0,0,52.2,12,23,1
3274,Safari Off-Road Adventure,4,Friday,13,15.0,30.0,30,28.6,12,42,1
3274,Safari Off-Road Adventure,4,Friday,14,45.0,60.0,60,40.0,12,30,1
3274,Safari Off-Road Adventure,4,Friday,15,60.0,60.0,60,30.0,12,40,1
3274,Safari Off-Road Adventure,4,Friday,16,60.0,60.0,60,8.7,2,23,1
3274,Safari Off-Road Adventure,4,Friday,17,,,,0.0,0,34,0
3274,Safari Off-Road Adventure,4,Friday,18,,,,0.0,0,47,0
3274,Safari Off-Road Adventure,4,Friday,19,,,,0.0,0,43,0
3274,Safari Off-Road Adventure,4,Friday,20,,,,0.0,0,42,0
3274,Safari Off-Road Adventure,4,Friday,21,,,,0.0,0,22,0
3274,Safari Off-Road Adventure,4,Friday,22,,,,0.0,0,53,0
3274,Safari Off-Road Adventure,4,Friday,23,,,,0.0,0,22,0
3274,Safari Off-Road Adventure,5,Saturday,0,,,,0.0,0,23,0
3274,Safari Off-Road Adventure,5,Saturday,1,,,,0.0,0,3,0
3274,Safari Off-Road Adventure,5,Saturday,2,,,,0.0,0,8,0
3274,Safari Off-Road Adventure,5,Saturday,3,,,,0.0,0,33,0
3274,Safari Off-Road Adventure,5,Saturday,4,,,,0.0,0,18,0
3274,Safari Off-Road Adventure,5,Saturday,5,,,,0.0,0,1,0
3274,Safari Off-Road Adventure,5,Saturday,9,,,,0.0,0,8,0
3274,Safari Off-Road Adventure,5,Saturday,10,,,,0.0,0,12,0
3274,Safari Off-Road Adventure,5,Saturday,11,0.0,0.0,0,58.8,10,17,1
3274,Safari Off-Road Adventure,5,Saturday,12,6.7,10.0,10,24.5,12,49,1
3274,Safari Off-Road Adventure,5,Saturday,13,21.7,30.0,30,26.1,12,46,1
3274,Safari Off-Road Adventure,5,Saturday,14,47.5,60.0,60,33.3,12,36,1
3274,Safari Off-Road Adventure,5,Saturday,15,60.0,60.0,60,28.6,12,42,1
3274,Safari Off-Road Adventure,5,Saturday,16,75.0,90.0,90,4.2,2,48,1
3274,Safari Off-Road Adventure,5,Saturday,17,,,,0.0,0,27,0
3274,Safari Off-Road Adventure,5,Saturday,18,,,,0.0,0,58,0
3274,Safari Off-Road Adventure,5,Saturday,19,,,,0.0,0,41,0
3274,Safari Off-Road Adventure,5,Saturday,20,,,,0.0,0,43,0
3274,Safari Off-Road Adventure,5,Saturday,21,,,,0.0,0,45,0
3274,Safari Off-Road Adventure,5,Saturday,22,,,,0.0,0,26,0
3274,Safari Off-Road Adventure,5,Saturday,23,,,,0.0,0,12,0
3274,Safari Off-Road Adventure,6,Sunday,0,,,,0.0,0,12,0
3274,Safari Off-Road Adventure,6,Sunday,1,,,,0.0,0,22,0
3274,Safari Off-Road Adventure,6,Sunday,2,,,,0.0,0,35,0
3274,Safari Off-Road Adventure,6,Sunday,3,,,,0.0,0,7,0
3274,Safari Off-Road Adventure,6,Sunday,4,,,,0.0,0,5,0
3274,Safari Off-Road Adventure,6,Sunday,5,,,,0.0,0,7,0
3274,Safari Off-Road Adventure,6,Sunday,9,,,,0.0,0,7,0
3274,Safari Off-Road Adventure,6,Sunday,10,,,,0.0,0,12,0
3274,Safari Off-Road Adventure,6,Sunday,11,0.0,0.0,0,71.4,10,14,1
3274,Safari Off-Road Adventure,6,Sunday,12,0.0,0.0,0,3.2,1,31,1
3274,Safari Off-Road Adventure,6,Sunday,13,,,,0.0,0,59,0
3274,Safari Off-Road Adventure,6,Sunday,14,,,,0.0,0,28,0
3274,Safari Off-Road Adventure,6,Sunday,15,,,,0.0,0,37,0
3274,Safari Off-Road Adventure,6,Sunday,16,,,,0.0,0,43,0
3274,Safari Off-Road Adventure,6,Sunday,17,,,,0.0,0,30,0
3274,Safari Off-Road Adventure,6,Sunday,18,,,,0.0,0,46,0
3274,Safari Off-Road Adventure,6,Sunday,19,,,,0.0,0,47,0
3274,Safari Off-Road Adventure,6,Sunday,20,,,,0.0,0,43,0
3274,Safari Off-Road Adventure,6,Sunday,21,,,,0.0,0,34,0
3274,Safari Off-Road Adventure,6,Sunday,22,,,,0.0,0,49,0
3274,Safari Off-Road Adventure,6,Sunday,23,,,,0.0,0,19,0
3283,Saw Mill Log Flume,0,Monday,0,,,,0.0,0,12,0
3283,Saw Mill Log Flume,0,Monday,1,,,,0.0,0,4,0
3283,Saw Mill Log Flume,0,Monday,2,,,,0.0,0,17,0
3283,Saw Mill Log Flume,0,Monday,3,,,,0.0,0,9,0
3283,Saw Mill Log Flume,0,Monday,4,,,,0.0,0,34,0
3283,Saw Mill Log Flume,0,Monday,5,,,,0.0,0,9,0
3283,Saw Mill Log Flume,0,Monday,6,,,,0.0,0,3,0
3283,Saw Mill Log Flume,0,Monday,9,,,,0.0,0,4,0
3283,Saw Mill Log Flume,0,Monday,10,,,,0.0,0,12,0
3283,Saw Mill Log Flume,0,Monday,11,0.0,0.0,0,83.3,10,12,1
3283,Saw Mill Log Flume,0,Monday,12,0.0,0.0,0,100.0,12,12,1
3283,Saw Mill Log Flume,0,Monday,13,17.3,30.0,45,100.0,13,13,2
3283,Saw Mill Log Flume,0,Monday,14,37.2,45.0,45,57.5,23,40,2
3283,Saw Mill Log Flume,0,Monday,15,30.0,30.0,30,70.0,21,30,2
3283,Saw Mill Log Flume,0,Monday,16,30.0,30.0,30,60.0,15,25,2
3283,Saw Mill Log Flume,0,Monday,17,27.5,30.0,30,52.2,12,23,1
3283,Saw Mill Log Flume,0,Monday,18,19.3,45.0,45,37.8,14,37,2
3283,Saw Mill Log Flume,0,Monday,19,19.0,45.0,45,100.0,26,26,3
3283,Saw Mill Log Flume,0,Monday,20,26.4,45.0,45,15.2,7,46,3
3283,Saw Mill Log Flume,0,Monday,21,,,,0.0,0,27,0
3283,Saw Mill Log Flume,0,Monday,22,,,,0.0,0,41,0
3283,Saw Mill Log Flume,0,Monday,23,,,,0.0,0,19,0
3283,Saw Mill Log Flume,1,Tuesday,0,,,,0.0,0,12,0
3283,Saw Mill Log Flume,1,Tuesday,1,,,,0.0,0,17,0
3283,Saw Mill Log Flume,1,Tuesday,2,,,,0.0,0,23,0
3283,Saw Mill Log Flume,1,Tuesday,3,,,,0.0,0,20,0
3283,Saw Mill Log Flume,1,Tuesday,4,,,,0.0,0,12,0
3283,Saw Mill Log Flume,1,Tuesday,5,,,,0.0,0,3,0
3283,Saw Mill Log Flume,1,Tuesday,9,,,,0.0,0,8,0
3283,Saw Mill Log Flume,1,Tuesday,10,0.0,0.0,0,5.6,1,18,1
3283,Saw Mill Log Flume,1,Tuesday,11,0.0,0.0,0,84.2,16,19,2
3283,Saw Mill Log Flume,1,Tuesday,12,0.0,0.0,0,90.5,19,21,2
3283,Saw Mill Log Flume,1,Tuesday,13,5.2,15.0,15,55.4,31,56,3
3283,Saw Mill Log Flume,1,Tuesday,14,5.3,15.0,15,47.5,19,40,3
3283,Saw Mill Log Flume,1,Tuesday,15,17.4,30.0,30,55.3,21,38,3
3283,Saw Mill Log Flume,1,Tuesday,16,22.6,30.0,30,55.4,31,56,3
3283,Saw Mill Log Flume,1,Tuesday,17,29.2,45.0,45,76.9,20,26,2
3283,Saw Mill Log Flume,1,Tuesday,18,24.1,45.0,45,57.1,28,49,3
3283,Saw Mill Log Flume,1,Tuesday,19,26.0,45.0,45,40.0,26,65,3
3283,Saw Mill Log Flume,1,Tuesday,20,45.0,45.0,45,7.1,2,28,1
3283,Saw Mill Log Flume,1,Tuesday,21,,,,0.0,0,59,0
3283,Saw Mill Log Flume,1,Tuesday,22,,,,0.0,0,34,0
3283,Saw Mill Log Flume,1,Tuesday,23,,,,0.0,0,23,0
3283,Saw Mill Log Flume,2,Wednesday,0,,,,0.0,0,10,0
3283,Saw Mill Log Flume,2,Wednesday,1,,,,0.0,0,20,0
3283,Saw Mill Log Flume,2,Wednesday,2,,,,0.0,0,11,0
3283,Saw Mill Log Flume,2,Wednesday,3,,,,0.0,0,27,0
3283,Saw Mill Log Flume,2,Wednesday,4,,,,0.0,0,10,0
3283,Saw Mill Log Flume,2,Wednesday,9,,,,0.0,0,8,0
3283,Saw Mill Log Flume,2,Wednesday,10,0.0,0.0,0,15.8,3,19,1
3283,Saw Mill Log Flume,2,Wednesday,11,0.0,0.0,0,100.0,15,15,2
3283,Saw Mill Log Flume,2,Wednesday,12,0.0,0.0,0,94.4,17,18,3
3283,Saw Mill Log Flume,2,Wednesday,13,0.0,0.0,0,45.7,21,46,3
3283,Saw Mill Log Flume,2,Wednesday,14,23.1,30.0,30,39.4,13,33,2
3283,Saw Mill Log Flume,2,Wednesday,15,20.5,30.0,30,51.4,19,37,3
3283,Saw Mill Log Flume,2,Wednesday,16,21.2,40.0,40,45.7,16,35,3
3283,Saw Mill Log Flume,2,Wednesday,17,54.0,70.0,70,53.6,15,28,2
3283,Saw Mill Log Flume,2,Wednesday,18,15.0,70.0,70,43.8,14,32,2
3283,Saw Mill Log Flume,2,Wednesday,19,53.3,70.0,70,27.3,12,44,3
3283,Saw Mill Log Flume,2,Wednesday,20,5.0,5.0,5,7.3,3,41,1
3283,Saw Mill Log Flume,2,Wednesday,21,,,,0.0,0,35,0
3283,Saw Mill Log Flume,2,Wednesday,22,,,,0.0,0,23,0
3283,Saw Mill Log Flume,2,Wednesday,23,,,,0.0,0,18,0
3283,Saw Mill Log Flume,3,Thursday,0,,,,0.0,0,22,0
3283,Saw Mill Log Flume,3,Thursday,1,,,,0.0,0,27,0
3283,Saw Mill Log Flume,3,Thursday,2,,,,0.0,0,11,0
3283,Saw Mill Log Flume,3,Thursday,3,,,,0.0,0,29,0
3283,Saw Mill Log Flume,3,Thursday,4,,,,0.0,0,4,0
3283,Saw Mill Log Flume,3,Thursday,9,,,,0.0,0,5,0
3283,Saw Mill Log Flume,3,Thursday,10,,,,0.0,0,12,0
3283,Saw Mill Log Flume,3,Thursday,11,0.0,0.0,0,75.0,9,12,1
3283,Saw Mill Log Flume,3,Thursday,12,1.2,6.0,6,78.9,15,19,2
3283,Saw Mill Log Flume,3,Thursday,13,2.6,6.0,6,50.0,21,42,2
3283,Saw Mill Log Flume,3,Thursday,14,0.0,0.0,0,42.9,12,28,1
3283,Saw Mill Log Flume,3,Thursday,15,1.8,5.0,5,41.3,19,46,2
3283,Saw Mill Log Flume,3,Thursday,16,1.7,5.0,5,51.7,15,29,2
3283,Saw Mill Log Flume,3,Thursday,17,0.6,3.0,3,42.9,15,35,2
3283,Saw Mill Log Flume,3,Thursday,18,2.2,3.0,3,34.3,12,35,2
3283,Saw Mill Log Flume,3,Thursday,19,3.0,3.0,3,6.8,4,59,1
3283,Saw Mill Log Flume,3,Thursday,20,3.0,3.0,3,4.5,2,44,1
3283,Saw Mill Log Flume,3,Thursday,21,,,,0.0,0,25,0
3283,Saw Mill Log Flume,3,Thursday,22,,,,0.0,0,53,0
3283,Saw Mill Log Flume,3,Thursday,23,,,,0.0,0,22,0
3283,Saw Mill Log Flume,4,Friday,0,,,,0.0,0,19,0
3283,Saw Mill Log Flume,4,Friday,1,,,,0.0,0,10,0
3283,Saw Mill Log Flume,4,Friday,2,,,,0.0,0,14,0
3283,Saw Mill Log Flume,4,Friday,3,,,,0.0,0,26,0
3283,Saw Mill Log Flume,4,Friday,4,,,,0.0,0,25,0
3283,Saw Mill Log Flume,4,Friday,5,,,,0.0,0,1,0
3283,Saw Mill Log Flume,4,Friday,9,,,,0.0,0,5,0
3283,Saw Mill Log Flume,4,Friday,10,0.0,0.0,0,25.0,3,12,1
3283,Saw Mill Log Flume,4,Friday,11,0.0,0.0,0,100.0,12,12,1
3283,Saw Mill Log Flume,4,Friday,12,0.9,0.0,15,73.9,17,23,2
3283,Saw Mill Log Flume,4,Friday,13,9.5,15.0,15,45.2,19,42,2
3283,Saw Mill Log Flume,4,Friday,14,45.0,60.0,60,40.0,12,30,1
3283,Saw Mill Log Flume,4,Friday,15,32.7,60.0,60,55.0,22,40,2
3283,Saw Mill Log Flume,4,Friday,16,53.6,60.0,60,60.9,14,23,2
3283,Saw Mill Log Flume,4,Friday,17,33.5,60.0,60,50.0,17,34,2
3283,Saw Mill Log Flume,4,Friday,18,32.0,45.0,45,46.8,22,47,3
3283,Saw Mill Log Flume,4,Friday,19,25.7,45.0,45,62.8,27,43,3
3283,Saw Mill Log Flume,4,Friday,20,5.0,5.0,5,33.3,14,42,2
3283,Saw Mill Log Flume,4,Friday,21,5.0,5.0,5,54.5,12,22,1
3283,Saw Mill Log Flume,4,Friday,22,5.0,5.0,5,5.7,3,53,1
3283,Saw Mill Log Flume,4,Friday,23,,,,0.0,0,22,0
3283,Saw Mill Log Flume,5,Saturday,0,,,,0.0,0,23,0
3283,Saw Mill Log Flume,5,Saturday,1,,,,0.0,0,3,0
3283,Saw Mill Log Flume,5,Saturday,2,,,,0.0,0,8,0
3283,Saw Mill Log Flume,5,Saturday,3,,,,0.0,0,33,0
3283,Saw Mill Log Flume,5,Saturday,4,,,,0.0,0,18,0
3283,Saw Mill Log Flume,5,Saturday,5,,,,0.0,0,1,0
3283,Saw Mill Log Flume,5,Saturday,9,,,,0.0,0,8,0
3283,Saw Mill Log Flume,5,Saturday,10,0.0,0.0,0,33.3,4,12,1
3283,Saw Mill Log Flume,5,Saturday,11,0.0,0.0,0,82.4,14,17,2
3283,Saw Mill Log Flume,5,Saturday,12,0.0,0.0,0,51.0,25,49,4
3283,Saw Mill Log Flume,5,Saturday,13,1.8,10.0,10,60.9,28,46,5
3283,Saw Mill Log Flume,5,Saturday,14,10.7,15.0,15,41.7,15,36,2
3283,Saw Mill Log Flume,5,Saturday,15,6.1,20.0,60,73.8,31,42,4
3283,Saw Mill Log Flume,5,Saturday,16,42.1,90.0,90,81.2,39,48,5
3283,Saw Mill Log Flume,5,Saturday,17,28.5,90.0,90,100.0,27,27,4
3283,Saw Mill Log Flume,5,Saturday,18,38.6,90.0,90,89.7,52,58,6
3283,Saw Mill Log Flume,5,Saturday,19,25.9,45.0,45,53.7,22,41,5
3283,Saw Mill Log Flume,5,Saturday,20,17.5,45.0,45,46.5,20,43,4
3283,Saw Mill Log Flume,5,Saturday,21,11.2,20.0,20,53.3,24,45,3
3283,Saw Mill Log Flume,5,Saturday,22,20.0,20.0,20,3.8,1,26,1
3283,Saw Mill Log Flume,5,Saturday,23,,,,0.0,0,12,0
3283,Saw Mill Log Flume,6,Sunday,0,,,,0.0,0,12,0
3283,Saw Mill Log Flume,6,Sunday,1,,,,0.0,0,22,0
3283,Saw Mill Log Flume,6,Sunday,2,,,,0.0,0,35,0
3283,Saw Mill Log Flume,6,Sunday,3,,,,0.0,0,7,0
3283,Saw Mill Log Flume,6,Sunday,4,,,,0.0,0,5,0
3283,Saw Mill Log Flume,6,Sunday,5,,,,0.0,0,7,0
3283,Saw Mill Log Flume,6,Sunday,9,,,,0.0,0,7,0
3283,Saw Mill Log Flume,6,Sunday,10,0.0,0.0,0,33.3,4,12,1
3283,Saw Mill Log Flume,6,Sunday,11,0.0,0.0,0,21.4,3,14,2
3283,Saw Mill Log Flume,6,Sunday,12,2.6,0.0,30,74.2,23,31,3
3283,Saw Mill Log Flume,6,Sunday,13,8.8,30.0,30,57.6,34,59,4
3283,Saw Mill Log Flume,6,Sunday,14,24.5,30.0,30,78.6,22,28,2
3283,Saw Mill Log Flume,6,Sunday,15,31.1,90.0,90,73.0,27,37,4
3283,Saw Mill Log Flume,6,Sunday,16,47.3,90.0,90,74.4,32,43,5
3283,Saw Mill Log Flume,6,Sunday,17,29.1,40.0,90,76.7,23,30,4
3283,Saw Mill Log Flume,6,Sunday,18,50.4,90.0,90,82.6,38,46,4
3283,Saw Mill Log Flume,6,Sunday,19,10.3,35.0,35,74.5,35,47,5
3283,Saw Mill Log Flume,6,Sunday,20,8.5,15.0,15,55.8,24,43,5
3283,Saw Mill Log Flume,6,Sunday,21,8.3,15.0,15,52.9,18,34,4
3283,Saw Mill Log Flume,6,Sunday,22,3.3,10.0,10,6.1,3,49,2
3283,Saw Mill Log Flume,6,Sunday,23,,,,0.0,0,19,0
15727,Scrambler,0,Monday,0,,,,0.0,0,12,0
15727,Scrambler,0,Monday,1,,,,0.0,0,4,0
15727,Scrambler,0,Monday,2,,,,0.0,0,17,0
15727,Scrambler,0,Monday,3,,,,0.0,0,9,0
15727,Scrambler,0,Monday,4,,,,0.0,0,34,0
15727,Scrambler,0,Monday,5,,,,0.0,0,9,0
15727,Scrambler,0,Monday,6,,,,0.0,0,3,0
15727,Scrambler,0,Monday,9,,,,0.0,0,4,0
15727,Scrambler,0,Monday,10,0.0,0.0,0,33.3,4,12,1
15727,Scrambler,0,Monday,11,0.0,0.0,0,100.0,12,12,1
15727,Scrambler,0,Monday,12,0.0,0.0,0,100.0,12,12,1
15727,Scrambler,0,Monday,13,0.0,0.0,0,92.3,12,13,1
15727,Scrambler,0,Monday,14,0.0,0.0,0,30.0,12,40,1
15727,Scrambler,0,Monday,15,0.0,0.0,0,70.0,21,30,2
15727,Scrambler,0,Monday,16,0.0,0.0,0,60.0,15,25,2
15727,Scrambler,0,Monday,17,0.0,0.0,0,52.2,12,23,1
15727,Scrambler,0,Monday,18,0.0,0.0,0,32.4,12,37,1
15727,Scrambler,0,Monday,19,0.0,0.0,0,80.8,21,26,2
15727,Scrambler,0,Monday,20,0.0,0.0,0,8.7,4,46,2
15727,Scrambler,0,Monday,21,,,,0.0,0,27,0
15727,Scrambler,0,Monday,22,,,,0.0,0,41,0
15727,Scrambler,0,Monday,23,,,,0.0,0,19,0
15727,Scrambler,1,Tuesday,0,,,,0.0,0,12,0
15727,Scrambler,1,Tuesday,1,,,,0.0,0,17,0
15727,Scrambler,1,Tuesday,2,,,,0.0,0,23,0
15727,Scrambler,1,Tuesday,3,,,,0.0,0,20,0
15727,Scrambler,1,Tuesday,4,,,,0.0,0,12,0
15727,Scrambler,1,Tuesday,5,,,,0.0,0,3,0
15727,Scrambler,1,Tuesday,9,,,,0.0,0,8,0
15727,Scrambler,1,Tuesday,10,0.0,0.0,0,33.3,6,18,2
15727,Scrambler,1,Tuesday,11,0.0,0.0,0,100.0,19,19,2
15727,Scrambler,1,Tuesday,12,0.0,0.0,0,90.5,19,21,2
15727,Scrambler,1,Tuesday,13,0.0,0.0,0,55.4,31,56,3
15727,Scrambler,1,Tuesday,14,0.0,0.0,0,67.5,27,40,4
15727,Scrambler,1,Tuesday,15,0.0,0.0,0,65.8,25,38,4
15727,Scrambler,1,Tuesday,16,0.0,0.0,0,55.4,31,56,3
15727,Scrambler,1,Tuesday,17,0.0,0.0,0,76.9,20,26,2
15727,Scrambler,1,Tuesday,18,0.0,0.0,0,71.4,35,49,4
15727,Scrambler,1,Tuesday,19,0.0,0.0,0,44.6,29,65,4
15727,Scrambler,1,Tuesday,20,0.0,0.0,0,7.1,2,28,1
15727,Scrambler,1,Tuesday,21,,,,0.0,0,59,0
15727,Scrambler,1,Tuesday,22,,,,0.0,0,34,0
15727,Scrambler,1,Tuesday,23,,,,0.0,0,23,0
15727,Scrambler,2,Wednesday,0,,,,0.0,0,10,0
15727,Scrambler,2,Wednesday,1,,,,0.0,0,20,0
15727,Scrambler,2,Wednesday,2,,,,0.0,0,11,0
15727,Scrambler,2,Wednesday,3,,,,0.0,0,27,0
15727,Scrambler,2,Wednesday,4,,,,0.0,0,10,0
15727,Scrambler,2,Wednesday,9,,,,0.0,0,8,0
15727,Scrambler,2,Wednesday,10,0.0,0.0,0,15.8,3,19,1
15727,Scrambler,2,Wednesday,11,0.0,0.0,0,100.0,15,15,2
15727,Scrambler,2,Wednesday,12,0.0,0.0,0,94.4,17,18,3
15727,Scrambler,2,Wednesday,13,0.0,0.0,0,45.7,21,46,3
15727,Scrambler,2,Wednesday,14,0.0,0.0,0,69.7,23,33,3
15727,Scrambler,2,Wednesday,15,0.0,0.0,0,56.8,21,37,4
15727,Scrambler,2,Wednesday,16,0.0,0.0,0,45.7,16,35,3
15727,Scrambler,2,Wednesday,17,0.0,0.0,0,53.6,15,28,2
15727,Scrambler,2,Wednesday,18,0.0,0.0,0,65.6,21,32,3
15727,Scrambler,2,Wednesday,19,0.0,0.0,0,31.8,14,44,4
15727,Scrambler,2,Wednesday,20,0.0,0.0,0,7.3,3,41,1
15727,Scrambler,2,Wednesday,21,,,,0.0,0,35,0
15727,Scrambler,2,Wednesday,22,,,,0.0,0,23,0
15727,Scrambler,2,Wednesday,23,,,,0.0,0,18,0
15727,Scrambler,3,Thursday,0,,,,0.0,0,22,0
15727,Scrambler,3,Thursday,1,,,,0.0,0,27,0
15727,Scrambler,3,Thursday,2,,,,0.0,0,11,0
15727,Scrambler,3,Thursday,3,,,,0.0,0,29,0
15727,Scrambler,3,Thursday,4,,,,0.0,0,4,0
15727,Scrambler,3,Thursday,9,,,,0.0,0,5,0
15727,Scrambler,3,Thursday,10,0.0,0.0,0,33.3,4,12,1
15727,Scrambler,3,Thursday,11,0.0,0.0,0,100.0,12,12,1
15727,Scrambler,3,Thursday,12,0.0,0.0,0,78.9,15,19,2
15727,Scrambler,3,Thursday,13,0.0,0.0,0,50.0,21,42,2
15727,Scrambler,3,Thursday,14,0.0,0.0,0,60.7,17,28,2
15727,Scrambler,3,Thursday,15,0.0,0.0,0,56.5,26,46,3
15727,Scrambler,3,Thursday,16,0.0,0.0,0,58.6,17,29,2
15727,Scrambler,3,Thursday,17,0.0,0.0,0,42.9,15,35,2
15727,Scrambler,3,Thursday,18,0.0,0.0,0,37.1,13,35,3
15727,Scrambler,3,Thursday,19,0.0,0.0,0,30.5,18,59,3
15727,Scrambler,3,Thursday,20,0.0,0.0,0,25.0,11,44,2
15727,Scrambler,3,Thursday,21,,,,0.0,0,25,0
15727,Scrambler,3,Thursday,22,,,,0.0,0,53,0
15727,Scrambler,3,Thursday,23,,,,0.0,0,22,0
15727,Scrambler,4,Friday,0,,,,0.0,0,19,0
15727,Scrambler,4,Friday,1,,,,0.0,0,10,0
15727,Scrambler,4,Friday,2,,,,0.0,0,14,0
15727,Scrambler,4,Friday,3,,,,0.0,0,26,0
15727,Scrambler,4,Friday,4,,,,0.0,0,25,0
15727,Scrambler,4,Friday,5,,,,0.0,0,1,0
15727,Scrambler,4,Friday,9,,,,0.0,0,5,0
15727,Scrambler,4,Friday,10,0.0,0.0,0,25.0,3,12,1
15727,Scrambler,4,Friday,11,0.0,0.0,0,100.0,12,12,1
15727,Scrambler,4,Friday,12,0.0,0.0,0,73.9,17,23,2
15727,Scrambler,4,Friday,13,0.0,0.0,0,45.2,19,42,2
15727,Scrambler,4,Friday,14,0.0,0.0,0,40.0,12,30,1
15727,Scrambler,4,Friday,15,0.0,0.0,0,55.0,22,40,2
15727,Scrambler,4,Friday,16,0.0,0.0,0,60.9,14,23,2
15727,Scrambler,4,Friday,17,0.0,0.0,0,50.0,17,34,2
15727,Scrambler,4,Friday,18,0.0,0.0,0,76.6,36,47,5
15727,Scrambler,4,Friday,19,0.0,0.0,0,90.7,39,43,6
15727,Scrambler,4,Friday,20,0.0,0.0,0,71.4,30,42,4
15727,Scrambler,4,Friday,21,0.0,0.0,0,95.5,21,22,2
15727,Scrambler,4,Friday,22,0.0,0.0,0,41.5,22,53,4
15727,Scrambler,4,Friday,23,0.0,0.0,0,18.2,4,22,2
15727,Scrambler,5,Saturday,0,,,,0.0,0,23,0
15727,Scrambler,5,Saturday,1,,,,0.0,0,3,0
15727,Scrambler,5,Saturday,2,,,,0.0,0,8,0
15727,Scrambler,5,Saturday,3,,,,0.0,0,33,0
15727,Scrambler,5,Saturday,4,,,,0.0,0,18,0
15727,Scrambler,5,Saturday,5,,,,0.0,0,1,0
15727,Scrambler,5,Saturday,9,,,,0.0,0,8,0
15727,Scrambler,5,Saturday,10,0.0,0.0,0,33.3,4,12,1
15727,Scrambler,5,Saturday,11,0.0,0.0,0,100.0,17,17,3
15727,Scrambler,5,Saturday,12,0.0,0.0,0,100.0,49,49,7
15727,Scrambler,5,Saturday,13,0.0,0.0,0,100.0,46,46,7
15727,Scrambler,5,Saturday,14,0.0,0.0,0,100.0,36,36,4
15727,Scrambler,5,Saturday,15,0.0,0.0,0,100.0,42,42,6
15727,Scrambler,5,Saturday,16,0.0,0.0,0,100.0,48,48,6
15727,Scrambler,5,Saturday,17,0.0,0.0,0,100.0,27,27,4
15727,Scrambler,5,Saturday,18,0.0,0.0,0,100.0,58,58,7
15727,Scrambler,5,Saturday,19,0.0,0.0,0,100.0,41,41,7
15727,Scrambler,5,Saturday,20,0.0,0.0,0,81.4,35,43,6
15727,Scrambler,5,Saturday,21,0.0,0.0,0,100.0,45,45,5
15727,Scrambler,5,Saturday,22,0.0,0.0,0,73.1,19,26,4
15727,Scrambler,5,Saturday,23,0.0,0.0,0,16.7,2,12,1
15727,Scrambler,6,Sunday,0,,,,0.0,0,12,0
15727,Scrambler,6,Sunday,1,,,,0.0,0,22,0
15727,Scrambler,6,Sunday,2,,,,0.0,0,35,0
15727,Scrambler,6,Sunday,3,,,,0.0,0,7,0
15727,Scrambler,6,Sunday,4,,,,0.0,0,5,0
15727,Scrambler,6,Sunday,5,,,,0.0,0,7,0
15727,Scrambler,6,Sunday,9,,,,0.0,0,7,0
15727,Scrambler,6,Sunday,10,0.0,0.0,0,33.3,4,12,1
15727,Scrambler,6,Sunday,11,0.0,0.0,0,100.0,14,14,2
15727,Scrambler,6,Sunday,12,0.0,0.0,0,100.0,31,31,4
15727,Scrambler,6,Sunday,13,0.0,0.0,0,86.4,51,59,6
15727,Scrambler,6,Sunday,14,0.0,0.0,0,85.7,24,28,3
15727,Scrambler,6,Sunday,15,0.0,0.0,0,100.0,37,37,5
15727,Scrambler,6,Sunday,16,0.0,0.0,0,100.0,43,43,7
15727,Scrambler,6,Sunday,17,0.0,0.0,0,100.0,30,30,6
15727,Scrambler,6,Sunday,18,0.0,0.0,0,100.0,46,46,5
15727,Scrambler,6,Sunday,19,0.0,0.0,0,76.6,36,47,6
15727,Scrambler,6,Sunday,20,0.0,0.0,0,74.4,32,43,6
15727,Scrambler,6,Sunday,21,0.0,0.0,0,20.6,7,34,3
15727,Scrambler,6,Sunday,22,0.0,0.0,0,4.1,2,49,1
15727,Scrambler,6,Sunday,23,,,,0.0,0,19,0
3262,Skull Mountain,0,Monday,0,,,,0.0,0,12,0
3262,Skull Mountain,0,Monday,1,,,,0.0,0,4,0
3262,Skull Mountain,0,Monday,2,,,,0.0,0,17,0
3262,Skull Mountain,0,Monday,3,,,,0.0,0,9,0
3262,Skull Mountain,0,Monday,4,,,,0.0,0,34,0
3262,Skull Mountain,0,Monday,5,,,,0.0,0,9,0
3262,Skull Mountain,0,Monday,6,,,,0.0,0,3,0
3262,Skull Mountain,0,Monday,9,,,,0.0,0,4,0
3262,Skull Mountain,0,Monday,10,0.0,0.0,0,33.3,4,12,1
3262,Skull Mountain,0,Monday,11,0.0,0.0,0,100.0,12,12,1
3262,Skull Mountain,0,Monday,12,0.0,0.0,0,100.0,12,12,1
3262,Skull Mountain,0,Monday,13,0.0,0.0,0,69.2,9,13,2
3262,Skull Mountain,0,Monday,14,0.0,0.0,0,47.5,19,40,2
3262,Skull Mountain,0,Monday,15,15.6,35.0,35,60.0,18,30,2
3262,Skull Mountain,0,Monday,16,28.0,35.0,35,60.0,15,25,2
3262,Skull Mountain,0,Monday,17,46.4,60.0,60,95.7,22,23,2
3262,Skull Mountain,0,Monday,18,38.6,60.0,60,37.8,14,37,2
3262,Skull Mountain,0,Monday,19,26.7,60.0,60,88.5,23,26,3
3262,Skull Mountain,0,Monday,20,60.0,60.0,60,6.5,3,46,1
3262,Skull Mountain,0,Monday,21,,,,0.0,0,27,0
3262,Skull Mountain,0,Monday,22,,,,0.0,0,41,0
3262,Skull Mountain,0,Monday,23,,,,0.0,0,19,0
3262,Skull Mountain,1,Tuesday,0,,,,0.0,0,12,0
3262,Skull Mountain,1,Tuesday,1,,,,0.0,0,17,0
3262,Skull Mountain,1,Tuesday,2,,,,0.0,0,23,0
3262,Skull Mountain,1,Tuesday,3,,,,0.0,0,20,0
3262,Skull Mountain,1,Tuesday,4,,,,0.0,0,12,0
3262,Skull Mountain,1,Tuesday,5,,,,0.0,0,3,0
3262,Skull Mountain,1,Tuesday,9,,,,0.0,0,8,0
3262,Skull Mountain,1,Tuesday,10,0.0,0.0,0,11.1,2,18,1
3262,Skull Mountain,1,Tuesday,11,0.0,0.0,0,94.7,18,19,2
3262,Skull Mountain,1,Tuesday,12,0.0,0.0,0,85.7,18,21,2
3262,Skull Mountain,1,Tuesday,13,0.0,0.0,0,55.4,31,56,3
3262,Skull Mountain,1,Tuesday,14,2.2,0.0,60,67.5,27,40,4
3262,Skull Mountain,1,Tuesday,15,28.8,60.0,60,65.8,25,38,4
3262,Skull Mountain,1,Tuesday,16,16.6,60.0,60,51.8,29,56,3
3262,Skull Mountain,1,Tuesday,17,8.0,10.0,30,76.9,20,26,2
3262,Skull Mountain,1,Tuesday,18,3.4,10.0,10,71.4,35,49,4
3262,Skull Mountain,1,Tuesday,19,3.9,10.0,10,43.1,28,65,4
3262,Skull Mountain,1,Tuesday,20,10.0,10.0,10,7.1,2,28,1
3262,Skull Mountain,1,Tuesday,21,,,,0.0,0,59,0
3262,Skull Mountain,1,Tuesday,22,,,,0.0,0,34,0
3262,Skull Mountain,1,Tuesday,23,,,,0.0,0,23,0
3262,Skull Mountain,2,Wednesday,0,,,,0.0,0,10,0
3262,Skull Mountain,2,Wednesday,1,,,,0.0,0,20,0
3262,Skull Mountain,2,Wednesday,2,,,,0.0,0,11,0
3262,Skull Mountain,2,Wednesday,3,,,,0.0,0,27,0
3262,Skull Mountain,2,Wednesday,4,,,,0.0,0,10,0
3262,Skull Mountain,2,Wednesday,9,,,,0.0,0,8,0
3262,Skull Mountain,2,Wednesday,10,0.0,0.0,0,15.8,3,19,1
3262,Skull Mountain,2,Wednesday,11,0.0,0.0,0,100.0,15,15,2
3262,Skull Mountain,2,Wednesday,12,12.4,30.0,30,94.4,17,18,3
3262,Skull Mountain,2,Wednesday,13,1.4,0.0,30,45.7,21,46,3
3262,Skull Mountain,2,Wednesday,14,17.4,50.0,50,69.7,23,33,3
3262,Skull Mountain,2,Wednesday,15,2.9,0.0,30,56.8,21,37,4
3262,Skull Mountain,2,Wednesday,16,22.5,45.0,45,45.7,16,35,3
3262,Skull Mountain,2,Wednesday,17,12.0,45.0,45,53.6,15,28,2
3262,Skull Mountain,2,Wednesday,18,0.0,0.0,0,65.6,21,32,3
3262,Skull Mountain,2,Wednesday,19,2.9,20.0,20,31.8,14,44,4
3262,Skull Mountain,2,Wednesday,20,20.0,20.0,20,7.3,3,41,1
3262,Skull Mountain,2,Wednesday,21,,,,0.0,0,35,0
3262,Skull Mountain,2,Wednesday,22,,,,0.0,0,23,0
3262,Skull Mountain,2,Wednesday,23,,,,0.0,0,18,0
3262,Skull Mountain,3,Thursday,0,,,,0.0,0,22,0
3262,Skull Mountain,3,Thursday,1,,,,0.0,0,27,0
3262,Skull Mountain,3,Thursday,2,,,,0.0,0,11,0
3262,Skull Mountain,3,Thursday,3,,,,0.0,0,29,0
3262,Skull Mountain,3,Thursday,4,,,,0.0,0,4,0
3262,Skull Mountain,3,Thursday,9,,,,0.0,0,5,0
3262,Skull Mountain,3,Thursday,10,0.0,0.0,0,33.3,4,12,1
3262,Skull Mountain,3,Thursday,11,0.0,0.0,0,100.0,12,12,1
3262,Skull Mountain,3,Thursday,12,0.0,0.0,0,78.9,15,19,2
3262,Skull Mountain,3,Thursday,13,0.0,0.0,0,50.0,21,42,2
3262,Skull Mountain,3,Thursday,14,0.0,0.0,0,35.7,10,28,2
3262,Skull Mountain,3,Thursday,15,0.0,0.0,0,30.4,14,46,2
3262,Skull Mountain,3,Thursday,16,0.0,0.0,0,17.2,5,29,1
3262,Skull Mountain,3,Thursday,17,0.0,0.0,0,8.6,3,35,1
3262,Skull Mountain,3,Thursday,18,0.0,0.0,0,28.6,10,35,2
3262,Skull Mountain,3,Thursday,19,0.0,0.0,0,30.5,18,59,3
3262,Skull Mountain,3,Thursday,20,2.7,5.0,5,25.0,11,44,2
3262,Skull Mountain,3,Thursday,21,,,,0.0,0,25,0
3262,Skull Mountain,3,Thursday,22,,,,0.0,0,53,0
3262,Skull Mountain,3,Thursday,23,,,,0.0,0,22,0
3262,Skull Mountain,4,Friday,0,,,,0.0,0,19,0
3262,Skull Mountain,4,Friday,1,,,,0.0,0,10,0
3262,Skull Mountain,4,Friday,2,,,,0.0,0,14,0
3262,Skull Mountain,4,Friday,3,,,,0.0,0,26,0
3262,Skull Mountain,4,Friday,4,,,,0.0,0,25,0
3262,Skull Mountain,4,Friday,5,,,,0.0,0,1,0
3262,Skull Mountain,4,Friday,9,,,,0.0,0,5,0
3262,Skull Mountain,4,Friday,10,0.0,0.0,0,25.0,3,12,1
3262,Skull Mountain,4,Friday,11,0.0,0.0,0,100.0,12,12,1
3262,Skull Mountain,4,Friday,12,0.0,0.0,0,73.9,17,23,2
3262,Skull Mountain,4,Friday,13,0.0,0.0,0,45.2,19,42,2
3262,Skull Mountain,4,Friday,14,0.0,0.0,0,40.0,12,30,1
3262,Skull Mountain,4,Friday,15,0.0,0.0,0,40.0,16,40,2
3262,Skull Mountain,4,Friday,16,0.0,0.0,0,60.9,14,23,2
3262,Skull Mountain,4,Friday,17,17.6,30.0,30,50.0,17,34,2
3262,Skull Mountain,4,Friday,18,12.5,30.0,30,76.6,36,47,5
3262,Skull Mountain,4,Friday,19,18.4,35.0,35,86.0,37,43,6
3262,Skull Mountain,4,Friday,20,14.0,35.0,35,71.4,30,42,4
3262,Skull Mountain,4,Friday,21,26.4,35.0,35,95.5,21,22,2
3262,Skull Mountain,4,Friday,22,6.8,35.0,35,41.5,22,53,4
3262,Skull Mountain,4,Friday,23,0.0,0.0,0,18.2,4,22,2
3262,Skull Mountain,5,Saturday,0,,,,0.0,0,23,0
3262,Skull Mountain,5,Saturday,1,,,,0.0,0,3,0
3262,Skull Mountain,5,Saturday,2,,,,0.0,0,8,0
3262,Skull Mountain,5,Saturday,3,,,,0.0,0,33,0
3262,Skull Mountain,5,Saturday,4,,,,0.0,0,18,0
3262,Skull Mountain,5,Saturday,5,,,,0.0,0,1,0
3262,Skull Mountain,5,Saturday,9,,,,0.0,0,8,0
3262,Skull Mountain,5,Saturday,10,0.0,0.0,0,33.3,4,12,1
3262,Skull Mountain,5,Saturday,11,0.0,0.0,0,100.0,17,17,3
3262,Skull Mountain,5,Saturday,12,0.0,0.0,0,100.0,49,49,7
3262,Skull Mountain,5,Saturday,13,2.2,0.0,25,100.0,46,46,7
3262,Skull Mountain,5,Saturday,14,7.1,60.0,60,94.4,34,36,4
3262,Skull Mountain,5,Saturday,15,11.4,60.0,60,100.0,42,42,6
3262,Skull Mountain,5,Saturday,16,20.8,60.0,60,89.6,43,48,6
3262,Skull Mountain,5,Saturday,17,5.6,10.0,60,100.0,27,27,4
3262,Skull Mountain,5,Saturday,18,22.2,60.0,60,100.0,58,58,7
3262,Skull Mountain,5,Saturday,19,13.4,60.0,60,100.0,41,41,7
3262,Skull Mountain,5,Saturday,20,20.3,60.0,60,81.4,35,43,6
3262,Skull Mountain,5,Saturday,21,6.1,25.0,25,100.0,45,45,5
3262,Skull Mountain,5,Saturday,22,30.5,60.0,60,73.1,19,26,4
3262,Skull Mountain,5,Saturday,23,15.0,15.0,15,16.7,2,12,1
3262,Skull Mountain,6,Sunday,0,,,,0.0,0,12,0
3262,Skull Mountain,6,Sunday,1,,,,0.0,0,22,0
3262,Skull Mountain,6,Sunday,2,,,,0.0,0,35,0
3262,Skull Mountain,6,Sunday,3,,,,0.0,0,7,0
3262,Skull Mountain,6,Sunday,4,,,,0.0,0,5,0
3262,Skull Mountain,6,Sunday,5,,,,0.0,0,7,0
3262,Skull Mountain,6,Sunday,9,,,,0.0,0,7,0
3262,Skull Mountain,6,Sunday,10,0.0,0.0,0,33.3,4,12,1
3262,Skull Mountain,6,Sunday,11,0.0,0.0,0,100.0,14,14,2
3262,Skull Mountain,6,Sunday,12,1.5,5.0,5,87.1,27,31,3
3262,Skull Mountain,6,Sunday,13,0.0,0.0,0,72.9,43,59,5
3262,Skull Mountain,6,Sunday,14,4.2,10.0,10,85.7,24,28,3
3262,Skull Mountain,6,Sunday,15,1.9,10.0,10,70.3,26,37,4
3262,Skull Mountain,6,Sunday,16,8.2,10.0,45,97.7,42,43,6
3262,Skull Mountain,6,Sunday,17,13.3,45.0,45,100.0,30,30,6
3262,Skull Mountain,6,Sunday,18,9.0,30.0,30,97.8,45,46,5
3262,Skull Mountain,6,Sunday,19,3.3,10.0,10,97.9,46,47,7
3262,Skull Mountain,6,Sunday,20,3.3,10.0,10,83.7,36,43,7
3262,Skull Mountain,6,Sunday,21,7.2,10.0,10,52.9,18,34,4
3262,Skull Mountain,6,Sunday,22,3.3,10.0,10,6.1,3,49,2
3262,Skull Mountain,6,Sunday,23,,,,0.0,0,19,0
3281,Sky Zooma,0,Monday,0,,,,0.0,0,12,0
3281,Sky Zooma,0,Monday,1,,,,0.0,0,4,0
3281,Sky Zooma,0,Monday,2,,,,0.0,0,17,0
3281,Sky Zooma,0,Monday,3,,,,0.0,0,9,0
3281,Sky Zooma,0,Monday,4,,,,0.0,0,34,0
3281,Sky Zooma,0,Monday,5,,,,0.0,0,9,0
3281,Sky Zooma,0,Monday,6,,,,0.0,0,3,0
3281,Sky Zooma,0,Monday,9,,,,0.0,0,4,0
3281,Sky Zooma,0,Monday,10,0.0,0.0,0,33.3,4,12,1
3281,Sky Zooma,0,Monday,11,0.0,0.0,0,100.0,12,12,1
3281,Sky Zooma,0,Monday,12,0.0,0.0,0,100.0,12,12,1
3281,Sky Zooma,0,Monday,13,0.0,0.0,0,100.0,13,13,2
3281,Sky Zooma,0,Monday,14,0.0,0.0,0,45.0,18,40,2
3281,Sky Zooma,0,Monday,15,0.0,0.0,0,70.0,21,30,2
3281,Sky Zooma,0,Monday,16,0.0,0.0,0,60.0,15,25,2
3281,Sky Zooma,0,Monday,17,0.0,0.0,0,95.7,22,23,2
3281,Sky Zooma,0,Monday,18,0.0,0.0,0,37.8,14,37,2
3281,Sky Zooma,0,Monday,19,0.0,0.0,0,100.0,26,26,3
3281,Sky Zooma,0,Monday,20,0.0,0.0,0,15.2,7,46,3
3281,Sky Zooma,0,Monday,21,,,,0.0,0,27,0
3281,Sky Zooma,0,Monday,22,,,,0.0,0,41,0
3281,Sky Zooma,0,Monday,23,,,,0.0,0,19,0
3281,Sky Zooma,1,Tuesday,0,,,,0.0,0,12,0
3281,Sky Zooma,1,Tuesday,1,,,,0.0,0,17,0
3281,Sky Zooma,1,Tuesday,2,,,,0.0,0,23,0
3281,Sky Zooma,1,Tuesday,3,,,,0.0,0,20,0
3281,Sky Zooma,1,Tuesday,4,,,,0.0,0,12,0
3281,Sky Zooma,1,Tuesday,5,,,,0.0,0,3,0
3281,Sky Zooma,1,Tuesday,9,,,,0.0,0,8,0
3281,Sky Zooma,1,Tuesday,10,0.0,0.0,0,33.3,6,18,2
3281,Sky Zooma,1,Tuesday,11,0.0,0.0,0,100.0,19,19,2
3281,Sky Zooma,1,Tuesday,12,0.0,0.0,0,90.5,19,21,2
3281,Sky Zooma,1,Tuesday,13,0.0,0.0,0,55.4,31,56,3
3281,Sky Zooma,1,Tuesday,14,0.0,0.0,0,67.5,27,40,4
3281,Sky Zooma,1,Tuesday,15,0.0,0.0,0,65.8,25,38,4
3281,Sky Zooma,1,Tuesday,16,0.0,0.0,0,55.4,31,56,3
3281,Sky Zooma,1,Tuesday,17,0.0,0.0,0,76.9,20,26,2
3281,Sky Zooma,1,Tuesday,18,0.0,0.0,0,65.3,32,49,4
3281,Sky Zooma,1,Tuesday,19,0.0,0.0,0,44.6,29,65,4
3281,Sky Zooma,1,Tuesday,20,0.0,0.0,0,7.1,2,28,1
3281,Sky Zooma,1,Tuesday,21,,,,0.0,0,59,0
3281,Sky Zooma,1,Tuesday,22,,,,0.0,0,34,0
3281,Sky Zooma,1,Tuesday,23,,,,0.0,0,23,0
3281,Sky Zooma,2,Wednesday,0,,,,0.0,0,10,0
3281,Sky Zooma,2,Wednesday,1,,,,0.0,0,20,0
3281,Sky Zooma,2,Wednesday,2,,,,0.0,0,11,0
3281,Sky Zooma,2,Wednesday,3,,,,0.0,0,27,0
3281,Sky Zooma,2,Wednesday,4,,,,0.0,0,10,0
3281,Sky Zooma,2,Wednesday,9,,,,0.0,0,8,0
3281,Sky Zooma,2,Wednesday,10,0.0,0.0,0,15.8,3,19,1
3281,Sky Zooma,2,Wednesday,11,0.0,0.0,0,100.0,15,15,2
3281,Sky Zooma,2,Wednesday,12,0.0,0.0,0,94.4,17,18,3
3281,Sky Zooma,2,Wednesday,13,0.0,0.0,0,45.7,21,46,3
3281,Sky Zooma,2,Wednesday,14,0.0,0.0,0,69.7,23,33,3
3281,Sky Zooma,2,Wednesday,15,0.0,0.0,0,45.9,17,37,4
3281,Sky Zooma,2,Wednesday,16,0.0,0.0,0,40.0,14,35,2
3281,Sky Zooma,2,Wednesday,17,0.0,0.0,0,25.0,7,28,2
3281,Sky Zooma,2,Wednesday,18,0.0,0.0,0,65.6,21,32,3
3281,Sky Zooma,2,Wednesday,19,0.0,0.0,0,31.8,14,44,4
3281,Sky Zooma,2,Wednesday,20,0.0,0.0,0,7.3,3,41,1
3281,Sky Zooma,2,Wednesday,21,,,,0.0,0,35,0
3281,Sky Zooma,2,Wednesday,22,,,,0.0,0,23,0
3281,Sky Zooma,2,Wednesday,23,,,,0.0,0,18,0
3281,Sky Zooma,3,Thursday,0,,,,0.0,0,22,0
3281,Sky Zooma,3,Thursday,1,,,,0.0,0,27,0
3281,Sky Zooma,3,Thursday,2,,,,0.0,0,11,0
3281,Sky Zooma,3,Thursday,3,,,,0.0,0,29,0
3281,Sky Zooma,3,Thursday,4,,,,0.0,0,4,0
3281,Sky Zooma,3,Thursday,9,,,,0.0,0,5,0
3281,Sky Zooma,3,Thursday,10,0.0,0.0,0,33.3,4,12,1
3281,Sky Zooma,3,Thursday,11,0.0,0.0,0,100.0,12,12,1
3281,Sky Zooma,3,Thursday,12,0.0,0.0,0,78.9,15,19,2
3281,Sky Zooma,3,Thursday,13,0.0,0.0,0,50.0,21,42,2
3281,Sky Zooma,3,Thursday,14,0.0,0.0,0,60.7,17,28,2
3281,Sky Zooma,3,Thursday,15,0.0,0.0,0,56.5,26,46,3
3281,Sky Zooma,3,Thursday,16,0.0,0.0,0,58.6,17,29,2
3281,Sky Zooma,3,Thursday,17,0.0,0.0,0,42.9,15,35,2
3281,Sky Zooma,3,Thursday,18,0.0,0.0,0,37.1,13,35,3
3281,Sky Zooma,3,Thursday,19,0.0,0.0,0,30.5,18,59,3
3281,Sky Zooma,3,Thursday,20,0.0,0.0,0,25.0,11,44,2
3281,Sky Zooma,3,Thursday,21,,,,0.0,0,25,0
3281,Sky Zooma,3,Thursday,22,,,,0.0,0,53,0
3281,Sky Zooma,3,Thursday,23,,,,0.0,0,22,0
3281,Sky Zooma,4,Friday,0,,,,0.0,0,19,0
3281,Sky Zooma,4,Friday,1,,,,0.0,0,10,0
3281,Sky Zooma,4,Friday,2,,,,0.0,0,14,0
3281,Sky Zooma,4,Friday,3,,,,0.0,0,26,0
3281,Sky Zooma,4,Friday,4,,,,0.0,0,25,0
3281,Sky Zooma,4,Friday,5,,,,0.0,0,1,0
3281,Sky Zooma,4,Friday,9,,,,0.0,0,5,0
3281,Sky Zooma,4,Friday,10,0.0,0.0,0,25.0,3,12,1
3281,Sky Zooma,4,Friday,11,0.0,0.0,0,100.0,12,12,1
3281,Sky Zooma,4,Friday,12,0.0,0.0,0,73.9,17,23,2
3281,Sky Zooma,4,Friday,13,0.0,0.0,0,45.2,19,42,2
3281,Sky Zooma,4,Friday,14,0.0,0.0,0,40.0,12,30,1
3281,Sky Zooma,4,Friday,15,0.0,0.0,0,55.0,22,40,2
3281,Sky Zooma,4,Friday,16,0.0,0.0,0,60.9,14,23,2
3281,Sky Zooma,4,Friday,17,0.0,0.0,0,50.0,17,34,2
3281,Sky Zooma,4,Friday,18,0.0,0.0,0,76.6,36,47,5
3281,Sky Zooma,4,Friday,19,0.0,0.0,0,90.7,39,43,6
3281,Sky Zooma,4,Friday,20,0.0,0.0,0,71.4,30,42,4
3281,Sky Zooma,4,Friday,21,0.0,0.0,0,95.5,21,22,2
3281,Sky Zooma,4,Friday,22,0.0,0.0,0,41.5,22,53,4
3281,Sky Zooma,4,Friday,23,0.0,0.0,0,18.2,4,22,2
3281,Sky Zooma,5,Saturday,0,,,,0.0,0,23,0
3281,Sky Zooma,5,Saturday,1,,,,0.0,0,3,0
3281,Sky Zooma,5,Saturday,2,,,,0.0,0,8,0
3281,Sky Zooma,5,Saturday,3,,,,0.0,0,33,0
3281,Sky Zooma,5,Saturday,4,,,,0.0,0,18,0
3281,Sky Zooma,5,Saturday,5,,,,0.0,0,1,0
3281,Sky Zooma,5,Saturday,9,,,,0.0,0,8,0
3281,Sky Zooma,5,Saturday,10,0.0,0.0,0,33.3,4,12,1
3281,Sky Zooma,5,Saturday,11,0.0,0.0,0,100.0,17,17,3
3281,Sky Zooma,5,Saturday,12,0.0,0.0,0,100.0,49,49,7
3281,Sky Zooma,5,Saturday,13,0.0,0.0,0,100.0,46,46,7
3281,Sky Zooma,5,Saturday,14,0.0,0.0,0,100.0,36,36,4
3281,Sky Zooma,5,Saturday,15,0.0,0.0,0,100.0,42,42,6
3281,Sky Zooma,5,Saturday,16,0.0,0.0,0,100.0,48,48,6
3281,Sky Zooma,5,Saturday,17,0.0,0.0,0,100.0,27,27,4
3281,Sky Zooma,5,Saturday,18,0.0,0.0,0,100.0,58,58,7
3281,Sky Zooma,5,Saturday,19,0.0,0.0,0,100.0,41,41,7
3281,Sky Zooma,5,Saturday,20,0.0,0.0,0,81.4,35,43,6
3281,Sky Zooma,5,Saturday,21,0.0,0.0,0,100.0,45,45,5
3281,Sky Zooma,5,Saturday,22,0.0,0.0,0,65.4,17,26,4
3281,Sky Zooma,5,Saturday,23,0.0,0.0,0,16.7,2,12,1
3281,Sky Zooma,6,Sunday,0,,,,0.0,0,12,0
3281,Sky Zooma,6,Sunday,1,,,,0.0,0,22,0
3281,Sky Zooma,6,Sunday,2,,,,0.0,0,35,0
3281,Sky Zooma,6,Sunday,3,,,,0.0,0,7,0
3281,Sky Zooma,6,Sunday,4,,,,0.0,0,5,0
3281,Sky Zooma,6,Sunday,5,,,,0.0,0,7,0
3281,Sky Zooma,6,Sunday,9,,,,0.0,0,7,0
3281,Sky Zooma,6,Sunday,10,0.0,0.0,0,33.3,4,12,1
3281,Sky Zooma,6,Sunday,11,0.0,0.0,0,100.0,14,14,2
3281,Sky Zooma,6,Sunday,12,0.0,0.0,0,100.0,31,31,4
3281,Sky Zooma,6,Sunday,13,0.0,0.0,0,86.4,51,59,6
3281,Sky Zooma,6,Sunday,14,0.0,0.0,0,85.7,24,28,3
3281,Sky Zooma,6,Sunday,15,0.0,0.0,0,100.0,37,37,5
3281,Sky Zooma,6,Sunday,16,0.0,0.0,0,100.0,43,43,7
3281,Sky Zooma,6,Sunday,17,0.0,0.0,0,100.0,30,30,6
3281,Sky Zooma,6,Sunday,18,0.0,0.0,0,100.0,46,46,5
3281,Sky Zooma,6,Sunday,19,0.0,0.0,0,100.0,47,47,7
3281,Sky Zooma,6,Sunday,20,0.0,0.0,0,83.7,36,43,7
3281,Sky Zooma,6,Sunday,21,0.0,0.0,0,52.9,18,34,4
3281,Sky Zooma,6,Sunday,22,0.0,0.0,0,6.1,3,49,2
3281,Sky Zooma,6,Sunday,23,,,,0.0,0,19,0
3263,SkyScreamer,0,Monday,0,,,,0.0,0,12,0
3263,SkyScreamer,0,Monday,1,,,,0.0,0,4,0
3263,SkyScreamer,0,Monday,2,,,,0.0,0,17,0
3263,SkyScreamer,0,Monday,3,,,,0.0,0,9,0
3263,SkyScreamer,0,Monday,4,,,,0.0,0,34,0
3263,SkyScreamer,0,Monday,5,,,,0.0,0,9,0
3263,SkyScreamer,0,Monday,6,,,,0.0,0,3,0
3263,SkyScreamer,0,Monday,9,,,,0.0,0,4,0
3263,SkyScreamer,0,Monday,10,,,,0.0,0,12,0
3263,SkyScreamer,0,Monday,11,,,,0.0,0,12,0
3263,SkyScreamer,0,Monday,12,,,,0.0,0,12,0
3263,SkyScreamer,0,Monday,13,10.0,10.0,10,7.7,1,13,1
3263,SkyScreamer,0,Monday,14,8.3,20.0,20,45.0,18,40,2
3263,SkyScreamer,0,Monday,15,15.0,45.0,45,70.0,21,30,2
3263,SkyScreamer,0,Monday,16,36.0,45.0,45,60.0,15,25,2
3263,SkyScreamer,0,Monday,17,29.1,45.0,45,95.7,22,23,2
3263,SkyScreamer,0,Monday,18,40.0,45.0,45,37.8,14,37,2
3263,SkyScreamer,0,Monday,19,20.0,45.0,45,100.0,26,26,3
3263,SkyScreamer,0,Monday,20,7.1,10.0,10,15.2,7,46,3
3263,SkyScreamer,0,Monday,21,,,,0.0,0,27,0
3263,SkyScreamer,0,Monday,22,,,,0.0,0,41,0
3263,SkyScreamer,0,Monday,23,,,,0.0,0,19,0
3263,SkyScreamer,1,Tuesday,0,,,,0.0,0,12,0
3263,SkyScreamer,1,Tuesday,1,,,,0.0,0,17,0
3263,SkyScreamer,1,Tuesday,2,,,,0.0,0,23,0
3263,SkyScreamer,1,Tuesday,3,,,,0.0,0,20,0
3263,SkyScreamer,1,Tuesday,4,,,,0.0,0,12,0
3263,SkyScreamer,1,Tuesday,5,,,,0.0,0,3,0
3263,SkyScreamer,1,Tuesday,9,,,,0.0,0,8,0
3263,SkyScreamer,1,Tuesday,10,0.0,0.0,0,33.3,6,18,2
3263,SkyScreamer,1,Tuesday,11,0.0,0.0,0,100.0,19,19,2
3263,SkyScreamer,1,Tuesday,12,0.0,0.0,0,90.5,19,21,2
3263,SkyScreamer,1,Tuesday,13,13.1,45.0,45,55.4,31,56,3
3263,SkyScreamer,1,Tuesday,14,20.0,45.0,45,67.5,27,40,4
3263,SkyScreamer,1,Tuesday,15,22.0,45.0,45,65.8,25,38,4
3263,SkyScreamer,1,Tuesday,16,18.6,45.0,45,44.6,25,56,3
3263,SkyScreamer,1,Tuesday,17,22.0,30.0,30,76.9,20,26,2
3263,SkyScreamer,1,Tuesday,18,12.9,30.0,30,71.4,35,49,4
3263,SkyScreamer,1,Tuesday,19,15.5,30.0,30,44.6,29,65,4
3263,SkyScreamer,1,Tuesday,20,30.0,30.0,30,7.1,2,28,1
3263,SkyScreamer,1,Tuesday,21,,,,0.0,0,59,0
3263,SkyScreamer,1,Tuesday,22,,,,0.0,0,34,0
3263,SkyScreamer,1,Tuesday,23,,,,0.0,0,23,0
3263,SkyScreamer,2,Wednesday,0,,,,0.0,0,10,0
3263,SkyScreamer,2,Wednesday,1,,,,0.0,0,20,0
3263,SkyScreamer,2,Wednesday,2,,,,0.0,0,11,0
3263,SkyScreamer,2,Wednesday,3,,,,0.0,0,27,0
3263,SkyScreamer,2,Wednesday,4,,,,0.0,0,10,0
3263,SkyScreamer,2,Wednesday,9,,,,0.0,0,8,0
3263,SkyScreamer,2,Wednesday,10,0.0,0.0,0,15.8,3,19,1
3263,SkyScreamer,2,Wednesday,11,0.0,0.0,0,100.0,15,15,2
3263,SkyScreamer,2,Wednesday,12,0.0,0.0,0,83.3,15,18,3
3263,SkyScreamer,2,Wednesday,13,0.0,0.0,0,45.7,21,46,3
3263,SkyScreamer,2,Wednesday,14,5.2,15.0,15,60.6,20,33,3
3263,SkyScreamer,2,Wednesday,15,0.8,0.0,15,54.1,20,37,4
3263,SkyScreamer,2,Wednesday,16,8.0,15.0,15,42.9,15,35,3
3263,SkyScreamer,2,Wednesday,17,4.0,15.0,15,53.6,15,28,2
3263,SkyScreamer,2,Wednesday,18,0.0,0.0,0,34.4,11,32,3
3263,SkyScreamer,2,Wednesday,19,2.1,15.0,15,31.8,14,44,4
3263,SkyScreamer,2,Wednesday,20,15.0,15.0,15,7.3,3,41,1
3263,SkyScreamer,2,Wednesday,21,,,,0.0,0,35,0
3263,SkyScreamer,2,Wednesday,22,,,,0.0,0,23,0
3263,SkyScreamer,2,Wednesday,23,,,,0.0,0,18,0
3263,SkyScreamer,3,Thursday,0,,,,0.0,0,22,0
3263,SkyScreamer,3,Thursday,1,,,,0.0,0,27,0
3263,SkyScreamer,3,Thursday,2,,,,0.0,0,11,0
3263,SkyScreamer,3,Thursday,3,,,,0.0,0,29,0
3263,SkyScreamer,3,Thursday,4,,,,0.0,0,4,0
3263,SkyScreamer,3,Thursday,9,,,,0.0,0,5,0
3263,SkyScreamer,3,Thursday,10,0.0,0.0,0,33.3,4,12,1
3263,SkyScreamer,3,Thursday,11,0.0,0.0,0,100.0,12,12,1
3263,SkyScreamer,3,Thursday,12,0.0,0.0,0,78.9,15,19,2
3263,SkyScreamer,3,Thursday,13,0.0,0.0,0,50.0,21,42,2
3263,SkyScreamer,3,Thursday,14,0.0,0.0,0,60.7,17,28,2
3263,SkyScreamer,3,Thursday,15,0.0,0.0,0,45.7,21,46,3
3263,SkyScreamer,3,Thursday,16,0.0,0.0,0,41.4,12,29,1
3263,SkyScreamer,3,Thursday,17,0.0,0.0,0,42.9,15,35,2
3263,SkyScreamer,3,Thursday,18,0.0,0.0,0,37.1,13,35,3
3263,SkyScreamer,3,Thursday,19,0.0,0.0,0,30.5,18,59,3
3263,SkyScreamer,3,Thursday,20,0.0,0.0,0,18.2,8,44,2
3263,SkyScreamer,3,Thursday,21,,,,0.0,0,25,0
3263,SkyScreamer,3,Thursday,22,,,,0.0,0,53,0
3263,SkyScreamer,3,Thursday,23,,,,0.0,0,22,0
3263,SkyScreamer,4,Friday,0,,,,0.0,0,19,0
3263,SkyScreamer,4,Friday,1,,,,0.0,0,10,0
3263,SkyScreamer,4,Friday,2,,,,0.0,0,14,0
3263,SkyScreamer,4,Friday,3,,,,0.0,0,26,0
3263,SkyScreamer,4,Friday,4,,,,0.0,0,25,0
3263,SkyScreamer,4,Friday,5,,,,0.0,0,1,0
3263,SkyScreamer,4,Friday,9,,,,0.0,0,5,0
3263,SkyScreamer,4,Friday,10,0.0,0.0,0,25.0,3,12,1
3263,SkyScreamer,4,Friday,11,0.0,0.0,0,100.0,12,12,1
3263,SkyScreamer,4,Friday,12,0.0,0.0,0,73.9,17,23,2
3263,SkyScreamer,4,Friday,13,0.0,0.0,0,40.5,17,42,2
3263,SkyScreamer,4,Friday,14,0.0,0.0,0,40.0,12,30,1
3263,SkyScreamer,4,Friday,15,0.9,0.0,20,55.0,22,40,2
3263,SkyScreamer,4,Friday,16,17.1,20.0,20,60.9,14,23,2
3263,SkyScreamer,4,Friday,17,14.1,20.0,20,50.0,17,34,2
3263,SkyScreamer,4,Friday,18,7.5,20.0,35,76.6,36,47,5
3263,SkyScreamer,4,Friday,19,12.4,35.0,35,79.1,34,43,6
3263,SkyScreamer,4,Friday,20,14.0,35.0,35,71.4,30,42,4
3263,SkyScreamer,4,Friday,21,11.4,15.0,35,95.5,21,22,2
3263,SkyScreamer,4,Friday,22,5.0,15.0,15,22.6,12,53,3
3263,SkyScreamer,4,Friday,23,0.0,0.0,0,9.1,2,22,1
3263,SkyScreamer,5,Saturday,0,,,,0.0,0,23,0
3263,SkyScreamer,5,Saturday,1,,,,0.0,0,3,0
3263,SkyScreamer,5,Saturday,2,,,,0.0,0,8,0
3263,SkyScreamer,5,Saturday,3,,,,0.0,0,33,0
3263,SkyScreamer,5,Saturday,4,,,,0.0,0,18,0
3263,SkyScreamer,5,Saturday,5,,,,0.0,0,1,0
3263,SkyScreamer,5,Saturday,9,,,,0.0,0,8,0
3263,SkyScreamer,5,Saturday,10,0.0,0.0,0,33.3,4,12,1
3263,SkyScreamer,5,Saturday,11,7.1,15.0,15,100.0,17,17,3
3263,SkyScreamer,5,Saturday,12,3.7,15.0,15,100.0,49,49,7
3263,SkyScreamer,5,Saturday,13,14.1,45.0,120,97.8,45,46,7
3263,SkyScreamer,5,Saturday,14,21.5,45.0,45,100.0,36,36,4
3263,SkyScreamer,5,Saturday,15,24.3,60.0,60,88.1,37,42,6
3263,SkyScreamer,5,Saturday,16,23.3,30.0,60,95.8,46,48,6
3263,SkyScreamer,5,Saturday,17,17.0,30.0,30,100.0,27,27,4
3263,SkyScreamer,5,Saturday,18,28.2,60.0,60,86.2,50,58,7
3263,SkyScreamer,5,Saturday,19,26.2,60.0,60,100.0,41,41,7
3263,SkyScreamer,5,Saturday,20,26.1,60.0,60,81.4,35,43,6
3263,SkyScreamer,5,Saturday,21,20.7,30.0,30,100.0,45,45,5
3263,SkyScreamer,5,Saturday,22,38.4,60.0,60,61.5,16,26,4
3263,SkyScreamer,5,Saturday,23,60.0,60.0,60,16.7,2,12,1
3263,SkyScreamer,6,Sunday,0,,,,0.0,0,12,0
3263,SkyScreamer,6,Sunday,1,,,,0.0,0,22,0
3263,SkyScreamer,6,Sunday,2,,,,0.0,0,35,0
3263,SkyScreamer,6,Sunday,3,,,,0.0,0,7,0
3263,SkyScreamer,6,Sunday,4,,,,0.0,0,5,0
3263,SkyScreamer,6,Sunday,5,,,,0.0,0,7,0
3263,SkyScreamer,6,Sunday,9,,,,0.0,0,7,0
3263,SkyScreamer,6,Sunday,10,0.0,0.0,0,33.3,4,12,1
3263,SkyScreamer,6,Sunday,11,0.0,0.0,0,100.0,14,14,2
3263,SkyScreamer,6,Sunday,12,0.0,0.0,0,93.5,29,31,4
3263,SkyScreamer,6,Sunday,13,4.3,20.0,30,79.7,47,59,6
3263,SkyScreamer,6,Sunday,14,17.0,30.0,40,82.1,23,28,3
3263,SkyScreamer,6,Sunday,15,17.3,50.0,50,100.0,37,37,5
3263,SkyScreamer,6,Sunday,16,22.7,50.0,50,100.0,43,43,7
3263,SkyScreamer,6,Sunday,17,20.8,40.0,50,100.0,30,30,6
3263,SkyScreamer,6,Sunday,18,26.7,50.0,50,100.0,46,46,5
3263,SkyScreamer,6,Sunday,19,20.6,50.0,50,100.0,47,47,7
3263,SkyScreamer,6,Sunday,20,22.2,50.0,50,83.7,36,43,7
3263,SkyScreamer,6,Sunday,21,35.3,50.0,50,44.1,15,34,4
3263,SkyScreamer,6,Sunday,22,16.7,50.0,50,6.1,3,49,2
3263,SkyScreamer,6,Sunday,23,,,,0.0,0,19,0
3282,Slingshot,0,Monday,0,,,,0.0,0,12,0
3282,Slingshot,0,Monday,1,,,,0.0,0,4,0
3282,Slingshot,0,Monday,2,,,,0.0,0,17,0
3282,Slingshot,0,Monday,3,,,,0.0,0,9,0
3282,Slingshot,0,Monday,4,,,,0.0,0,34,0
3282,Slingshot,0,Monday,5,,,,0.0,0,9,0
3282,Slingshot,0,Monday,6,,,,0.0,0,3,0
3282,Slingshot,0,Monday,9,,,,0.0,0,4,0
3282,Slingshot,0,Monday,10,,,,0.0,0,12,0
3282,Slingshot,0,Monday,11,0.0,0.0,0,66.7,8,12,1
3282,Slingshot,0,Monday,12,0.0,0.0,0,100.0,12,12,1
3282,Slingshot,0,Monday,13,0.0,0.0,0,61.5,8,13,1
3282,Slingshot,0,Monday,14,0.0,0.0,0,30.0,12,40,1
3282,Slingshot,0,Monday,15,0.0,0.0,0,40.0,12,30,1
3282,Slingshot,0,Monday,16,0.0,0.0,0,48.0,12,25,1
3282,Slingshot,0,Monday,17,0.0,0.0,0,52.2,12,23,1
3282,Slingshot,0,Monday,18,0.0,0.0,0,27.0,10,37,2
3282,Slingshot,0,Monday,19,0.0,0.0,0,65.4,17,26,2
3282,Slingshot,0,Monday,20,0.0,0.0,0,10.9,5,46,2
3282,Slingshot,0,Monday,21,,,,0.0,0,27,0
3282,Slingshot,0,Monday,22,,,,0.0,0,41,0
3282,Slingshot,0,Monday,23,,,,0.0,0,19,0
3282,Slingshot,1,Tuesday,0,,,,0.0,0,12,0
3282,Slingshot,1,Tuesday,1,,,,0.0,0,17,0
3282,Slingshot,1,Tuesday,2,,,,0.0,0,23,0
3282,Slingshot,1,Tuesday,3,,,,0.0,0,20,0
3282,Slingshot,1,Tuesday,4,,,,0.0,0,12,0
3282,Slingshot,1,Tuesday,5,,,,0.0,0,3,0
3282,Slingshot,1,Tuesday,9,,,,0.0,0,8,0
3282,Slingshot,1,Tuesday,10,,,,0.0,0,18,0
3282,Slingshot,1,Tuesday,11,0.0,0.0,0,5.3,1,19,1
3282,Slingshot,1,Tuesday,12,0.0,0.0,0,33.3,7,21,1
3282,Slingshot,1,Tuesday,13,0.0,0.0,0,14.3,8,56,1
3282,Slingshot,1,Tuesday,14,0.0,0.0,0,35.0,14,40,2
3282,Slingshot,1,Tuesday,15,0.0,0.0,0,31.6,12,38,2
3282,Slingshot,1,Tuesday,16,0.0,0.0,0,14.3,8,56,1
3282,Slingshot,1,Tuesday,17,0.0,0.0,0,30.8,8,26,1
3282,Slingshot,1,Tuesday,18,0.0,0.0,0,69.4,34,49,4
3282,Slingshot,1,Tuesday,19,0.0,0.0,0,44.6,29,65,4
3282,Slingshot,1,Tuesday,20,0.0,0.0,0,7.1,2,28,1
3282,Slingshot,1,Tuesday,21,,,,0.0,0,59,0
3282,Slingshot,1,Tuesday,22,,,,0.0,0,34,0
3282,Slingshot,1,Tuesday,23,,,,0.0,0,23,0
3282,Slingshot,2,Wednesday,0,,,,0.0,0,10,0
3282,Slingshot,2,Wednesday,1,,,,0.0,0,20,0
3282,Slingshot,2,Wednesday,2,,,,0.0,0,11,0
3282,Slingshot,2,Wednesday,3,,,,0.0,0,27,0
3282,Slingshot,2,Wednesday,4,,,,0.0,0,10,0
3282,Slingshot,2,Wednesday,9,,,,0.0,0,8,0
3282,Slingshot,2,Wednesday,10,,,,0.0,0,19,0
3282,Slingshot,2,Wednesday,11,,,,0.0,0,15,0
3282,Slingshot,2,Wednesday,12,0.0,0.0,0,16.7,3,18,1
3282,Slingshot,2,Wednesday,13,0.0,0.0,0,19.6,9,46,1
3282,Slingshot,2,Wednesday,14,0.0,0.0,0,39.4,13,33,2
3282,Slingshot,2,Wednesday,15,0.0,0.0,0,35.1,13,37,2
3282,Slingshot,2,Wednesday,16,0.0,0.0,0,5.7,2,35,1
3282,Slingshot,2,Wednesday,17,0.0,0.0,0,39.3,11,28,1
3282,Slingshot,2,Wednesday,18,0.0,0.0,0,31.2,10,32,2
3282,Slingshot,2,Wednesday,19,0.0,0.0,0,25.0,11,44,2
3282,Slingshot,2,Wednesday,20,,,,0.0,0,41,0
3282,Slingshot,2,Wednesday,21,,,,0.0,0,35,0
3282,Slingshot,2,Wednesday,22,,,,0.0,0,23,0
3282,Slingshot,2,Wednesday,23,,,,0.0,0,18,0
3282,Slingshot,3,Thursday,0,,,,0.0,0,22,0
3282,Slingshot,3,Thursday,1,,,,0.0,0,27,0
3282,Slingshot,3,Thursday,2,,,,0.0,0,11,0
3282,Slingshot,3,Thursday,3,,,,0.0,0,29,0
3282,Slingshot,3,Thursday,4,,,,0.0,0,4,0
3282,Slingshot,3,Thursday,9,,,,0.0,0,5,0
3282,Slingshot,3,Thursday,10,,,,0.0,0,12,0
3282,Slingshot,3,Thursday,11,0.0,0.0,0,58.3,7,12,1
3282,Slingshot,3,Thursday,12,0.0,0.0,0,78.9,15,19,2
3282,Slingshot,3,Thursday,13,0.0,0.0,0,50.0,21,42,2
3282,Slingshot,3,Thursday,14,0.0,0.0,0,60.7,17,28,2
3282,Slingshot,3,Thursday,15,0.0,0.0,0,56.5,26,46,3
3282,Slingshot,3,Thursday,16,0.0,0.0,0,58.6,17,29,2
3282,Slingshot,3,Thursday,17,0.0,0.0,0,42.9,15,35,2
3282,Slingshot,3,Thursday,18,0.0,0.0,0,37.1,13,35,3
3282,Slingshot,3,Thursday,19,0.0,0.0,0,18.6,11,59,1
3282,Slingshot,3,Thursday,20,,,,0.0,0,44,0
3282,Slingshot,3,Thursday,21,,,,0.0,0,25,0
3282,Slingshot,3,Thursday,22,,,,0.0,0,53,0
3282,Slingshot,3,Thursday,23,,,,0.0,0,22,0
3282,Slingshot,4,Friday,0,,,,0.0,0,19,0
3282,Slingshot,4,Friday,1,,,,0.0,0,10,0
3282,Slingshot,4,Friday,2,,,,0.0,0,14,0
3282,Slingshot,4,Friday,3,,,,0.0,0,26,0
3282,Slingshot,4,Friday,4,,,,0.0,0,25,0
3282,Slingshot,4,Friday,5,,,,0.0,0,1,0
3282,Slingshot,4,Friday,9,,,,0.0,0,5,0
3282,Slingshot,4,Friday,10,,,,0.0,0,12,0
3282,Slingshot,4,Friday,11,,,,0.0,0,12,0
3282,Slingshot,4,Friday,12,0.0,0.0,0,47.8,11,23,1
3282,Slingshot,4,Friday,13,0.0,0.0,0,28.6,12,42,1
3282,Slingshot,4,Friday,14,0.0,0.0,0,40.0,12,30,1
3282,Slingshot,4,Friday,15,0.0,0.0,0,30.0,12,40,1
3282,Slingshot,4,Friday,16,0.0,0.0,0,52.2,12,23,1
3282,Slingshot,4,Friday,17,0.0,0.0,0,23.5,8,34,1
3282,Slingshot,4,Friday,18,0.0,0.0,0,38.3,18,47,2
3282,Slingshot,4,Friday,19,0.0,0.0,0,51.2,22,43,3
3282,Slingshot,4,Friday,20,0.0,0.0,0,52.4,22,42,3
3282,Slingshot,4,Friday,21,0.0,0.0,0,54.5,12,22,1
3282,Slingshot,4,Friday,22,0.0,0.0,0,24.5,13,53,2
3282,Slingshot,4,Friday,23,0.0,0.0,0,9.1,2,22,1
3282,Slingshot,5,Saturday,0,,,,0.0,0,23,0
3282,Slingshot,5,Saturday,1,,,,0.0,0,3,0
3282,Slingshot,5,Saturday,2,,,,0.0,0,8,0
3282,Slingshot,5,Saturday,3,,,,0.0,0,33,0
3282,Slingshot,5,Saturday,4,,,,0.0,0,18,0
3282,Slingshot,5,Saturday,5,,,,0.0,0,1,0
3282,Slingshot,5,Saturday,9,,,,0.0,0,8,0
3282,Slingshot,5,Saturday,10,,,,0.0,0,12,0
3282,Slingshot,5,Saturday,11,0.0,0.0,0,11.8,2,17,1
3282,Slingshot,5,Saturday,12,0.0,0.0,0,95.9,47,49,7
3282,Slingshot,5,Saturday,13,0.0,0.0,0,100.0,46,46,7
3282,Slingshot,5,Saturday,14,0.0,0.0,0,94.4,34,36,4
3282,Slingshot,5,Saturday,15,0.0,0.0,0,85.7,36,42,5
3282,Slingshot,5,Saturday,16,0.0,0.0,0,87.5,42,48,5
3282,Slingshot,5,Saturday,17,0.0,0.0,0,100.0,27,27,4
3282,Slingshot,5,Saturday,18,0.0,0.0,0,60.3,35,58,6
3282,Slingshot,5,Saturday,19,0.0,0.0,0,90.2,37,41,6
3282,Slingshot,5,Saturday,20,0.0,0.0,0,65.1,28,43,5
3282,Slingshot,5,Saturday,21,0.0,0.0,0,84.4,38,45,4
3282,Slingshot,5,Saturday,22,0.0,0.0,0,34.6,9,26,3
3282,Slingshot,5,Saturday,23,,,,0.0,0,12,0
3282,Slingshot,6,Sunday,0,,,,0.0,0,12,0
3282,Slingshot,6,Sunday,1,,,,0.0,0,22,0
3282,Slingshot,6,Sunday,2,,,,0.0,0,35,0
3282,Slingshot,6,Sunday,3,,,,0.0,0,7,0
3282,Slingshot,6,Sunday,4,,,,0.0,0,5,0
3282,Slingshot,6,Sunday,5,,,,0.0,0,7,0
3282,Slingshot,6,Sunday,9,,,,0.0,0,7,0
3282,Slingshot,6,Sunday,10,,,,0.0,0,12,0
3282,Slingshot,6,Sunday,11,0.0,0.0,0,28.6,4,14,2
3282,Slingshot,6,Sunday,12,0.0,0.0,0,100.0,31,31,4
3282,Slingshot,6,Sunday,13,0.0,0.0,0,66.1,39,59,5
3282,Slingshot,6,Sunday,14,0.0,0.0,0,85.7,24,28,3
3282,Slingshot,6,Sunday,15,0.0,0.0,0,97.3,36,37,4
3282,Slingshot,6,Sunday,16,0.0,0.0,0,74.4,32,43,6
3282,Slingshot,6,Sunday,17,0.0,0.0,0,100.0,30,30,6
3282,Slingshot,6,Sunday,18,0.0,0.0,0,76.1,35,46,4
3282,Slingshot,6,Sunday,19,0.0,0.0,0,100.0,47,47,7
3282,Slingshot,6,Sunday,20,0.0,0.0,0,83.7,36,43,7
3282,Slingshot,6,Sunday,21,0.0,0.0,0,52.9,18,34,4
3282,Slingshot,6,Sunday,22,0.0,0.0,0,6.1,3,49,2
3282,Slingshot,6,Sunday,23,,,,0.0,0,19,0
15789,Storm Chaser,0,Monday,0,,,,0.0,0,12,0
15789,Storm Chaser,0,Monday,1,,,,0.0,0,4,0
15789,Storm Chaser,0,Monday,2,,,,0.0,0,17,0
15789,Storm Chaser,0,Monday,3,,,,0.0,0,9,0
15789,Storm Chaser,0,Monday,4,,,,0.0,0,34,0
15789,Storm Chaser,0,Monday,5,,,,0.0,0,9,0
15789,Storm Chaser,0,Monday,6,,,,0.0,0,3,0
15789,Storm Chaser,0,Monday,9,,,,0.0,0,4,0
15789,Storm Chaser,0,Monday,10,0.0,0.0,0,33.3,4,12,1
15789,Storm Chaser,0,Monday,11,0.0,0.0,0,100.0,12,12,1
15789,Storm Chaser,0,Monday,12,0.0,0.0,0,100.0,12,12,1
15789,Storm Chaser,0,Monday,13,0.0,0.0,0,100.0,13,13,2
15789,Storm Chaser,0,Monday,14,0.0,0.0,0,57.5,23,40,2
15789,Storm Chaser,0,Monday,15,0.0,0.0,0,63.3,19,30,2
15789,Storm Chaser,0,Monday,16,0.0,0.0,0,60.0,15,25,2
15789,Storm Chaser,0,Monday,17,0.0,0.0,0,95.7,22,23,2
15789,Storm Chaser,0,Monday,18,0.0,0.0,0,37.8,14,37,2
15789,Storm Chaser,0,Monday,19,0.0,0.0,0,100.0,26,26,3
15789,Storm Chaser,0,Monday,20,0.0,0.0,0,15.2,7,46,3
15789,Storm Chaser,0,Monday,21,,,,0.0,0,27,0
15789,Storm Chaser,0,Monday,22,,,,0.0,0,41,0
15789,Storm Chaser,0,Monday,23,,,,0.0,0,19,0
15789,Storm Chaser,1,Tuesday,0,,,,0.0,0,12,0
15789,Storm Chaser,1,Tuesday,1,,,,0.0,0,17,0
15789,Storm Chaser,1,Tuesday,2,,,,0.0,0,23,0
15789,Storm Chaser,1,Tuesday,3,,,,0.0,0,20,0
15789,Storm Chaser,1,Tuesday,4,,,,0.0,0,12,0
15789,Storm Chaser,1,Tuesday,5,,,,0.0,0,3,0
15789,Storm Chaser,1,Tuesday,9,,,,0.0,0,8,0
15789,Storm Chaser,1,Tuesday,10,0.0,0.0,0,33.3,6,18,2
15789,Storm Chaser,1,Tuesday,11,0.0,0.0,0,100.0,19,19,2
15789,Storm Chaser,1,Tuesday,12,0.0,0.0,0,76.2,16,21,2
15789,Storm Chaser,1,Tuesday,13,0.0,0.0,0,55.4,31,56,3
15789,Storm Chaser,1,Tuesday,14,0.0,0.0,0,67.5,27,40,4
15789,Storm Chaser,1,Tuesday,15,0.0,0.0,0,65.8,25,38,4
15789,Storm Chaser,1,Tuesday,16,0.0,0.0,0,55.4,31,56,3
15789,Storm Chaser,1,Tuesday,17,0.0,0.0,0,76.9,20,26,2
15789,Storm Chaser,1,Tuesday,18,0.0,0.0,0,71.4,35,49,4
15789,Storm Chaser,1,Tuesday,19,0.0,0.0,0,44.6,29,65,4
15789,Storm Chaser,1,Tuesday,20,0.0,0.0,0,7.1,2,28,1
15789,Storm Chaser,1,Tuesday,21,,,,0.0,0,59,0
15789,Storm Chaser,1,Tuesday,22,,,,0.0,0,34,0
15789,Storm Chaser,1,Tuesday,23,,,,0.0,0,23,0
15789,Storm Chaser,2,Wednesday,0,,,,0.0,0,10,0
15789,Storm Chaser,2,Wednesday,1,,,,0.0,0,20,0
15789,Storm Chaser,2,Wednesday,2,,,,0.0,0,11,0
15789,Storm Chaser,2,Wednesday,3,,,,0.0,0,27,0
15789,Storm Chaser,2,Wednesday,4,,,,0.0,0,10,0
15789,Storm Chaser,2,Wednesday,9,,,,0.0,0,8,0
15789,Storm Chaser,2,Wednesday,10,0.0,0.0,0,15.8,3,19,1
15789,Storm Chaser,2,Wednesday,11,0.0,0.0,0,100.0,15,15,2
15789,Storm Chaser,2,Wednesday,12,0.0,0.0,0,94.4,17,18,3
15789,Storm Chaser,2,Wednesday,13,0.0,0.0,0,45.7,21,46,3
15789,Storm Chaser,2,Wednesday,14,0.0,0.0,0,69.7,23,33,3
15789,Storm Chaser,2,Wednesday,15,0.0,0.0,0,56.8,21,37,4
15789,Storm Chaser,2,Wednesday,16,0.0,0.0,0,45.7,16,35,3
15789,Storm Chaser,2,Wednesday,17,0.0,0.0,0,53.6,15,28,2
15789,Storm Chaser,2,Wednesday,18,0.0,0.0,0,65.6,21,32,3
15789,Storm Chaser,2,Wednesday,19,0.0,0.0,0,31.8,14,44,4
15789,Storm Chaser,2,Wednesday,20,0.0,0.0,0,7.3,3,41,1
15789,Storm Chaser,2,Wednesday,21,,,,0.0,0,35,0
15789,Storm Chaser,2,Wednesday,22,,,,0.0,0,23,0
15789,Storm Chaser,2,Wednesday,23,,,,0.0,0,18,0
15789,Storm Chaser,3,Thursday,0,,,,0.0,0,22,0
15789,Storm Chaser,3,Thursday,1,,,,0.0,0,27,0
15789,Storm Chaser,3,Thursday,2,,,,0.0,0,11,0
15789,Storm Chaser,3,Thursday,3,,,,0.0,0,29,0
15789,Storm Chaser,3,Thursday,4,,,,0.0,0,4,0
15789,Storm Chaser,3,Thursday,9,,,,0.0,0,5,0
15789,Storm Chaser,3,Thursday,10,0.0,0.0,0,33.3,4,12,1
15789,Storm Chaser,3,Thursday,11,0.0,0.0,0,100.0,12,12,1
15789,Storm Chaser,3,Thursday,12,0.0,0.0,0,78.9,15,19,2
15789,Storm Chaser,3,Thursday,13,0.0,0.0,0,50.0,21,42,2
15789,Storm Chaser,3,Thursday,14,0.0,0.0,0,60.7,17,28,2
15789,Storm Chaser,3,Thursday,15,0.0,0.0,0,56.5,26,46,3
15789,Storm Chaser,3,Thursday,16,0.0,0.0,0,58.6,17,29,2
15789,Storm Chaser,3,Thursday,17,0.0,0.0,0,42.9,15,35,2
15789,Storm Chaser,3,Thursday,18,0.0,0.0,0,37.1,13,35,3
15789,Storm Chaser,3,Thursday,19,0.0,0.0,0,30.5,18,59,3
15789,Storm Chaser,3,Thursday,20,0.0,0.0,0,25.0,11,44,2
15789,Storm Chaser,3,Thursday,21,,,,0.0,0,25,0
15789,Storm Chaser,3,Thursday,22,,,,0.0,0,53,0
15789,Storm Chaser,3,Thursday,23,,,,0.0,0,22,0
15789,Storm Chaser,4,Friday,0,,,,0.0,0,19,0
15789,Storm Chaser,4,Friday,1,,,,0.0,0,10,0
15789,Storm Chaser,4,Friday,2,,,,0.0,0,14,0
15789,Storm Chaser,4,Friday,3,,,,0.0,0,26,0
15789,Storm Chaser,4,Friday,4,,,,0.0,0,25,0
15789,Storm Chaser,4,Friday,5,,,,0.0,0,1,0
15789,Storm Chaser,4,Friday,9,,,,0.0,0,5,0
15789,Storm Chaser,4,Friday,10,0.0,0.0,0,25.0,3,12,1
15789,Storm Chaser,4,Friday,11,0.0,0.0,0,100.0,12,12,1
15789,Storm Chaser,4,Friday,12,0.0,0.0,0,73.9,17,23,2
15789,Storm Chaser,4,Friday,13,0.0,0.0,0,45.2,19,42,2
15789,Storm Chaser,4,Friday,14,0.0,0.0,0,40.0,12,30,1
15789,Storm Chaser,4,Friday,15,0.0,0.0,0,55.0,22,40,2
15789,Storm Chaser,4,Friday,16,0.0,0.0,0,60.9,14,23,2
15789,Storm Chaser,4,Friday,17,0.0,0.0,0,50.0,17,34,2
15789,Storm Chaser,4,Friday,18,0.0,0.0,0,76.6,36,47,5
15789,Storm Chaser,4,Friday,19,0.0,0.0,0,90.7,39,43,6
15789,Storm Chaser,4,Friday,20,0.0,0.0,0,71.4,30,42,4
15789,Storm Chaser,4,Friday,21,0.0,0.0,0,95.5,21,22,2
15789,Storm Chaser,4,Friday,22,0.0,0.0,0,41.5,22,53,4
15789,Storm Chaser,4,Friday,23,0.0,0.0,0,18.2,4,22,2
15789,Storm Chaser,5,Saturday,0,,,,0.0,0,23,0
15789,Storm Chaser,5,Saturday,1,,,,0.0,0,3,0
15789,Storm Chaser,5,Saturday,2,,,,0.0,0,8,0
15789,Storm Chaser,5,Saturday,3,,,,0.0,0,33,0
15789,Storm Chaser,5,Saturday,4,,,,0.0,0,18,0
15789,Storm Chaser,5,Saturday,5,,,,0.0,0,1,0
15789,Storm Chaser,5,Saturday,9,,,,0.0,0,8,0
15789,Storm Chaser,5,Saturday,10,0.0,0.0,0,33.3,4,12,1
15789,Storm Chaser,5,Saturday,11,0.0,0.0,0,100.0,17,17,3
15789,Storm Chaser,5,Saturday,12,0.0,0.0,0,100.0,49,49,7
15789,Storm Chaser,5,Saturday,13,0.0,0.0,0,100.0,46,46,7
15789,Storm Chaser,5,Saturday,14,0.0,0.0,0,100.0,36,36,4
15789,Storm Chaser,5,Saturday,15,0.0,0.0,0,100.0,42,42,6
15789,Storm Chaser,5,Saturday,16,0.0,0.0,0,100.0,48,48,6
15789,Storm Chaser,5,Saturday,17,0.0,0.0,0,100.0,27,27,4
15789,Storm Chaser,5,Saturday,18,0.0,0.0,0,100.0,58,58,7
15789,Storm Chaser,5,Saturday,19,0.0,0.0,0,100.0,41,41,7
15789,Storm Chaser,5,Saturday,20,0.0,0.0,0,81.4,35,43,6
15789,Storm Chaser,5,Saturday,21,0.0,0.0,0,100.0,45,45,5
15789,Storm Chaser,5,Saturday,22,0.0,0.0,0,73.1,19,26,4
15789,Storm Chaser,5,Saturday,23,0.0,0.0,0,16.7,2,12,1
15789,Storm Chaser,6,Sunday,0,,,,0.0,0,12,0
15789,Storm Chaser,6,Sunday,1,,,,0.0,0,22,0
15789,Storm Chaser,6,Sunday,2,,,,0.0,0,35,0
15789,Storm Chaser,6,Sunday,3,,,,0.0,0,7,0
15789,Storm Chaser,6,Sunday,4,,,,0.0,0,5,0
15789,Storm Chaser,6,Sunday,5,,,,0.0,0,7,0
15789,Storm Chaser,6,Sunday,9,,,,0.0,0,7,0
15789,Storm Chaser,6,Sunday,10,0.0,0.0,0,33.3,4,12,1
15789,Storm Chaser,6,Sunday,11,0.0,0.0,0,100.0,14,14,2
15789,Storm Chaser,6,Sunday,12,0.0,0.0,0,100.0,31,31,4
15789,Storm Chaser,6,Sunday,13,0.0,0.0,0,86.4,51,59,6
15789,Storm Chaser,6,Sunday,14,0.0,0.0,0,85.7,24,28,3
15789,Storm Chaser,6,Sunday,15,0.0,0.0,0,100.0,37,37,5
15789,Storm Chaser,6,Sunday,16,0.0,0.0,0,100.0,43,43,7
15789,Storm Chaser,6,Sunday,17,0.0,0.0,0,100.0,30,30,6
15789,Storm Chaser,6,Sunday,18,0.0,0.0,0,100.0,46,46,5
15789,Storm Chaser,6,Sunday,19,0.0,0.0,0,97.9,46,47,7
15789,Storm Chaser,6,Sunday,20,0.0,0.0,0,83.7,36,43,7
15789,Storm Chaser,6,Sunday,21,0.0,0.0,0,52.9,18,34,4
15789,Storm Chaser,6,Sunday,22,0.0,0.0,0,6.1,3,49,2
15789,Storm Chaser,6,Sunday,23,,,,0.0,0,19,0
3267,Super Round Up,0,Monday,0,,,,0.0,0,12,0
3267,Super Round Up,0,Monday,1,,,,0.0,0,4,0
3267,Super Round Up,0,Monday,2,,,,0.0,0,17,0
3267,Super Round Up,0,Monday,3,,,,0.0,0,9,0
3267,Super Round Up,0,Monday,4,,,,0.0,0,34,0
3267,Super Round Up,0,Monday,5,,,,0.0,0,9,0
3267,Super Round Up,0,Monday,6,,,,0.0,0,3,0
3267,Super Round Up,0,Monday,9,,,,0.0,0,4,0
3267,Super Round Up,0,Monday,10,0.0,0.0,0,33.3,4,12,1
3267,Super Round Up,0,Monday,11,0.0,0.0,0,100.0,12,12,1
3267,Super Round Up,0,Monday,12,0.0,0.0,0,100.0,12,12,1
3267,Super Round Up,0,Monday,13,0.0,0.0,0,100.0,13,13,2
3267,Super Round Up,0,Monday,14,0.0,0.0,0,37.5,15,40,2
3267,Super Round Up,0,Monday,15,0.0,0.0,0,40.0,12,30,2
3267,Super Round Up,0,Monday,16,0.0,0.0,0,60.0,15,25,2
3267,Super Round Up,0,Monday,17,0.0,0.0,0,91.3,21,23,2
3267,Super Round Up,0,Monday,18,0.0,0.0,0,37.8,14,37,2
3267,Super Round Up,0,Monday,19,0.0,0.0,0,96.2,25,26,3
3267,Super Round Up,0,Monday,20,0.0,0.0,0,15.2,7,46,3
3267,Super Round Up,0,Monday,21,,,,0.0,0,27,0
3267,Super Round Up,0,Monday,22,,,,0.0,0,41,0
3267,Super Round Up,0,Monday,23,,,,0.0,0,19,0
3267,Super Round Up,1,Tuesday,0,,,,0.0,0,12,0
3267,Super Round Up,1,Tuesday,1,,,,0.0,0,17,0
3267,Super Round Up,1,Tuesday,2,,,,0.0,0,23,0
3267,Super Round Up,1,Tuesday,3,,,,0.0,0,20,0
3267,Super Round Up,1,Tuesday,4,,,,0.0,0,12,0
3267,Super Round Up,1,Tuesday,5,,,,0.0,0,3,0
3267,Super Round Up,1,Tuesday,9,,,,0.0,0,8,0
3267,Super Round Up,1,Tuesday,10,0.0,0.0,0,33.3,6,18,2
3267,Super Round Up,1,Tuesday,11,0.0,0.0,0,100.0,19,19,2
3267,Super Round Up,1,Tuesday,12,0.0,0.0,0,90.5,19,21,2
3267,Super Round Up,1,Tuesday,13,0.0,0.0,0,55.4,31,56,3
3267,Super Round Up,1,Tuesday,14,0.0,0.0,0,67.5,27,40,4
3267,Super Round Up,1,Tuesday,15,0.0,0.0,0,65.8,25,38,4
3267,Super Round Up,1,Tuesday,16,0.0,0.0,0,55.4,31,56,3
3267,Super Round Up,1,Tuesday,17,0.0,0.0,0,76.9,20,26,2
3267,Super Round Up,1,Tuesday,18,0.0,0.0,0,67.3,33,49,4
3267,Super Round Up,1,Tuesday,19,0.0,0.0,0,41.5,27,65,4
3267,Super Round Up,1,Tuesday,20,0.0,0.0,0,7.1,2,28,1
3267,Super Round Up,1,Tuesday,21,,,,0.0,0,59,0
3267,Super Round Up,1,Tuesday,22,,,,0.0,0,34,0
3267,Super Round Up,1,Tuesday,23,,,,0.0,0,23,0
3267,Super Round Up,2,Wednesday,0,,,,0.0,0,10,0
3267,Super Round Up,2,Wednesday,1,,,,0.0,0,20,0
3267,Super Round Up,2,Wednesday,2,,,,0.0,0,11,0
3267,Super Round Up,2,Wednesday,3,,,,0.0,0,27,0
3267,Super Round Up,2,Wednesday,4,,,,0.0,0,10,0
3267,Super Round Up,2,Wednesday,9,,,,0.0,0,8,0
3267,Super Round Up,2,Wednesday,10,0.0,0.0,0,15.8,3,19,1
3267,Super Round Up,2,Wednesday,11,0.0,0.0,0,100.0,15,15,2
3267,Super Round Up,2,Wednesday,12,0.0,0.0,0,94.4,17,18,3
3267,Super Round Up,2,Wednesday,13,0.0,0.0,0,45.7,21,46,3
3267,Super Round Up,2,Wednesday,14,0.0,0.0,0,69.7,23,33,3
3267,Super Round Up,2,Wednesday,15,0.0,0.0,0,56.8,21,37,4
3267,Super Round Up,2,Wednesday,16,0.0,0.0,0,45.7,16,35,3
3267,Super Round Up,2,Wednesday,17,0.0,0.0,0,50.0,14,28,2
3267,Super Round Up,2,Wednesday,18,0.0,0.0,0,65.6,21,32,3
3267,Super Round Up,2,Wednesday,19,0.0,0.0,0,31.8,14,44,4
3267,Super Round Up,2,Wednesday,20,0.0,0.0,0,7.3,3,41,1
3267,Super Round Up,2,Wednesday,21,,,,0.0,0,35,0
3267,Super Round Up,2,Wednesday,22,,,,0.0,0,23,0
3267,Super Round Up,2,Wednesday,23,,,,0.0,0,18,0
3267,Super Round Up,3,Thursday,0,,,,0.0,0,22,0
3267,Super Round Up,3,Thursday,1,,,,0.0,0,27,0
3267,Super Round Up,3,Thursday,2,,,,0.0,0,11,0
3267,Super Round Up,3,Thursday,3,,,,0.0,0,29,0
3267,Super Round Up,3,Thursday,4,,,,0.0,0,4,0
3267,Super Round Up,3,Thursday,9,,,,0.0,0,5,0
3267,Super Round Up,3,Thursday,10,0.0,0.0,0,33.3,4,12,1
3267,Super Round Up,3,Thursday,11,0.0,0.0,0,100.0,12,12,1
3267,Super Round Up,3,Thursday,12,0.0,0.0,0,78.9,15,19,2
3267,Super Round Up,3,Thursday,13,0.0,0.0,0,50.0,21,42,2
3267,Super Round Up,3,Thursday,14,0.0,0.0,0,60.7,17,28,2
3267,Super Round Up,3,Thursday,15,0.0,0.0,0,39.1,18,46,3
3267,Super Round Up,3,Thursday,16,0.0,0.0,0,31.0,9,29,2
3267,Super Round Up,3,Thursday,17,0.0,0.0,0,42.9,15,35,2
3267,Super Round Up,3,Thursday,18,0.0,0.0,0,37.1,13,35,3
3267,Super Round Up,3,Thursday,19,0.0,0.0,0,30.5,18,59,3
3267,Super Round Up,3,Thursday,20,0.0,0.0,0,25.0,11,44,2
3267,Super Round Up,3,Thursday,21,,,,0.0,0,25,0
3267,Super Round Up,3,Thursday,22,,,,0.0,0,53,0
3267,Super Round Up,3,Thursday,23,,,,0.0,0,22,0
3267,Super Round Up,4,Friday,0,,,,0.0,0,19,0
3267,Super Round Up,4,Friday,1,,,,0.0,0,10,0
3267,Super Round Up,4,Friday,2,,,,0.0,0,14,0
3267,Super Round Up,4,Friday,3,,,,0.0,0,26,0
3267,Super Round Up,4,Friday,4,,,,0.0,0,25,0
3267,Super Round Up,4,Friday,5,,,,0.0,0,1,0
3267,Super Round Up,4,Friday,9,,,,0.0,0,5,0
3267,Super Round Up,4,Friday,10,0.0,0.0,0,25.0,3,12,1
3267,Super Round Up,4,Friday,11,0.0,0.0,0,100.0,12,12,1
3267,Super Round Up,4,Friday,12,0.0,0.0,0,73.9,17,23,2
3267,Super Round Up,4,Friday,13,0.0,0.0,0,45.2,19,42,2
3267,Super Round Up,4,Friday,14,0.0,0.0,0,40.0,12,30,1
3267,Super Round Up,4,Friday,15,0.0,0.0,0,47.5,19,40,2
3267,Super Round Up,4,Friday,16,0.0,0.0,0,8.7,2,23,1
3267,Super Round Up,4,Friday,17,0.0,0.0,0,14.7,5,34,1
3267,Super Round Up,4,Friday,18,0.0,0.0,0,44.7,21,47,3
3267,Super Round Up,4,Friday,19,0.0,0.0,0,41.9,18,43,5
3267,Super Round Up,4,Friday,20,0.0,0.0,0,71.4,30,42,4
3267,Super Round Up,4,Friday,21,0.0,0.0,0,95.5,21,22,2
3267,Super Round Up,4,Friday,22,0.0,0.0,0,41.5,22,53,4
3267,Super Round Up,4,Friday,23,0.0,0.0,0,9.1,2,22,1
3267,Super Round Up,5,Saturday,0,,,,0.0,0,23,0
3267,Super Round Up,5,Saturday,1,,,,0.0,0,3,0
3267,Super Round Up,5,Saturday,2,,,,0.0,0,8,0
3267,Super Round Up,5,Saturday,3,,,,0.0,0,33,0
3267,Super Round Up,5,Saturday,4,,,,0.0,0,18,0
3267,Super Round Up,5,Saturday,5,,,,0.0,0,1,0
3267,Super Round Up,5,Saturday,9,,,,0.0,0,8,0
3267,Super Round Up,5,Saturday,10,0.0,0.0,0,33.3,4,12,1
3267,Super Round Up,5,Saturday,11,0.0,0.0,0,100.0,17,17,3
3267,Super Round Up,5,Saturday,12,0.0,0.0,0,95.9,47,49,6
3267,Super Round Up,5,Saturday,13,0.0,0.0,0,93.5,43,46,7
3267,Super Round Up,5,Saturday,14,0.0,0.0,0,100.0,36,36,4
3267,Super Round Up,5,Saturday,15,0.0,0.0,0,73.8,31,42,6
3267,Super Round Up,5,Saturday,16,0.0,0.0,0,75.0,36,48,5
3267,Super Round Up,5,Saturday,17,0.0,0.0,0,88.9,24,27,4
3267,Super Round Up,5,Saturday,18,0.0,0.0,0,98.3,57,58,7
3267,Super Round Up,5,Saturday,19,0.0,0.0,0,100.0,41,41,7
3267,Super Round Up,5,Saturday,20,0.0,0.0,0,81.4,35,43,6
3267,Super Round Up,5,Saturday,21,0.0,0.0,0,100.0,45,45,5
3267,Super Round Up,5,Saturday,22,0.0,0.0,0,73.1,19,26,4
3267,Super Round Up,5,Saturday,23,0.0,0.0,0,16.7,2,12,1
3267,Super Round Up,6,Sunday,0,,,,0.0,0,12,0
3267,Super Round Up,6,Sunday,1,,,,0.0,0,22,0
3267,Super Round Up,6,Sunday,2,,,,0.0,0,35,0
3267,Super Round Up,6,Sunday,3,,,,0.0,0,7,0
3267,Super Round Up,6,Sunday,4,,,,0.0,0,5,0
3267,Super Round Up,6,Sunday,5,,,,0.0,0,7,0
3267,Super Round Up,6,Sunday,9,,,,0.0,0,7,0
3267,Super Round Up,6,Sunday,10,0.0,0.0,0,33.3,4,12,1
3267,Super Round Up,6,Sunday,11,0.0,0.0,0,100.0,14,14,2
3267,Super Round Up,6,Sunday,12,0.0,0.0,0,87.1,27,31,3
3267,Super Round Up,6,Sunday,13,0.0,0.0,0,54.2,32,59,4
3267,Super Round Up,6,Sunday,14,0.0,0.0,0,78.6,22,28,2
3267,Super Round Up,6,Sunday,15,0.0,0.0,0,91.9,34,37,5
3267,Super Round Up,6,Sunday,16,0.0,0.0,0,79.1,34,43,6
3267,Super Round Up,6,Sunday,17,0.0,0.0,0,90.0,27,30,5
3267,Super Round Up,6,Sunday,18,0.0,0.0,0,82.6,38,46,5
3267,Super Round Up,6,Sunday,19,0.0,0.0,0,57.4,27,47,5
3267,Super Round Up,6,Sunday,20,0.0,0.0,0,55.8,24,43,6
3267,Super Round Up,6,Sunday,21,0.0,0.0,0,47.1,16,34,3
3267,Super Round Up,6,Sunday,22,0.0,0.0,0,6.1,3,49,2
3267,Super Round Up,6,Sunday,23,,,,0.0,0,19,0
3266,SUPERMAN™: Ultimate Flight,0,Monday,0,,,,0.0,0,12,0
3266,SUPERMAN™: Ultimate Flight,0,Monday,1,,,,0.0,0,4,0
3266,SUPERMAN™: Ultimate Flight,0,Monday,2,,,,0.0,0,17,0
3266,SUPERMAN™: Ultimate Flight,0,Monday,3,,,,0.0,0,9,0
3266,SUPERMAN™: Ultimate Flight,0,Monday,4,,,,0.0,0,34,0
3266,SUPERMAN™: Ultimate Flight,0,Monday,5,,,,0.0,0,9,0
3266,SUPERMAN™: Ultimate Flight,0,Monday,6,,,,0.0,0,3,0
3266,SUPERMAN™: Ultimate Flight,0,Monday,9,,,,0.0,0,4,0
3266,SUPERMAN™: Ultimate Flight,0,Monday,10,0.0,0.0,0,33.3,4,12,1
3266,SUPERMAN™: Ultimate Flight,0,Monday,11,0.8,5.0,5,100.0,12,12,1
3266,SUPERMAN™: Ultimate Flight,0,Monday,12,5.0,5.0,5,100.0,12,12,1
3266,SUPERMAN™: Ultimate Flight,0,Monday,13,5.0,5.0,5,76.9,10,13,1
3266,SUPERMAN™: Ultimate Flight,0,Monday,14,42.4,60.0,60,42.5,17,40,2
3266,SUPERMAN™: Ultimate Flight,0,Monday,15,38.1,60.0,60,70.0,21,30,2
3266,SUPERMAN™: Ultimate Flight,0,Monday,16,52.0,60.0,60,60.0,15,25,2
3266,SUPERMAN™: Ultimate Flight,0,Monday,17,76.8,180.0,180,87.0,20,23,2
3266,SUPERMAN™: Ultimate Flight,0,Monday,18,57.9,60.0,60,37.8,14,37,2
3266,SUPERMAN™: Ultimate Flight,0,Monday,19,25.6,60.0,60,100.0,26,26,3
3266,SUPERMAN™: Ultimate Flight,0,Monday,20,20.7,25.0,25,15.2,7,46,3
3266,SUPERMAN™: Ultimate Flight,0,Monday,21,,,,0.0,0,27,0
3266,SUPERMAN™: Ultimate Flight,0,Monday,22,,,,0.0,0,41,0
3266,SUPERMAN™: Ultimate Flight,0,Monday,23,,,,0.0,0,19,0
3266,SUPERMAN™: Ultimate Flight,1,Tuesday,0,,,,0.0,0,12,0
3266,SUPERMAN™: Ultimate Flight,1,Tuesday,1,,,,0.0,0,17,0
3266,SUPERMAN™: Ultimate Flight,1,Tuesday,2,,,,0.0,0,23,0
3266,SUPERMAN™: Ultimate Flight,1,Tuesday,3,,,,0.0,0,20,0
3266,SUPERMAN™: Ultimate Flight,1,Tuesday,4,,,,0.0,0,12,0
3266,SUPERMAN™: Ultimate Flight,1,Tuesday,5,,,,0.0,0,3,0
3266,SUPERMAN™: Ultimate Flight,1,Tuesday,9,,,,0.0,0,8,0
3266,SUPERMAN™: Ultimate Flight,1,Tuesday,10,0.0,0.0,0,33.3,6,18,2
3266,SUPERMAN™: Ultimate Flight,1,Tuesday,11,0.0,0.0,0,100.0,19,19,2
3266,SUPERMAN™: Ultimate Flight,1,Tuesday,12,0.0,0.0,0,90.5,19,21,2
3266,SUPERMAN™: Ultimate Flight,1,Tuesday,13,0.0,0.0,0,53.6,30,56,3
3266,SUPERMAN™: Ultimate Flight,1,Tuesday,14,0.0,0.0,0,57.5,23,40,4
3266,SUPERMAN™: Ultimate Flight,1,Tuesday,15,10.4,40.0,60,65.8,25,38,4
3266,SUPERMAN™: Ultimate Flight,1,Tuesday,16,31.0,60.0,60,55.4,31,56,3
3266,SUPERMAN™: Ultimate Flight,1,Tuesday,17,41.5,40.0,60,50.0,13,26,2
3266,SUPERMAN™: Ultimate Flight,1,Tuesday,18,29.1,60.0,60,65.3,32,49,4
3266,SUPERMAN™: Ultimate Flight,1,Tuesday,19,31.3,60.0,60,35.4,23,65,4
3266,SUPERMAN™: Ultimate Flight,1,Tuesday,20,,,,0.0,0,28,0
3266,SUPERMAN™: Ultimate Flight,1,Tuesday,21,,,,0.0,0,59,0
3266,SUPERMAN™: Ultimate Flight,1,Tuesday,22,,,,0.0,0,34,0
3266,SUPERMAN™: Ultimate Flight,1,Tuesday,23,,,,0.0,0,23,0
3266,SUPERMAN™: Ultimate Flight,2,Wednesday,0,,,,0.0,0,10,0
3266,SUPERMAN™: Ultimate Flight,2,Wednesday,1,,,,0.0,0,20,0
3266,SUPERMAN™: Ultimate Flight,2,Wednesday,2,,,,0.0,0,11,0
3266,SUPERMAN™: Ultimate Flight,2,Wednesday,3,,,,0.0,0,27,0
3266,SUPERMAN™: Ultimate Flight,2,Wednesday,4,,,,0.0,0,10,0
3266,SUPERMAN™: Ultimate Flight,2,Wednesday,9,,,,0.0,0,8,0
3266,SUPERMAN™: Ultimate Flight,2,Wednesday,10,,,,0.0,0,19,0
3266,SUPERMAN™: Ultimate Flight,2,Wednesday,11,0.0,0.0,0,93.3,14,15,2
3266,SUPERMAN™: Ultimate Flight,2,Wednesday,12,0.0,0.0,0,94.4,17,18,3
3266,SUPERMAN™: Ultimate Flight,2,Wednesday,13,0.0,0.0,0,45.7,21,46,3
3266,SUPERMAN™: Ultimate Flight,2,Wednesday,14,0.0,0.0,0,39.4,13,33,2
3266,SUPERMAN™: Ultimate Flight,2,Wednesday,15,0.0,0.0,0,51.4,19,37,3
3266,SUPERMAN™: Ultimate Flight,2,Wednesday,16,15.0,30.0,30,45.7,16,35,3
3266,SUPERMAN™: Ultimate Flight,2,Wednesday,17,8.0,30.0,30,53.6,15,28,2
3266,SUPERMAN™: Ultimate Flight,2,Wednesday,18,0.0,0.0,0,65.6,21,32,3
3266,SUPERMAN™: Ultimate Flight,2,Wednesday,19,12.9,90.0,90,31.8,14,44,4
3266,SUPERMAN™: Ultimate Flight,2,Wednesday,20,90.0,90.0,90,7.3,3,41,1
3266,SUPERMAN™: Ultimate Flight,2,Wednesday,21,,,,0.0,0,35,0
3266,SUPERMAN™: Ultimate Flight,2,Wednesday,22,,,,0.0,0,23,0
3266,SUPERMAN™: Ultimate Flight,2,Wednesday,23,,,,0.0,0,18,0
3266,SUPERMAN™: Ultimate Flight,3,Thursday,0,,,,0.0,0,22,0
3266,SUPERMAN™: Ultimate Flight,3,Thursday,1,,,,0.0,0,27,0
3266,SUPERMAN™: Ultimate Flight,3,Thursday,2,,,,0.0,0,11,0
3266,SUPERMAN™: Ultimate Flight,3,Thursday,3,,,,0.0,0,29,0
3266,SUPERMAN™: Ultimate Flight,3,Thursday,4,,,,0.0,0,4,0
3266,SUPERMAN™: Ultimate Flight,3,Thursday,9,,,,0.0,0,5,0
3266,SUPERMAN™: Ultimate Flight,3,Thursday,10,,,,0.0,0,12,0
3266,SUPERMAN™: Ultimate Flight,3,Thursday,11,0.0,0.0,0,83.3,10,12,1
3266,SUPERMAN™: Ultimate Flight,3,Thursday,12,0.0,0.0,0,52.6,10,19,2
3266,SUPERMAN™: Ultimate Flight,3,Thursday,13,0.0,0.0,0,38.1,16,42,2
3266,SUPERMAN™: Ultimate Flight,3,Thursday,14,10.6,30.0,30,60.7,17,28,2
3266,SUPERMAN™: Ultimate Flight,3,Thursday,15,13.5,30.0,30,43.5,20,46,3
3266,SUPERMAN™: Ultimate Flight,3,Thursday,16,0.0,0.0,0,17.2,5,29,1
3266,SUPERMAN™: Ultimate Flight,3,Thursday,17,18.8,30.0,30,22.9,8,35,2
3266,SUPERMAN™: Ultimate Flight,3,Thursday,18,6.9,30.0,30,37.1,13,35,3
3266,SUPERMAN™: Ultimate Flight,3,Thursday,19,0.0,0.0,0,30.5,18,59,3
3266,SUPERMAN™: Ultimate Flight,3,Thursday,20,0.0,0.0,0,25.0,11,44,2
3266,SUPERMAN™: Ultimate Flight,3,Thursday,21,,,,0.0,0,25,0
3266,SUPERMAN™: Ultimate Flight,3,Thursday,22,,,,0.0,0,53,0
3266,SUPERMAN™: Ultimate Flight,3,Thursday,23,,,,0.0,0,22,0
3266,SUPERMAN™: Ultimate Flight,4,Friday,0,,,,0.0,0,19,0
3266,SUPERMAN™: Ultimate Flight,4,Friday,1,,,,0.0,0,10,0
3266,SUPERMAN™: Ultimate Flight,4,Friday,2,,,,0.0,0,14,0
3266,SUPERMAN™: Ultimate Flight,4,Friday,3,,,,0.0,0,26,0
3266,SUPERMAN™: Ultimate Flight,4,Friday,4,,,,0.0,0,25,0
3266,SUPERMAN™: Ultimate Flight,4,Friday,5,,,,0.0,0,1,0
3266,SUPERMAN™: Ultimate Flight,4,Friday,9,,,,0.0,0,5,0
3266,SUPERMAN™: Ultimate Flight,4,Friday,10,0.0,0.0,0,25.0,3,12,1
3266,SUPERMAN™: Ultimate Flight,4,Friday,11,0.0,0.0,0,100.0,12,12,1
3266,SUPERMAN™: Ultimate Flight,4,Friday,12,0.0,0.0,0,73.9,17,23,2
3266,SUPERMAN™: Ultimate Flight,4,Friday,13,0.0,0.0,0,45.2,19,42,2
3266,SUPERMAN™: Ultimate Flight,4,Friday,14,0.0,0.0,0,40.0,12,30,1
3266,SUPERMAN™: Ultimate Flight,4,Friday,15,0.0,0.0,0,55.0,22,40,2
3266,SUPERMAN™: Ultimate Flight,4,Friday,16,0.0,0.0,0,60.9,14,23,2
3266,SUPERMAN™: Ultimate Flight,4,Friday,17,37.6,60.0,60,50.0,17,34,2
3266,SUPERMAN™: Ultimate Flight,4,Friday,18,22.5,60.0,60,76.6,36,47,5
3266,SUPERMAN™: Ultimate Flight,4,Friday,19,27.4,60.0,60,79.1,34,43,5
3266,SUPERMAN™: Ultimate Flight,4,Friday,20,15.5,20.0,20,52.4,22,42,3
3266,SUPERMAN™: Ultimate Flight,4,Friday,21,21.4,50.0,50,95.5,21,22,2
3266,SUPERMAN™: Ultimate Flight,4,Friday,22,18.8,50.0,50,30.2,16,53,3
3266,SUPERMAN™: Ultimate Flight,4,Friday,23,15.0,15.0,15,9.1,2,22,1
3266,SUPERMAN™: Ultimate Flight,5,Saturday,0,,,,0.0,0,23,0
3266,SUPERMAN™: Ultimate Flight,5,Saturday,1,,,,0.0,0,3,0
3266,SUPERMAN™: Ultimate Flight,5,Saturday,2,,,,0.0,0,8,0
3266,SUPERMAN™: Ultimate Flight,5,Saturday,3,,,,0.0,0,33,0
3266,SUPERMAN™: Ultimate Flight,5,Saturday,4,,,,0.0,0,18,0
3266,SUPERMAN™: Ultimate Flight,5,Saturday,5,,,,0.0,0,1,0
3266,SUPERMAN™: Ultimate Flight,5,Saturday,9,,,,0.0,0,8,0
3266,SUPERMAN™: Ultimate Flight,5,Saturday,10,0.0,0.0,0,33.3,4,12,1
3266,SUPERMAN™: Ultimate Flight,5,Saturday,11,0.0,0.0,0,70.6,12,17,1
3266,SUPERMAN™: Ultimate Flight,5,Saturday,12,3.5,15.0,15,53.1,26,49,5
3266,SUPERMAN™: Ultimate Flight,5,Saturday,13,5.6,15.0,15,69.6,32,46,4
3266,SUPERMAN™: Ultimate Flight,5,Saturday,14,23.4,30.0,60,44.4,16,36,2
3266,SUPERMAN™: Ultimate Flight,5,Saturday,15,47.8,90.0,90,88.1,37,42,5
3266,SUPERMAN™: Ultimate Flight,5,Saturday,16,50.0,120.0,120,62.5,30,48,4
3266,SUPERMAN™: Ultimate Flight,5,Saturday,17,57.3,90.0,90,81.5,22,27,2
3266,SUPERMAN™: Ultimate Flight,5,Saturday,18,52.1,120.0,120,65.5,38,58,5
3266,SUPERMAN™: Ultimate Flight,5,Saturday,19,70.7,120.0,120,68.3,28,41,4
3266,SUPERMAN™: Ultimate Flight,5,Saturday,20,35.8,120.0,120,60.5,26,43,4
3266,SUPERMAN™: Ultimate Flight,5,Saturday,21,43.8,120.0,120,75.6,34,45,4
3266,SUPERMAN™: Ultimate Flight,5,Saturday,22,88.1,120.0,120,69.2,18,26,3
3266,SUPERMAN™: Ultimate Flight,5,Saturday,23,120.0,120.0,120,16.7,2,12,1
3266,SUPERMAN™: Ultimate Flight,6,Sunday,0,,,,0.0,0,12,0
3266,SUPERMAN™: Ultimate Flight,6,Sunday,1,,,,0.0,0,22,0
3266,SUPERMAN™: Ultimate Flight,6,Sunday,2,,,,0.0,0,35,0
3266,SUPERMAN™: Ultimate Flight,6,Sunday,3,,,,0.0,0,7,0
3266,SUPERMAN™: Ultimate Flight,6,Sunday,4,,,,0.0,0,5,0
3266,SUPERMAN™: Ultimate Flight,6,Sunday,5,,,,0.0,0,7,0
3266,SUPERMAN™: Ultimate Flight,6,Sunday,9,,,,0.0,0,7,0
3266,SUPERMAN™: Ultimate Flight,6,Sunday,10,,,,0.0,0,12,0
3266,SUPERMAN™: Ultimate Flight,6,Sunday,11,0.0,0.0,0,28.6,4,14,1
3266,SUPERMAN™: Ultimate Flight,6,Sunday,12,0.0,0.0,0,54.8,17,31,2
3266,SUPERMAN™: Ultimate Flight,6,Sunday,13,5.8,15.0,15,52.5,31,59,3
3266,SUPERMAN™: Ultimate Flight,6,Sunday,14,23.7,90.0,90,67.9,19,28,2
3266,SUPERMAN™: Ultimate Flight,6,Sunday,15,64.6,120.0,120,70.3,26,37,4
3266,SUPERMAN™: Ultimate Flight,6,Sunday,16,70.0,120.0,120,76.7,33,43,5
3266,SUPERMAN™: Ultimate Flight,6,Sunday,17,80.0,120.0,120,70.0,21,30,4
3266,SUPERMAN™: Ultimate Flight,6,Sunday,18,67.5,120.0,120,82.6,38,46,4
3266,SUPERMAN™: Ultimate Flight,6,Sunday,19,38.5,120.0,120,83.0,39,47,6
3266,SUPERMAN™: Ultimate Flight,6,Sunday,20,32.0,75.0,75,53.5,23,43,5
3266,SUPERMAN™: Ultimate Flight,6,Sunday,21,33.3,75.0,75,52.9,18,34,4
3266,SUPERMAN™: Ultimate Flight,6,Sunday,22,0.0,0.0,0,4.1,2,49,1
3266,SUPERMAN™: Ultimate Flight,6,Sunday,23,,,,0.0,0,19,0
3268,Tango,0,Monday,0,,,,0.0,0,12,0
3268,Tango,0,Monday,1,,,,0.0,0,4,0
3268,Tango,0,Monday,2,,,,0.0,0,17,0
3268,Tango,0,Monday,3,,,,0.0,0,9,0
3268,Tango,0,Monday,4,,,,0.0,0,34,0
3268,Tango,0,Monday,5,,,,0.0,0,9,0
3268,Tango,0,Monday,6,,,,0.0,0,3,0
3268,Tango,0,Monday,9,,,,0.0,0,4,0
3268,Tango,0,Monday,10,0.0,0.0,0,33.3,4,12,1
3268,Tango,0,Monday,11,0.0,0.0,0,100.0,12,12,1
3268,Tango,0,Monday,12,0.0,0.0,0,100.0,12,12,1
3268,Tango,0,Monday,13,0.0,0.0,0,100.0,13,13,2
3268,Tango,0,Monday,14,0.0,0.0,0,57.5,23,40,2
3268,Tango,0,Monday,15,0.0,0.0,0,70.0,21,30,2
3268,Tango,0,Monday,16,0.0,0.0,0,60.0,15,25,2
3268,Tango,0,Monday,17,0.0,0.0,0,95.7,22,23,2
3268,Tango,0,Monday,18,0.0,0.0,0,29.7,11,37,2
3268,Tango,0,Monday,19,0.0,0.0,0,100.0,26,26,3
3268,Tango,0,Monday,20,0.0,0.0,0,15.2,7,46,3
3268,Tango,0,Monday,21,,,,0.0,0,27,0
3268,Tango,0,Monday,22,,,,0.0,0,41,0
3268,Tango,0,Monday,23,,,,0.0,0,19,0
3268,Tango,1,Tuesday,0,,,,0.0,0,12,0
3268,Tango,1,Tuesday,1,,,,0.0,0,17,0
3268,Tango,1,Tuesday,2,,,,0.0,0,23,0
3268,Tango,1,Tuesday,3,,,,0.0,0,20,0
3268,Tango,1,Tuesday,4,,,,0.0,0,12,0
3268,Tango,1,Tuesday,5,,,,0.0,0,3,0
3268,Tango,1,Tuesday,9,,,,0.0,0,8,0
3268,Tango,1,Tuesday,10,0.0,0.0,0,11.1,2,18,1
3268,Tango,1,Tuesday,11,0.0,0.0,0,100.0,19,19,2
3268,Tango,1,Tuesday,12,0.0,0.0,0,90.5,19,21,2
3268,Tango,1,Tuesday,13,0.0,0.0,0,35.7,20,56,2
3268,Tango,1,Tuesday,14,0.0,0.0,0,65.0,26,40,3
3268,Tango,1,Tuesday,15,0.0,0.0,0,65.8,25,38,4
3268,Tango,1,Tuesday,16,0.0,0.0,0,55.4,31,56,3
3268,Tango,1,Tuesday,17,0.0,0.0,0,76.9,20,26,2
3268,Tango,1,Tuesday,18,0.0,0.0,0,71.4,35,49,4
3268,Tango,1,Tuesday,19,0.0,0.0,0,44.6,29,65,4
3268,Tango,1,Tuesday,20,0.0,0.0,0,7.1,2,28,1
3268,Tango,1,Tuesday,21,,,,0.0,0,59,0
3268,Tango,1,Tuesday,22,,,,0.0,0,34,0
3268,Tango,1,Tuesday,23,,,,0.0,0,23,0
3268,Tango,2,Wednesday,0,,,,0.0,0,10,0
3268,Tango,2,Wednesday,1,,,,0.0,0,20,0
3268,Tango,2,Wednesday,2,,,,0.0,0,11,0
3268,Tango,2,Wednesday,3,,,,0.0,0,27,0
3268,Tango,2,Wednesday,4,,,,0.0,0,10,0
3268,Tango,2,Wednesday,9,,,,0.0,0,8,0
3268,Tango,2,Wednesday,10,0.0,0.0,0,15.8,3,19,1
3268,Tango,2,Wednesday,11,0.0,0.0,0,100.0,15,15,2
3268,Tango,2,Wednesday,12,0.0,0.0,0,88.9,16,18,2
3268,Tango,2,Wednesday,13,0.0,0.0,0,21.7,10,46,2
3268,Tango,2,Wednesday,14,0.0,0.0,0,69.7,23,33,3
3268,Tango,2,Wednesday,15,0.0,0.0,0,40.5,15,37,3
3268,Tango,2,Wednesday,16,0.0,0.0,0,28.6,10,35,2
3268,Tango,2,Wednesday,17,0.0,0.0,0,53.6,15,28,2
3268,Tango,2,Wednesday,18,0.0,0.0,0,43.8,14,32,2
3268,Tango,2,Wednesday,19,0.0,0.0,0,27.3,12,44,3
3268,Tango,2,Wednesday,20,0.0,0.0,0,7.3,3,41,1
3268,Tango,2,Wednesday,21,,,,0.0,0,35,0
3268,Tango,2,Wednesday,22,,,,0.0,0,23,0
3268,Tango,2,Wednesday,23,,,,0.0,0,18,0
3268,Tango,3,Thursday,0,,,,0.0,0,22,0
3268,Tango,3,Thursday,1,,,,0.0,0,27,0
3268,Tango,3,Thursday,2,,,,0.0,0,11,0
3268,Tango,3,Thursday,3,,,,0.0,0,29,0
3268,Tango,3,Thursday,4,,,,0.0,0,4,0
3268,Tango,3,Thursday,9,,,,0.0,0,5,0
3268,Tango,3,Thursday,10,0.0,0.0,0,33.3,4,12,1
3268,Tango,3,Thursday,11,0.0,0.0,0,100.0,12,12,1
3268,Tango,3,Thursday,12,0.0,0.0,0,78.9,15,19,2
3268,Tango,3,Thursday,13,0.0,0.0,0,45.2,19,42,2
3268,Tango,3,Thursday,14,0.0,0.0,0,42.9,12,28,1
3268,Tango,3,Thursday,15,0.0,0.0,0,54.3,25,46,3
3268,Tango,3,Thursday,16,0.0,0.0,0,58.6,17,29,2
3268,Tango,3,Thursday,17,0.0,0.0,0,42.9,15,35,2
3268,Tango,3,Thursday,18,0.0,0.0,0,37.1,13,35,3
3268,Tango,3,Thursday,19,0.0,0.0,0,25.4,15,59,2
3268,Tango,3,Thursday,20,0.0,0.0,0,4.5,2,44,1
3268,Tango,3,Thursday,21,,,,0.0,0,25,0
3268,Tango,3,Thursday,22,,,,0.0,0,53,0
3268,Tango,3,Thursday,23,,,,0.0,0,22,0
3268,Tango,4,Friday,0,,,,0.0,0,19,0
3268,Tango,4,Friday,1,,,,0.0,0,10,0
3268,Tango,4,Friday,2,,,,0.0,0,14,0
3268,Tango,4,Friday,3,,,,0.0,0,26,0
3268,Tango,4,Friday,4,,,,0.0,0,25,0
3268,Tango,4,Friday,5,,,,0.0,0,1,0
3268,Tango,4,Friday,9,,,,0.0,0,5,0
3268,Tango,4,Friday,10,0.0,0.0,0,25.0,3,12,1
3268,Tango,4,Friday,11,0.0,0.0,0,100.0,12,12,1
3268,Tango,4,Friday,12,0.0,0.0,0,73.9,17,23,2
3268,Tango,4,Friday,13,0.0,0.0,0,45.2,19,42,2
3268,Tango,4,Friday,14,0.0,0.0,0,40.0,12,30,1
3268,Tango,4,Friday,15,0.0,0.0,0,40.0,16,40,2
3268,Tango,4,Friday,16,0.0,0.0,0,8.7,2,23,1
3268,Tango,4,Friday,17,0.0,0.0,0,38.2,13,34,2
3268,Tango,4,Friday,18,0.0,0.0,0,57.4,27,47,5
3268,Tango,4,Friday,19,0.0,0.0,0,62.8,27,43,5
3268,Tango,4,Friday,20,0.0,0.0,0,69.0,29,42,4
3268,Tango,4,Friday,21,0.0,0.0,0,95.5,21,22,2
3268,Tango,4,Friday,22,0.0,0.0,0,41.5,22,53,4
3268,Tango,4,Friday,23,0.0,0.0,0,18.2,4,22,2
3268,Tango,5,Saturday,0,,,,0.0,0,23,0
3268,Tango,5,Saturday,1,,,,0.0,0,3,0
3268,Tango,5,Saturday,2,,,,0.0,0,8,0
3268,Tango,5,Saturday,3,,,,0.0,0,33,0
3268,Tango,5,Saturday,4,,,,0.0,0,18,0
3268,Tango,5,Saturday,5,,,,0.0,0,1,0
3268,Tango,5,Saturday,9,,,,0.0,0,8,0
3268,Tango,5,Saturday,10,0.0,0.0,0,33.3,4,12,1
3268,Tango,5,Saturday,11,0.0,0.0,0,100.0,17,17,3
3268,Tango,5,Saturday,12,0.0,0.0,0,100.0,49,49,7
3268,Tango,5,Saturday,13,0.0,0.0,0,89.1,41,46,7
3268,Tango,5,Saturday,14,0.0,0.0,0,80.6,29,36,4
3268,Tango,5,Saturday,15,0.0,0.0,0,85.7,36,42,5
3268,Tango,5,Saturday,16,0.0,0.0,0,87.5,42,48,5
3268,Tango,5,Saturday,17,0.0,0.0,0,77.8,21,27,4
3268,Tango,5,Saturday,18,0.0,0.0,0,79.3,46,58,6
3268,Tango,5,Saturday,19,0.0,0.0,0,65.9,27,41,6
3268,Tango,5,Saturday,20,0.0,0.0,0,60.5,26,43,6
3268,Tango,5,Saturday,21,0.0,0.0,0,100.0,45,45,5
3268,Tango,5,Saturday,22,0.0,0.0,0,73.1,19,26,4
3268,Tango,5,Saturday,23,0.0,0.0,0,16.7,2,12,1
3268,Tango,6,Sunday,0,,,,0.0,0,12,0
3268,Tango,6,Sunday,1,,,,0.0,0,22,0
3268,Tango,6,Sunday,2,,,,0.0,0,35,0
3268,Tango,6,Sunday,3,,,,0.0,0,7,0
3268,Tango,6,Sunday,4,,,,0.0,0,5,0
3268,Tango,6,Sunday,5,,,,0.0,0,7,0
3268,Tango,6,Sunday,9,,,,0.0,0,7,0
3268,Tango,6,Sunday,10,0.0,0.0,0,33.3,4,12,1
3268,Tango,6,Sunday,11,0.0,0.0,0,100.0,14,14,2
3268,Tango,6,Sunday,12,0.0,0.0,0,100.0,31,31,4
3268,Tango,6,Sunday,13,0.0,0.0,0,78.0,46,59,6
3268,Tango,6,Sunday,14,0.0,0.0,0,85.7,24,28,3
3268,Tango,6,Sunday,15,0.0,0.0,0,70.3,26,37,4
3268,Tango,6,Sunday,16,0.0,0.0,0,97.7,42,43,6
3268,Tango,6,Sunday,17,0.0,0.0,0,100.0,30,30,6
3268,Tango,6,Sunday,18,0.0,0.0,0,100.0,46,46,5
3268,Tango,6,Sunday,19,0.0,0.0,0,100.0,47,47,7
3268,Tango,6,Sunday,20,0.0,0.0,0,83.7,36,43,7
3268,Tango,6,Sunday,21,0.0,0.0,0,52.9,18,34,4
3268,Tango,6,Sunday,22,0.0,0.0,0,6.1,3,49,2
3268,Tango,6,Sunday,23,,,,0.0,0,19,0
4005,The Bloody Fountain,0,Monday,3,,,,0.0,0,1,0
17765,The Bloody Fountain,0,Monday,4,,,,0.0,0,12,0
4005,The Bloody Fountain,0,Monday,4,,,,0.0,0,11,0
4005,The Bloody Fountain,0,Monday,5,,,,0.0,0,9,0
4005,The Bloody Fountain,0,Monday,6,,,,0.0,0,3,0
17765,The Bloody Fountain,0,Monday,14,,,,0.0,0,8,0
17765,The Bloody Fountain,0,Monday,15,,,,0.0,0,4,0
4005,The Bloody Fountain,0,Monday,15,,,,0.0,0,2,0
4005,The Bloody Fountain,0,Monday,16,,,,0.0,0,10,0
17765,The Bloody Fountain,0,Monday,18,,,,0.0,0,12,0
17765,The Bloody Fountain,0,Monday,20,,,,0.0,0,1,0
4005,The Bloody Fountain,0,Monday,20,,,,0.0,0,12,0
17765,The Bloody Fountain,0,Monday,21,,,,0.0,0,11,0
4005,The Bloody Fountain,0,Monday,21,,,,0.0,0,5,0
4005,The Bloody Fountain,0,Monday,22,,,,0.0,0,7,0
17765,The Bloody Fountain,1,Tuesday,1,,,,0.0,0,2,0
4005,The Bloody Fountain,1,Tuesday,1,,,,0.0,0,1,0
17765,The Bloody Fountain,1,Tuesday,2,,,,0.0,0,10,0
4005,The Bloody Fountain,1,Tuesday,2,,,,0.0,0,11,0
4005,The Bloody Fountain,1,Tuesday,4,,,,0.0,0,9,0
4005,The Bloody Fountain,1,Tuesday,5,,,,0.0,0,3,0
17765,The Bloody Fountain,1,Tuesday,13,,,,0.0,0,7,0
17765,The Bloody Fountain,1,Tuesday,14,,,,0.0,0,5,0
4005,The Bloody Fountain,1,Tuesday,14,,,,0.0,0,12,0
4005,The Bloody Fountain,1,Tuesday,15,,,,0.0,0,12,0
17765,The Bloody Fountain,1,Tuesday,16,,,,0.0,0,9,0
17765,The Bloody Fountain,1,Tuesday,17,,,,0.0,0,3,0
4005,The Bloody Fountain,1,Tuesday,18,,,,0.0,0,9,0
17765,The Bloody Fountain,1,Tuesday,19,,,,0.0,0,12,0
4005,The Bloody Fountain,1,Tuesday,19,,,,0.0,0,15,0
17765,The Bloody Fountain,1,Tuesday,21,,,,0.0,0,6,0
4005,The Bloody Fountain,1,Tuesday,21,,,,0.0,0,10,0
17765,The Bloody Fountain,1,Tuesday,22,,,,0.0,0,6,0
4005,The Bloody Fountain,1,Tuesday,22,,,,0.0,0,14,0
17765,The Bloody Fountain,2,Wednesday,2,,,,0.0,0,1,0
4005,The Bloody Fountain,2,Wednesday,2,,,,0.0,0,1,0
17765,The Bloody Fountain,2,Wednesday,3,,,,0.0,0,11,0
4005,The Bloody Fountain,2,Wednesday,3,,,,0.0,0,13,0
4005,The Bloody Fountain,2,Wednesday,4,,,,0.0,0,10,0
17765,The Bloody Fountain,2,Wednesday,13,,,,0.0,0,6,0
17765,The Bloody Fountain,2,Wednesday,14,,,,0.0,0,6,0
4005,The Bloody Fountain,2,Wednesday,14,,,,0.0,0,10,0
4005,The Bloody Fountain,2,Wednesday,15,,,,0.0,0,13,0
4005,The Bloody Fountain,2,Wednesday,16,,,,0.0,0,3,0
4005,The Bloody Fountain,2,Wednesday,17,,,,0.0,0,10,0
4005,The Bloody Fountain,2,Wednesday,18,,,,0.0,0,7,0
4005,The Bloody Fountain,2,Wednesday,19,,,,0.0,0,19,0
4005,The Bloody Fountain,2,Wednesday,20,,,,0.0,0,10,0
4005,The Bloody Fountain,2,Wednesday,21,,,,0.0,0,14,0
4005,The Bloody Fountain,2,Wednesday,22,,,,0.0,0,10,0
4005,The Bloody Fountain,2,Wednesday,23,,,,0.0,0,6,0
4005,The Bloody Fountain,3,Thursday,0,,,,0.0,0,6,0
4005,The Bloody Fountain,3,Thursday,2,,,,0.0,0,1,0
4005,The Bloody Fountain,3,Thursday,3,,,,0.0,0,19,0
4005,The Bloody Fountain,3,Thursday,4,,,,0.0,0,4,0
4005,The Bloody Fountain,3,Thursday,13,,,,0.0,0,5,0
4005,The Bloody Fountain,3,Thursday,14,,,,0.0,0,12,0
4005,The Bloody Fountain,3,Thursday,15,,,,0.0,0,19,0
4005,The Bloody Fountain,3,Thursday,16,,,,0.0,0,1,0
4005,The Bloody Fountain,3,Thursday,17,,,,0.0,0,11,0
4005,The Bloody Fountain,3,Thursday,18,,,,0.0,0,1,0
4005,The Bloody Fountain,3,Thursday,19,0.0,0.0,0,16.7,3,18,1
4005,The Bloody Fountain,3,Thursday,20,0.0,0.0,0,52.9,9,17,1
4005,The Bloody Fountain,3,Thursday,21,,,,0.0,0,1,0
4005,The Bloody Fountain,3,Thursday,22,,,,0.0,0,18,0
4005,The Bloody Fountain,3,Thursday,23,,,,0.0,0,10,0
4005,The Bloody Fountain,4,Friday,0,,,,0.0,0,7,0
4005,The Bloody Fountain,4,Friday,3,,,,0.0,0,2,0
4005,The Bloody Fountain,4,Friday,4,,,,0.0,0,21,0
4005,The Bloody Fountain,4,Friday,5,,,,0.0,0,1,0
4005,The Bloody Fountain,4,Friday,13,,,,0.0,0,5,0
4005,The Bloody Fountain,4,Friday,14,,,,0.0,0,18,0
4005,The Bloody Fountain,4,Friday,15,,,,0.0,0,1,0
4005,The Bloody Fountain,4,Friday,16,,,,0.0,0,2,0
4005,The Bloody Fountain,4,Friday,17,,,,0.0,0,10,0
4005,The Bloody Fountain,4,Friday,18,,,,0.0,0,8,0
4005,The Bloody Fountain,4,Friday,19,0.0,0.0,0,100.0,8,8,2
4005,The Bloody Fountain,4,Friday,20,0.0,0.0,0,100.0,8,8,1
4005,The Bloody Fountain,4,Friday,21,0.0,0.0,0,100.0,9,9,1
17765,The Bloody Fountain,4,Friday,22,0.0,0.0,0,100.0,10,10,1
4005,The Bloody Fountain,4,Friday,22,0.0,0.0,0,100.0,9,9,2
17765,The Bloody Fountain,4,Friday,23,0.0,0.0,0,100.0,2,2,1
4005,The Bloody Fountain,4,Friday,23,0.0,0.0,0,33.3,2,6,1
4005,The Bloody Fountain,5,Saturday,2,,,,0.0,0,4,0
17765,The Bloody Fountain,5,Saturday,3,,,,0.0,0,7,0
4005,The Bloody Fountain,5,Saturday,3,,,,0.0,0,8,0
17765,The Bloody Fountain,5,Saturday,4,,,,0.0,0,5,0
4005,The Bloody Fountain,5,Saturday,4,,,,0.0,0,11,0
4005,The Bloody Fountain,5,Saturday,5,,,,0.0,0,1,0
17765,The Bloody Fountain,5,Saturday,12,,,,0.0,0,11,0
4005,The Bloody Fountain,5,Saturday,12,,,,0.0,0,5,0
17765,The Bloody Fountain,5,Saturday,13,,,,0.0,0,1,0
4005,The Bloody Fountain,5,Saturday,13,,,,0.0,0,19,0
17765,The Bloody Fountain,5,Saturday,14,,,,0.0,0,4,0
17765,The Bloody Fountain,5,Saturday,15,,,,0.0,0,8,0
4005,The Bloody Fountain,5,Saturday,15,,,,0.0,0,12,0
4005,The Bloody Fountain,5,Saturday,16,,,,0.0,0,12,0
17765,The Bloody Fountain,5,Saturday,17,,,,0.0,0,10,0
17765,The Bloody Fountain,5,Saturday,18,,,,0.0,0,2,0
4005,The Bloody Fountain,5,Saturday,18,0.0,0.0,0,5.9,1,17,1
17765,The Bloody Fountain,5,Saturday,19,0.0,0.0,0,100.0,9,9,1
4005,The Bloody Fountain,5,Saturday,19,0.0,0.0,0,85.7,6,7,1
17765,The Bloody Fountain,5,Saturday,20,0.0,0.0,0,100.0,3,3,1
4005,The Bloody Fountain,5,Saturday,20,0.0,0.0,0,100.0,4,4,1
17765,The Bloody Fountain,5,Saturday,21,0.0,0.0,0,100.0,9,9,1
4005,The Bloody Fountain,5,Saturday,21,0.0,0.0,0,100.0,8,8,1
17765,The Bloody Fountain,5,Saturday,22,0.0,0.0,0,100.0,3,3,1
4005,The Bloody Fountain,5,Saturday,22,0.0,0.0,0,100.0,10,10,1
4005,The Bloody Fountain,5,Saturday,23,0.0,0.0,0,100.0,2,2,1
4005,The Bloody Fountain,6,Sunday,1,,,,0.0,0,1,0
17765,The Bloody Fountain,6,Sunday,2,,,,0.0,0,6,0
4005,The Bloody Fountain,6,Sunday,2,,,,0.0,0,11,0
17765,The Bloody Fountain,6,Sunday,3,,,,0.0,0,6,0
4005,The Bloody Fountain,6,Sunday,4,,,,0.0,0,5,0
4005,The Bloody Fountain,6,Sunday,5,,,,0.0,0,7,0
17765,The Bloody Fountain,6,Sunday,12,,,,0.0,0,5,0
17765,The Bloody Fountain,6,Sunday,13,,,,0.0,0,7,0
4005,The Bloody Fountain,6,Sunday,13,,,,0.0,0,18,0
4005,The Bloody Fountain,6,Sunday,14,,,,0.0,0,6,0
17765,The Bloody Fountain,6,Sunday,15,,,,0.0,0,10,0
17765,The Bloody Fountain,6,Sunday,16,,,,0.0,0,2,0
4005,The Bloody Fountain,6,Sunday,16,,,,0.0,0,18,0
17765,The Bloody Fountain,6,Sunday,17,,,,0.0,0,4,0
4005,The Bloody Fountain,6,Sunday,17,,,,0.0,0,6,0
17765,The Bloody Fountain,6,Sunday,18,,,,0.0,0,8,0
17765,The Bloody Fountain,6,Sunday,19,0.0,0.0,0,100.0,4,4,1
4005,The Bloody Fountain,6,Sunday,19,0.0,0.0,0,100.0,18,18,2
17765,The Bloody Fountain,6,Sunday,20,0.0,0.0,0,100.0,8,8,1
4005,The Bloody Fountain,6,Sunday,20,0.0,0.0,0,100.0,6,6,2
4005,The Bloody Fountain,6,Sunday,21,0.0,0.0,0,100.0,3,3,1
17765,The Bloody Fountain,6,Sunday,22,,,,0.0,0,9,0
4005,The Bloody Fountain,6,Sunday,22,0.0,0.0,0,10.5,2,19,1
17765,The Bloody Fountain,6,Sunday,23,,,,0.0,0,3,0
4005,The Bloody Fountain,6,Sunday,23,,,,0.0,0,2,0
13926,The Conjuring Universe,0,Monday,3,,,,0.0,0,1,0
17724,The Conjuring Universe,0,Monday,4,,,,0.0,0,12,0
13926,The Conjuring Universe,0,Monday,4,,,,0.0,0,11,0
13926,The Conjuring Universe,0,Monday,5,,,,0.0,0,9,0
13926,The Conjuring Universe,0,Monday,6,,,,0.0,0,3,0
17724,The Conjuring Universe,0,Monday,14,,,,0.0,0,8,0
17724,The Conjuring Universe,0,Monday,15,,,,0.0,0,4,0
13926,The Conjuring Universe,0,Monday,15,,,,0.0,0,2,0
13926,The Conjuring Universe,0,Monday,16,,,,0.0,0,10,0
17724,The Conjuring Universe,0,Monday,18,,,,0.0,0,12,0
17724,The Conjuring Universe,0,Monday,20,,,,0.0,0,1,0
13926,The Conjuring Universe,0,Monday,20,,,,0.0,0,12,0
17724,The Conjuring Universe,0,Monday,21,,,,0.0,0,11,0
13926,The Conjuring Universe,0,Monday,21,,,,0.0,0,5,0
13926,The Conjuring Universe,0,Monday,22,,,,0.0,0,7,0
17724,The Conjuring Universe,1,Tuesday,1,,,,0.0,0,2,0
13926,The Conjuring Universe,1,Tuesday,1,,,,0.0,0,1,0
17724,The Conjuring Universe,1,Tuesday,2,,,,0.0,0,10,0
13926,The Conjuring Universe,1,Tuesday,2,,,,0.0,0,11,0
13926,The Conjuring Universe,1,Tuesday,4,,,,0.0,0,9,0
13926,The Conjuring Universe,1,Tuesday,5,,,,0.0,0,3,0
17724,The Conjuring Universe,1,Tuesday,13,,,,0.0,0,7,0
17724,The Conjuring Universe,1,Tuesday,14,,,,0.0,0,5,0
13926,The Conjuring Universe,1,Tuesday,14,,,,0.0,0,12,0
13926,The Conjuring Universe,1,Tuesday,15,,,,0.0,0,12,0
17724,The Conjuring Universe,1,Tuesday,16,,,,0.0,0,9,0
17724,The Conjuring Universe,1,Tuesday,17,,,,0.0,0,3,0
13926,The Conjuring Universe,1,Tuesday,18,,,,0.0,0,9,0
17724,The Conjuring Universe,1,Tuesday,19,,,,0.0,0,12,0
13926,The Conjuring Universe,1,Tuesday,19,,,,0.0,0,15,0
17724,The Conjuring Universe,1,Tuesday,21,,,,0.0,0,6,0
13926,The Conjuring Universe,1,Tuesday,21,,,,0.0,0,10,0
17724,The Conjuring Universe,1,Tuesday,22,,,,0.0,0,6,0
13926,The Conjuring Universe,1,Tuesday,22,,,,0.0,0,14,0
17724,The Conjuring Universe,2,Wednesday,2,,,,0.0,0,1,0
13926,The Conjuring Universe,2,Wednesday,2,,,,0.0,0,1,0
17724,The Conjuring Universe,2,Wednesday,3,,,,0.0,0,11,0
13926,The Conjuring Universe,2,Wednesday,3,,,,0.0,0,13,0
13926,The Conjuring Universe,2,Wednesday,4,,,,0.0,0,10,0
17724,The Conjuring Universe,2,Wednesday,13,,,,0.0,0,14,0
17724,The Conjuring Universe,2,Wednesday,14,,,,0.0,0,10,0
13926,The Conjuring Universe,2,Wednesday,14,,,,0.0,0,10,0
13926,The Conjuring Universe,2,Wednesday,15,,,,0.0,0,13,0
17724,The Conjuring Universe,2,Wednesday,16,,,,0.0,0,9,0
13926,The Conjuring Universe,2,Wednesday,16,,,,0.0,0,3,0
17724,The Conjuring Universe,2,Wednesday,17,,,,0.0,0,3,0
13926,The Conjuring Universe,2,Wednesday,17,,,,0.0,0,10,0
13926,The Conjuring Universe,2,Wednesday,18,,,,0.0,0,7,0
17724,The Conjuring Universe,2,Wednesday,19,,,,0.0,0,12,0
13926,The Conjuring Universe,2,Wednesday,19,,,,0.0,0,19,0
13926,The Conjuring Universe,2,Wednesday,20,,,,0.0,0,10,0
17724,The Conjuring Universe,2,Wednesday,21,,,,0.0,0,6,0
13926,The Conjuring Universe,2,Wednesday,21,,,,0.0,0,14,0
17724,The Conjuring Universe,2,Wednesday,22,,,,0.0,0,6,0
13926,The Conjuring Universe,2,Wednesday,22,,,,0.0,0,10,0
13926,The Conjuring Universe,2,Wednesday,23,,,,0.0,0,6,0
13926,The Conjuring Universe,3,Thursday,0,,,,0.0,0,6,0
17724,The Conjuring Universe,3,Thursday,2,,,,0.0,0,2,0
13926,The Conjuring Universe,3,Thursday,2,,,,0.0,0,1,0
17724,The Conjuring Universe,3,Thursday,3,,,,0.0,0,10,0
13926,The Conjuring Universe,3,Thursday,3,,,,0.0,0,19,0
13926,The Conjuring Universe,3,Thursday,4,,,,0.0,0,4,0
17724,The Conjuring Universe,3,Thursday,13,,,,0.0,0,8,0
13926,The Conjuring Universe,3,Thursday,13,,,,0.0,0,5,0
17724,The Conjuring Universe,3,Thursday,14,,,,0.0,0,4,0
13926,The Conjuring Universe,3,Thursday,14,,,,0.0,0,12,0
13926,The Conjuring Universe,3,Thursday,15,,,,0.0,0,19,0
17724,The Conjuring Universe,3,Thursday,16,,,,0.0,0,7,0
13926,The Conjuring Universe,3,Thursday,16,,,,0.0,0,1,0
17724,The Conjuring Universe,3,Thursday,17,,,,0.0,0,5,0
13926,The Conjuring Universe,3,Thursday,17,,,,0.0,0,11,0
17724,The Conjuring Universe,3,Thursday,18,,,,0.0,0,1,0
13926,The Conjuring Universe,3,Thursday,18,,,,0.0,0,1,0
17724,The Conjuring Universe,3,Thursday,19,,,,0.0,0,11,0
13926,The Conjuring Universe,3,Thursday,19,0.0,0.0,0,16.7,3,18,1
17724,The Conjuring Universe,3,Thursday,20,,,,0.0,0,1,0
13926,The Conjuring Universe,3,Thursday,20,0.0,0.0,0,52.9,9,17,1
17724,The Conjuring Universe,3,Thursday,21,,,,0.0,0,11,0
13926,The Conjuring Universe,3,Thursday,21,,,,0.0,0,1,0
13926,The Conjuring Universe,3,Thursday,22,,,,0.0,0,18,0
13926,The Conjuring Universe,3,Thursday,23,,,,0.0,0,10,0
13926,The Conjuring Universe,4,Friday,0,,,,0.0,0,7,0
17724,The Conjuring Universe,4,Friday,1,,,,0.0,0,6,0
17724,The Conjuring Universe,4,Friday,2,,,,0.0,0,6,0
13926,The Conjuring Universe,4,Friday,3,,,,0.0,0,2,0
13926,The Conjuring Universe,4,Friday,4,,,,0.0,0,21,0
13926,The Conjuring Universe,4,Friday,5,,,,0.0,0,1,0
17724,The Conjuring Universe,4,Friday,12,,,,0.0,0,3,0
17724,The Conjuring Universe,4,Friday,13,,,,0.0,0,9,0
13926,The Conjuring Universe,4,Friday,13,,,,0.0,0,5,0
13926,The Conjuring Universe,4,Friday,14,,,,0.0,0,18,0
17724,The Conjuring Universe,4,Friday,15,,,,0.0,0,9,0
13926,The Conjuring Universe,4,Friday,15,,,,0.0,0,1,0
17724,The Conjuring Universe,4,Friday,16,,,,0.0,0,3,0
13926,The Conjuring Universe,4,Friday,16,,,,0.0,0,2,0
17724,The Conjuring Universe,4,Friday,17,,,,0.0,0,4,0
13926,The Conjuring Universe,4,Friday,17,,,,0.0,0,10,0
17724,The Conjuring Universe,4,Friday,18,,,,0.0,0,8,0
13926,The Conjuring Universe,4,Friday,18,0.0,0.0,0,100.0,8,8,1
17724,The Conjuring Universe,4,Friday,19,,,,0.0,0,4,0
13926,The Conjuring Universe,4,Friday,19,0.0,0.0,0,100.0,8,8,2
17724,The Conjuring Universe,4,Friday,20,,,,0.0,0,8,0
13926,The Conjuring Universe,4,Friday,20,0.0,0.0,0,100.0,8,8,1
13926,The Conjuring Universe,4,Friday,21,0.0,0.0,0,100.0,9,9,1
17724,The Conjuring Universe,4,Friday,22,,,,0.0,0,10,0
13926,The Conjuring Universe,4,Friday,22,0.0,0.0,0,100.0,9,9,2
17724,The Conjuring Universe,4,Friday,23,,,,0.0,0,2,0
13926,The Conjuring Universe,4,Friday,23,0.0,0.0,0,33.3,2,6,1
13926,The Conjuring Universe,5,Saturday,2,,,,0.0,0,4,0
17724,The Conjuring Universe,5,Saturday,3,,,,0.0,0,7,0
13926,The Conjuring Universe,5,Saturday,3,,,,0.0,0,8,0
17724,The Conjuring Universe,5,Saturday,4,,,,0.0,0,5,0
13926,The Conjuring Universe,5,Saturday,4,,,,0.0,0,11,0
13926,The Conjuring Universe,5,Saturday,5,,,,0.0,0,1,0
17724,The Conjuring Universe,5,Saturday,12,,,,0.0,0,11,0
13926,The Conjuring Universe,5,Saturday,12,,,,0.0,0,5,0
17724,The Conjuring Universe,5,Saturday,13,,,,0.0,0,1,0
13926,The Conjuring Universe,5,Saturday,13,,,,0.0,0,19,0
17724,The Conjuring Universe,5,Saturday,14,,,,0.0,0,4,0
17724,The Conjuring Universe,5,Saturday,15,,,,0.0,0,8,0
13926,The Conjuring Universe,5,Saturday,15,,,,0.0,0,12,0
13926,The Conjuring Universe,5,Saturday,16,,,,0.0,0,12,0
17724,The Conjuring Universe,5,Saturday,17,,,,0.0,0,10,0
17724,The Conjuring Universe,5,Saturday,18,,,,0.0,0,2,0
13926,The Conjuring Universe,5,Saturday,18,0.0,0.0,0,100.0,17,17,2
17724,The Conjuring Universe,5,Saturday,19,0.0,0.0,0,100.0,9,9,1
13926,The Conjuring Universe,5,Saturday,19,0.0,0.0,0,100.0,7,7,2
17724,The Conjuring Universe,5,Saturday,20,0.0,0.0,0,100.0,3,3,1
13926,The Conjuring Universe,5,Saturday,20,0.0,0.0,0,100.0,4,4,1
17724,The Conjuring Universe,5,Saturday,21,0.0,0.0,0,100.0,9,9,1
13926,The Conjuring Universe,5,Saturday,21,0.0,0.0,0,100.0,8,8,1
17724,The Conjuring Universe,5,Saturday,22,0.0,0.0,0,100.0,3,3,1
13926,The Conjuring Universe,5,Saturday,22,0.0,0.0,0,100.0,10,10,1
13926,The Conjuring Universe,5,Saturday,23,0.0,0.0,0,100.0,2,2,1
13926,The Conjuring Universe,6,Sunday,1,,,,0.0,0,1,0
17724,The Conjuring Universe,6,Sunday,2,,,,0.0,0,6,0
13926,The Conjuring Universe,6,Sunday,2,,,,0.0,0,11,0
17724,The Conjuring Universe,6,Sunday,3,,,,0.0,0,6,0
13926,The Conjuring Universe,6,Sunday,4,,,,0.0,0,5,0
13926,The Conjuring Universe,6,Sunday,5,,,,0.0,0,7,0
17724,The Conjuring Universe,6,Sunday,12,,,,0.0,0,5,0
17724,The Conjuring Universe,6,Sunday,13,,,,0.0,0,7,0
13926,The Conjuring Universe,6,Sunday,13,,,,0.0,0,18,0
13926,The Conjuring Universe,6,Sunday,14,,,,0.0,0,6,0
17724,The Conjuring Universe,6,Sunday,15,,,,0.0,0,10,0
17724,The Conjuring Universe,6,Sunday,16,,,,0.0,0,2,0
13926,The Conjuring Universe,6,Sunday,16,,,,0.0,0,18,0
17724,The Conjuring Universe,6,Sunday,17,,,,0.0,0,4,0
13926,The Conjuring Universe,6,Sunday,17,,,,0.0,0,6,0
17724,The Conjuring Universe,6,Sunday,18,0.0,0.0,0,75.0,6,8,1
17724,The Conjuring Universe,6,Sunday,19,0.0,0.0,0,100.0,4,4,1
13926,The Conjuring Universe,6,Sunday,19,0.0,0.0,0,100.0,18,18,2
17724,The Conjuring Universe,6,Sunday,20,0.0,0.0,0,100.0,8,8,1
13926,The Conjuring Universe,6,Sunday,20,0.0,0.0,0,100.0,6,6,2
13926,The Conjuring Universe,6,Sunday,21,0.0,0.0,0,100.0,3,3,1
17724,The Conjuring Universe,6,Sunday,22,,,,0.0,0,9,0
13926,The Conjuring Universe,6,Sunday,22,0.0,0.0,0,10.5,2,19,1
17724,The Conjuring Universe,6,Sunday,23,,,,0.0,0,3,0
13926,The Conjuring Universe,6,Sunday,23,,,,0.0,0,2,0
3271,THE DARK KNIGHT™ Coaster,0,Monday,0,,,,0.0,0,12,0
3271,THE DARK KNIGHT™ Coaster,0,Monday,1,,,,0.0,0,4,0
3271,THE DARK KNIGHT™ Coaster,0,Monday,2,,,,0.0,0,17,0
3271,THE DARK KNIGHT™ Coaster,0,Monday,3,,,,0.0,0,9,0
3271,THE DARK KNIGHT™ Coaster,0,Monday,4,,,,0.0,0,34,0
3271,THE DARK KNIGHT™ Coaster,0,Monday,5,,,,0.0,0,9,0
3271,THE DARK KNIGHT™ Coaster,0,Monday,6,,,,0.0,0,3,0
3271,THE DARK KNIGHT™ Coaster,0,Monday,9,,,,0.0,0,4,0
3271,THE DARK KNIGHT™ Coaster,0,Monday,10,0.0,0.0,0,33.3,4,12,1
3271,THE DARK KNIGHT™ Coaster,0,Monday,11,8.3,20.0,20,100.0,12,12,1
3271,THE DARK KNIGHT™ Coaster,0,Monday,12,56.7,60.0,60,100.0,12,12,1
3271,THE DARK KNIGHT™ Coaster,0,Monday,13,56.5,60.0,60,100.0,13,13,2
3271,THE DARK KNIGHT™ Coaster,0,Monday,14,32.0,60.0,60,57.5,23,40,2
3271,THE DARK KNIGHT™ Coaster,0,Monday,15,18.8,20.0,30,70.0,21,30,2
3271,THE DARK KNIGHT™ Coaster,0,Monday,16,19.6,20.0,20,52.0,13,25,2
3271,THE DARK KNIGHT™ Coaster,0,Monday,17,28.0,45.0,45,95.7,22,23,2
3271,THE DARK KNIGHT™ Coaster,0,Monday,18,20.0,20.0,20,35.1,13,37,2
3271,THE DARK KNIGHT™ Coaster,0,Monday,19,14.0,20.0,20,100.0,26,26,3
3271,THE DARK KNIGHT™ Coaster,0,Monday,20,11.4,15.0,15,15.2,7,46,3
3271,THE DARK KNIGHT™ Coaster,0,Monday,21,,,,0.0,0,27,0
3271,THE DARK KNIGHT™ Coaster,0,Monday,22,,,,0.0,0,41,0
3271,THE DARK KNIGHT™ Coaster,0,Monday,23,,,,0.0,0,19,0
3271,THE DARK KNIGHT™ Coaster,1,Tuesday,0,,,,0.0,0,12,0
3271,THE DARK KNIGHT™ Coaster,1,Tuesday,1,,,,0.0,0,17,0
3271,THE DARK KNIGHT™ Coaster,1,Tuesday,2,,,,0.0,0,23,0
3271,THE DARK KNIGHT™ Coaster,1,Tuesday,3,,,,0.0,0,20,0
3271,THE DARK KNIGHT™ Coaster,1,Tuesday,4,,,,0.0,0,12,0
3271,THE DARK KNIGHT™ Coaster,1,Tuesday,5,,,,0.0,0,3,0
3271,THE DARK KNIGHT™ Coaster,1,Tuesday,9,,,,0.0,0,8,0
3271,THE DARK KNIGHT™ Coaster,1,Tuesday,10,0.0,0.0,0,33.3,6,18,2
3271,THE DARK KNIGHT™ Coaster,1,Tuesday,11,0.0,0.0,0,100.0,19,19,2
3271,THE DARK KNIGHT™ Coaster,1,Tuesday,12,0.0,0.0,0,85.7,18,21,2
3271,THE DARK KNIGHT™ Coaster,1,Tuesday,13,0.0,0.0,0,55.4,31,56,3
3271,THE DARK KNIGHT™ Coaster,1,Tuesday,14,1.7,0.0,45,67.5,27,40,4
3271,THE DARK KNIGHT™ Coaster,1,Tuesday,15,21.6,45.0,45,65.8,25,38,4
3271,THE DARK KNIGHT™ Coaster,1,Tuesday,16,18.6,45.0,45,51.8,29,56,3
3271,THE DARK KNIGHT™ Coaster,1,Tuesday,17,26.1,45.0,45,73.1,19,26,2
3271,THE DARK KNIGHT™ Coaster,1,Tuesday,18,4.4,5.0,45,65.3,32,49,4
3271,THE DARK KNIGHT™ Coaster,1,Tuesday,19,2.1,5.0,5,44.6,29,65,4
3271,THE DARK KNIGHT™ Coaster,1,Tuesday,20,5.0,5.0,5,7.1,2,28,1
3271,THE DARK KNIGHT™ Coaster,1,Tuesday,21,,,,0.0,0,59,0
3271,THE DARK KNIGHT™ Coaster,1,Tuesday,22,,,,0.0,0,34,0
3271,THE DARK KNIGHT™ Coaster,1,Tuesday,23,,,,0.0,0,23,0
3271,THE DARK KNIGHT™ Coaster,2,Wednesday,0,,,,0.0,0,10,0
3271,THE DARK KNIGHT™ Coaster,2,Wednesday,1,,,,0.0,0,20,0
3271,THE DARK KNIGHT™ Coaster,2,Wednesday,2,,,,0.0,0,11,0
3271,THE DARK KNIGHT™ Coaster,2,Wednesday,3,,,,0.0,0,27,0
3271,THE DARK KNIGHT™ Coaster,2,Wednesday,4,,,,0.0,0,10,0
3271,THE DARK KNIGHT™ Coaster,2,Wednesday,9,,,,0.0,0,8,0
3271,THE DARK KNIGHT™ Coaster,2,Wednesday,10,,,,0.0,0,19,0
3271,THE DARK KNIGHT™ Coaster,2,Wednesday,11,0.0,0.0,0,80.0,12,15,2
3271,THE DARK KNIGHT™ Coaster,2,Wednesday,12,0.0,0.0,0,88.9,16,18,2
3271,THE DARK KNIGHT™ Coaster,2,Wednesday,13,22.5,45.0,45,21.7,10,46,2
3271,THE DARK KNIGHT™ Coaster,2,Wednesday,14,25.4,45.0,45,69.7,23,33,3
3271,THE DARK KNIGHT™ Coaster,2,Wednesday,15,39.0,45.0,45,40.5,15,37,3
3271,THE DARK KNIGHT™ Coaster,2,Wednesday,16,45.0,45.0,45,28.6,10,35,2
3271,THE DARK KNIGHT™ Coaster,2,Wednesday,17,45.0,45.0,45,53.6,15,28,2
3271,THE DARK KNIGHT™ Coaster,2,Wednesday,18,4.5,0.0,45,62.5,20,32,3
3271,THE DARK KNIGHT™ Coaster,2,Wednesday,19,28.9,45.0,45,31.8,14,44,4
3271,THE DARK KNIGHT™ Coaster,2,Wednesday,20,0.0,0.0,0,2.4,1,41,1
3271,THE DARK KNIGHT™ Coaster,2,Wednesday,21,,,,0.0,0,35,0
3271,THE DARK KNIGHT™ Coaster,2,Wednesday,22,,,,0.0,0,23,0
3271,THE DARK KNIGHT™ Coaster,2,Wednesday,23,,,,0.0,0,18,0
3271,THE DARK KNIGHT™ Coaster,3,Thursday,0,,,,0.0,0,22,0
3271,THE DARK KNIGHT™ Coaster,3,Thursday,1,,,,0.0,0,27,0
3271,THE DARK KNIGHT™ Coaster,3,Thursday,2,,,,0.0,0,11,0
3271,THE DARK KNIGHT™ Coaster,3,Thursday,3,,,,0.0,0,29,0
3271,THE DARK KNIGHT™ Coaster,3,Thursday,4,,,,0.0,0,4,0
3271,THE DARK KNIGHT™ Coaster,3,Thursday,9,,,,0.0,0,5,0
3271,THE DARK KNIGHT™ Coaster,3,Thursday,10,0.0,0.0,0,33.3,4,12,1
3271,THE DARK KNIGHT™ Coaster,3,Thursday,11,0.0,0.0,0,100.0,12,12,1
3271,THE DARK KNIGHT™ Coaster,3,Thursday,12,0.0,0.0,0,63.2,12,19,1
3271,THE DARK KNIGHT™ Coaster,3,Thursday,13,0.0,0.0,0,28.6,12,42,1
3271,THE DARK KNIGHT™ Coaster,3,Thursday,14,0.0,0.0,0,60.7,17,28,2
3271,THE DARK KNIGHT™ Coaster,3,Thursday,15,0.0,0.0,0,56.5,26,46,3
3271,THE DARK KNIGHT™ Coaster,3,Thursday,16,0.0,0.0,0,55.2,16,29,2
3271,THE DARK KNIGHT™ Coaster,3,Thursday,17,0.0,0.0,0,40.0,14,35,2
3271,THE DARK KNIGHT™ Coaster,3,Thursday,18,0.0,0.0,0,37.1,13,35,3
3271,THE DARK KNIGHT™ Coaster,3,Thursday,19,0.0,0.0,0,30.5,18,59,3
3271,THE DARK KNIGHT™ Coaster,3,Thursday,20,0.0,0.0,0,22.7,10,44,2
3271,THE DARK KNIGHT™ Coaster,3,Thursday,21,,,,0.0,0,25,0
3271,THE DARK KNIGHT™ Coaster,3,Thursday,22,,,,0.0,0,53,0
3271,THE DARK KNIGHT™ Coaster,3,Thursday,23,,,,0.0,0,22,0
3271,THE DARK KNIGHT™ Coaster,4,Friday,0,,,,0.0,0,19,0
3271,THE DARK KNIGHT™ Coaster,4,Friday,1,,,,0.0,0,10,0
3271,THE DARK KNIGHT™ Coaster,4,Friday,2,,,,0.0,0,14,0
3271,THE DARK KNIGHT™ Coaster,4,Friday,3,,,,0.0,0,26,0
3271,THE DARK KNIGHT™ Coaster,4,Friday,4,,,,0.0,0,25,0
3271,THE DARK KNIGHT™ Coaster,4,Friday,5,,,,0.0,0,1,0
3271,THE DARK KNIGHT™ Coaster,4,Friday,9,,,,0.0,0,5,0
3271,THE DARK KNIGHT™ Coaster,4,Friday,10,0.0,0.0,0,25.0,3,12,1
3271,THE DARK KNIGHT™ Coaster,4,Friday,11,0.0,0.0,0,100.0,12,12,1
3271,THE DARK KNIGHT™ Coaster,4,Friday,12,16.9,30.0,30,69.6,16,23,2
3271,THE DARK KNIGHT™ Coaster,4,Friday,13,20.0,30.0,30,42.9,18,42,2
3271,THE DARK KNIGHT™ Coaster,4,Friday,14,30.0,30.0,30,3.3,1,30,1
3271,THE DARK KNIGHT™ Coaster,4,Friday,15,6.1,30.0,30,45.0,18,40,2
3271,THE DARK KNIGHT™ Coaster,4,Friday,16,49.3,60.0,60,60.9,14,23,2
3271,THE DARK KNIGHT™ Coaster,4,Friday,17,42.4,60.0,60,50.0,17,34,2
3271,THE DARK KNIGHT™ Coaster,4,Friday,18,21.0,60.0,60,74.5,35,47,5
3271,THE DARK KNIGHT™ Coaster,4,Friday,19,19.6,60.0,60,90.7,39,43,6
3271,THE DARK KNIGHT™ Coaster,4,Friday,20,24.0,60.0,60,71.4,30,42,4
3271,THE DARK KNIGHT™ Coaster,4,Friday,21,19.5,30.0,60,95.5,21,22,2
3271,THE DARK KNIGHT™ Coaster,4,Friday,22,4.1,30.0,30,41.5,22,53,4
3271,THE DARK KNIGHT™ Coaster,4,Friday,23,0.0,0.0,0,18.2,4,22,2
3271,THE DARK KNIGHT™ Coaster,5,Saturday,0,,,,0.0,0,23,0
3271,THE DARK KNIGHT™ Coaster,5,Saturday,1,,,,0.0,0,3,0
3271,THE DARK KNIGHT™ Coaster,5,Saturday,2,,,,0.0,0,8,0
3271,THE DARK KNIGHT™ Coaster,5,Saturday,3,,,,0.0,0,33,0
3271,THE DARK KNIGHT™ Coaster,5,Saturday,4,,,,0.0,0,18,0
3271,THE DARK KNIGHT™ Coaster,5,Saturday,5,,,,0.0,0,1,0
3271,THE DARK KNIGHT™ Coaster,5,Saturday,9,,,,0.0,0,8,0
3271,THE DARK KNIGHT™ Coaster,5,Saturday,10,0.0,0.0,0,33.3,4,12,1
3271,THE DARK KNIGHT™ Coaster,5,Saturday,11,2.4,15.0,15,100.0,17,17,3
3271,THE DARK KNIGHT™ Coaster,5,Saturday,12,9.8,30.0,30,100.0,49,49,7
3271,THE DARK KNIGHT™ Coaster,5,Saturday,13,8.9,30.0,30,100.0,46,46,7
3271,THE DARK KNIGHT™ Coaster,5,Saturday,14,11.6,30.0,45,88.9,32,36,3
3271,THE DARK KNIGHT™ Coaster,5,Saturday,15,31.0,45.0,60,71.4,30,42,4
3271,THE DARK KNIGHT™ Coaster,5,Saturday,16,29.8,60.0,60,97.9,47,48,6
3271,THE DARK KNIGHT™ Coaster,5,Saturday,17,44.3,60.0,60,100.0,27,27,4
3271,THE DARK KNIGHT™ Coaster,5,Saturday,18,28.2,60.0,60,96.6,56,58,7
3271,THE DARK KNIGHT™ Coaster,5,Saturday,19,32.8,60.0,60,92.7,38,41,7
3271,THE DARK KNIGHT™ Coaster,5,Saturday,20,19.1,30.0,60,81.4,35,43,6
3271,THE DARK KNIGHT™ Coaster,5,Saturday,21,11.1,40.0,40,100.0,45,45,5
3271,THE DARK KNIGHT™ Coaster,5,Saturday,22,31.6,45.0,45,73.1,19,26,4
3271,THE DARK KNIGHT™ Coaster,5,Saturday,23,45.0,45.0,45,16.7,2,12,1
3271,THE DARK KNIGHT™ Coaster,6,Sunday,0,,,,0.0,0,12,0
3271,THE DARK KNIGHT™ Coaster,6,Sunday,1,,,,0.0,0,22,0
3271,THE DARK KNIGHT™ Coaster,6,Sunday,2,,,,0.0,0,35,0
3271,THE DARK KNIGHT™ Coaster,6,Sunday,3,,,,0.0,0,7,0
3271,THE DARK KNIGHT™ Coaster,6,Sunday,4,,,,0.0,0,5,0
3271,THE DARK KNIGHT™ Coaster,6,Sunday,5,,,,0.0,0,7,0
3271,THE DARK KNIGHT™ Coaster,6,Sunday,9,,,,0.0,0,7,0
3271,THE DARK KNIGHT™ Coaster,6,Sunday,10,0.0,0.0,0,33.3,4,12,1
3271,THE DARK KNIGHT™ Coaster,6,Sunday,11,1.7,10.0,10,85.7,12,14,2
3271,THE DARK KNIGHT™ Coaster,6,Sunday,12,5.8,20.0,20,100.0,31,31,4
3271,THE DARK KNIGHT™ Coaster,6,Sunday,13,18.7,45.0,60,86.4,51,59,6
3271,THE DARK KNIGHT™ Coaster,6,Sunday,14,49.2,60.0,60,85.7,24,28,3
3271,THE DARK KNIGHT™ Coaster,6,Sunday,15,24.9,60.0,60,100.0,37,37,5
3271,THE DARK KNIGHT™ Coaster,6,Sunday,16,21.5,60.0,60,100.0,43,43,7
3271,THE DARK KNIGHT™ Coaster,6,Sunday,17,24.5,60.0,60,100.0,30,30,6
3271,THE DARK KNIGHT™ Coaster,6,Sunday,18,25.2,60.0,60,100.0,46,46,5
3271,THE DARK KNIGHT™ Coaster,6,Sunday,19,20.4,60.0,60,100.0,47,47,7
3271,THE DARK KNIGHT™ Coaster,6,Sunday,20,8.6,30.0,60,83.7,36,43,7
3271,THE DARK KNIGHT™ Coaster,6,Sunday,21,5.8,15.0,15,52.9,18,34,4
3271,THE DARK KNIGHT™ Coaster,6,Sunday,22,1.7,5.0,5,6.1,3,49,2
3271,THE DARK KNIGHT™ Coaster,6,Sunday,23,,,,0.0,0,19,0
14537,THE FLASH™: Vertical Velocity,0,Monday,0,,,,0.0,0,12,0
14537,THE FLASH™: Vertical Velocity,0,Monday,1,,,,0.0,0,4,0
14537,THE FLASH™: Vertical Velocity,0,Monday,2,,,,0.0,0,17,0
14537,THE FLASH™: Vertical Velocity,0,Monday,3,,,,0.0,0,9,0
14537,THE FLASH™: Vertical Velocity,0,Monday,4,,,,0.0,0,34,0
14537,THE FLASH™: Vertical Velocity,0,Monday,5,,,,0.0,0,9,0
14537,THE FLASH™: Vertical Velocity,0,Monday,6,,,,0.0,0,3,0
14537,THE FLASH™: Vertical Velocity,0,Monday,9,,,,0.0,0,4,0
14537,THE FLASH™: Vertical Velocity,0,Monday,10,18.8,45.0,45,33.3,4,12,1
14537,THE FLASH™: Vertical Velocity,0,Monday,11,56.2,60.0,60,100.0,12,12,1
14537,THE FLASH™: Vertical Velocity,0,Monday,12,48.8,60.0,60,100.0,12,12,1
14537,THE FLASH™: Vertical Velocity,0,Monday,13,50.8,45.0,120,100.0,13,13,2
14537,THE FLASH™: Vertical Velocity,0,Monday,14,86.7,120.0,120,57.5,23,40,2
14537,THE FLASH™: Vertical Velocity,0,Monday,15,40.0,60.0,60,60.0,18,30,2
14537,THE FLASH™: Vertical Velocity,0,Monday,16,46.0,60.0,60,60.0,15,25,2
14537,THE FLASH™: Vertical Velocity,0,Monday,17,58.6,75.0,75,95.7,22,23,2
14537,THE FLASH™: Vertical Velocity,0,Monday,18,70.7,75.0,75,37.8,14,37,2
14537,THE FLASH™: Vertical Velocity,0,Monday,19,50.2,75.0,75,100.0,26,26,3
14537,THE FLASH™: Vertical Velocity,0,Monday,20,53.6,75.0,75,15.2,7,46,3
14537,THE FLASH™: Vertical Velocity,0,Monday,21,,,,0.0,0,27,0
14537,THE FLASH™: Vertical Velocity,0,Monday,22,,,,0.0,0,41,0
14537,THE FLASH™: Vertical Velocity,0,Monday,23,,,,0.0,0,19,0
14537,THE FLASH™: Vertical Velocity,1,Tuesday,0,,,,0.0,0,12,0
14537,THE FLASH™: Vertical Velocity,1,Tuesday,1,,,,0.0,0,17,0
14537,THE FLASH™: Vertical Velocity,1,Tuesday,2,,,,0.0,0,23,0
14537,THE FLASH™: Vertical Velocity,1,Tuesday,3,,,,0.0,0,20,0
14537,THE FLASH™: Vertical Velocity,1,Tuesday,4,,,,0.0,0,12,0
14537,THE FLASH™: Vertical Velocity,1,Tuesday,5,,,,0.0,0,3,0
14537,THE FLASH™: Vertical Velocity,1,Tuesday,9,,,,0.0,0,8,0
14537,THE FLASH™: Vertical Velocity,1,Tuesday,10,0.0,0.0,0,22.2,4,18,1
14537,THE FLASH™: Vertical Velocity,1,Tuesday,11,11.2,45.0,45,84.2,16,19,2
14537,THE FLASH™: Vertical Velocity,1,Tuesday,12,47.4,120.0,120,90.5,19,21,2
14537,THE FLASH™: Vertical Velocity,1,Tuesday,13,53.5,90.0,90,55.4,31,56,3
14537,THE FLASH™: Vertical Velocity,1,Tuesday,14,36.3,75.0,75,67.5,27,40,4
14537,THE FLASH™: Vertical Velocity,1,Tuesday,15,50.6,75.0,75,65.8,25,38,4
14537,THE FLASH™: Vertical Velocity,1,Tuesday,16,41.8,75.0,75,55.4,31,56,3
14537,THE FLASH™: Vertical Velocity,1,Tuesday,17,66.5,75.0,75,65.4,17,26,2
14537,THE FLASH™: Vertical Velocity,1,Tuesday,18,49.5,75.0,75,61.2,30,49,4
14537,THE FLASH™: Vertical Velocity,1,Tuesday,19,40.2,75.0,75,44.6,29,65,4
14537,THE FLASH™: Vertical Velocity,1,Tuesday,20,75.0,75.0,75,7.1,2,28,1
14537,THE FLASH™: Vertical Velocity,1,Tuesday,21,,,,0.0,0,59,0
14537,THE FLASH™: Vertical Velocity,1,Tuesday,22,,,,0.0,0,34,0
14537,THE FLASH™: Vertical Velocity,1,Tuesday,23,,,,0.0,0,23,0
14537,THE FLASH™: Vertical Velocity,2,Wednesday,0,,,,0.0,0,10,0
14537,THE FLASH™: Vertical Velocity,2,Wednesday,1,,,,0.0,0,20,0
14537,THE FLASH™: Vertical Velocity,2,Wednesday,2,,,,0.0,0,11,0
14537,THE FLASH™: Vertical Velocity,2,Wednesday,3,,,,0.0,0,27,0
14537,THE FLASH™: Vertical Velocity,2,Wednesday,4,,,,0.0,0,10,0
14537,THE FLASH™: Vertical Velocity,2,Wednesday,9,,,,0.0,0,8,0
14537,THE FLASH™: Vertical Velocity,2,Wednesday,10,0.0,0.0,0,15.8,3,19,1
14537,THE FLASH™: Vertical Velocity,2,Wednesday,11,46.0,60.0,75,100.0,15,15,2
14537,THE FLASH™: Vertical Velocity,2,Wednesday,12,54.7,75.0,75,94.4,17,18,3
14537,THE FLASH™: Vertical Velocity,2,Wednesday,13,20.0,60.0,60,19.6,9,46,2
14537,THE FLASH™: Vertical Velocity,2,Wednesday,14,29.3,60.0,60,63.6,21,33,3
14537,THE FLASH™: Vertical Velocity,2,Wednesday,15,27.9,45.0,60,56.8,21,37,4
14537,THE FLASH™: Vertical Velocity,2,Wednesday,16,39.2,75.0,75,37.1,13,35,3
14537,THE FLASH™: Vertical Velocity,2,Wednesday,17,49.1,60.0,60,39.3,11,28,2
14537,THE FLASH™: Vertical Velocity,2,Wednesday,18,16.4,60.0,60,65.6,21,32,3
14537,THE FLASH™: Vertical Velocity,2,Wednesday,19,48.2,60.0,60,31.8,14,44,4
14537,THE FLASH™: Vertical Velocity,2,Wednesday,20,60.0,60.0,60,7.3,3,41,1
14537,THE FLASH™: Vertical Velocity,2,Wednesday,21,,,,0.0,0,35,0
14537,THE FLASH™: Vertical Velocity,2,Wednesday,22,,,,0.0,0,23,0
14537,THE FLASH™: Vertical Velocity,2,Wednesday,23,,,,0.0,0,18,0
14537,THE FLASH™: Vertical Velocity,3,Thursday,0,,,,0.0,0,22,0
14537,THE FLASH™: Vertical Velocity,3,Thursday,1,,,,0.0,0,27,0
14537,THE FLASH™: Vertical Velocity,3,Thursday,2,,,,0.0,0,11,0
14537,THE FLASH™: Vertical Velocity,3,Thursday,3,,,,0.0,0,29,0
14537,THE FLASH™: Vertical Velocity,3,Thursday,4,,,,0.0,0,4,0
14537,THE FLASH™: Vertical Velocity,3,Thursday,9,,,,0.0,0,5,0
14537,THE FLASH™: Vertical Velocity,3,Thursday,10,7.5,30.0,30,33.3,4,12,1
14537,THE FLASH™: Vertical Velocity,3,Thursday,11,32.9,45.0,45,100.0,12,12,1
14537,THE FLASH™: Vertical Velocity,3,Thursday,12,17.1,20.0,45,63.2,12,19,2
14537,THE FLASH™: Vertical Velocity,3,Thursday,13,9.4,20.0,20,40.5,17,42,2
14537,THE FLASH™: Vertical Velocity,3,Thursday,14,19.4,30.0,30,60.7,17,28,2
14537,THE FLASH™: Vertical Velocity,3,Thursday,15,10.8,30.0,30,56.5,26,46,3
14537,THE FLASH™: Vertical Velocity,3,Thursday,16,17.1,20.0,20,48.3,14,29,2
14537,THE FLASH™: Vertical Velocity,3,Thursday,17,11.0,20.0,20,42.9,15,35,2
14537,THE FLASH™: Vertical Velocity,3,Thursday,18,5.8,10.0,10,37.1,13,35,3
14537,THE FLASH™: Vertical Velocity,3,Thursday,19,1.3,5.0,5,25.4,15,59,2
14537,THE FLASH™: Vertical Velocity,3,Thursday,20,2.0,5.0,5,11.4,5,44,2
14537,THE FLASH™: Vertical Velocity,3,Thursday,21,,,,0.0,0,25,0
14537,THE FLASH™: Vertical Velocity,3,Thursday,22,,,,0.0,0,53,0
14537,THE FLASH™: Vertical Velocity,3,Thursday,23,,,,0.0,0,22,0
14537,THE FLASH™: Vertical Velocity,4,Friday,0,,,,0.0,0,19,0
14537,THE FLASH™: Vertical Velocity,4,Friday,1,,,,0.0,0,10,0
14537,THE FLASH™: Vertical Velocity,4,Friday,2,,,,0.0,0,14,0
14537,THE FLASH™: Vertical Velocity,4,Friday,3,,,,0.0,0,26,0
14537,THE FLASH™: Vertical Velocity,4,Friday,4,,,,0.0,0,25,0
14537,THE FLASH™: Vertical Velocity,4,Friday,5,,,,0.0,0,1,0
14537,THE FLASH™: Vertical Velocity,4,Friday,9,,,,0.0,0,5,0
14537,THE FLASH™: Vertical Velocity,4,Friday,10,0.0,0.0,0,25.0,3,12,1
14537,THE FLASH™: Vertical Velocity,4,Friday,11,26.2,45.0,45,100.0,12,12,1
14537,THE FLASH™: Vertical Velocity,4,Friday,12,46.2,75.0,75,73.9,17,23,2
14537,THE FLASH™: Vertical Velocity,4,Friday,13,56.1,75.0,75,33.3,14,42,2
14537,THE FLASH™: Vertical Velocity,4,Friday,14,60.0,60.0,60,40.0,12,30,1
14537,THE FLASH™: Vertical Velocity,4,Friday,15,38.0,60.0,60,55.0,22,40,2
14537,THE FLASH™: Vertical Velocity,4,Friday,16,53.6,60.0,60,60.9,14,23,2
14537,THE FLASH™: Vertical Velocity,4,Friday,17,46.8,60.0,60,50.0,17,34,2
14537,THE FLASH™: Vertical Velocity,4,Friday,18,33.0,60.0,60,53.2,25,47,3
14537,THE FLASH™: Vertical Velocity,4,Friday,19,48.3,60.0,60,41.9,18,43,4
14537,THE FLASH™: Vertical Velocity,4,Friday,20,48.6,60.0,60,50.0,21,42,3
14537,THE FLASH™: Vertical Velocity,4,Friday,21,69.0,75.0,75,68.2,15,22,2
14537,THE FLASH™: Vertical Velocity,4,Friday,22,45.8,60.0,75,37.7,20,53,4
14537,THE FLASH™: Vertical Velocity,4,Friday,23,45.0,60.0,60,18.2,4,22,2
14537,THE FLASH™: Vertical Velocity,5,Saturday,0,,,,0.0,0,23,0
14537,THE FLASH™: Vertical Velocity,5,Saturday,1,,,,0.0,0,3,0
14537,THE FLASH™: Vertical Velocity,5,Saturday,2,,,,0.0,0,8,0
14537,THE FLASH™: Vertical Velocity,5,Saturday,3,,,,0.0,0,33,0
14537,THE FLASH™: Vertical Velocity,5,Saturday,4,,,,0.0,0,18,0
14537,THE FLASH™: Vertical Velocity,5,Saturday,5,,,,0.0,0,1,0
14537,THE FLASH™: Vertical Velocity,5,Saturday,9,,,,0.0,0,8,0
14537,THE FLASH™: Vertical Velocity,5,Saturday,10,0.0,0.0,0,33.3,4,12,1
14537,THE FLASH™: Vertical Velocity,5,Saturday,11,18.1,20.0,75,76.5,13,17,2
14537,THE FLASH™: Vertical Velocity,5,Saturday,12,64.7,75.0,75,91.8,45,49,7
14537,THE FLASH™: Vertical Velocity,5,Saturday,13,56.4,90.0,90,100.0,46,46,7
14537,THE FLASH™: Vertical Velocity,5,Saturday,14,73.7,90.0,90,94.4,34,36,4
14537,THE FLASH™: Vertical Velocity,5,Saturday,15,59.3,90.0,120,100.0,42,42,6
14537,THE FLASH™: Vertical Velocity,5,Saturday,16,68.4,90.0,120,89.6,43,48,6
14537,THE FLASH™: Vertical Velocity,5,Saturday,17,71.7,90.0,90,100.0,27,27,4
14537,THE FLASH™: Vertical Velocity,5,Saturday,18,60.3,120.0,120,100.0,58,58,7
14537,THE FLASH™: Vertical Velocity,5,Saturday,19,73.3,120.0,120,80.5,33,41,7
14537,THE FLASH™: Vertical Velocity,5,Saturday,20,53.4,75.0,75,79.1,34,43,6
14537,THE FLASH™: Vertical Velocity,5,Saturday,21,43.7,75.0,75,93.3,42,45,5
14537,THE FLASH™: Vertical Velocity,5,Saturday,22,62.9,90.0,90,73.1,19,26,4
14537,THE FLASH™: Vertical Velocity,5,Saturday,23,90.0,90.0,90,16.7,2,12,1
14537,THE FLASH™: Vertical Velocity,6,Sunday,0,,,,0.0,0,12,0
14537,THE FLASH™: Vertical Velocity,6,Sunday,1,,,,0.0,0,22,0
14537,THE FLASH™: Vertical Velocity,6,Sunday,2,,,,0.0,0,35,0
14537,THE FLASH™: Vertical Velocity,6,Sunday,3,,,,0.0,0,7,0
14537,THE FLASH™: Vertical Velocity,6,Sunday,4,,,,0.0,0,5,0
14537,THE FLASH™: Vertical Velocity,6,Sunday,5,,,,0.0,0,7,0
14537,THE FLASH™: Vertical Velocity,6,Sunday,9,,,,0.0,0,7,0
14537,THE FLASH™: Vertical Velocity,6,Sunday,10,0.0,0.0,0,33.3,4,12,1
14537,THE FLASH™: Vertical Velocity,6,Sunday,11,43.9,75.0,75,100.0,14,14,2
14537,THE FLASH™: Vertical Velocity,6,Sunday,12,48.4,75.0,75,100.0,31,31,4
14537,THE FLASH™: Vertical Velocity,6,Sunday,13,37.6,75.0,75,86.4,51,59,6
14537,THE FLASH™: Vertical Velocity,6,Sunday,14,68.2,75.0,75,78.6,22,28,3
14537,THE FLASH™: Vertical Velocity,6,Sunday,15,41.4,90.0,90,97.3,36,37,5
14537,THE FLASH™: Vertical Velocity,6,Sunday,16,40.0,90.0,90,93.0,40,43,7
14537,THE FLASH™: Vertical Velocity,6,Sunday,17,49.7,90.0,90,100.0,30,30,6
14537,THE FLASH™: Vertical Velocity,6,Sunday,18,62.8,90.0,90,100.0,46,46,5
14537,THE FLASH™: Vertical Velocity,6,Sunday,19,40.8,90.0,90,91.5,43,47,7
14537,THE FLASH™: Vertical Velocity,6,Sunday,20,49.7,90.0,90,74.4,32,43,6
14537,THE FLASH™: Vertical Velocity,6,Sunday,21,71.7,90.0,90,52.9,18,34,4
14537,THE FLASH™: Vertical Velocity,6,Sunday,22,30.0,90.0,90,6.1,3,49,2
14537,THE FLASH™: Vertical Velocity,6,Sunday,23,,,,0.0,0,19,0
3288,THE JOKER™,0,Monday,0,,,,0.0,0,12,0
3288,THE JOKER™,0,Monday,1,,,,0.0,0,4,0
3288,THE JOKER™,0,Monday,2,,,,0.0,0,17,0
3288,THE JOKER™,0,Monday,3,,,,0.0,0,9,0
3288,THE JOKER™,0,Monday,4,,,,0.0,0,34,0
3288,THE JOKER™,0,Monday,5,,,,0.0,0,9,0
3288,THE JOKER™,0,Monday,6,,,,0.0,0,3,0
3288,THE JOKER™,0,Monday,9,,,,0.0,0,4,0
3288,THE JOKER™,0,Monday,10,0.0,0.0,0,33.3,4,12,1
3288,THE JOKER™,0,Monday,11,3.0,0.0,30,83.3,10,12,1
3288,THE JOKER™,0,Monday,12,30.0,30.0,30,100.0,12,12,1
3288,THE JOKER™,0,Monday,13,31.2,30.0,45,100.0,13,13,2
3288,THE JOKER™,0,Monday,14,46.3,60.0,60,57.5,23,40,2
3288,THE JOKER™,0,Monday,15,38.6,60.0,60,70.0,21,30,2
3288,THE JOKER™,0,Monday,16,34.0,60.0,60,60.0,15,25,2
3288,THE JOKER™,0,Monday,17,36.8,45.0,45,95.7,22,23,2
3288,THE JOKER™,0,Monday,18,32.1,45.0,45,37.8,14,37,2
3288,THE JOKER™,0,Monday,19,10.8,20.0,30,92.3,24,26,3
3288,THE JOKER™,0,Monday,20,8.6,15.0,15,15.2,7,46,3
3288,THE JOKER™,0,Monday,21,,,,0.0,0,27,0
3288,THE JOKER™,0,Monday,22,,,,0.0,0,41,0
3288,THE JOKER™,0,Monday,23,,,,0.0,0,19,0
3288,THE JOKER™,1,Tuesday,0,,,,0.0,0,12,0
3288,THE JOKER™,1,Tuesday,1,,,,0.0,0,17,0
3288,THE JOKER™,1,Tuesday,2,,,,0.0,0,23,0
3288,THE JOKER™,1,Tuesday,3,,,,0.0,0,20,0
3288,THE JOKER™,1,Tuesday,4,,,,0.0,0,12,0
3288,THE JOKER™,1,Tuesday,5,,,,0.0,0,3,0
3288,THE JOKER™,1,Tuesday,9,,,,0.0,0,8,0
3288,THE JOKER™,1,Tuesday,10,0.0,0.0,0,22.2,4,18,1
3288,THE JOKER™,1,Tuesday,11,5.4,20.0,20,68.4,13,19,2
3288,THE JOKER™,1,Tuesday,12,52.4,65.0,65,90.5,19,21,2
3288,THE JOKER™,1,Tuesday,13,26.6,60.0,65,50.0,28,56,3
3288,THE JOKER™,1,Tuesday,14,23.6,40.0,40,62.5,25,40,4
3288,THE JOKER™,1,Tuesday,15,24.8,35.0,60,65.8,25,38,4
3288,THE JOKER™,1,Tuesday,16,28.6,60.0,60,51.8,29,56,3
3288,THE JOKER™,1,Tuesday,17,43.0,60.0,60,76.9,20,26,2
3288,THE JOKER™,1,Tuesday,18,16.0,35.0,35,71.4,35,49,4
3288,THE JOKER™,1,Tuesday,19,17.6,35.0,35,44.6,29,65,4
3288,THE JOKER™,1,Tuesday,20,35.0,35.0,35,7.1,2,28,1
3288,THE JOKER™,1,Tuesday,21,,,,0.0,0,59,0
3288,THE JOKER™,1,Tuesday,22,,,,0.0,0,34,0
3288,THE JOKER™,1,Tuesday,23,,,,0.0,0,23,0
3288,THE JOKER™,2,Wednesday,0,,,,0.0,0,10,0
3288,THE JOKER™,2,Wednesday,1,,,,0.0,0,20,0
3288,THE JOKER™,2,Wednesday,2,,,,0.0,0,11,0
3288,THE JOKER™,2,Wednesday,3,,,,0.0,0,27,0
3288,THE JOKER™,2,Wednesday,4,,,,0.0,0,10,0
3288,THE JOKER™,2,Wednesday,9,,,,0.0,0,8,0
3288,THE JOKER™,2,Wednesday,10,0.0,0.0,0,15.8,3,19,1
3288,THE JOKER™,2,Wednesday,11,0.0,0.0,0,100.0,15,15,2
3288,THE JOKER™,2,Wednesday,12,12.9,30.0,30,94.4,17,18,3
3288,THE JOKER™,2,Wednesday,13,15.5,30.0,55,45.7,21,46,3
3288,THE JOKER™,2,Wednesday,14,15.0,30.0,30,60.6,20,33,2
3288,THE JOKER™,2,Wednesday,15,21.0,30.0,55,56.8,21,37,4
3288,THE JOKER™,2,Wednesday,16,18.8,30.0,30,45.7,16,35,3
3288,THE JOKER™,2,Wednesday,17,30.0,30.0,30,53.6,15,28,2
3288,THE JOKER™,2,Wednesday,18,4.3,30.0,30,65.6,21,32,3
3288,THE JOKER™,2,Wednesday,19,19.3,30.0,30,31.8,14,44,4
3288,THE JOKER™,2,Wednesday,20,30.0,30.0,30,7.3,3,41,1
3288,THE JOKER™,2,Wednesday,21,,,,0.0,0,35,0
3288,THE JOKER™,2,Wednesday,22,,,,0.0,0,23,0
3288,THE JOKER™,2,Wednesday,23,,,,0.0,0,18,0
3288,THE JOKER™,3,Thursday,0,,,,0.0,0,22,0
3288,THE JOKER™,3,Thursday,1,,,,0.0,0,27,0
3288,THE JOKER™,3,Thursday,2,,,,0.0,0,11,0
3288,THE JOKER™,3,Thursday,3,,,,0.0,0,29,0
3288,THE JOKER™,3,Thursday,4,,,,0.0,0,4,0
3288,THE JOKER™,3,Thursday,9,,,,0.0,0,5,0
3288,THE JOKER™,3,Thursday,10,0.0,0.0,0,33.3,4,12,1
3288,THE JOKER™,3,Thursday,11,0.0,0.0,0,100.0,12,12,1
3288,THE JOKER™,3,Thursday,12,0.0,0.0,0,73.7,14,19,2
3288,THE JOKER™,3,Thursday,13,0.0,0.0,0,35.7,15,42,2
3288,THE JOKER™,3,Thursday,14,0.0,0.0,0,60.7,17,28,2
3288,THE JOKER™,3,Thursday,15,0.0,0.0,0,56.5,26,46,3
3288,THE JOKER™,3,Thursday,16,0.0,0.0,0,48.3,14,29,2
3288,THE JOKER™,3,Thursday,17,0.0,0.0,0,42.9,15,35,2
3288,THE JOKER™,3,Thursday,18,0.0,0.0,0,37.1,13,35,3
3288,THE JOKER™,3,Thursday,19,0.0,0.0,0,30.5,18,59,3
3288,THE JOKER™,3,Thursday,20,0.0,0.0,0,25.0,11,44,2
3288,THE JOKER™,3,Thursday,21,,,,0.0,0,25,0
3288,THE JOKER™,3,Thursday,22,,,,0.0,0,53,0
3288,THE JOKER™,3,Thursday,23,,,,0.0,0,22,0
3288,THE JOKER™,4,Friday,0,,,,0.0,0,19,0
3288,THE JOKER™,4,Friday,1,,,,0.0,0,10,0
3288,THE JOKER™,4,Friday,2,,,,0.0,0,14,0
3288,THE JOKER™,4,Friday,3,,,,0.0,0,26,0
3288,THE JOKER™,4,Friday,4,,,,0.0,0,25,0
3288,THE JOKER™,4,Friday,5,,,,0.0,0,1,0
3288,THE JOKER™,4,Friday,9,,,,0.0,0,5,0
3288,THE JOKER™,4,Friday,10,0.0,0.0,0,25.0,3,12,1
3288,THE JOKER™,4,Friday,11,2.1,5.0,5,100.0,12,12,1
3288,THE JOKER™,4,Friday,12,40.0,75.0,75,73.9,17,23,2
3288,THE JOKER™,4,Friday,13,17.6,30.0,30,45.2,19,42,2
3288,THE JOKER™,4,Friday,14,47.5,60.0,60,40.0,12,30,1
3288,THE JOKER™,4,Friday,15,23.6,40.0,60,55.0,22,40,2
3288,THE JOKER™,4,Friday,16,15.0,40.0,40,60.9,14,23,2
3288,THE JOKER™,4,Friday,17,24.7,40.0,40,50.0,17,34,2
3288,THE JOKER™,4,Friday,18,20.8,40.0,40,55.3,26,47,4
3288,THE JOKER™,4,Friday,19,19.4,40.0,40,81.4,35,43,5
3288,THE JOKER™,4,Friday,20,15.0,15.0,45,71.4,30,42,4
3288,THE JOKER™,4,Friday,21,13.8,15.0,15,59.1,13,22,2
3288,THE JOKER™,4,Friday,22,16.1,20.0,20,41.5,22,53,4
3288,THE JOKER™,4,Friday,23,17.5,20.0,20,18.2,4,22,2
3288,THE JOKER™,5,Saturday,0,,,,0.0,0,23,0
3288,THE JOKER™,5,Saturday,1,,,,0.0,0,3,0
3288,THE JOKER™,5,Saturday,2,,,,0.0,0,8,0
3288,THE JOKER™,5,Saturday,3,,,,0.0,0,33,0
3288,THE JOKER™,5,Saturday,4,,,,0.0,0,18,0
3288,THE JOKER™,5,Saturday,5,,,,0.0,0,1,0
3288,THE JOKER™,5,Saturday,9,,,,0.0,0,8,0
3288,THE JOKER™,5,Saturday,10,0.0,0.0,0,16.7,2,12,1
3288,THE JOKER™,5,Saturday,11,4.0,5.0,5,29.4,5,17,2
3288,THE JOKER™,5,Saturday,12,28.0,60.0,60,91.8,45,49,7
3288,THE JOKER™,5,Saturday,13,28.0,60.0,60,80.4,37,46,7
3288,THE JOKER™,5,Saturday,14,45.8,60.0,60,100.0,36,36,4
3288,THE JOKER™,5,Saturday,15,39.0,60.0,75,100.0,42,42,6
3288,THE JOKER™,5,Saturday,16,40.5,60.0,60,89.6,43,48,6
3288,THE JOKER™,5,Saturday,17,49.1,80.0,80,100.0,27,27,4
3288,THE JOKER™,5,Saturday,18,32.8,75.0,80,100.0,58,58,7
3288,THE JOKER™,5,Saturday,19,36.5,75.0,75,100.0,41,41,7
3288,THE JOKER™,5,Saturday,20,22.9,35.0,60,81.4,35,43,6
3288,THE JOKER™,5,Saturday,21,15.3,60.0,60,100.0,45,45,5
3288,THE JOKER™,5,Saturday,22,34.7,60.0,60,61.5,16,26,4
3288,THE JOKER™,5,Saturday,23,40.0,60.0,60,16.7,2,12,1
3288,THE JOKER™,6,Sunday,0,,,,0.0,0,12,0
3288,THE JOKER™,6,Sunday,1,,,,0.0,0,22,0
3288,THE JOKER™,6,Sunday,2,,,,0.0,0,35,0
3288,THE JOKER™,6,Sunday,3,,,,0.0,0,7,0
3288,THE JOKER™,6,Sunday,4,,,,0.0,0,5,0
3288,THE JOKER™,6,Sunday,5,,,,0.0,0,7,0
3288,THE JOKER™,6,Sunday,9,,,,0.0,0,7,0
3288,THE JOKER™,6,Sunday,10,0.0,0.0,0,33.3,4,12,1
3288,THE JOKER™,6,Sunday,11,16.5,65.0,65,92.9,13,14,2
3288,THE JOKER™,6,Sunday,12,37.2,65.0,65,96.8,30,31,4
3288,THE JOKER™,6,Sunday,13,30.8,70.0,70,86.4,51,59,6
3288,THE JOKER™,6,Sunday,14,54.2,70.0,70,85.7,24,28,3
3288,THE JOKER™,6,Sunday,15,34.2,70.0,70,100.0,37,37,5
3288,THE JOKER™,6,Sunday,16,25.3,50.0,50,100.0,43,43,7
3288,THE JOKER™,6,Sunday,17,24.8,60.0,60,100.0,30,30,6
3288,THE JOKER™,6,Sunday,18,30.1,60.0,75,100.0,46,46,5
3288,THE JOKER™,6,Sunday,19,22.0,50.0,75,97.9,46,47,7
3288,THE JOKER™,6,Sunday,20,7.4,30.0,40,81.4,35,43,7
3288,THE JOKER™,6,Sunday,21,3.6,5.0,5,52.9,18,34,4
3288,THE JOKER™,6,Sunday,22,1.7,5.0,5,6.1,3,49,2
3288,THE JOKER™,6,Sunday,23,,,,0.0,0,19,0
17725,The Witch's Reflection,0,Monday,3,,,,0.0,0,1,0
17725,The Witch's Reflection,0,Monday,4,,,,0.0,0,23,0
17725,The Witch's Reflection,0,Monday,5,,,,0.0,0,9,0
17725,The Witch's Reflection,0,Monday,6,,,,0.0,0,3,0
17725,The Witch's Reflection,0,Monday,14,,,,0.0,0,8,0
17725,The Witch's Reflection,0,Monday,15,,,,0.0,0,6,0
17725,The Witch's Reflection,0,Monday,16,,,,0.0,0,10,0
17725,The Witch's Reflection,0,Monday,18,,,,0.0,0,12,0
17725,The Witch's Reflection,0,Monday,20,,,,0.0,0,13,0
17725,The Witch's Reflection,0,Monday,21,,,,0.0,0,16,0
17725,The Witch's Reflection,0,Monday,22,,,,0.0,0,7,0
17725,The Witch's Reflection,1,Tuesday,1,,,,0.0,0,3,0
17725,The Witch's Reflection,1,Tuesday,2,,,,0.0,0,21,0
17725,The Witch's Reflection,1,Tuesday,4,,,,0.0,0,9,0
17725,The Witch's Reflection,1,Tuesday,5,,,,0.0,0,3,0
17725,The Witch's Reflection,1,Tuesday,13,,,,0.0,0,7,0
17725,The Witch's Reflection,1,Tuesday,14,,,,0.0,0,17,0
17725,The Witch's Reflection,1,Tuesday,15,,,,0.0,0,12,0
17725,The Witch's Reflection,1,Tuesday,16,,,,0.0,0,9,0
17725,The Witch's Reflection,1,Tuesday,17,,,,0.0,0,3,0
17725,The Witch's Reflection,1,Tuesday,18,,,,0.0,0,9,0
17725,The Witch's Reflection,1,Tuesday,19,,,,0.0,0,27,0
17725,The Witch's Reflection,1,Tuesday,21,,,,0.0,0,16,0
17725,The Witch's Reflection,1,Tuesday,22,,,,0.0,0,20,0
17725,The Witch's Reflection,2,Wednesday,2,,,,0.0,0,2,0
17725,The Witch's Reflection,2,Wednesday,3,,,,0.0,0,24,0
17725,The Witch's Reflection,2,Wednesday,4,,,,0.0,0,10,0
17725,The Witch's Reflection,2,Wednesday,13,,,,0.0,0,14,0
17725,The Witch's Reflection,2,Wednesday,14,,,,0.0,0,20,0
17725,The Witch's Reflection,2,Wednesday,15,,,,0.0,0,13,0
17725,The Witch's Reflection,2,Wednesday,16,,,,0.0,0,12,0
17725,The Witch's Reflection,2,Wednesday,17,,,,0.0,0,13,0
17725,The Witch's Reflection,2,Wednesday,18,,,,0.0,0,7,0
17725,The Witch's Reflection,2,Wednesday,19,,,,0.0,0,31,0
17725,The Witch's Reflection,2,Wednesday,20,,,,0.0,0,10,0
17725,The Witch's Reflection,2,Wednesday,21,,,,0.0,0,20,0
17725,The Witch's Reflection,2,Wednesday,22,,,,0.0,0,16,0
17725,The Witch's Reflection,2,Wednesday,23,,,,0.0,0,6,0
17725,The Witch's Reflection,3,Thursday,0,,,,0.0,0,6,0
17725,The Witch's Reflection,3,Thursday,2,,,,0.0,0,3,0
17725,The Witch's Reflection,3,Thursday,3,,,,0.0,0,29,0
17725,The Witch's Reflection,3,Thursday,4,,,,0.0,0,4,0
17725,The Witch's Reflection,3,Thursday,13,,,,0.0,0,13,0
17725,The Witch's Reflection,3,Thursday,14,,,,0.0,0,16,0
17725,The Witch's Reflection,3,Thursday,15,,,,0.0,0,19,0
17725,The Witch's Reflection,3,Thursday,16,,,,0.0,0,8,0
17725,The Witch's Reflection,3,Thursday,17,,,,0.0,0,16,0
17725,The Witch's Reflection,3,Thursday,18,,,,0.0,0,2,0
17725,The Witch's Reflection,3,Thursday,19,0.0,0.0,0,10.3,3,29,1
17725,The Witch's Reflection,3,Thursday,20,0.0,0.0,0,50.0,9,18,1
17725,The Witch's Reflection,3,Thursday,21,,,,0.0,0,12,0
17725,The Witch's Reflection,3,Thursday,22,,,,0.0,0,18,0
17725,The Witch's Reflection,3,Thursday,23,,,,0.0,0,10,0
17725,The Witch's Reflection,4,Friday,0,,,,0.0,0,7,0
17725,The Witch's Reflection,4,Friday,1,,,,0.0,0,6,0
17725,The Witch's Reflection,4,Friday,2,,,,0.0,0,6,0
17725,The Witch's Reflection,4,Friday,3,,,,0.0,0,2,0
17725,The Witch's Reflection,4,Friday,4,,,,0.0,0,21,0
17725,The Witch's Reflection,4,Friday,5,,,,0.0,0,1,0
17725,The Witch's Reflection,4,Friday,12,,,,0.0,0,3,0
17725,The Witch's Reflection,4,Friday,13,,,,0.0,0,14,0
17725,The Witch's Reflection,4,Friday,14,,,,0.0,0,18,0
17725,The Witch's Reflection,4,Friday,15,,,,0.0,0,10,0
17725,The Witch's Reflection,4,Friday,16,,,,0.0,0,5,0
17725,The Witch's Reflection,4,Friday,17,,,,0.0,0,14,0
17725,The Witch's Reflection,4,Friday,18,,,,0.0,0,16,0
17725,The Witch's Reflection,4,Friday,19,0.0,0.0,0,66.7,8,12,2
17725,The Witch's Reflection,4,Friday,20,0.0,0.0,0,50.0,8,16,1
17725,The Witch's Reflection,4,Friday,21,0.0,0.0,0,100.0,9,9,1
17725,The Witch's Reflection,4,Friday,22,0.0,0.0,0,47.4,9,19,2
17725,The Witch's Reflection,4,Friday,23,0.0,0.0,0,25.0,2,8,1
17725,The Witch's Reflection,5,Saturday,2,,,,0.0,0,4,0
17725,The Witch's Reflection,5,Saturday,3,,,,0.0,0,15,0
17725,The Witch's Reflection,5,Saturday,4,,,,0.0,0,16,0
17725,The Witch's Reflection,5,Saturday,5,,,,0.0,0,1,0
17725,The Witch's Reflection,5,Saturday,12,,,,0.0,0,16,0
17725,The Witch's Reflection,5,Saturday,13,,,,0.0,0,20,0
17725,The Witch's Reflection,5,Saturday,14,,,,0.0,0,4,0
17725,The Witch's Reflection,5,Saturday,15,,,,0.0,0,20,0
17725,The Witch's Reflection,5,Saturday,16,,,,0.0,0,12,0
17725,The Witch's Reflection,5,Saturday,17,,,,0.0,0,10,0
17725,The Witch's Reflection,5,Saturday,18,0.0,0.0,0,5.3,1,19,1
17725,The Witch's Reflection,5,Saturday,19,0.0,0.0,0,93.8,15,16,2
17725,The Witch's Reflection,5,Saturday,20,0.0,0.0,0,100.0,7,7,2
17725,The Witch's Reflection,5,Saturday,21,0.0,0.0,0,100.0,17,17,2
17725,The Witch's Reflection,5,Saturday,22,0.0,0.0,0,100.0,13,13,2
17725,The Witch's Reflection,5,Saturday,23,0.0,0.0,0,100.0,2,2,1
17725,The Witch's Reflection,6,Sunday,1,,,,0.0,0,1,0
17725,The Witch's Reflection,6,Sunday,2,,,,0.0,0,17,0
17725,The Witch's Reflection,6,Sunday,3,,,,0.0,0,6,0
17725,The Witch's Reflection,6,Sunday,4,,,,0.0,0,5,0
17725,The Witch's Reflection,6,Sunday,5,,,,0.0,0,7,0
17725,The Witch's Reflection,6,Sunday,12,,,,0.0,0,5,0
17725,The Witch's Reflection,6,Sunday,13,,,,0.0,0,25,0
17725,The Witch's Reflection,6,Sunday,14,,,,0.0,0,6,0
17725,The Witch's Reflection,6,Sunday,15,,,,0.0,0,10,0
17725,The Witch's Reflection,6,Sunday,16,,,,0.0,0,20,0
17725,The Witch's Reflection,6,Sunday,17,,,,0.0,0,10,0
17725,The Witch's Reflection,6,Sunday,18,,,,0.0,0,8,0
17725,The Witch's Reflection,6,Sunday,19,0.0,0.0,0,100.0,22,22,3
17725,The Witch's Reflection,6,Sunday,20,0.0,0.0,0,100.0,14,14,3
17725,The Witch's Reflection,6,Sunday,21,0.0,0.0,0,100.0,3,3,1
17725,The Witch's Reflection,6,Sunday,22,0.0,0.0,0,7.1,2,28,1
17725,The Witch's Reflection,6,Sunday,23,,,,0.0,0,5,0
15594,Tree Top Hopper,0,Monday,0,,,,0.0,0,12,0
15594,Tree Top Hopper,0,Monday,1,,,,0.0,0,4,0
15594,Tree Top Hopper,0,Monday,2,,,,0.0,0,17,0
15594,Tree Top Hopper,0,Monday,3,,,,0.0,0,9,0
15594,Tree Top Hopper,0,Monday,4,,,,0.0,0,34,0
15594,Tree Top Hopper,0,Monday,5,,,,0.0,0,9,0
15594,Tree Top Hopper,0,Monday,6,,,,0.0,0,3,0
15594,Tree Top Hopper,0,Monday,9,,,,0.0,0,4,0
15594,Tree Top Hopper,0,Monday,10,0.0,0.0,0,33.3,4,12,1
15594,Tree Top Hopper,0,Monday,11,0.0,0.0,0,100.0,12,12,1
15594,Tree Top Hopper,0,Monday,12,0.0,0.0,0,100.0,12,12,1
15594,Tree Top Hopper,0,Monday,13,0.0,0.0,0,100.0,13,13,2
15594,Tree Top Hopper,0,Monday,14,0.0,0.0,0,57.5,23,40,2
15594,Tree Top Hopper,0,Monday,15,0.0,0.0,0,70.0,21,30,2
15594,Tree Top Hopper,0,Monday,16,0.0,0.0,0,60.0,15,25,2
15594,Tree Top Hopper,0,Monday,17,0.0,0.0,0,95.7,22,23,2
15594,Tree Top Hopper,0,Monday,18,0.0,0.0,0,37.8,14,37,2
15594,Tree Top Hopper,0,Monday,19,0.0,0.0,0,100.0,26,26,3
15594,Tree Top Hopper,0,Monday,20,0.0,0.0,0,15.2,7,46,3
15594,Tree Top Hopper,0,Monday,21,,,,0.0,0,27,0
15594,Tree Top Hopper,0,Monday,22,,,,0.0,0,41,0
15594,Tree Top Hopper,0,Monday,23,,,,0.0,0,19,0
15594,Tree Top Hopper,1,Tuesday,0,,,,0.0,0,12,0
15594,Tree Top Hopper,1,Tuesday,1,,,,0.0,0,17,0
15594,Tree Top Hopper,1,Tuesday,2,,,,0.0,0,23,0
15594,Tree Top Hopper,1,Tuesday,3,,,,0.0,0,20,0
15594,Tree Top Hopper,1,Tuesday,4,,,,0.0,0,12,0
15594,Tree Top Hopper,1,Tuesday,5,,,,0.0,0,3,0
15594,Tree Top Hopper,1,Tuesday,9,,,,0.0,0,8,0
15594,Tree Top Hopper,1,Tuesday,10,0.0,0.0,0,33.3,6,18,2
15594,Tree Top Hopper,1,Tuesday,11,0.0,0.0,0,100.0,19,19,2
15594,Tree Top Hopper,1,Tuesday,12,0.0,0.0,0,90.5,19,21,2
15594,Tree Top Hopper,1,Tuesday,13,0.0,0.0,0,55.4,31,56,3
15594,Tree Top Hopper,1,Tuesday,14,0.0,0.0,0,67.5,27,40,4
15594,Tree Top Hopper,1,Tuesday,15,0.0,0.0,0,65.8,25,38,4
15594,Tree Top Hopper,1,Tuesday,16,0.0,0.0,0,55.4,31,56,3
15594,Tree Top Hopper,1,Tuesday,17,0.0,0.0,0,76.9,20,26,2
15594,Tree Top Hopper,1,Tuesday,18,0.0,0.0,0,71.4,35,49,4
15594,Tree Top Hopper,1,Tuesday,19,0.0,0.0,0,44.6,29,65,4
15594,Tree Top Hopper,1,Tuesday,20,0.0,0.0,0,7.1,2,28,1
15594,Tree Top Hopper,1,Tuesday,21,,,,0.0,0,59,0
15594,Tree Top Hopper,1,Tuesday,22,,,,0.0,0,34,0
15594,Tree Top Hopper,1,Tuesday,23,,,,0.0,0,23,0
15594,Tree Top Hopper,2,Wednesday,0,,,,0.0,0,10,0
15594,Tree Top Hopper,2,Wednesday,1,,,,0.0,0,20,0
15594,Tree Top Hopper,2,Wednesday,2,,,,0.0,0,11,0
15594,Tree Top Hopper,2,Wednesday,3,,,,0.0,0,27,0
15594,Tree Top Hopper,2,Wednesday,4,,,,0.0,0,10,0
15594,Tree Top Hopper,2,Wednesday,9,,,,0.0,0,8,0
15594,Tree Top Hopper,2,Wednesday,10,0.0,0.0,0,15.8,3,19,1
15594,Tree Top Hopper,2,Wednesday,11,0.0,0.0,0,100.0,15,15,2
15594,Tree Top Hopper,2,Wednesday,12,0.0,0.0,0,94.4,17,18,3
15594,Tree Top Hopper,2,Wednesday,13,0.0,0.0,0,45.7,21,46,3
15594,Tree Top Hopper,2,Wednesday,14,0.0,0.0,0,69.7,23,33,3
15594,Tree Top Hopper,2,Wednesday,15,0.0,0.0,0,56.8,21,37,4
15594,Tree Top Hopper,2,Wednesday,16,0.0,0.0,0,45.7,16,35,3
15594,Tree Top Hopper,2,Wednesday,17,0.0,0.0,0,53.6,15,28,2
15594,Tree Top Hopper,2,Wednesday,18,0.0,0.0,0,65.6,21,32,3
15594,Tree Top Hopper,2,Wednesday,19,0.0,0.0,0,31.8,14,44,4
15594,Tree Top Hopper,2,Wednesday,20,0.0,0.0,0,7.3,3,41,1
15594,Tree Top Hopper,2,Wednesday,21,,,,0.0,0,35,0
15594,Tree Top Hopper,2,Wednesday,22,,,,0.0,0,23,0
15594,Tree Top Hopper,2,Wednesday,23,,,,0.0,0,18,0
15594,Tree Top Hopper,3,Thursday,0,,,,0.0,0,22,0
15594,Tree Top Hopper,3,Thursday,1,,,,0.0,0,27,0
15594,Tree Top Hopper,3,Thursday,2,,,,0.0,0,11,0
15594,Tree Top Hopper,3,Thursday,3,,,,0.0,0,29,0
15594,Tree Top Hopper,3,Thursday,4,,,,0.0,0,4,0
15594,Tree Top Hopper,3,Thursday,9,,,,0.0,0,5,0
15594,Tree Top Hopper,3,Thursday,10,0.0,0.0,0,33.3,4,12,1
15594,Tree Top Hopper,3,Thursday,11,0.0,0.0,0,100.0,12,12,1
15594,Tree Top Hopper,3,Thursday,12,0.0,0.0,0,78.9,15,19,2
15594,Tree Top Hopper,3,Thursday,13,0.0,0.0,0,50.0,21,42,2
15594,Tree Top Hopper,3,Thursday,14,0.0,0.0,0,60.7,17,28,2
15594,Tree Top Hopper,3,Thursday,15,0.0,0.0,0,56.5,26,46,3
15594,Tree Top Hopper,3,Thursday,16,0.0,0.0,0,58.6,17,29,2
15594,Tree Top Hopper,3,Thursday,17,0.0,0.0,0,42.9,15,35,2
15594,Tree Top Hopper,3,Thursday,18,0.0,0.0,0,37.1,13,35,3
15594,Tree Top Hopper,3,Thursday,19,0.0,0.0,0,30.5,18,59,3
15594,Tree Top Hopper,3,Thursday,20,0.0,0.0,0,25.0,11,44,2
15594,Tree Top Hopper,3,Thursday,21,,,,0.0,0,25,0
15594,Tree Top Hopper,3,Thursday,22,,,,0.0,0,53,0
15594,Tree Top Hopper,3,Thursday,23,,,,0.0,0,22,0
15594,Tree Top Hopper,4,Friday,0,,,,0.0,0,19,0
15594,Tree Top Hopper,4,Friday,1,,,,0.0,0,10,0
15594,Tree Top Hopper,4,Friday,2,,,,0.0,0,14,0
15594,Tree Top Hopper,4,Friday,3,,,,0.0,0,26,0
15594,Tree Top Hopper,4,Friday,4,,,,0.0,0,25,0
15594,Tree Top Hopper,4,Friday,5,,,,0.0,0,1,0
15594,Tree Top Hopper,4,Friday,9,,,,0.0,0,5,0
15594,Tree Top Hopper,4,Friday,10,0.0,0.0,0,25.0,3,12,1
15594,Tree Top Hopper,4,Friday,11,0.0,0.0,0,100.0,12,12,1
15594,Tree Top Hopper,4,Friday,12,0.0,0.0,0,73.9,17,23,2
15594,Tree Top Hopper,4,Friday,13,0.0,0.0,0,45.2,19,42,2
15594,Tree Top Hopper,4,Friday,14,0.0,0.0,0,40.0,12,30,1
15594,Tree Top Hopper,4,Friday,15,0.0,0.0,0,55.0,22,40,2
15594,Tree Top Hopper,4,Friday,16,0.0,0.0,0,60.9,14,23,2
15594,Tree Top Hopper,4,Friday,17,0.0,0.0,0,50.0,17,34,2
15594,Tree Top Hopper,4,Friday,18,0.0,0.0,0,76.6,36,47,5
15594,Tree Top Hopper,4,Friday,19,0.0,0.0,0,90.7,39,43,6
15594,Tree Top Hopper,4,Friday,20,0.0,0.0,0,71.4,30,42,4
15594,Tree Top Hopper,4,Friday,21,0.0,0.0,0,95.5,21,22,2
15594,Tree Top Hopper,4,Friday,22,0.0,0.0,0,41.5,22,53,4
15594,Tree Top Hopper,4,Friday,23,0.0,0.0,0,18.2,4,22,2
15594,Tree Top Hopper,5,Saturday,0,,,,0.0,0,23,0
15594,Tree Top Hopper,5,Saturday,1,,,,0.0,0,3,0
15594,Tree Top Hopper,5,Saturday,2,,,,0.0,0,8,0
15594,Tree Top Hopper,5,Saturday,3,,,,0.0,0,33,0
15594,Tree Top Hopper,5,Saturday,4,,,,0.0,0,18,0
15594,Tree Top Hopper,5,Saturday,5,,,,0.0,0,1,0
15594,Tree Top Hopper,5,Saturday,9,,,,0.0,0,8,0
15594,Tree Top Hopper,5,Saturday,10,0.0,0.0,0,33.3,4,12,1
15594,Tree Top Hopper,5,Saturday,11,0.0,0.0,0,100.0,17,17,3
15594,Tree Top Hopper,5,Saturday,12,0.0,0.0,0,100.0,49,49,7
15594,Tree Top Hopper,5,Saturday,13,0.0,0.0,0,100.0,46,46,7
15594,Tree Top Hopper,5,Saturday,14,0.0,0.0,0,100.0,36,36,4
15594,Tree Top Hopper,5,Saturday,15,0.0,0.0,0,100.0,42,42,6
15594,Tree Top Hopper,5,Saturday,16,0.0,0.0,0,100.0,48,48,6
15594,Tree Top Hopper,5,Saturday,17,0.0,0.0,0,100.0,27,27,4
15594,Tree Top Hopper,5,Saturday,18,0.0,0.0,0,100.0,58,58,7
15594,Tree Top Hopper,5,Saturday,19,0.0,0.0,0,100.0,41,41,7
15594,Tree Top Hopper,5,Saturday,20,0.0,0.0,0,81.4,35,43,6
15594,Tree Top Hopper,5,Saturday,21,0.0,0.0,0,100.0,45,45,5
15594,Tree Top Hopper,5,Saturday,22,0.0,0.0,0,73.1,19,26,4
15594,Tree Top Hopper,5,Saturday,23,0.0,0.0,0,16.7,2,12,1
15594,Tree Top Hopper,6,Sunday,0,,,,0.0,0,12,0
15594,Tree Top Hopper,6,Sunday,1,,,,0.0,0,22,0
15594,Tree Top Hopper,6,Sunday,2,,,,0.0,0,35,0
15594,Tree Top Hopper,6,Sunday,3,,,,0.0,0,7,0
15594,Tree Top Hopper,6,Sunday,4,,,,0.0,0,5,0
15594,Tree Top Hopper,6,Sunday,5,,,,0.0,0,7,0
15594,Tree Top Hopper,6,Sunday,9,,,,0.0,0,7,0
15594,Tree Top Hopper,6,Sunday,10,0.0,0.0,0,33.3,4,12,1
15594,Tree Top Hopper,6,Sunday,11,0.0,0.0,0,100.0,14,14,2
15594,Tree Top Hopper,6,Sunday,12,0.0,0.0,0,100.0,31,31,4
15594,Tree Top Hopper,6,Sunday,13,0.0,0.0,0,86.4,51,59,6
15594,Tree Top Hopper,6,Sunday,14,0.0,0.0,0,85.7,24,28,3
15594,Tree Top Hopper,6,Sunday,15,0.0,0.0,0,100.0,37,37,5
15594,Tree Top Hopper,6,Sunday,16,0.0,0.0,0,100.0,43,43,7
15594,Tree Top Hopper,6,Sunday,17,0.0,0.0,0,100.0,30,30,6
15594,Tree Top Hopper,6,Sunday,18,0.0,0.0,0,100.0,46,46,5
15594,Tree Top Hopper,6,Sunday,19,0.0,0.0,0,100.0,47,47,7
15594,Tree Top Hopper,6,Sunday,20,0.0,0.0,0,83.7,36,43,7
15594,Tree Top Hopper,6,Sunday,21,0.0,0.0,0,52.9,18,34,4
15594,Tree Top Hopper,6,Sunday,22,0.0,0.0,0,6.1,3,49,2
15594,Tree Top Hopper,6,Sunday,23,,,,0.0,0,19,0
17720,Trick or Treatin' with Boo,0,Monday,3,,,,0.0,0,1,0
17720,Trick or Treatin' with Boo,0,Monday,4,,,,0.0,0,23,0
17720,Trick or Treatin' with Boo,0,Monday,5,,,,0.0,0,9,0
17720,Trick or Treatin' with Boo,0,Monday,6,,,,0.0,0,3,0
17720,Trick or Treatin' with Boo,0,Monday,14,,,,0.0,0,8,0
17720,Trick or Treatin' with Boo,0,Monday,15,,,,0.0,0,6,0
17720,Trick or Treatin' with Boo,0,Monday,16,,,,0.0,0,10,0
17720,Trick or Treatin' with Boo,0,Monday,18,,,,0.0,0,12,0
17720,Trick or Treatin' with Boo,0,Monday,20,,,,0.0,0,13,0
17720,Trick or Treatin' with Boo,0,Monday,21,,,,0.0,0,16,0
17720,Trick or Treatin' with Boo,0,Monday,22,,,,0.0,0,7,0
17720,Trick or Treatin' with Boo,1,Tuesday,1,,,,0.0,0,3,0
17720,Trick or Treatin' with Boo,1,Tuesday,2,,,,0.0,0,21,0
17720,Trick or Treatin' with Boo,1,Tuesday,4,,,,0.0,0,9,0
17720,Trick or Treatin' with Boo,1,Tuesday,5,,,,0.0,0,3,0
17720,Trick or Treatin' with Boo,1,Tuesday,13,,,,0.0,0,7,0
17720,Trick or Treatin' with Boo,1,Tuesday,14,,,,0.0,0,17,0
17720,Trick or Treatin' with Boo,1,Tuesday,15,,,,0.0,0,12,0
17720,Trick or Treatin' with Boo,1,Tuesday,16,,,,0.0,0,9,0
17720,Trick or Treatin' with Boo,1,Tuesday,17,,,,0.0,0,3,0
17720,Trick or Treatin' with Boo,1,Tuesday,18,,,,0.0,0,9,0
17720,Trick or Treatin' with Boo,1,Tuesday,19,,,,0.0,0,27,0
17720,Trick or Treatin' with Boo,1,Tuesday,21,,,,0.0,0,16,0
17720,Trick or Treatin' with Boo,1,Tuesday,22,,,,0.0,0,20,0
17720,Trick or Treatin' with Boo,2,Wednesday,2,,,,0.0,0,2,0
17720,Trick or Treatin' with Boo,2,Wednesday,3,,,,0.0,0,24,0
17720,Trick or Treatin' with Boo,2,Wednesday,4,,,,0.0,0,10,0
17720,Trick or Treatin' with Boo,2,Wednesday,13,,,,0.0,0,14,0
17720,Trick or Treatin' with Boo,2,Wednesday,14,,,,0.0,0,20,0
17720,Trick or Treatin' with Boo,2,Wednesday,15,,,,0.0,0,13,0
17720,Trick or Treatin' with Boo,2,Wednesday,16,,,,0.0,0,12,0
17720,Trick or Treatin' with Boo,2,Wednesday,17,,,,0.0,0,13,0
17720,Trick or Treatin' with Boo,2,Wednesday,18,,,,0.0,0,7,0
17720,Trick or Treatin' with Boo,2,Wednesday,19,,,,0.0,0,31,0
17720,Trick or Treatin' with Boo,2,Wednesday,20,,,,0.0,0,10,0
17720,Trick or Treatin' with Boo,2,Wednesday,21,,,,0.0,0,20,0
17720,Trick or Treatin' with Boo,2,Wednesday,22,,,,0.0,0,16,0
17720,Trick or Treatin' with Boo,2,Wednesday,23,,,,0.0,0,6,0
17720,Trick or Treatin' with Boo,3,Thursday,0,,,,0.0,0,6,0
17720,Trick or Treatin' with Boo,3,Thursday,2,,,,0.0,0,3,0
17720,Trick or Treatin' with Boo,3,Thursday,3,,,,0.0,0,29,0
17720,Trick or Treatin' with Boo,3,Thursday,4,,,,0.0,0,4,0
17720,Trick or Treatin' with Boo,3,Thursday,13,,,,0.0,0,13,0
17720,Trick or Treatin' with Boo,3,Thursday,14,,,,0.0,0,16,0
17720,Trick or Treatin' with Boo,3,Thursday,15,,,,0.0,0,19,0
17720,Trick or Treatin' with Boo,3,Thursday,16,,,,0.0,0,8,0
17720,Trick or Treatin' with Boo,3,Thursday,17,,,,0.0,0,16,0
17720,Trick or Treatin' with Boo,3,Thursday,18,,,,0.0,0,2,0
17720,Trick or Treatin' with Boo,3,Thursday,19,,,,0.0,0,29,0
17720,Trick or Treatin' with Boo,3,Thursday,20,,,,0.0,0,18,0
17720,Trick or Treatin' with Boo,3,Thursday,21,,,,0.0,0,12,0
17720,Trick or Treatin' with Boo,3,Thursday,22,,,,0.0,0,18,0
17720,Trick or Treatin' with Boo,3,Thursday,23,,,,0.0,0,10,0
17720,Trick or Treatin' with Boo,4,Friday,0,,,,0.0,0,7,0
17720,Trick or Treatin' with Boo,4,Friday,1,,,,0.0,0,6,0
17720,Trick or Treatin' with Boo,4,Friday,2,,,,0.0,0,6,0
17720,Trick or Treatin' with Boo,4,Friday,3,,,,0.0,0,2,0
17720,Trick or Treatin' with Boo,4,Friday,4,,,,0.0,0,21,0
17720,Trick or Treatin' with Boo,4,Friday,5,,,,0.0,0,1,0
17720,Trick or Treatin' with Boo,4,Friday,12,,,,0.0,0,3,0
17720,Trick or Treatin' with Boo,4,Friday,13,,,,0.0,0,14,0
17720,Trick or Treatin' with Boo,4,Friday,14,,,,0.0,0,18,0
17720,Trick or Treatin' with Boo,4,Friday,15,,,,0.0,0,10,0
17720,Trick or Treatin' with Boo,4,Friday,16,,,,0.0,0,5,0
17720,Trick or Treatin' with Boo,4,Friday,17,,,,0.0,0,14,0
17720,Trick or Treatin' with Boo,4,Friday,18,,,,0.0,0,16,0
17720,Trick or Treatin' with Boo,4,Friday,19,0.0,0.0,0,100.0,12,12,3
17720,Trick or Treatin' with Boo,4,Friday,20,0.0,0.0,0,100.0,16,16,2
17720,Trick or Treatin' with Boo,4,Friday,21,0.0,0.0,0,100.0,9,9,1
17720,Trick or Treatin' with Boo,4,Friday,22,0.0,0.0,0,100.0,19,19,3
17720,Trick or Treatin' with Boo,4,Friday,23,0.0,0.0,0,50.0,4,8,2
17720,Trick or Treatin' with Boo,5,Saturday,2,,,,0.0,0,4,0
17720,Trick or Treatin' with Boo,5,Saturday,3,,,,0.0,0,15,0
17720,Trick or Treatin' with Boo,5,Saturday,4,,,,0.0,0,16,0
17720,Trick or Treatin' with Boo,5,Saturday,5,,,,0.0,0,1,0
17720,Trick or Treatin' with Boo,5,Saturday,12,,,,0.0,0,16,0
17720,Trick or Treatin' with Boo,5,Saturday,13,,,,0.0,0,20,0
17720,Trick or Treatin' with Boo,5,Saturday,14,,,,0.0,0,4,0
17720,Trick or Treatin' with Boo,5,Saturday,15,,,,0.0,0,20,0
17720,Trick or Treatin' with Boo,5,Saturday,16,,,,0.0,0,12,0
17720,Trick or Treatin' with Boo,5,Saturday,17,,,,0.0,0,10,0
17720,Trick or Treatin' with Boo,5,Saturday,18,0.0,0.0,0,5.3,1,19,1
17720,Trick or Treatin' with Boo,5,Saturday,19,0.0,0.0,0,93.8,15,16,2
17720,Trick or Treatin' with Boo,5,Saturday,20,0.0,0.0,0,100.0,7,7,2
17720,Trick or Treatin' with Boo,5,Saturday,21,0.0,0.0,0,100.0,17,17,2
17720,Trick or Treatin' with Boo,5,Saturday,22,0.0,0.0,0,100.0,13,13,2
17720,Trick or Treatin' with Boo,5,Saturday,23,0.0,0.0,0,100.0,2,2,1
17720,Trick or Treatin' with Boo,6,Sunday,1,,,,0.0,0,1,0
17720,Trick or Treatin' with Boo,6,Sunday,2,,,,0.0,0,17,0
17720,Trick or Treatin' with Boo,6,Sunday,3,,,,0.0,0,6,0
17720,Trick or Treatin' with Boo,6,Sunday,4,,,,0.0,0,5,0
17720,Trick or Treatin' with Boo,6,Sunday,5,,,,0.0,0,7,0
17720,Trick or Treatin' with Boo,6,Sunday,12,,,,0.0,0,5,0
17720,Trick or Treatin' with Boo,6,Sunday,13,,,,0.0,0,25,0
17720,Trick or Treatin' with Boo,6,Sunday,14,,,,0.0,0,6,0
17720,Trick or Treatin' with Boo,6,Sunday,15,,,,0.0,0,10,0
17720,Trick or Treatin' with Boo,6,Sunday,16,,,,0.0,0,20,0
17720,Trick or Treatin' with Boo,6,Sunday,17,,,,0.0,0,10,0
17720,Trick or Treatin' with Boo,6,Sunday,18,,,,0.0,0,8,0
17720,Trick or Treatin' with Boo,6,Sunday,19,0.0,0.0,0,100.0,22,22,3
17720,Trick or Treatin' with Boo,6,Sunday,20,0.0,0.0,0,100.0,14,14,3
17720,Trick or Treatin' with Boo,6,Sunday,21,0.0,0.0,0,100.0,3,3,1
17720,Trick or Treatin' with Boo,6,Sunday,22,0.0,0.0,0,7.1,2,28,1
17720,Trick or Treatin' with Boo,6,Sunday,23,,,,0.0,0,5,0
17773,Twisted Holidays,0,Monday,3,,,,0.0,0,1,0
17773,Twisted Holidays,0,Monday,4,,,,0.0,0,23,0
17773,Twisted Holidays,0,Monday,5,,,,0.0,0,9,0
17773,Twisted Holidays,0,Monday,6,,,,0.0,0,3,0
17773,Twisted Holidays,0,Monday,14,,,,0.0,0,8,0
17773,Twisted Holidays,0,Monday,15,,,,0.0,0,6,0
17773,Twisted Holidays,0,Monday,16,,,,0.0,0,10,0
17773,Twisted Holidays,0,Monday,18,,,,0.0,0,12,0
17773,Twisted Holidays,0,Monday,20,,,,0.0,0,13,0
17773,Twisted Holidays,0,Monday,21,,,,0.0,0,16,0
17773,Twisted Holidays,0,Monday,22,,,,0.0,0,7,0
17773,Twisted Holidays,1,Tuesday,1,,,,0.0,0,3,0
17773,Twisted Holidays,1,Tuesday,2,,,,0.0,0,21,0
17773,Twisted Holidays,1,Tuesday,4,,,,0.0,0,9,0
17773,Twisted Holidays,1,Tuesday,5,,,,0.0,0,3,0
17773,Twisted Holidays,1,Tuesday,13,,,,0.0,0,7,0
17773,Twisted Holidays,1,Tuesday,14,,,,0.0,0,17,0
17773,Twisted Holidays,1,Tuesday,15,,,,0.0,0,12,0
17773,Twisted Holidays,1,Tuesday,16,,,,0.0,0,9,0
17773,Twisted Holidays,1,Tuesday,17,,,,0.0,0,3,0
17773,Twisted Holidays,1,Tuesday,18,,,,0.0,0,9,0
17773,Twisted Holidays,1,Tuesday,19,,,,0.0,0,27,0
17773,Twisted Holidays,1,Tuesday,21,,,,0.0,0,16,0
17773,Twisted Holidays,1,Tuesday,22,,,,0.0,0,20,0
17773,Twisted Holidays,2,Wednesday,2,,,,0.0,0,2,0
17773,Twisted Holidays,2,Wednesday,3,,,,0.0,0,24,0
17773,Twisted Holidays,2,Wednesday,4,,,,0.0,0,10,0
17773,Twisted Holidays,2,Wednesday,13,,,,0.0,0,6,0
17773,Twisted Holidays,2,Wednesday,14,,,,0.0,0,16,0
17773,Twisted Holidays,2,Wednesday,15,,,,0.0,0,13,0
17773,Twisted Holidays,2,Wednesday,16,,,,0.0,0,3,0
17773,Twisted Holidays,2,Wednesday,17,,,,0.0,0,10,0
17773,Twisted Holidays,2,Wednesday,18,,,,0.0,0,7,0
17773,Twisted Holidays,2,Wednesday,19,,,,0.0,0,19,0
17773,Twisted Holidays,2,Wednesday,20,,,,0.0,0,10,0
17773,Twisted Holidays,2,Wednesday,21,,,,0.0,0,14,0
17773,Twisted Holidays,2,Wednesday,22,,,,0.0,0,10,0
17773,Twisted Holidays,2,Wednesday,23,,,,0.0,0,6,0
17773,Twisted Holidays,3,Thursday,0,,,,0.0,0,6,0
17773,Twisted Holidays,3,Thursday,2,,,,0.0,0,1,0
17773,Twisted Holidays,3,Thursday,3,,,,0.0,0,19,0
17773,Twisted Holidays,3,Thursday,4,,,,0.0,0,4,0
17773,Twisted Holidays,3,Thursday,13,,,,0.0,0,5,0
17773,Twisted Holidays,3,Thursday,14,,,,0.0,0,12,0
17773,Twisted Holidays,3,Thursday,15,,,,0.0,0,19,0
17773,Twisted Holidays,3,Thursday,16,,,,0.0,0,1,0
17773,Twisted Holidays,3,Thursday,17,,,,0.0,0,11,0
17773,Twisted Holidays,3,Thursday,18,,,,0.0,0,1,0
17773,Twisted Holidays,3,Thursday,19,0.0,0.0,0,16.7,3,18,1
17773,Twisted Holidays,3,Thursday,20,0.0,0.0,0,52.9,9,17,1
17773,Twisted Holidays,3,Thursday,21,,,,0.0,0,1,0
17773,Twisted Holidays,3,Thursday,22,,,,0.0,0,18,0
17773,Twisted Holidays,3,Thursday,23,,,,0.0,0,10,0
17773,Twisted Holidays,4,Friday,0,,,,0.0,0,7,0
17773,Twisted Holidays,4,Friday,3,,,,0.0,0,2,0
17773,Twisted Holidays,4,Friday,4,,,,0.0,0,21,0
17773,Twisted Holidays,4,Friday,5,,,,0.0,0,1,0
17773,Twisted Holidays,4,Friday,13,,,,0.0,0,5,0
17773,Twisted Holidays,4,Friday,14,,,,0.0,0,18,0
17773,Twisted Holidays,4,Friday,15,,,,0.0,0,1,0
17773,Twisted Holidays,4,Friday,16,,,,0.0,0,2,0
17773,Twisted Holidays,4,Friday,17,,,,0.0,0,10,0
17773,Twisted Holidays,4,Friday,18,,,,0.0,0,8,0
17773,Twisted Holidays,4,Friday,19,0.0,0.0,0,100.0,8,8,2
17773,Twisted Holidays,4,Friday,20,0.0,0.0,0,100.0,8,8,1
17773,Twisted Holidays,4,Friday,21,0.0,0.0,0,100.0,9,9,1
17773,Twisted Holidays,4,Friday,22,0.0,0.0,0,100.0,9,9,2
17773,Twisted Holidays,4,Friday,23,0.0,0.0,0,33.3,2,6,1
17773,Twisted Holidays,5,Saturday,2,,,,0.0,0,4,0
17773,Twisted Holidays,5,Saturday,3,,,,0.0,0,15,0
17773,Twisted Holidays,5,Saturday,4,,,,0.0,0,16,0
17773,Twisted Holidays,5,Saturday,5,,,,0.0,0,1,0
17773,Twisted Holidays,5,Saturday,12,,,,0.0,0,16,0
17773,Twisted Holidays,5,Saturday,13,,,,0.0,0,20,0
17773,Twisted Holidays,5,Saturday,14,,,,0.0,0,4,0
17773,Twisted Holidays,5,Saturday,15,,,,0.0,0,20,0
17773,Twisted Holidays,5,Saturday,16,,,,0.0,0,12,0
17773,Twisted Holidays,5,Saturday,17,,,,0.0,0,10,0
17773,Twisted Holidays,5,Saturday,18,0.0,0.0,0,5.3,1,19,1
17773,Twisted Holidays,5,Saturday,19,0.0,0.0,0,93.8,15,16,2
17773,Twisted Holidays,5,Saturday,20,0.0,0.0,0,100.0,7,7,2
17773,Twisted Holidays,5,Saturday,21,0.0,0.0,0,100.0,17,17,2
17773,Twisted Holidays,5,Saturday,22,0.0,0.0,0,100.0,13,13,2
17773,Twisted Holidays,5,Saturday,23,0.0,0.0,0,100.0,2,2,1
17773,Twisted Holidays,6,Sunday,1,,,,0.0,0,1,0
17773,Twisted Holidays,6,Sunday,2,,,,0.0,0,17,0
17773,Twisted Holidays,6,Sunday,3,,,,0.0,0,6,0
17773,Twisted Holidays,6,Sunday,4,,,,0.0,0,5,0
17773,Twisted Holidays,6,Sunday,5,,,,0.0,0,7,0
17773,Twisted Holidays,6,Sunday,12,,,,0.0,0,5,0
17773,Twisted Holidays,6,Sunday,13,,,,0.0,0,25,0
17773,Twisted Holidays,6,Sunday,14,,,,0.0,0,6,0
17773,Twisted Holidays,6,Sunday,15,,,,0.0,0,10,0
17773,Twisted Holidays,6,Sunday,16,,,,0.0,0,20,0
17773,Twisted Holidays,6,Sunday,17,,,,0.0,0,10,0
17773,Twisted Holidays,6,Sunday,18,,,,0.0,0,8,0
17773,Twisted Holidays,6,Sunday,19,0.0,0.0,0,100.0,22,22,3
17773,Twisted Holidays,6,Sunday,20,0.0,0.0,0,100.0,14,14,3
17773,Twisted Holidays,6,Sunday,21,0.0,0.0,0,100.0,3,3,1
17773,Twisted Holidays,6,Sunday,22,0.0,0.0,0,7.1,2,28,1
17773,Twisted Holidays,6,Sunday,23,,,,0.0,0,5,0
17428,Wave Swinger,0,Monday,0,,,,0.0,0,12,0
17428,Wave Swinger,0,Monday,1,,,,0.0,0,4,0
17428,Wave Swinger,0,Monday,2,,,,0.0,0,17,0
17428,Wave Swinger,0,Monday,3,,,,0.0,0,9,0
17428,Wave Swinger,0,Monday,4,,,,0.0,0,34,0
17428,Wave Swinger,0,Monday,5,,,,0.0,0,9,0
17428,Wave Swinger,0,Monday,6,,,,0.0,0,3,0
17428,Wave Swinger,0,Monday,9,,,,0.0,0,4,0
17428,Wave Swinger,0,Monday,10,0.0,0.0,0,33.3,4,12,1
17428,Wave Swinger,0,Monday,11,0.0,0.0,0,100.0,12,12,1
17428,Wave Swinger,0,Monday,12,0.0,0.0,0,83.3,10,12,1
17428,Wave Swinger,0,Monday,13,0.0,0.0,0,92.3,12,13,1
17428,Wave Swinger,0,Monday,14,0.0,0.0,0,30.0,12,40,1
17428,Wave Swinger,0,Monday,15,0.0,0.0,0,70.0,21,30,2
17428,Wave Swinger,0,Monday,16,0.0,0.0,0,60.0,15,25,2
17428,Wave Swinger,0,Monday,17,0.0,0.0,0,52.2,12,23,1
17428,Wave Swinger,0,Monday,18,0.0,0.0,0,24.3,9,37,1
17428,Wave Swinger,0,Monday,19,0.0,0.0,0,80.8,21,26,2
17428,Wave Swinger,0,Monday,20,0.0,0.0,0,8.7,4,46,2
17428,Wave Swinger,0,Monday,21,,,,0.0,0,27,0
17428,Wave Swinger,0,Monday,22,,,,0.0,0,41,0
17428,Wave Swinger,0,Monday,23,,,,0.0,0,19,0
17428,Wave Swinger,1,Tuesday,0,,,,0.0,0,12,0
17428,Wave Swinger,1,Tuesday,1,,,,0.0,0,17,0
17428,Wave Swinger,1,Tuesday,2,,,,0.0,0,23,0
17428,Wave Swinger,1,Tuesday,3,,,,0.0,0,20,0
17428,Wave Swinger,1,Tuesday,4,,,,0.0,0,12,0
17428,Wave Swinger,1,Tuesday,5,,,,0.0,0,3,0
17428,Wave Swinger,1,Tuesday,9,,,,0.0,0,8,0
17428,Wave Swinger,1,Tuesday,10,0.0,0.0,0,33.3,6,18,2
17428,Wave Swinger,1,Tuesday,11,0.0,0.0,0,89.5,17,19,2
17428,Wave Swinger,1,Tuesday,12,0.0,0.0,0,61.9,13,21,2
17428,Wave Swinger,1,Tuesday,13,0.0,0.0,0,55.4,31,56,3
17428,Wave Swinger,1,Tuesday,14,0.0,0.0,0,47.5,19,40,3
17428,Wave Swinger,1,Tuesday,15,0.0,0.0,0,55.3,21,38,3
17428,Wave Swinger,1,Tuesday,16,0.0,0.0,0,55.4,31,56,3
17428,Wave Swinger,1,Tuesday,17,0.0,0.0,0,76.9,20,26,2
17428,Wave Swinger,1,Tuesday,18,0.0,0.0,0,57.1,28,49,3
17428,Wave Swinger,1,Tuesday,19,0.0,0.0,0,40.0,26,65,3
17428,Wave Swinger,1,Tuesday,20,0.0,0.0,0,7.1,2,28,1
17428,Wave Swinger,1,Tuesday,21,,,,0.0,0,59,0
17428,Wave Swinger,1,Tuesday,22,,,,0.0,0,34,0
17428,Wave Swinger,1,Tuesday,23,,,,0.0,0,23,0
17428,Wave Swinger,2,Wednesday,0,,,,0.0,0,10,0
17428,Wave Swinger,2,Wednesday,1,,,,0.0,0,20,0
17428,Wave Swinger,2,Wednesday,2,,,,0.0,0,11,0
17428,Wave Swinger,2,Wednesday,3,,,,0.0,0,27,0
17428,Wave Swinger,2,Wednesday,4,,,,0.0,0,10,0
17428,Wave Swinger,2,Wednesday,9,,,,0.0,0,8,0
17428,Wave Swinger,2,Wednesday,10,0.0,0.0,0,15.8,3,19,1
17428,Wave Swinger,2,Wednesday,11,0.0,0.0,0,100.0,15,15,2
17428,Wave Swinger,2,Wednesday,12,0.0,0.0,0,88.9,16,18,2
17428,Wave Swinger,2,Wednesday,13,0.0,0.0,0,45.7,21,46,3
17428,Wave Swinger,2,Wednesday,14,0.0,0.0,0,39.4,13,33,2
17428,Wave Swinger,2,Wednesday,15,0.0,0.0,0,51.4,19,37,3
17428,Wave Swinger,2,Wednesday,16,0.0,0.0,0,45.7,16,35,3
17428,Wave Swinger,2,Wednesday,17,0.0,0.0,0,53.6,15,28,2
17428,Wave Swinger,2,Wednesday,18,0.0,0.0,0,43.8,14,32,2
17428,Wave Swinger,2,Wednesday,19,0.0,0.0,0,27.3,12,44,3
17428,Wave Swinger,2,Wednesday,20,0.0,0.0,0,7.3,3,41,1
17428,Wave Swinger,2,Wednesday,21,,,,0.0,0,35,0
17428,Wave Swinger,2,Wednesday,22,,,,0.0,0,23,0
17428,Wave Swinger,2,Wednesday,23,,,,0.0,0,18,0
17428,Wave Swinger,3,Thursday,0,,,,0.0,0,22,0
17428,Wave Swinger,3,Thursday,1,,,,0.0,0,27,0
17428,Wave Swinger,3,Thursday,2,,,,0.0,0,11,0
17428,Wave Swinger,3,Thursday,3,,,,0.0,0,29,0
17428,Wave Swinger,3,Thursday,4,,,,0.0,0,4,0
17428,Wave Swinger,3,Thursday,9,,,,0.0,0,5,0
17428,Wave Swinger,3,Thursday,10,0.0,0.0,0,33.3,4,12,1
17428,Wave Swinger,3,Thursday,11,0.0,0.0,0,100.0,12,12,1
17428,Wave Swinger,3,Thursday,12,0.0,0.0,0,78.9,15,19,2
17428,Wave Swinger,3,Thursday,13,0.0,0.0,0,50.0,21,42,2
17428,Wave Swinger,3,Thursday,14,0.0,0.0,0,42.9,12,28,1
17428,Wave Swinger,3,Thursday,15,0.0,0.0,0,41.3,19,46,2
17428,Wave Swinger,3,Thursday,16,0.0,0.0,0,58.6,17,29,2
17428,Wave Swinger,3,Thursday,17,0.0,0.0,0,42.9,15,35,2
17428,Wave Swinger,3,Thursday,18,0.0,0.0,0,34.3,12,35,2
17428,Wave Swinger,3,Thursday,19,0.0,0.0,0,6.8,4,59,1
17428,Wave Swinger,3,Thursday,20,0.0,0.0,0,4.5,2,44,1
17428,Wave Swinger,3,Thursday,21,,,,0.0,0,25,0
17428,Wave Swinger,3,Thursday,22,,,,0.0,0,53,0
17428,Wave Swinger,3,Thursday,23,,,,0.0,0,22,0
17428,Wave Swinger,4,Friday,0,,,,0.0,0,19,0
17428,Wave Swinger,4,Friday,1,,,,0.0,0,10,0
17428,Wave Swinger,4,Friday,2,,,,0.0,0,14,0
17428,Wave Swinger,4,Friday,3,,,,0.0,0,26,0
17428,Wave Swinger,4,Friday,4,,,,0.0,0,25,0
17428,Wave Swinger,4,Friday,5,,,,0.0,0,1,0
17428,Wave Swinger,4,Friday,9,,,,0.0,0,5,0
17428,Wave Swinger,4,Friday,10,,,,0.0,0,12,0
17428,Wave Swinger,4,Friday,11,0.0,0.0,0,58.3,7,12,1
17428,Wave Swinger,4,Friday,12,0.0,0.0,0,73.9,17,23,2
17428,Wave Swinger,4,Friday,13,0.0,0.0,0,45.2,19,42,2
17428,Wave Swinger,4,Friday,14,0.0,0.0,0,40.0,12,30,1
17428,Wave Swinger,4,Friday,15,0.0,0.0,0,55.0,22,40,2
17428,Wave Swinger,4,Friday,16,0.0,0.0,0,52.2,12,23,2
17428,Wave Swinger,4,Friday,17,0.0,0.0,0,50.0,17,34,2
17428,Wave Swinger,4,Friday,18,0.0,0.0,0,46.8,22,47,3
17428,Wave Swinger,4,Friday,19,0.0,0.0,0,72.1,31,43,4
17428,Wave Swinger,4,Friday,20,0.0,0.0,0,52.4,22,42,3
17428,Wave Swinger,4,Friday,21,0.0,0.0,0,54.5,12,22,1
17428,Wave Swinger,4,Friday,22,0.0,0.0,0,5.7,3,53,1
17428,Wave Swinger,4,Friday,23,,,,0.0,0,22,0
17428,Wave Swinger,5,Saturday,0,,,,0.0,0,23,0
17428,Wave Swinger,5,Saturday,1,,,,0.0,0,3,0
17428,Wave Swinger,5,Saturday,2,,,,0.0,0,8,0
17428,Wave Swinger,5,Saturday,3,,,,0.0,0,33,0
17428,Wave Swinger,5,Saturday,4,,,,0.0,0,18,0
17428,Wave Swinger,5,Saturday,5,,,,0.0,0,1,0
17428,Wave Swinger,5,Saturday,9,,,,0.0,0,8,0
17428,Wave Swinger,5,Saturday,10,0.0,0.0,0,33.3,4,12,1
17428,Wave Swinger,5,Saturday,11,0.0,0.0,0,94.1,16,17,2
17428,Wave Swinger,5,Saturday,12,0.0,0.0,0,51.0,25,49,4
17428,Wave Swinger,5,Saturday,13,0.0,0.0,0,73.9,34,46,4
17428,Wave Swinger,5,Saturday,14,0.0,0.0,0,58.3,21,36,2
17428,Wave Swinger,5,Saturday,15,0.0,0.0,0,69.0,29,42,4
17428,Wave Swinger,5,Saturday,16,0.0,0.0,0,64.6,31,48,4
17428,Wave Swinger,5,Saturday,17,0.0,0.0,0,55.6,15,27,2
17428,Wave Swinger,5,Saturday,18,0.0,0.0,0,74.1,43,58,4
17428,Wave Swinger,5,Saturday,19,0.0,0.0,0,51.2,21,41,4
17428,Wave Swinger,5,Saturday,20,0.0,0.0,0,60.5,26,43,4
17428,Wave Swinger,5,Saturday,21,0.0,0.0,0,80.0,36,45,4
17428,Wave Swinger,5,Saturday,22,0.0,0.0,0,23.1,6,26,2
17428,Wave Swinger,5,Saturday,23,,,,0.0,0,12,0
17428,Wave Swinger,6,Sunday,0,,,,0.0,0,12,0
17428,Wave Swinger,6,Sunday,1,,,,0.0,0,22,0
17428,Wave Swinger,6,Sunday,2,,,,0.0,0,35,0
17428,Wave Swinger,6,Sunday,3,,,,0.0,0,7,0
17428,Wave Swinger,6,Sunday,4,,,,0.0,0,5,0
17428,Wave Swinger,6,Sunday,5,,,,0.0,0,7,0
17428,Wave Swinger,6,Sunday,9,,,,0.0,0,7,0
17428,Wave Swinger,6,Sunday,10,0.0,0.0,0,33.3,4,12,1
17428,Wave Swinger,6,Sunday,11,0.0,0.0,0,100.0,14,14,2
17428,Wave Swinger,6,Sunday,12,0.0,0.0,0,61.3,19,31,2
17428,Wave Swinger,6,Sunday,13,0.0,0.0,0,44.1,26,59,3
17428,Wave Swinger,6,Sunday,14,0.0,0.0,0,78.6,22,28,2
17428,Wave Swinger,6,Sunday,15,0.0,0.0,0,43.2,16,37,3
17428,Wave Swinger,6,Sunday,16,0.0,0.0,0,72.1,31,43,4
17428,Wave Swinger,6,Sunday,17,0.0,0.0,0,56.7,17,30,3
17428,Wave Swinger,6,Sunday,18,0.0,0.0,0,69.6,32,46,3
17428,Wave Swinger,6,Sunday,19,0.0,0.0,0,68.1,32,47,4
17428,Wave Swinger,6,Sunday,20,0.0,0.0,0,51.2,22,43,4
17428,Wave Swinger,6,Sunday,21,0.0,0.0,0,52.9,18,34,4
17428,Wave Swinger,6,Sunday,22,0.0,0.0,0,6.1,3,49,2
17428,Wave Swinger,6,Sunday,23,,,,0.0,0,19,0
3273,Wile E. Coyote Canyon Blaster,0,Monday,0,,,,0.0,0,12,0
3273,Wile E. Coyote Canyon Blaster,0,Monday,1,,,,0.0,0,4,0
3273,Wile E. Coyote Canyon Blaster,0,Monday,2,,,,0.0,0,17,0
3273,Wile E. Coyote Canyon Blaster,0,Monday,3,,,,0.0,0,9,0
3273,Wile E. Coyote Canyon Blaster,0,Monday,4,,,,0.0,0,34,0
3273,Wile E. Coyote Canyon Blaster,0,Monday,5,,,,0.0,0,9,0
3273,Wile E. Coyote Canyon Blaster,0,Monday,6,,,,0.0,0,3,0
3273,Wile E. Coyote Canyon Blaster,0,Monday,9,,,,0.0,0,4,0
3273,Wile E. Coyote Canyon Blaster,0,Monday,10,0.0,0.0,0,33.3,4,12,1
3273,Wile E. Coyote Canyon Blaster,0,Monday,11,0.0,0.0,0,100.0,12,12,1
3273,Wile E. Coyote Canyon Blaster,0,Monday,12,0.0,0.0,0,100.0,12,12,1
3273,Wile E. Coyote Canyon Blaster,0,Monday,13,0.0,0.0,0,100.0,13,13,2
3273,Wile E. Coyote Canyon Blaster,0,Monday,14,0.0,0.0,0,57.5,23,40,2
3273,Wile E. Coyote Canyon Blaster,0,Monday,15,0.0,0.0,0,40.0,12,30,1
3273,Wile E. Coyote Canyon Blaster,0,Monday,16,0.0,0.0,0,48.0,12,25,1
3273,Wile E. Coyote Canyon Blaster,0,Monday,17,0.0,0.0,0,95.7,22,23,2
3273,Wile E. Coyote Canyon Blaster,0,Monday,18,0.0,0.0,0,37.8,14,37,2
3273,Wile E. Coyote Canyon Blaster,0,Monday,19,0.0,0.0,0,100.0,26,26,3
3273,Wile E. Coyote Canyon Blaster,0,Monday,20,0.0,0.0,0,15.2,7,46,3
3273,Wile E. Coyote Canyon Blaster,0,Monday,21,,,,0.0,0,27,0
3273,Wile E. Coyote Canyon Blaster,0,Monday,22,,,,0.0,0,41,0
3273,Wile E. Coyote Canyon Blaster,0,Monday,23,,,,0.0,0,19,0
3273,Wile E. Coyote Canyon Blaster,1,Tuesday,0,,,,0.0,0,12,0
3273,Wile E. Coyote Canyon Blaster,1,Tuesday,1,,,,0.0,0,17,0
3273,Wile E. Coyote Canyon Blaster,1,Tuesday,2,,,,0.0,0,23,0
3273,Wile E. Coyote Canyon Blaster,1,Tuesday,3,,,,0.0,0,20,0
3273,Wile E. Coyote Canyon Blaster,1,Tuesday,4,,,,0.0,0,12,0
3273,Wile E. Coyote Canyon Blaster,1,Tuesday,5,,,,0.0,0,3,0
3273,Wile E. Coyote Canyon Blaster,1,Tuesday,9,,,,0.0,0,8,0
3273,Wile E. Coyote Canyon Blaster,1,Tuesday,10,0.0,0.0,0,33.3,6,18,2
3273,Wile E. Coyote Canyon Blaster,1,Tuesday,11,0.0,0.0,0,100.0,19,19,2
3273,Wile E. Coyote Canyon Blaster,1,Tuesday,12,0.0,0.0,0,90.5,19,21,2
3273,Wile E. Coyote Canyon Blaster,1,Tuesday,13,0.0,0.0,0,55.4,31,56,3
3273,Wile E. Coyote Canyon Blaster,1,Tuesday,14,0.0,0.0,0,67.5,27,40,4
3273,Wile E. Coyote Canyon Blaster,1,Tuesday,15,0.0,0.0,0,65.8,25,38,4
3273,Wile E. Coyote Canyon Blaster,1,Tuesday,16,0.0,0.0,0,55.4,31,56,3
3273,Wile E. Coyote Canyon Blaster,1,Tuesday,17,0.0,0.0,0,76.9,20,26,2
3273,Wile E. Coyote Canyon Blaster,1,Tuesday,18,0.0,0.0,0,57.1,28,49,4
3273,Wile E. Coyote Canyon Blaster,1,Tuesday,19,0.0,0.0,0,41.5,27,65,4
3273,Wile E. Coyote Canyon Blaster,1,Tuesday,20,0.0,0.0,0,7.1,2,28,1
3273,Wile E. Coyote Canyon Blaster,1,Tuesday,21,,,,0.0,0,59,0
3273,Wile E. Coyote Canyon Blaster,1,Tuesday,22,,,,0.0,0,34,0
3273,Wile E. Coyote Canyon Blaster,1,Tuesday,23,,,,0.0,0,23,0
3273,Wile E. Coyote Canyon Blaster,2,Wednesday,0,,,,0.0,0,10,0
3273,Wile E. Coyote Canyon Blaster,2,Wednesday,1,,,,0.0,0,20,0
3273,Wile E. Coyote Canyon Blaster,2,Wednesday,2,,,,0.0,0,11,0
3273,Wile E. Coyote Canyon Blaster,2,Wednesday,3,,,,0.0,0,27,0
3273,Wile E. Coyote Canyon Blaster,2,Wednesday,4,,,,0.0,0,10,0
3273,Wile E. Coyote Canyon Blaster,2,Wednesday,9,,,,0.0,0,8,0
3273,Wile E. Coyote Canyon Blaster,2,Wednesday,10,0.0,0.0,0,15.8,3,19,1
3273,Wile E. Coyote Canyon Blaster,2,Wednesday,11,0.0,0.0,0,100.0,15,15,2
3273,Wile E. Coyote Canyon Blaster,2,Wednesday,12,0.0,0.0,0,94.4,17,18,3
3273,Wile E. Coyote Canyon Blaster,2,Wednesday,13,0.0,0.0,0,45.7,21,46,3
3273,Wile E. Coyote Canyon Blaster,2,Wednesday,14,0.0,0.0,0,69.7,23,33,3
3273,Wile E. Coyote Canyon Blaster,2,Wednesday,15,0.0,0.0,0,56.8,21,37,4
3273,Wile E. Coyote Canyon Blaster,2,Wednesday,16,0.0,0.0,0,45.7,16,35,3
3273,Wile E. Coyote Canyon Blaster,2,Wednesday,17,0.0,0.0,0,53.6,15,28,2
3273,Wile E. Coyote Canyon Blaster,2,Wednesday,18,0.0,0.0,0,65.6,21,32,3
3273,Wile E. Coyote Canyon Blaster,2,Wednesday,19,0.0,0.0,0,31.8,14,44,4
3273,Wile E. Coyote Canyon Blaster,2,Wednesday,20,0.0,0.0,0,7.3,3,41,1
3273,Wile E. Coyote Canyon Blaster,2,Wednesday,21,,,,0.0,0,35,0
3273,Wile E. Coyote Canyon Blaster,2,Wednesday,22,,,,0.0,0,23,0
3273,Wile E. Coyote Canyon Blaster,2,Wednesday,23,,,,0.0,0,18,0
3273,Wile E. Coyote Canyon Blaster,3,Thursday,0,,,,0.0,0,22,0
3273,Wile E. Coyote Canyon Blaster,3,Thursday,1,,,,0.0,0,27,0
3273,Wile E. Coyote Canyon Blaster,3,Thursday,2,,,,0.0,0,11,0
3273,Wile E. Coyote Canyon Blaster,3,Thursday,3,,,,0.0,0,29,0
3273,Wile E. Coyote Canyon Blaster,3,Thursday,4,,,,0.0,0,4,0
3273,Wile E. Coyote Canyon Blaster,3,Thursday,9,,,,0.0,0,5,0
3273,Wile E. Coyote Canyon Blaster,3,Thursday,10,0.0,0.0,0,33.3,4,12,1
3273,Wile E. Coyote Canyon Blaster,3,Thursday,11,0.0,0.0,0,100.0,12,12,1
3273,Wile E. Coyote Canyon Blaster,3,Thursday,12,0.0,0.0,0,47.4,9,19,1
3273,Wile E. Coyote Canyon Blaster,3,Thursday,13,0.0,0.0,0,9.5,4,42,1
3273,Wile E. Coyote Canyon Blaster,3,Thursday,14,0.0,0.0,0,60.7,17,28,2
3273,Wile E. Coyote Canyon Blaster,3,Thursday,15,0.0,0.0,0,41.3,19,46,2
3273,Wile E. Coyote Canyon Blaster,3,Thursday,16,0.0,0.0,0,41.4,12,29,1
3273,Wile E. Coyote Canyon Blaster,3,Thursday,17,0.0,0.0,0,42.9,15,35,2
3273,Wile E. Coyote Canyon Blaster,3,Thursday,18,0.0,0.0,0,37.1,13,35,3
3273,Wile E. Coyote Canyon Blaster,3,Thursday,19,0.0,0.0,0,25.4,15,59,2
3273,Wile E. Coyote Canyon Blaster,3,Thursday,20,0.0,0.0,0,4.5,2,44,1
3273,Wile E. Coyote Canyon Blaster,3,Thursday,21,,,,0.0,0,25,0
3273,Wile E. Coyote Canyon Blaster,3,Thursday,22,,,,0.0,0,53,0
3273,Wile E. Coyote Canyon Blaster,3,Thursday,23,,,,0.0,0,22,0
3273,Wile E. Coyote Canyon Blaster,4,Friday,0,,,,0.0,0,19,0
3273,Wile E. Coyote Canyon Blaster,4,Friday,1,,,,0.0,0,10,0
3273,Wile E. Coyote Canyon Blaster,4,Friday,2,,,,0.0,0,14,0
3273,Wile E. Coyote Canyon Blaster,4,Friday,3,,,,0.0,0,26,0
3273,Wile E. Coyote Canyon Blaster,4,Friday,4,,,,0.0,0,25,0
3273,Wile E. Coyote Canyon Blaster,4,Friday,5,,,,0.0,0,1,0
3273,Wile E. Coyote Canyon Blaster,4,Friday,9,,,,0.0,0,5,0
3273,Wile E. Coyote Canyon Blaster,4,Friday,10,0.0,0.0,0,25.0,3,12,1
3273,Wile E. Coyote Canyon Blaster,4,Friday,11,0.0,0.0,0,100.0,12,12,1
3273,Wile E. Coyote Canyon Blaster,4,Friday,12,0.0,0.0,0,73.9,17,23,2
3273,Wile E. Coyote Canyon Blaster,4,Friday,13,0.0,0.0,0,45.2,19,42,2
3273,Wile E. Coyote Canyon Blaster,4,Friday,14,0.0,0.0,0,40.0,12,30,1
3273,Wile E. Coyote Canyon Blaster,4,Friday,15,0.0,0.0,0,55.0,22,40,2
3273,Wile E. Coyote Canyon Blaster,4,Friday,16,0.0,0.0,0,60.9,14,23,2
3273,Wile E. Coyote Canyon Blaster,4,Friday,17,0.0,0.0,0,50.0,17,34,2
3273,Wile E. Coyote Canyon Blaster,4,Friday,18,0.0,0.0,0,46.8,22,47,3
3273,Wile E. Coyote Canyon Blaster,4,Friday,19,0.0,0.0,0,62.8,27,43,3
3273,Wile E. Coyote Canyon Blaster,4,Friday,20,0.0,0.0,0,33.3,14,42,2
3273,Wile E. Coyote Canyon Blaster,4,Friday,21,0.0,0.0,0,54.5,12,22,1
3273,Wile E. Coyote Canyon Blaster,4,Friday,22,0.0,0.0,0,5.7,3,53,1
3273,Wile E. Coyote Canyon Blaster,4,Friday,23,,,,0.0,0,22,0
3273,Wile E. Coyote Canyon Blaster,5,Saturday,0,,,,0.0,0,23,0
3273,Wile E. Coyote Canyon Blaster,5,Saturday,1,,,,0.0,0,3,0
3273,Wile E. Coyote Canyon Blaster,5,Saturday,2,,,,0.0,0,8,0
3273,Wile E. Coyote Canyon Blaster,5,Saturday,3,,,,0.0,0,33,0
3273,Wile E. Coyote Canyon Blaster,5,Saturday,4,,,,0.0,0,18,0
3273,Wile E. Coyote Canyon Blaster,5,Saturday,5,,,,0.0,0,1,0
3273,Wile E. Coyote Canyon Blaster,5,Saturday,9,,,,0.0,0,8,0
3273,Wile E. Coyote Canyon Blaster,5,Saturday,10,0.0,0.0,0,33.3,4,12,1
3273,Wile E. Coyote Canyon Blaster,5,Saturday,11,0.0,0.0,0,100.0,17,17,3
3273,Wile E. Coyote Canyon Blaster,5,Saturday,12,0.0,0.0,0,100.0,49,49,7
3273,Wile E. Coyote Canyon Blaster,5,Saturday,13,0.0,0.0,0,100.0,46,46,7
3273,Wile E. Coyote Canyon Blaster,5,Saturday,14,0.0,0.0,0,100.0,36,36,4
3273,Wile E. Coyote Canyon Blaster,5,Saturday,15,0.0,0.0,0,100.0,42,42,6
3273,Wile E. Coyote Canyon Blaster,5,Saturday,16,0.0,0.0,0,100.0,48,48,6
3273,Wile E. Coyote Canyon Blaster,5,Saturday,17,0.0,0.0,0,100.0,27,27,4
3273,Wile E. Coyote Canyon Blaster,5,Saturday,18,0.0,0.0,0,89.7,52,58,6
3273,Wile E. Coyote Canyon Blaster,5,Saturday,19,0.0,0.0,0,63.4,26,41,5
3273,Wile E. Coyote Canyon Blaster,5,Saturday,20,0.0,0.0,0,74.4,32,43,5
3273,Wile E. Coyote Canyon Blaster,5,Saturday,21,0.0,0.0,0,80.0,36,45,4
3273,Wile E. Coyote Canyon Blaster,5,Saturday,22,0.0,0.0,0,23.1,6,26,2
3273,Wile E. Coyote Canyon Blaster,5,Saturday,23,,,,0.0,0,12,0
3273,Wile E. Coyote Canyon Blaster,6,Sunday,0,,,,0.0,0,12,0
3273,Wile E. Coyote Canyon Blaster,6,Sunday,1,,,,0.0,0,22,0
3273,Wile E. Coyote Canyon Blaster,6,Sunday,2,,,,0.0,0,35,0
3273,Wile E. Coyote Canyon Blaster,6,Sunday,3,,,,0.0,0,7,0
3273,Wile E. Coyote Canyon Blaster,6,Sunday,4,,,,0.0,0,5,0
3273,Wile E. Coyote Canyon Blaster,6,Sunday,5,,,,0.0,0,7,0
3273,Wile E. Coyote Canyon Blaster,6,Sunday,9,,,,0.0,0,7,0
3273,Wile E. Coyote Canyon Blaster,6,Sunday,10,0.0,0.0,0,33.3,4,12,1
3273,Wile E. Coyote Canyon Blaster,6,Sunday,11,0.0,0.0,0,100.0,14,14,2
3273,Wile E. Coyote Canyon Blaster,6,Sunday,12,0.0,0.0,0,71.0,22,31,2
3273,Wile E. Coyote Canyon Blaster,6,Sunday,13,0.0,0.0,0,52.5,31,59,4
3273,Wile E. Coyote Canyon Blaster,6,Sunday,14,0.0,0.0,0,78.6,22,28,2
3273,Wile E. Coyote Canyon Blaster,6,Sunday,15,0.0,0.0,0,100.0,37,37,5
3273,Wile E. Coyote Canyon Blaster,6,Sunday,16,0.0,0.0,0,79.1,34,43,6
3273,Wile E. Coyote Canyon Blaster,6,Sunday,17,0.0,0.0,0,90.0,27,30,5
3273,Wile E. Coyote Canyon Blaster,6,Sunday,18,0.0,0.0,0,91.3,42,46,5
3273,Wile E. Coyote Canyon Blaster,6,Sunday,19,0.0,0.0,0,74.5,35,47,5
3273,Wile E. Coyote Canyon Blaster,6,Sunday,20,0.0,0.0,0,34.9,15,43,5
3273,Wile E. Coyote Canyon Blaster,6,Sunday,21,0.0,0.0,0,47.1,16,34,3
3273,Wile E. Coyote Canyon Blaster,6,Sunday,22,0.0,0.0,0,6.1,3,49,2
3273,Wile E. Coyote Canyon Blaster,6,Sunday,23,,,,0.0,0,19,0
6371,WONDER WOMAN™ Lasso of Truth,0,Monday,0,,,,0.0,0,12,0
6371,WONDER WOMAN™ Lasso of Truth,0,Monday,1,,,,0.0,0,4,0
6371,WONDER WOMAN™ Lasso of Truth,0,Monday,2,,,,0.0,0,17,0
6371,WONDER WOMAN™ Lasso of Truth,0,Monday,3,,,,0.0,0,9,0
6371,WONDER WOMAN™ Lasso of Truth,0,Monday,4,,,,0.0,0,34,0
6371,WONDER WOMAN™ Lasso of Truth,0,Monday,5,,,,0.0,0,9,0
6371,WONDER WOMAN™ Lasso of Truth,0,Monday,6,,,,0.0,0,3,0
6371,WONDER WOMAN™ Lasso of Truth,0,Monday,9,,,,0.0,0,4,0
6371,WONDER WOMAN™ Lasso of Truth,0,Monday,10,,,,0.0,0,12,0
6371,WONDER WOMAN™ Lasso of Truth,0,Monday,11,,,,0.0,0,12,0
6371,WONDER WOMAN™ Lasso of Truth,0,Monday,12,,,,0.0,0,12,0
6371,WONDER WOMAN™ Lasso of Truth,0,Monday,13,30.0,30.0,30,7.7,1,13,1
6371,WONDER WOMAN™ Lasso of Truth,0,Monday,14,30.0,30.0,30,27.5,11,40,1
6371,WONDER WOMAN™ Lasso of Truth,0,Monday,15,0.0,0.0,0,30.0,9,30,1
6371,WONDER WOMAN™ Lasso of Truth,0,Monday,16,0.0,0.0,0,12.0,3,25,1
6371,WONDER WOMAN™ Lasso of Truth,0,Monday,17,60.0,60.0,60,43.5,10,23,1
6371,WONDER WOMAN™ Lasso of Truth,0,Monday,18,60.0,60.0,60,5.4,2,37,1
6371,WONDER WOMAN™ Lasso of Truth,0,Monday,19,21.4,60.0,60,53.8,14,26,2
6371,WONDER WOMAN™ Lasso of Truth,0,Monday,20,36.0,60.0,60,10.9,5,46,2
6371,WONDER WOMAN™ Lasso of Truth,0,Monday,21,,,,0.0,0,27,0
6371,WONDER WOMAN™ Lasso of Truth,0,Monday,22,,,,0.0,0,41,0
6371,WONDER WOMAN™ Lasso of Truth,0,Monday,23,,,,0.0,0,19,0
6371,WONDER WOMAN™ Lasso of Truth,1,Tuesday,0,,,,0.0,0,12,0
6371,WONDER WOMAN™ Lasso of Truth,1,Tuesday,1,,,,0.0,0,17,0
6371,WONDER WOMAN™ Lasso of Truth,1,Tuesday,2,,,,0.0,0,23,0
6371,WONDER WOMAN™ Lasso of Truth,1,Tuesday,3,,,,0.0,0,20,0
6371,WONDER WOMAN™ Lasso of Truth,1,Tuesday,4,,,,0.0,0,12,0
6371,WONDER WOMAN™ Lasso of Truth,1,Tuesday,5,,,,0.0,0,3,0
6371,WONDER WOMAN™ Lasso of Truth,1,Tuesday,9,,,,0.0,0,8,0
6371,WONDER WOMAN™ Lasso of Truth,1,Tuesday,10,,,,0.0,0,18,0
6371,WONDER WOMAN™ Lasso of Truth,1,Tuesday,11,,,,0.0,0,19,0
6371,WONDER WOMAN™ Lasso of Truth,1,Tuesday,12,,,,0.0,0,21,0
6371,WONDER WOMAN™ Lasso of Truth,1,Tuesday,13,0.0,0.0,0,19.6,11,56,1
6371,WONDER WOMAN™ Lasso of Truth,1,Tuesday,14,0.0,0.0,0,22.5,9,40,2
6371,WONDER WOMAN™ Lasso of Truth,1,Tuesday,15,0.0,0.0,0,13.2,5,38,2
6371,WONDER WOMAN™ Lasso of Truth,1,Tuesday,16,0.0,0.0,0,19.6,11,56,1
6371,WONDER WOMAN™ Lasso of Truth,1,Tuesday,17,,,,0.0,0,26,0
6371,WONDER WOMAN™ Lasso of Truth,1,Tuesday,18,0.0,0.0,0,28.6,14,49,2
6371,WONDER WOMAN™ Lasso of Truth,1,Tuesday,19,0.0,0.0,0,12.3,8,65,2
6371,WONDER WOMAN™ Lasso of Truth,1,Tuesday,20,,,,0.0,0,28,0
6371,WONDER WOMAN™ Lasso of Truth,1,Tuesday,21,,,,0.0,0,59,0
6371,WONDER WOMAN™ Lasso of Truth,1,Tuesday,22,,,,0.0,0,34,0
6371,WONDER WOMAN™ Lasso of Truth,1,Tuesday,23,,,,0.0,0,23,0
6371,WONDER WOMAN™ Lasso of Truth,2,Wednesday,0,,,,0.0,0,10,0
6371,WONDER WOMAN™ Lasso of Truth,2,Wednesday,1,,,,0.0,0,20,0
6371,WONDER WOMAN™ Lasso of Truth,2,Wednesday,2,,,,0.0,0,11,0
6371,WONDER WOMAN™ Lasso of Truth,2,Wednesday,3,,,,0.0,0,27,0
6371,WONDER WOMAN™ Lasso of Truth,2,Wednesday,4,,,,0.0,0,10,0
6371,WONDER WOMAN™ Lasso of Truth,2,Wednesday,9,,,,0.0,0,8,0
6371,WONDER WOMAN™ Lasso of Truth,2,Wednesday,10,,,,0.0,0,19,0
6371,WONDER WOMAN™ Lasso of Truth,2,Wednesday,11,,,,0.0,0,15,0
6371,WONDER WOMAN™ Lasso of Truth,2,Wednesday,12,15.0,15.0,15,5.6,1,18,1
6371,WONDER WOMAN™ Lasso of Truth,2,Wednesday,13,15.0,15.0,15,23.9,11,46,1
6371,WONDER WOMAN™ Lasso of Truth,2,Wednesday,14,0.0,0.0,0,30.3,10,33,1
6371,WONDER WOMAN™ Lasso of Truth,2,Wednesday,15,3.8,5.0,5,21.6,8,37,2
6371,WONDER WOMAN™ Lasso of Truth,2,Wednesday,16,5.0,5.0,5,17.1,6,35,1
6371,WONDER WOMAN™ Lasso of Truth,2,Wednesday,17,,,,0.0,0,28,0
6371,WONDER WOMAN™ Lasso of Truth,2,Wednesday,18,3.1,5.0,5,56.2,18,32,2
6371,WONDER WOMAN™ Lasso of Truth,2,Wednesday,19,5.0,5.0,5,2.3,1,44,1
6371,WONDER WOMAN™ Lasso of Truth,2,Wednesday,20,,,,0.0,0,41,0
6371,WONDER WOMAN™ Lasso of Truth,2,Wednesday,21,,,,0.0,0,35,0
6371,WONDER WOMAN™ Lasso of Truth,2,Wednesday,22,,,,0.0,0,23,0
6371,WONDER WOMAN™ Lasso of Truth,2,Wednesday,23,,,,0.0,0,18,0
6371,WONDER WOMAN™ Lasso of Truth,3,Thursday,0,,,,0.0,0,22,0
6371,WONDER WOMAN™ Lasso of Truth,3,Thursday,1,,,,0.0,0,27,0
6371,WONDER WOMAN™ Lasso of Truth,3,Thursday,2,,,,0.0,0,11,0
6371,WONDER WOMAN™ Lasso of Truth,3,Thursday,3,,,,0.0,0,29,0
6371,WONDER WOMAN™ Lasso of Truth,3,Thursday,4,,,,0.0,0,4,0
6371,WONDER WOMAN™ Lasso of Truth,3,Thursday,9,,,,0.0,0,5,0
6371,WONDER WOMAN™ Lasso of Truth,3,Thursday,10,,,,0.0,0,12,0
6371,WONDER WOMAN™ Lasso of Truth,3,Thursday,11,,,,0.0,0,12,0
6371,WONDER WOMAN™ Lasso of Truth,3,Thursday,12,0.0,0.0,0,15.8,3,19,1
6371,WONDER WOMAN™ Lasso of Truth,3,Thursday,13,0.0,0.0,0,21.4,9,42,1
6371,WONDER WOMAN™ Lasso of Truth,3,Thursday,14,0.0,0.0,0,17.9,5,28,1
6371,WONDER WOMAN™ Lasso of Truth,3,Thursday,15,0.0,0.0,0,28.3,13,46,2
6371,WONDER WOMAN™ Lasso of Truth,3,Thursday,16,0.0,0.0,0,17.2,5,29,1
6371,WONDER WOMAN™ Lasso of Truth,3,Thursday,17,0.0,0.0,0,8.6,3,35,1
6371,WONDER WOMAN™ Lasso of Truth,3,Thursday,18,0.0,0.0,0,22.9,8,35,1
6371,WONDER WOMAN™ Lasso of Truth,3,Thursday,19,0.0,0.0,0,25.4,15,59,3
6371,WONDER WOMAN™ Lasso of Truth,3,Thursday,20,0.0,0.0,0,20.5,9,44,2
6371,WONDER WOMAN™ Lasso of Truth,3,Thursday,21,,,,0.0,0,25,0
6371,WONDER WOMAN™ Lasso of Truth,3,Thursday,22,,,,0.0,0,53,0
6371,WONDER WOMAN™ Lasso of Truth,3,Thursday,23,,,,0.0,0,22,0
6371,WONDER WOMAN™ Lasso of Truth,4,Friday,0,,,,0.0,0,19,0
6371,WONDER WOMAN™ Lasso of Truth,4,Friday,1,,,,0.0,0,10,0
6371,WONDER WOMAN™ Lasso of Truth,4,Friday,2,,,,0.0,0,14,0
6371,WONDER WOMAN™ Lasso of Truth,4,Friday,3,,,,0.0,0,26,0
6371,WONDER WOMAN™ Lasso of Truth,4,Friday,4,,,,0.0,0,25,0
6371,WONDER WOMAN™ Lasso of Truth,4,Friday,5,,,,0.0,0,1,0
6371,WONDER WOMAN™ Lasso of Truth,4,Friday,9,,,,0.0,0,5,0
6371,WONDER WOMAN™ Lasso of Truth,4,Friday,10,,,,0.0,0,12,0
6371,WONDER WOMAN™ Lasso of Truth,4,Friday,11,,,,0.0,0,12,0
6371,WONDER WOMAN™ Lasso of Truth,4,Friday,12,0.0,0.0,0,21.7,5,23,1
6371,WONDER WOMAN™ Lasso of Truth,4,Friday,13,0.0,0.0,0,16.7,7,42,1
6371,WONDER WOMAN™ Lasso of Truth,4,Friday,14,,,,0.0,0,30,0
6371,WONDER WOMAN™ Lasso of Truth,4,Friday,15,10.0,10.0,10,25.0,10,40,1
6371,WONDER WOMAN™ Lasso of Truth,4,Friday,16,10.0,10.0,10,8.7,2,23,1
6371,WONDER WOMAN™ Lasso of Truth,4,Friday,17,10.0,10.0,10,14.7,5,34,1
6371,WONDER WOMAN™ Lasso of Truth,4,Friday,18,2.9,10.0,10,51.1,24,47,4
6371,WONDER WOMAN™ Lasso of Truth,4,Friday,19,2.3,10.0,10,60.5,26,43,5
6371,WONDER WOMAN™ Lasso of Truth,4,Friday,20,1.1,10.0,10,42.9,18,42,3
6371,WONDER WOMAN™ Lasso of Truth,4,Friday,21,30.0,45.0,45,40.9,9,22,1
6371,WONDER WOMAN™ Lasso of Truth,4,Friday,22,7.1,45.0,45,35.8,19,53,3
6371,WONDER WOMAN™ Lasso of Truth,4,Friday,23,0.0,0.0,0,18.2,4,22,2
6371,WONDER WOMAN™ Lasso of Truth,5,Saturday,0,,,,0.0,0,23,0
6371,WONDER WOMAN™ Lasso of Truth,5,Saturday,1,,,,0.0,0,3,0
6371,WONDER WOMAN™ Lasso of Truth,5,Saturday,2,,,,0.0,0,8,0
6371,WONDER WOMAN™ Lasso of Truth,5,Saturday,3,,,,0.0,0,33,0
6371,WONDER WOMAN™ Lasso of Truth,5,Saturday,4,,,,0.0,0,18,0
6371,WONDER WOMAN™ Lasso of Truth,5,Saturday,5,,,,0.0,0,1,0
6371,WONDER WOMAN™ Lasso of Truth,5,Saturday,9,,,,0.0,0,8,0
6371,WONDER WOMAN™ Lasso of Truth,5,Saturday,10,0.0,0.0,0,16.7,2,12,1
6371,WONDER WOMAN™ Lasso of Truth,5,Saturday,11,36.0,60.0,60,29.4,5,17,2
6371,WONDER WOMAN™ Lasso of Truth,5,Saturday,12,13.7,60.0,60,71.4,35,49,5
6371,WONDER WOMAN™ Lasso of Truth,5,Saturday,13,23.2,60.0,60,71.7,33,46,6
6371,WONDER WOMAN™ Lasso of Truth,5,Saturday,14,49.8,60.0,60,66.7,24,36,3
6371,WONDER WOMAN™ Lasso of Truth,5,Saturday,15,43.7,90.0,90,71.4,30,42,5
6371,WONDER WOMAN™ Lasso of Truth,5,Saturday,16,53.2,90.0,90,68.8,33,48,5
6371,WONDER WOMAN™ Lasso of Truth,5,Saturday,17,45.4,60.0,60,48.1,13,27,3
6371,WONDER WOMAN™ Lasso of Truth,5,Saturday,18,51.0,90.0,90,74.1,43,58,6
6371,WONDER WOMAN™ Lasso of Truth,5,Saturday,19,56.8,90.0,90,68.3,28,41,6
6371,WONDER WOMAN™ Lasso of Truth,5,Saturday,20,53.5,90.0,90,53.5,23,43,5
6371,WONDER WOMAN™ Lasso of Truth,5,Saturday,21,43.6,75.0,90,73.3,33,45,4
6371,WONDER WOMAN™ Lasso of Truth,5,Saturday,22,98.6,120.0,120,53.8,14,26,3
6371,WONDER WOMAN™ Lasso of Truth,5,Saturday,23,120.0,120.0,120,16.7,2,12,1
6371,WONDER WOMAN™ Lasso of Truth,6,Sunday,0,,,,0.0,0,12,0
6371,WONDER WOMAN™ Lasso of Truth,6,Sunday,1,,,,0.0,0,22,0
6371,WONDER WOMAN™ Lasso of Truth,6,Sunday,2,,,,0.0,0,35,0
6371,WONDER WOMAN™ Lasso of Truth,6,Sunday,3,,,,0.0,0,7,0
6371,WONDER WOMAN™ Lasso of Truth,6,Sunday,4,,,,0.0,0,5,0
6371,WONDER WOMAN™ Lasso of Truth,6,Sunday,5,,,,0.0,0,7,0
6371,WONDER WOMAN™ Lasso of Truth,6,Sunday,9,,,,0.0,0,7,0
6371,WONDER WOMAN™ Lasso of Truth,6,Sunday,10,,,,0.0,0,12,0
6371,WONDER WOMAN™ Lasso of Truth,6,Sunday,11,30.0,30.0,30,14.3,2,14,1
6371,WONDER WOMAN™ Lasso of Truth,6,Sunday,12,15.8,30.0,30,61.3,19,31,3
6371,WONDER WOMAN™ Lasso of Truth,6,Sunday,13,37.5,90.0,90,54.2,32,59,5
6371,WONDER WOMAN™ Lasso of Truth,6,Sunday,14,60.0,60.0,60,21.4,6,28,1
6371,WONDER WOMAN™ Lasso of Truth,6,Sunday,15,23.1,90.0,90,70.3,26,37,4
6371,WONDER WOMAN™ Lasso of Truth,6,Sunday,16,35.0,90.0,90,93.0,40,43,6
6371,WONDER WOMAN™ Lasso of Truth,6,Sunday,17,16.7,90.0,90,60.0,18,30,5
6371,WONDER WOMAN™ Lasso of Truth,6,Sunday,18,60.0,90.0,90,69.6,32,46,4
6371,WONDER WOMAN™ Lasso of Truth,6,Sunday,19,28.1,90.0,90,68.1,32,47,5
6371,WONDER WOMAN™ Lasso of Truth,6,Sunday,20,5.4,20.0,30,30.2,13,43,4
6371,WONDER WOMAN™ Lasso of Truth,6,Sunday,21,19.1,60.0,60,32.4,11,34,3
6371,WONDER WOMAN™ Lasso of Truth,6,Sunday,22,5.0,15.0,15,6.1,3,49,2
6371,WONDER WOMAN™ Lasso of Truth,6,Sunday,23,,,,0.0,0,19,0
