ts_utc,ts_local,date_local,time_local,ride_id,ride_name,land,is_open,wait_time
2026-10-06T08:15:00Z,2026-10-06T04:15:00-04:00,2026-10-06,04:15,3231,Air Jumbo,Family Rides,false,0
2026-10-06T08:15:00Z,2026-10-06T04:15:00-04:00,2026-10-06,04:15,17425,Barrels O’ Fun,Family Rides,false,0
2026-10-06T08:15:00Z,2026-10-06T04:15:00-04:00,2026-10-06,04:15,3270,Buccaneer,Family Rides,false,0
2026-10-06T08:15:00Z,2026-10-06T04:15:00-04:00,2026-10-06,04:15,3237,Carousel,Family Rides,false,0
2026-10-06T08:15:00Z,2026-10-06T04:15:00-04:00,2026-10-06,04:15,3244,Enchanted Teacups,Family Rides,false,0
2026-10-06T08:15:00Z,2026-10-06T04:15:00-04:00,2026-10-06,04:15,3245,Fender Benders,Family Rides,false,0
2026-10-06T08:15:00Z,2026-10-06T04:15:00-04:00,2026-10-06,04:15,17426,Flying Scooters,Family Rides,false,0
2026-10-06T08:15:00Z,2026-10-06T04:15:00-04:00,2026-10-06,04:15,15604,Giant Wheel,Family Rides,false,0
2026-10-06T08:15:00Z,2026-10-06T04:15:00-04:00,2026-10-06,04:15,3236,HARLEY QUINN™ Crazy Train,Family Rides,false,0
2026-10-06T08:15:00Z,2026-10-06T04:15:00-04:00,2026-10-06,04:15,3249,Houdini’s Great Escape,Family Rides,false,0
2026-10-06T08:15:00Z,2026-10-06T04:15:00-04:00,2026-10-06,04:15,17427,Hypno Twister,Family Rides,false,0
2026-10-06T08:15:00Z,2026-10-06T04:15:00-04:00,2026-10-06,04:15,3250,Jolly Roger,Family Rides,false,0
2026-10-06T08:15:00Z,2026-10-06T04:15:00-04:00,2026-10-06,04:15,15829,Roaring Rapids,Family Rides,false,0
2026-10-06T08:15:00Z,2026-10-06T04:15:00-04:00,2026-10-06,04:15,15727,Scrambler,Family Rides,false,0
2026-10-06T08:15:00Z,2026-10-06T04:15:00-04:00,2026-10-06,04:15,3268,Tango,Family Rides,false,0
2026-10-06T08:15:00Z,2026-10-06T04:15:00-04:00,2026-10-06,04:15,17428,Wave Swinger,Family Rides,false,0
2026-10-06T08:15:00Z,2026-10-06T04:15:00-04:00,2026-10-06,04:15,3232,Air Safari,Kids' Rides,false,0
2026-10-06T08:15:00Z,2026-10-06T04:15:00-04:00,2026-10-06,04:15,10461,Barnstormer,Kids' Rides,false,0
2026-10-06T08:15:00Z,2026-10-06T04:15:00-04:00,2026-10-06,04:15,3275,Bugaboo,Kids' Rides,false,0
2026-10-06T08:15:00Z,2026-10-06T04:15:00-04:00,2026-10-06,04:15,3277,Bugs Bunny Camp Carousel,Kids' Rides,false,0
2026-10-06T08:15:00Z,2026-10-06T04:15:00-04:00,2026-10-06,04:15,3279,Bugs Bunny Ranger Pilots,Kids' Rides,false,0
2026-10-06T08:15:00Z,2026-10-06T04:15:00-04:00,2026-10-06,04:15,3240,Daffy Duck Hot Air Balloons,Kids' Rides,false,0
2026-10-06T08:15:00Z,2026-10-06T04:15:00-04:00,2026-10-06,04:15,10077,Lil' Devil Coaster,Kids' Rides,false,0
2026-10-06T08:15:00Z,2026-10-06T04:15:00-04:00,2026-10-06,04:15,15617,Porky Pig Camp Wagons,Kids' Rides,false,0
2026-10-06T08:15:00Z,2026-10-06T04:15:00-04:00,2026-10-06,04:15,3257,Raja’s Rickshaws,Kids' Rides,false,0
2026-10-06T08:15:00Z,2026-10-06T04:15:00-04:00,2026-10-06,04:15,3274,Safari Off-Road Adventure,Kids' Rides,false,0
2026-10-06T08:15:00Z,2026-10-06T04:15:00-04:00,2026-10-06,04:15,3283,Saw Mill Log Flume,Kids' Rides,false,0
2026-10-06T08:15:00Z,2026-10-06T04:15:00-04:00,2026-10-06,04:15,3281,Sky Zooma,Kids' Rides,false,0
2026-10-06T08:15:00Z,2026-10-06T04:15:00-04:00,2026-10-06,04:15,15789,Storm Chaser,Kids' Rides,false,0
2026-10-06T08:15:00Z,2026-10-06T04:15:00-04:00,2026-10-06,04:15,3267,Super Round Up,Kids' Rides,false,0
2026-10-06T08:15:00Z,2026-10-06T04:15:00-04:00,2026-10-06,04:15,15594,Tree Top Hopper,Kids' Rides,false,0
2026-10-06T08:15:00Z,2026-10-06T04:15:00-04:00,2026-10-06,04:15,3233,BATMAN™ The Ride,Thrill Rides,false,0
2026-10-06T08:15:00Z,2026-10-06T04:15:00-04:00,2026-10-06,04:15,3243,El Toro,Thrill Rides,false,0
2026-10-06T08:15:00Z,2026-10-06T04:15:00-04:00,2026-10-06,04:15,8539,Jersey Devil Coaster,Thrill Rides,false,0
2026-10-06T08:15:00Z,2026-10-06T04:15:00-04:00,2026-10-06,04:15,3916,JUSTICE LEAGUE™: Battle for METROPOLIS,Thrill Rides,false,0
2026-10-06T08:15:00Z,2026-10-06T04:15:00-04:00,2026-10-06,04:15,10533,Medusa,Thrill Rides,false,0
2026-10-06T08:15:00Z,2026-10-06T04:15:00-04:00,2026-10-06,04:15,3253,Nitro,Thrill Rides,false,0
2026-10-06T08:15:00Z,2026-10-06T04:15:00-04:00,2026-10-06,04:15,3261,Runaway Train,Thrill Rides,false,0
2026-10-06T08:15:00Z,2026-10-06T04:15:00-04:00,2026-10-06,04:15,3262,Skull Mountain,Thrill Rides,false,0
2026-10-06T08:15:00Z,2026-10-06T04:15:00-04:00,2026-10-06,04:15,3263,SkyScreamer,Thrill Rides,false,0
2026-10-06T08:15:00Z,2026-10-06T04:15:00-04:00,2026-10-06,04:15,3282,Slingshot,Thrill Rides,false,0
2026-10-06T08:15:00Z,2026-10-06T04:15:00-04:00,2026-10-06,04:15,3266,SUPERMAN™: Ultimate Flight,Thrill Rides,false,0
2026-10-06T08:15:00Z,2026-10-06T04:15:00-04:00,2026-10-06,04:15,3271,THE DARK KNIGHT™ Coaster,Thrill Rides,false,0
2026-10-06T08:15:00Z,2026-10-06T04:15:00-04:00,2026-10-06,04:15,14537,THE FLASH™: Vertical Velocity,Thrill Rides,false,0
2026-10-06T08:15:00Z,2026-10-06T04:15:00-04:00,2026-10-06,04:15,3288,THE JOKER™,Thrill Rides,false,0
2026-10-06T08:15:00Z,2026-10-06T04:15:00-04:00,2026-10-06,04:15,3273,Wile E. Coyote Canyon Blaster,Thrill Rides,false,0
2026-10-06T08:15:00Z,2026-10-06T04:15:00-04:00,2026-10-06,04:15,6371,WONDER WOMAN™ Lasso of Truth,Thrill Rides,false,0
2026-10-06T08:15:00Z,2026-10-06T04:15:00-04:00,2026-10-06,04:15,13929,Army of the Dead,Halloween,false,0
2026-10-06T08:15:00Z,2026-10-06T04:15:00-04:00,2026-10-06,04:15,13932,Asylum,Halloween,false,0
2026-10-06T08:15:00Z,2026-10-06T04:15:00-04:00,2026-10-06,04:15,13933,Big Top Terror,Halloween,false,0
2026-10-06T08:15:00Z,2026-10-06T04:15:00-04:00,2026-10-06,04:15,17766,CarnEvil,Halloween,false,0
2026-10-06T08:15:00Z,2026-10-06T04:15:00-04:00,2026-10-06,04:15,17767,Curse of Blackbeard's Bounty,Halloween,false,0
2026-10-06T08:15:00Z,2026-10-06T04:15:00-04:00,2026-10-06,04:15,17768,Deadwood Cabin,Halloween,false,0
2026-10-06T08:15:00Z,2026-10-06T04:15:00-04:00,2026-10-06,04:15,17769,Exile Canyon,Halloween,false,0
2026-10-06T08:15:00Z,2026-10-06T04:15:00-04:00,2026-10-06,04:15,17770,Final Destination,Halloween,false,0
2026-10-06T08:15:00Z,2026-10-06T04:15:00-04:00,2026-10-06,04:15,17771,JASON: Blood Reign,Halloween,false,0
2026-10-06T08:15:00Z,2026-10-06T04:15:00-04:00,2026-10-06,04:15,17772,Plaza De La Muerte,Halloween,false,0
2026-10-06T08:15:00Z,2026-10-06T04:15:00-04:00,2026-10-06,04:15,4005,The Bloody Fountain,Halloween,false,0
2026-10-06T08:15:00Z,2026-10-06T04:15:00-04:00,2026-10-06,04:15,13926,The Conjuring Universe,Halloween,false,0
2026-10-06T08:15:00Z,2026-10-06T04:15:00-04:00,2026-10-06,04:15,17725,The Witch's Reflection,Halloween,false,0
2026-10-06T08:15:00Z,2026-10-06T04:15:00-04:00,2026-10-06,04:15,17720,Trick or Treatin' with Boo,Halloween,false,0
2026-10-06T08:15:00Z,2026-10-06T04:15:00-04:00,2026-10-06,04:15,17773,Twisted Holidays,Halloween,false,0
2026-10-06T08:20:00Z,2026-10-06T04:20:00-04:00,2026-10-06,04:20,3231,Air Jumbo,Family Rides,false,0
2026-10-06T08:20:00Z,2026-10-06T04:20:00-04:00,2026-10-06,04:20,17425,Barrels O’ Fun,Family Rides,false,0
2026-10-06T08:20:00Z,2026-10-06T04:20:00-04:00,2026-10-06,04:20,3270,Buccaneer,Family Rides,false,0
2026-10-06T08:20:00Z,2026-10-06T04:20:00-04:00,2026-10-06,04:20,3237,Carousel,Family Rides,false,0
2026-10-06T08:20:00Z,2026-10-06T04:20:00-04:00,2026-10-06,04:20,3244,Enchanted Teacups,Family Rides,false,0
2026-10-06T08:20:00Z,2026-10-06T04:20:00-04:00,2026-10-06,04:20,3245,Fender Benders,Family Rides,false,0
2026-10-06T08:20:00Z,2026-10-06T04:20:00-04:00,2026-10-06,04:20,17426,Flying Scooters,Family Rides,false,0
2026-10-06T08:20:00Z,2026-10-06T04:20:00-04:00,2026-10-06,04:20,15604,Giant Wheel,Family Rides,false,0
2026-10-06T08:20:00Z,2026-10-06T04:20:00-04:00,2026-10-06,04:20,3236,HARLEY QUINN™ Crazy Train,Family Rides,false,0
2026-10-06T08:20:00Z,2026-10-06T04:20:00-04:00,2026-10-06,04:20,3249,Houdini’s Great Escape,Family Rides,false,0
2026-10-06T08:20:00Z,2026-10-06T04:20:00-04:00,2026-10-06,04:20,17427,Hypno Twister,Family Rides,false,0
2026-10-06T08:20:00Z,2026-10-06T04:20:00-04:00,2026-10-06,04:20,3250,Jolly Roger,Family Rides,false,0
2026-10-06T08:20:00Z,2026-10-06T04:20:00-04:00,2026-10-06,04:20,15829,Roaring Rapids,Family Rides,false,0
2026-10-06T08:20:00Z,2026-10-06T04:20:00-04:00,2026-10-06,04:20,15727,Scrambler,Family Rides,false,0
2026-10-06T08:20:00Z,2026-10-06T04:20:00-04:00,2026-10-06,04:20,3268,Tango,Family Rides,false,0
2026-10-06T08:20:00Z,2026-10-06T04:20:00-04:00,2026-10-06,04:20,17428,Wave Swinger,Family Rides,false,0
2026-10-06T08:20:00Z,2026-10-06T04:20:00-04:00,2026-10-06,04:20,3232,Air Safari,Kids' Rides,false,0
2026-10-06T08:20:00Z,2026-10-06T04:20:00-04:00,2026-10-06,04:20,10461,Barnstormer,Kids' Rides,false,0
2026-10-06T08:20:00Z,2026-10-06T04:20:00-04:00,2026-10-06,04:20,3275,Bugaboo,Kids' Rides,false,0
2026-10-06T08:20:00Z,2026-10-06T04:20:00-04:00,2026-10-06,04:20,3277,Bugs Bunny Camp Carousel,Kids' Rides,false,0
2026-10-06T08:20:00Z,2026-10-06T04:20:00-04:00,2026-10-06,04:20,3279,Bugs Bunny Ranger Pilots,Kids' Rides,false,0
2026-10-06T08:20:00Z,2026-10-06T04:20:00-04:00,2026-10-06,04:20,3240,Daffy Duck Hot Air Balloons,Kids' Rides,false,0
2026-10-06T08:20:00Z,2026-10-06T04:20:00-04:00,2026-10-06,04:20,10077,Lil' Devil Coaster,Kids' Rides,false,0
2026-10-06T08:20:00Z,2026-10-06T04:20:00-04:00,2026-10-06,04:20,15617,Porky Pig Camp Wagons,Kids' Rides,false,0
2026-10-06T08:20:00Z,2026-10-06T04:20:00-04:00,2026-10-06,04:20,3257,Raja’s Rickshaws,Kids' Rides,false,0
2026-10-06T08:20:00Z,2026-10-06T04:20:00-04:00,2026-10-06,04:20,3274,Safari Off-Road Adventure,Kids' Rides,false,0
2026-10-06T08:20:00Z,2026-10-06T04:20:00-04:00,2026-10-06,04:20,3283,Saw Mill Log Flume,Kids' Rides,false,0
2026-10-06T08:20:00Z,2026-10-06T04:20:00-04:00,2026-10-06,04:20,3281,Sky Zooma,Kids' Rides,false,0
2026-10-06T08:20:00Z,2026-10-06T04:20:00-04:00,2026-10-06,04:20,15789,Storm Chaser,Kids' Rides,false,0
2026-10-06T08:20:00Z,2026-10-06T04:20:00-04:00,2026-10-06,04:20,3267,Super Round Up,Kids' Rides,false,0
2026-10-06T08:20:00Z,2026-10-06T04:20:00-04:00,2026-10-06,04:20,15594,Tree Top Hopper,Kids' Rides,false,0
2026-10-06T08:20:00Z,2026-10-06T04:20:00-04:00,2026-10-06,04:20,3233,BATMAN™ The Ride,Thrill Rides,false,0
2026-10-06T08:20:00Z,2026-10-06T04:20:00-04:00,2026-10-06,04:20,3243,El Toro,Thrill Rides,false,0
2026-10-06T08:20:00Z,2026-10-06T04:20:00-04:00,2026-10-06,04:20,8539,Jersey Devil Coaster,Thrill Rides,false,0
2026-10-06T08:20:00Z,2026-10-06T04:20:00-04:00,2026-10-06,04:20,3916,JUSTICE LEAGUE™: Battle for METROPOLIS,Thrill Rides,false,0
2026-10-06T08:20:00Z,2026-10-06T04:20:00-04:00,2026-10-06,04:20,10533,Medusa,Thrill Rides,false,0
2026-10-06T08:20:00Z,2026-10-06T04:20:00-04:00,2026-10-06,04:20,3253,Nitro,Thrill Rides,false,0
2026-10-06T08:20:00Z,2026-10-06T04:20:00-04:00,2026-10-06,04:20,3261,Runaway Train,Thrill Rides,false,0
2026-10-06T08:20:00Z,2026-10-06T04:20:00-04:00,2026-10-06,04:20,3262,Skull Mountain,Thrill Rides,false,0
2026-10-06T08:20:00Z,2026-10-06T04:20:00-04:00,2026-10-06,04:20,3263,SkyScreamer,Thrill Rides,false,0
2026-10-06T08:20:00Z,2026-10-06T04:20:00-04:00,2026-10-06,04:20,3282,Slingshot,Thrill Rides,false,0
2026-10-06T08:20:00Z,2026-10-06T04:20:00-04:00,2026-10-06,04:20,3266,SUPERMAN™: Ultimate Flight,Thrill Rides,false,0
2026-10-06T08:20:00Z,2026-10-06T04:20:00-04:00,2026-10-06,04:20,3271,THE DARK KNIGHT™ Coaster,Thrill Rides,false,0
2026-10-06T08:20:00Z,2026-10-06T04:20:00-04:00,2026-10-06,04:20,14537,THE FLASH™: Vertical Velocity,Thrill Rides,false,0
2026-10-06T08:20:00Z,2026-10-06T04:20:00-04:00,2026-10-06,04:20,3288,THE JOKER™,Thrill Rides,false,0
2026-10-06T08:20:00Z,2026-10-06T04:20:00-04:00,2026-10-06,04:20,3273,Wile E. Coyote Canyon Blaster,Thrill Rides,false,0
2026-10-06T08:20:00Z,2026-10-06T04:20:00-04:00,2026-10-06,04:20,6371,WONDER WOMAN™ Lasso of Truth,Thrill Rides,false,0
2026-10-06T08:20:00Z,2026-10-06T04:20:00-04:00,2026-10-06,04:20,13929,Army of the Dead,Halloween,false,0
2026-10-06T08:20:00Z,2026-10-06T04:20:00-04:00,2026-10-06,04:20,13932,Asylum,Halloween,false,0
2026-10-06T08:20:00Z,2026-10-06T04:20:00-04:00,2026-10-06,04:20,13933,Big Top Terror,Halloween,false,0
2026-10-06T08:20:00Z,2026-10-06T04:20:00-04:00,2026-10-06,04:20,17766,CarnEvil,Halloween,false,0
2026-10-06T08:20:00Z,2026-10-06T04:20:00-04:00,2026-10-06,04:20,17767,Curse of Blackbeard's Bounty,Halloween,false,0
2026-10-06T08:20:00Z,2026-10-06T04:20:00-04:00,2026-10-06,04:20,17768,Deadwood Cabin,Halloween,false,0
2026-10-06T08:20:00Z,2026-10-06T04:20:00-04:00,2026-10-06,04:20,17769,Exile Canyon,Halloween,false,0
2026-10-06T08:20:00Z,2026-10-06T04:20:00-04:00,2026-10-06,04:20,17770,Final Destination,Halloween,false,0
2026-10-06T08:20:00Z,2026-10-06T04:20:00-04:00,2026-10-06,04:20,17771,JASON: Blood Reign,Halloween,false,0
2026-10-06T08:20:00Z,2026-10-06T04:20:00-04:00,2026-10-06,04:20,17772,Plaza De La Muerte,Halloween,false,0
2026-10-06T08:20:00Z,2026-10-06T04:20:00-04:00,2026-10-06,04:20,4005,The Bloody Fountain,Halloween,false,0
2026-10-06T08:20:00Z,2026-10-06T04:20:00-04:00,2026-10-06,04:20,13926,The Conjuring Universe,Halloween,false,0
2026-10-06T08:20:00Z,2026-10-06T04:20:00-04:00,2026-10-06,04:20,17725,The Witch's Reflection,Halloween,false,0
2026-10-06T08:20:00Z,2026-10-06T04:20:00-04:00,2026-10-06,04:20,17720,Trick or Treatin' with Boo,Halloween,false,0
2026-10-06T08:20:00Z,2026-10-06T04:20:00-04:00,2026-10-06,04:20,17773,Twisted Holidays,Halloween,false,0
2026-10-06T08:25:00Z,2026-10-06T04:25:00-04:00,2026-10-06,04:25,3231,Air Jumbo,Family Rides,false,0
2026-10-06T08:25:00Z,2026-10-06T04:25:00-04:00,2026-10-06,04:25,17425,Barrels O’ Fun,Family Rides,false,0
2026-10-06T08:25:00Z,2026-10-06T04:25:00-04:00,2026-10-06,04:25,3270,Buccaneer,Family Rides,false,0
2026-10-06T08:25:00Z,2026-10-06T04:25:00-04:00,2026-10-06,04:25,3237,Carousel,Family Rides,false,0
2026-10-06T08:25:00Z,2026-10-06T04:25:00-04:00,2026-10-06,04:25,3244,Enchanted Teacups,Family Rides,false,0
2026-10-06T08:25:00Z,2026-10-06T04:25:00-04:00,2026-10-06,04:25,3245,Fender Benders,Family Rides,false,0
2026-10-06T08:25:00Z,2026-10-06T04:25:00-04:00,2026-10-06,04:25,17426,Flying Scooters,Family Rides,false,0
2026-10-06T08:25:00Z,2026-10-06T04:25:00-04:00,2026-10-06,04:25,15604,Giant Wheel,Family Rides,false,0
2026-10-06T08:25:00Z,2026-10-06T04:25:00-04:00,2026-10-06,04:25,3236,HARLEY QUINN™ Crazy Train,Family Rides,false,0
2026-10-06T08:25:00Z,2026-10-06T04:25:00-04:00,2026-10-06,04:25,3249,Houdini’s Great Escape,Family Rides,false,0
2026-10-06T08:25:00Z,2026-10-06T04:25:00-04:00,2026-10-06,04:25,17427,Hypno Twister,Family Rides,false,0
2026-10-06T08:25:00Z,2026-10-06T04:25:00-04:00,2026-10-06,04:25,3250,Jolly Roger,Family Rides,false,0
2026-10-06T08:25:00Z,2026-10-06T04:25:00-04:00,2026-10-06,04:25,15829,Roaring Rapids,Family Rides,false,0
2026-10-06T08:25:00Z,2026-10-06T04:25:00-04:00,2026-10-06,04:25,15727,Scrambler,Family Rides,false,0
2026-10-06T08:25:00Z,2026-10-06T04:25:00-04:00,2026-10-06,04:25,3268,Tango,Family Rides,false,0
2026-10-06T08:25:00Z,2026-10-06T04:25:00-04:00,2026-10-06,04:25,17428,Wave Swinger,Family Rides,false,0
2026-10-06T08:25:00Z,2026-10-06T04:25:00-04:00,2026-10-06,04:25,3232,Air Safari,Kids' Rides,false,0
2026-10-06T08:25:00Z,2026-10-06T04:25:00-04:00,2026-10-06,04:25,10461,Barnstormer,Kids' Rides,false,0
2026-10-06T08:25:00Z,2026-10-06T04:25:00-04:00,2026-10-06,04:25,3275,Bugaboo,Kids' Rides,false,0
2026-10-06T08:25:00Z,2026-10-06T04:25:00-04:00,2026-10-06,04:25,3277,Bugs Bunny Camp Carousel,Kids' Rides,false,0
2026-10-06T08:25:00Z,2026-10-06T04:25:00-04:00,2026-10-06,04:25,3279,Bugs Bunny Ranger Pilots,Kids' Rides,false,0
2026-10-06T08:25:00Z,2026-10-06T04:25:00-04:00,2026-10-06,04:25,3240,Daffy Duck Hot Air Balloons,Kids' Rides,false,0
2026-10-06T08:25:00Z,2026-10-06T04:25:00-04:00,2026-10-06,04:25,10077,Lil' Devil Coaster,Kids' Rides,false,0
2026-10-06T08:25:00Z,2026-10-06T04:25:00-04:00,2026-10-06,04:25,15617,Porky Pig Camp Wagons,Kids' Rides,false,0
2026-10-06T08:25:00Z,2026-10-06T04:25:00-04:00,2026-10-06,04:25,3257,Raja’s Rickshaws,Kids' Rides,false,0
2026-10-06T08:25:00Z,2026-10-06T04:25:00-04:00,2026-10-06,04:25,3274,Safari Off-Road Adventure,Kids' Rides,false,0
2026-10-06T08:25:00Z,2026-10-06T04:25:00-04:00,2026-10-06,04:25,3283,Saw Mill Log Flume,Kids' Rides,false,0
2026-10-06T08:25:00Z,2026-10-06T04:25:00-04:00,2026-10-06,04:25,3281,Sky Zooma,Kids' Rides,false,0
2026-10-06T08:25:00Z,2026-10-06T04:25:00-04:00,2026-10-06,04:25,15789,Storm Chaser,Kids' Rides,false,0
2026-10-06T08:25:00Z,2026-10-06T04:25:00-04:00,2026-10-06,04:25,3267,Super Round Up,Kids' Rides,false,0
2026-10-06T08:25:00Z,2026-10-06T04:25:00-04:00,2026-10-06,04:25,15594,Tree Top Hopper,Kids' Rides,false,0
2026-10-06T08:25:00Z,2026-10-06T04:25:00-04:00,2026-10-06,04:25,3233,BATMAN™ The Ride,Thrill Rides,false,0
2026-10-06T08:25:00Z,2026-10-06T04:25:00-04:00,2026-10-06,04:25,3243,El Toro,Thrill Rides,false,0
2026-10-06T08:25:00Z,2026-10-06T04:25:00-04:00,2026-10-06,04:25,8539,Jersey Devil Coaster,Thrill Rides,false,0
2026-10-06T08:25:00Z,2026-10-06T04:25:00-04:00,2026-10-06,04:25,3916,JUSTICE LEAGUE™: Battle for METROPOLIS,Thrill Rides,false,0
2026-10-06T08:25:00Z,2026-10-06T04:25:00-04:00,2026-10-06,04:25,10533,Medusa,Thrill Rides,false,0
2026-10-06T08:25:00Z,2026-10-06T04:25:00-04:00,2026-10-06,04:25,3253,Nitro,Thrill Rides,false,0
2026-10-06T08:25:00Z,2026-10-06T04:25:00-04:00,2026-10-06,04:25,3261,Runaway Train,Thrill Rides,false,0
2026-10-06T08:25:00Z,2026-10-06T04:25:00-04:00,2026-10-06,04:25,3262,Skull Mountain,Thrill Rides,false,0
2026-10-06T08:25:00Z,2026-10-06T04:25:00-04:00,2026-10-06,04:25,3263,SkyScreamer,Thrill Rides,false,0
2026-10-06T08:25:00Z,2026-10-06T04:25:00-04:00,2026-10-06,04:25,3282,Slingshot,Thrill Rides,false,0
2026-10-06T08:25:00Z,2026-10-06T04:25:00-04:00,2026-10-06,04:25,3266,SUPERMAN™: Ultimate Flight,Thrill Rides,false,0
2026-10-06T08:25:00Z,2026-10-06T04:25:00-04:00,2026-10-06,04:25,3271,THE DARK KNIGHT™ Coaster,Thrill Rides,false,0
2026-10-06T08:25:00Z,2026-10-06T04:25:00-04:00,2026-10-06,04:25,14537,THE FLASH™: Vertical Velocity,Thrill Rides,false,0
2026-10-06T08:25:00Z,2026-10-06T04:25:00-04:00,2026-10-06,04:25,3288,THE JOKER™,Thrill Rides,false,0
2026-10-06T08:25:00Z,2026-10-06T04:25:00-04:00,2026-10-06,04:25,3273,Wile E. Coyote Canyon Blaster,Thrill Rides,false,0
2026-10-06T08:25:00Z,2026-10-06T04:25:00-04:00,2026-10-06,04:25,6371,WONDER WOMAN™ Lasso of Truth,Thrill Rides,false,0
2026-10-06T08:25:00Z,2026-10-06T04:25:00-04:00,2026-10-06,04:25,13929,Army of the Dead,Halloween,false,0
2026-10-06T08:25:00Z,2026-10-06T04:25:00-04:00,2026-10-06,04:25,13932,Asylum,Halloween,false,0
2026-10-06T08:25:00Z,2026-10-06T04:25:00-04:00,2026-10-06,04:25,13933,Big Top Terror,Halloween,false,0
2026-10-06T08:25:00Z,2026-10-06T04:25:00-04:00,2026-10-06,04:25,17766,CarnEvil,Halloween,false,0
2026-10-06T08:25:00Z,2026-10-06T04:25:00-04:00,2026-10-06,04:25,17767,Curse of Blackbeard's Bounty,Halloween,false,0
2026-10-06T08:25:00Z,2026-10-06T04:25:00-04:00,2026-10-06,04:25,17768,Deadwood Cabin,Halloween,false,0
2026-10-06T08:25:00Z,2026-10-06T04:25:00-04:00,2026-10-06,04:25,17769,Exile Canyon,Halloween,false,0
2026-10-06T08:25:00Z,2026-10-06T04:25:00-04:00,2026-10-06,04:25,17770,Final Destination,Halloween,false,0
2026-10-06T08:25:00Z,2026-10-06T04:25:00-04:00,2026-10-06,04:25,17771,JASON: Blood Reign,Halloween,false,0
2026-10-06T08:25:00Z,2026-10-06T04:25:00-04:00,2026-10-06,04:25,17772,Plaza De La Muerte,Halloween,false,0
2026-10-06T08:25:00Z,2026-10-06T04:25:00-04:00,2026-10-06,04:25,4005,The Bloody Fountain,Halloween,false,0
2026-10-06T08:25:00Z,2026-10-06T04:25:00-04:00,2026-10-06,04:25,13926,The Conjuring Universe,Halloween,false,0
2026-10-06T08:25:00Z,2026-10-06T04:25:00-04:00,2026-10-06,04:25,17725,The Witch's Reflection,Halloween,false,0
2026-10-06T08:25:00Z,2026-10-06T04:25:00-04:00,2026-10-06,04:25,17720,Trick or Treatin' with Boo,Halloween,false,0
2026-10-06T08:25:00Z,2026-10-06T04:25:00-04:00,2026-10-06,04:25,17773,Twisted Holidays,Halloween,false,0
2026-10-06T08:30:00Z,2026-10-06T04:30:00-04:00,2026-10-06,04:30,3231,Air Jumbo,Family Rides,false,0
2026-10-06T08:30:00Z,2026-10-06T04:30:00-04:00,2026-10-06,04:30,17425,Barrels O’ Fun,Family Rides,false,0
2026-10-06T08:30:00Z,2026-10-06T04:30:00-04:00,2026-10-06,04:30,3270,Buccaneer,Family Rides,false,0
2026-10-06T08:30:00Z,2026-10-06T04:30:00-04:00,2026-10-06,04:30,3237,Carousel,Family Rides,false,0
2026-10-06T08:30:00Z,2026-10-06T04:30:00-04:00,2026-10-06,04:30,3244,Enchanted Teacups,Family Rides,false,0
2026-10-06T08:30:00Z,2026-10-06T04:30:00-04:00,2026-10-06,04:30,3245,Fender Benders,Family Rides,false,0
2026-10-06T08:30:00Z,2026-10-06T04:30:00-04:00,2026-10-06,04:30,17426,Flying Scooters,Family Rides,false,0
2026-10-06T08:30:00Z,2026-10-06T04:30:00-04:00,2026-10-06,04:30,15604,Giant Wheel,Family Rides,false,0
2026-10-06T08:30:00Z,2026-10-06T04:30:00-04:00,2026-10-06,04:30,3236,HARLEY QUINN™ Crazy Train,Family Rides,false,0
2026-10-06T08:30:00Z,2026-10-06T04:30:00-04:00,2026-10-06,04:30,3249,Houdini’s Great Escape,Family Rides,false,0
2026-10-06T08:30:00Z,2026-10-06T04:30:00-04:00,2026-10-06,04:30,17427,Hypno Twister,Family Rides,false,0
2026-10-06T08:30:00Z,2026-10-06T04:30:00-04:00,2026-10-06,04:30,3250,Jolly Roger,Family Rides,false,0
2026-10-06T08:30:00Z,2026-10-06T04:30:00-04:00,2026-10-06,04:30,15829,Roaring Rapids,Family Rides,false,0
2026-10-06T08:30:00Z,2026-10-06T04:30:00-04:00,2026-10-06,04:30,15727,Scrambler,Family Rides,false,0
2026-10-06T08:30:00Z,2026-10-06T04:30:00-04:00,2026-10-06,04:30,3268,Tango,Family Rides,false,0
2026-10-06T08:30:00Z,2026-10-06T04:30:00-04:00,2026-10-06,04:30,17428,Wave Swinger,Family Rides,false,0
2026-10-06T08:30:00Z,2026-10-06T04:30:00-04:00,2026-10-06,04:30,3232,Air Safari,Kids' Rides,false,0
2026-10-06T08:30:00Z,2026-10-06T04:30:00-04:00,2026-10-06,04:30,10461,Barnstormer,Kids' Rides,false,0
2026-10-06T08:30:00Z,2026-10-06T04:30:00-04:00,2026-10-06,04:30,3275,Bugaboo,Kids' Rides,false,0
2026-10-06T08:30:00Z,2026-10-06T04:30:00-04:00,2026-10-06,04:30,3277,Bugs Bunny Camp Carousel,Kids' Rides,false,0
2026-10-06T08:30:00Z,2026-10-06T04:30:00-04:00,2026-10-06,04:30,3279,Bugs Bunny Ranger Pilots,Kids' Rides,false,0
2026-10-06T08:30:00Z,2026-10-06T04:30:00-04:00,2026-10-06,04:30,3240,Daffy Duck Hot Air Balloons,Kids' Rides,false,0
2026-10-06T08:30:00Z,2026-10-06T04:30:00-04:00,2026-10-06,04:30,10077,Lil' Devil Coaster,Kids' Rides,false,0
2026-10-06T08:30:00Z,2026-10-06T04:30:00-04:00,2026-10-06,04:30,15617,Porky Pig Camp Wagons,Kids' Rides,false,0
2026-10-06T08:30:00Z,2026-10-06T04:30:00-04:00,2026-10-06,04:30,3257,Raja’s Rickshaws,Kids' Rides,false,0
2026-10-06T08:30:00Z,2026-10-06T04:30:00-04:00,2026-10-06,04:30,3274,Safari Off-Road Adventure,Kids' Rides,false,0
2026-10-06T08:30:00Z,2026-10-06T04:30:00-04:00,2026-10-06,04:30,3283,Saw Mill Log Flume,Kids' Rides,false,0
2026-10-06T08:30:00Z,2026-10-06T04:30:00-04:00,2026-10-06,04:30,3281,Sky Zooma,Kids' Rides,false,0
2026-10-06T08:30:00Z,2026-10-06T04:30:00-04:00,2026-10-06,04:30,15789,Storm Chaser,Kids' Rides,false,0
2026-10-06T08:30:00Z,2026-10-06T04:30:00-04:00,2026-10-06,04:30,3267,Super Round Up,Kids' Rides,false,0
2026-10-06T08:30:00Z,2026-10-06T04:30:00-04:00,2026-10-06,04:30,15594,Tree Top Hopper,Kids' Rides,false,0
2026-10-06T08:30:00Z,2026-10-06T04:30:00-04:00,2026-10-06,04:30,3233,BATMAN™ The Ride,Thrill Rides,false,0
2026-10-06T08:30:00Z,2026-10-06T04:30:00-04:00,2026-10-06,04:30,3243,El Toro,Thrill Rides,false,0
2026-10-06T08:30:00Z,2026-10-06T04:30:00-04:00,2026-10-06,04:30,8539,Jersey Devil Coaster,Thrill Rides,false,0
2026-10-06T08:30:00Z,2026-10-06T04:30:00-04:00,2026-10-06,04:30,3916,JUSTICE LEAGUE™: Battle for METROPOLIS,Thrill Rides,false,0
2026-10-06T08:30:00Z,2026-10-06T04:30:00-04:00,2026-10-06,04:30,10533,Medusa,Thrill Rides,false,0
2026-10-06T08:30:00Z,2026-10-06T04:30:00-04:00,2026-10-06,04:30,3253,Nitro,Thrill Rides,false,0
2026-10-06T08:30:00Z,2026-10-06T04:30:00-04:00,2026-10-06,04:30,3261,Runaway Train,Thrill Rides,false,0
2026-10-06T08:30:00Z,2026-10-06T04:30:00-04:00,2026-10-06,04:30,3262,Skull Mountain,Thrill Rides,false,0
2026-10-06T08:30:00Z,2026-10-06T04:30:00-04:00,2026-10-06,04:30,3263,SkyScreamer,Thrill Rides,false,0
2026-10-06T08:30:00Z,2026-10-06T04:30:00-04:00,2026-10-06,04:30,3282,Slingshot,Thrill Rides,false,0
2026-10-06T08:30:00Z,2026-10-06T04:30:00-04:00,2026-10-06,04:30,3266,SUPERMAN™: Ultimate Flight,Thrill Rides,false,0
2026-10-06T08:30:00Z,2026-10-06T04:30:00-04:00,2026-10-06,04:30,3271,THE DARK KNIGHT™ Coaster,Thrill Rides,false,0
2026-10-06T08:30:00Z,2026-10-06T04:30:00-04:00,2026-10-06,04:30,14537,THE FLASH™: Vertical Velocity,Thrill Rides,false,0
2026-10-06T08:30:00Z,2026-10-06T04:30:00-04:00,2026-10-06,04:30,3288,THE JOKER™,Thrill Rides,false,0
2026-10-06T08:30:00Z,2026-10-06T04:30:00-04:00,2026-10-06,04:30,3273,Wile E. Coyote Canyon Blaster,Thrill Rides,false,0
2026-10-06T08:30:00Z,2026-10-06T04:30:00-04:00,2026-10-06,04:30,6371,WONDER WOMAN™ Lasso of Truth,Thrill Rides,false,0
2026-10-06T08:30:00Z,2026-10-06T04:30:00-04:00,2026-10-06,04:30,13929,Army of the Dead,Halloween,false,0
2026-10-06T08:30:00Z,2026-10-06T04:30:00-04:00,2026-10-06,04:30,13932,Asylum,Halloween,false,0
2026-10-06T08:30:00Z,2026-10-06T04:30:00-04:00,2026-10-06,04:30,13933,Big Top Terror,Halloween,false,0
2026-10-06T08:30:00Z,2026-10-06T04:30:00-04:00,2026-10-06,04:30,17766,CarnEvil,Halloween,false,0
2026-10-06T08:30:00Z,2026-10-06T04:30:00-04:00,2026-10-06,04:30,17767,Curse of Blackbeard's Bounty,Halloween,false,0
2026-10-06T08:30:00Z,2026-10-06T04:30:00-04:00,2026-10-06,04:30,17768,Deadwood Cabin,Halloween,false,0
2026-10-06T08:30:00Z,2026-10-06T04:30:00-04:00,2026-10-06,04:30,17769,Exile Canyon,Halloween,false,0
2026-10-06T08:30:00Z,2026-10-06T04:30:00-04:00,2026-10-06,04:30,17770,Final Destination,Halloween,false,0
2026-10-06T08:30:00Z,2026-10-06T04:30:00-04:00,2026-10-06,04:30,17771,JASON: Blood Reign,Halloween,false,0
2026-10-06T08:30:00Z,2026-10-06T04:30:00-04:00,2026-10-06,04:30,17772,Plaza De La Muerte,Halloween,false,0
2026-10-06T08:30:00Z,2026-10-06T04:30:00-04:00,2026-10-06,04:30,4005,The Bloody Fountain,Halloween,false,0
2026-10-06T08:30:00Z,2026-10-06T04:30:00-04:00,2026-10-06,04:30,13926,The Conjuring Universe,Halloween,false,0
2026-10-06T08:30:00Z,2026-10-06T04:30:00-04:00,2026-10-06,04:30,17725,The Witch's Reflection,Halloween,false,0
2026-10-06T08:30:00Z,2026-10-06T04:30:00-04:00,2026-10-06,04:30,17720,Trick or Treatin' with Boo,Halloween,false,0
2026-10-06T08:30:00Z,2026-10-06T04:30:00-04:00,2026-10-06,04:30,17773,Twisted Holidays,Halloween,false,0
2026-10-06T08:35:00Z,2026-10-06T04:35:00-04:00,2026-10-06,04:35,3231,Air Jumbo,Family Rides,false,0
2026-10-06T08:35:00Z,2026-10-06T04:35:00-04:00,2026-10-06,04:35,17425,Barrels O’ Fun,Family Rides,false,0
2026-10-06T08:35:00Z,2026-10-06T04:35:00-04:00,2026-10-06,04:35,3270,Buccaneer,Family Rides,false,0
2026-10-06T08:35:00Z,2026-10-06T04:35:00-04:00,2026-10-06,04:35,3237,Carousel,Family Rides,false,0
2026-10-06T08:35:00Z,2026-10-06T04:35:00-04:00,2026-10-06,04:35,3244,Enchanted Teacups,Family Rides,false,0
2026-10-06T08:35:00Z,2026-10-06T04:35:00-04:00,2026-10-06,04:35,3245,Fender Benders,Family Rides,false,0
2026-10-06T08:35:00Z,2026-10-06T04:35:00-04:00,2026-10-06,04:35,17426,Flying Scooters,Family Rides,false,0
2026-10-06T08:35:00Z,2026-10-06T04:35:00-04:00,2026-10-06,04:35,15604,Giant Wheel,Family Rides,false,0
2026-10-06T08:35:00Z,2026-10-06T04:35:00-04:00,2026-10-06,04:35,3236,HARLEY QUINN™ Crazy Train,Family Rides,false,0
2026-10-06T08:35:00Z,2026-10-06T04:35:00-04:00,2026-10-06,04:35,3249,Houdini’s Great Escape,Family Rides,false,0
2026-10-06T08:35:00Z,2026-10-06T04:35:00-04:00,2026-10-06,04:35,17427,Hypno Twister,Family Rides,false,0
2026-10-06T08:35:00Z,2026-10-06T04:35:00-04:00,2026-10-06,04:35,3250,Jolly Roger,Family Rides,false,0
2026-10-06T08:35:00Z,2026-10-06T04:35:00-04:00,2026-10-06,04:35,15829,Roaring Rapids,Family Rides,false,0
2026-10-06T08:35:00Z,2026-10-06T04:35:00-04:00,2026-10-06,04:35,15727,Scrambler,Family Rides,false,0
2026-10-06T08:35:00Z,2026-10-06T04:35:00-04:00,2026-10-06,04:35,3268,Tango,Family Rides,false,0
2026-10-06T08:35:00Z,2026-10-06T04:35:00-04:00,2026-10-06,04:35,17428,Wave Swinger,Family Rides,false,0
2026-10-06T08:35:00Z,2026-10-06T04:35:00-04:00,2026-10-06,04:35,3232,Air Safari,Kids' Rides,false,0
2026-10-06T08:35:00Z,2026-10-06T04:35:00-04:00,2026-10-06,04:35,10461,Barnstormer,Kids' Rides,false,0
2026-10-06T08:35:00Z,2026-10-06T04:35:00-04:00,2026-10-06,04:35,3275,Bugaboo,Kids' Rides,false,0
2026-10-06T08:35:00Z,2026-10-06T04:35:00-04:00,2026-10-06,04:35,3277,Bugs Bunny Camp Carousel,Kids' Rides,false,0
2026-10-06T08:35:00Z,2026-10-06T04:35:00-04:00,2026-10-06,04:35,3279,Bugs Bunny Ranger Pilots,Kids' Rides,false,0
2026-10-06T08:35:00Z,2026-10-06T04:35:00-04:00,2026-10-06,04:35,3240,Daffy Duck Hot Air Balloons,Kids' Rides,false,0
2026-10-06T08:35:00Z,2026-10-06T04:35:00-04:00,2026-10-06,04:35,10077,Lil' Devil Coaster,Kids' Rides,false,0
2026-10-06T08:35:00Z,2026-10-06T04:35:00-04:00,2026-10-06,04:35,15617,Porky Pig Camp Wagons,Kids' Rides,false,0
2026-10-06T08:35:00Z,2026-10-06T04:35:00-04:00,2026-10-06,04:35,3257,Raja’s Rickshaws,Kids' Rides,false,0
2026-10-06T08:35:00Z,2026-10-06T04:35:00-04:00,2026-10-06,04:35,3274,Safari Off-Road Adventure,Kids' Rides,false,0
2026-10-06T08:35:00Z,2026-10-06T04:35:00-04:00,2026-10-06,04:35,3283,Saw Mill Log Flume,Kids' Rides,false,0
2026-10-06T08:35:00Z,2026-10-06T04:35:00-04:00,2026-10-06,04:35,3281,Sky Zooma,Kids' Rides,false,0
2026-10-06T08:35:00Z,2026-10-06T04:35:00-04:00,2026-10-06,04:35,15789,Storm Chaser,Kids' Rides,false,0
2026-10-06T08:35:00Z,2026-10-06T04:35:00-04:00,2026-10-06,04:35,3267,Super Round Up,Kids' Rides,false,0
2026-10-06T08:35:00Z,2026-10-06T04:35:00-04:00,2026-10-06,04:35,15594,Tree Top Hopper,Kids' Rides,false,0
2026-10-06T08:35:00Z,2026-10-06T04:35:00-04:00,2026-10-06,04:35,3233,BATMAN™ The Ride,Thrill Rides,false,0
2026-10-06T08:35:00Z,2026-10-06T04:35:00-04:00,2026-10-06,04:35,3243,El Toro,Thrill Rides,false,0
2026-10-06T08:35:00Z,2026-10-06T04:35:00-04:00,2026-10-06,04:35,8539,Jersey Devil Coaster,Thrill Rides,false,0
2026-10-06T08:35:00Z,2026-10-06T04:35:00-04:00,2026-10-06,04:35,3916,JUSTICE LEAGUE™: Battle for METROPOLIS,Thrill Rides,false,0
2026-10-06T08:35:00Z,2026-10-06T04:35:00-04:00,2026-10-06,04:35,10533,Medusa,Thrill Rides,false,0
2026-10-06T08:35:00Z,2026-10-06T04:35:00-04:00,2026-10-06,04:35,3253,Nitro,Thrill Rides,false,0
2026-10-06T08:35:00Z,2026-10-06T04:35:00-04:00,2026-10-06,04:35,3261,Runaway Train,Thrill Rides,false,0
2026-10-06T08:35:00Z,2026-10-06T04:35:00-04:00,2026-10-06,04:35,3262,Skull Mountain,Thrill Rides,false,0
2026-10-06T08:35:00Z,2026-10-06T04:35:00-04:00,2026-10-06,04:35,3263,SkyScreamer,Thrill Rides,false,0
2026-10-06T08:35:00Z,2026-10-06T04:35:00-04:00,2026-10-06,04:35,3282,Slingshot,Thrill Rides,false,0
2026-10-06T08:35:00Z,2026-10-06T04:35:00-04:00,2026-10-06,04:35,3266,SUPERMAN™: Ultimate Flight,Thrill Rides,false,0
2026-10-06T08:35:00Z,2026-10-06T04:35:00-04:00,2026-10-06,04:35,3271,THE DARK KNIGHT™ Coaster,Thrill Rides,false,0
2026-10-06T08:35:00Z,2026-10-06T04:35:00-04:00,2026-10-06,04:35,14537,THE FLASH™: Vertical Velocity,Thrill Rides,false,0
2026-10-06T08:35:00Z,2026-10-06T04:35:00-04:00,2026-10-06,04:35,3288,THE JOKER™,Thrill Rides,false,0
2026-10-06T08:35:00Z,2026-10-06T04:35:00-04:00,2026-10-06,04:35,3273,Wile E. Coyote Canyon Blaster,Thrill Rides,false,0
2026-10-06T08:35:00Z,2026-10-06T04:35:00-04:00,2026-10-06,04:35,6371,WONDER WOMAN™ Lasso of Truth,Thrill Rides,false,0
2026-10-06T08:35:00Z,2026-10-06T04:35:00-04:00,2026-10-06,04:35,13929,Army of the Dead,Halloween,false,0
2026-10-06T08:35:00Z,2026-10-06T04:35:00-04:00,2026-10-06,04:35,13932,Asylum,Halloween,false,0
2026-10-06T08:35:00Z,2026-10-06T04:35:00-04:00,2026-10-06,04:35,13933,Big Top Terror,Halloween,false,0
2026-10-06T08:35:00Z,2026-10-06T04:35:00-04:00,2026-10-06,04:35,17766,CarnEvil,Halloween,false,0
2026-10-06T08:35:00Z,2026-10-06T04:35:00-04:00,2026-10-06,04:35,17767,Curse of Blackbeard's Bounty,Halloween,false,0
2026-10-06T08:35:00Z,2026-10-06T04:35:00-04:00,2026-10-06,04:35,17768,Deadwood Cabin,Halloween,false,0
2026-10-06T08:35:00Z,2026-10-06T04:35:00-04:00,2026-10-06,04:35,17769,Exile Canyon,Halloween,false,0
2026-10-06T08:35:00Z,2026-10-06T04:35:00-04:00,2026-10-06,04:35,17770,Final Destination,Halloween,false,0
2026-10-06T08:35:00Z,2026-10-06T04:35:00-04:00,2026-10-06,04:35,17771,JASON: Blood Reign,Halloween,false,0
2026-10-06T08:35:00Z,2026-10-06T04:35:00-04:00,2026-10-06,04:35,17772,Plaza De La Muerte,Halloween,false,0
2026-10-06T08:35:00Z,2026-10-06T04:35:00-04:00,2026-10-06,04:35,4005,The Bloody Fountain,Halloween,false,0
2026-10-06T08:35:00Z,2026-10-06T04:35:00-04:00,2026-10-06,04:35,13926,The Conjuring Universe,Halloween,false,0
2026-10-06T08:35:00Z,2026-10-06T04:35:00-04:00,2026-10-06,04:35,17725,The Witch's Reflection,Halloween,false,0
2026-10-06T08:35:00Z,2026-10-06T04:35:00-04:00,2026-10-06,04:35,17720,Trick or Treatin' with Boo,Halloween,false,0
2026-10-06T08:35:00Z,2026-10-06T04:35:00-04:00,2026-10-06,04:35,17773,Twisted Holidays,Halloween,false,0
2026-10-06T08:40:00Z,2026-10-06T04:40:00-04:00,2026-10-06,04:40,3231,Air Jumbo,Family Rides,false,0
2026-10-06T08:40:00Z,2026-10-06T04:40:00-04:00,2026-10-06,04:40,17425,Barrels O’ Fun,Family Rides,false,0
2026-10-06T08:40:00Z,2026-10-06T04:40:00-04:00,2026-10-06,04:40,3270,Buccaneer,Family Rides,false,0
2026-10-06T08:40:00Z,2026-10-06T04:40:00-04:00,2026-10-06,04:40,3237,Carousel,Family Rides,false,0
2026-10-06T08:40:00Z,2026-10-06T04:40:00-04:00,2026-10-06,04:40,3244,Enchanted Teacups,Family Rides,false,0
2026-10-06T08:40:00Z,2026-10-06T04:40:00-04:00,2026-10-06,04:40,3245,Fender Benders,Family Rides,false,0
2026-10-06T08:40:00Z,2026-10-06T04:40:00-04:00,2026-10-06,04:40,17426,Flying Scooters,Family Rides,false,0
2026-10-06T08:40:00Z,2026-10-06T04:40:00-04:00,2026-10-06,04:40,15604,Giant Wheel,Family Rides,false,0
2026-10-06T08:40:00Z,2026-10-06T04:40:00-04:00,2026-10-06,04:40,3236,HARLEY QUINN™ Crazy Train,Family Rides,false,0
2026-10-06T08:40:00Z,2026-10-06T04:40:00-04:00,2026-10-06,04:40,3249,Houdini’s Great Escape,Family Rides,false,0
2026-10-06T08:40:00Z,2026-10-06T04:40:00-04:00,2026-10-06,04:40,17427,Hypno Twister,Family Rides,false,0
2026-10-06T08:40:00Z,2026-10-06T04:40:00-04:00,2026-10-06,04:40,3250,Jolly Roger,Family Rides,false,0
2026-10-06T08:40:00Z,2026-10-06T04:40:00-04:00,2026-10-06,04:40,15829,Roaring Rapids,Family Rides,false,0
2026-10-06T08:40:00Z,2026-10-06T04:40:00-04:00,2026-10-06,04:40,15727,Scrambler,Family Rides,false,0
2026-10-06T08:40:00Z,2026-10-06T04:40:00-04:00,2026-10-06,04:40,3268,Tango,Family Rides,false,0
2026-10-06T08:40:00Z,2026-10-06T04:40:00-04:00,2026-10-06,04:40,17428,Wave Swinger,Family Rides,false,0
2026-10-06T08:40:00Z,2026-10-06T04:40:00-04:00,2026-10-06,04:40,3232,Air Safari,Kids' Rides,false,0
2026-10-06T08:40:00Z,2026-10-06T04:40:00-04:00,2026-10-06,04:40,10461,Barnstormer,Kids' Rides,false,0
2026-10-06T08:40:00Z,2026-10-06T04:40:00-04:00,2026-10-06,04:40,3275,Bugaboo,Kids' Rides,false,0
2026-10-06T08:40:00Z,2026-10-06T04:40:00-04:00,2026-10-06,04:40,3277,Bugs Bunny Camp Carousel,Kids' Rides,false,0
2026-10-06T08:40:00Z,2026-10-06T04:40:00-04:00,2026-10-06,04:40,3279,Bugs Bunny Ranger Pilots,Kids' Rides,false,0
2026-10-06T08:40:00Z,2026-10-06T04:40:00-04:00,2026-10-06,04:40,3240,Daffy Duck Hot Air Balloons,Kids' Rides,false,0
2026-10-06T08:40:00Z,2026-10-06T04:40:00-04:00,2026-10-06,04:40,10077,Lil' Devil Coaster,Kids' Rides,false,0
2026-10-06T08:40:00Z,2026-10-06T04:40:00-04:00,2026-10-06,04:40,15617,Porky Pig Camp Wagons,Kids' Rides,false,0
2026-10-06T08:40:00Z,2026-10-06T04:40:00-04:00,2026-10-06,04:40,3257,Raja’s Rickshaws,Kids' Rides,false,0
2026-10-06T08:40:00Z,2026-10-06T04:40:00-04:00,2026-10-06,04:40,3274,Safari Off-Road Adventure,Kids' Rides,false,0
2026-10-06T08:40:00Z,2026-10-06T04:40:00-04:00,2026-10-06,04:40,3283,Saw Mill Log Flume,Kids' Rides,false,0
2026-10-06T08:40:00Z,2026-10-06T04:40:00-04:00,2026-10-06,04:40,3281,Sky Zooma,Kids' Rides,false,0
2026-10-06T08:40:00Z,2026-10-06T04:40:00-04:00,2026-10-06,04:40,15789,Storm Chaser,Kids' Rides,false,0
2026-10-06T08:40:00Z,2026-10-06T04:40:00-04:00,2026-10-06,04:40,3267,Super Round Up,Kids' Rides,false,0
2026-10-06T08:40:00Z,2026-10-06T04:40:00-04:00,2026-10-06,04:40,15594,Tree Top Hopper,Kids' Rides,false,0
2026-10-06T08:40:00Z,2026-10-06T04:40:00-04:00,2026-10-06,04:40,3233,BATMAN™ The Ride,Thrill Rides,false,0
2026-10-06T08:40:00Z,2026-10-06T04:40:00-04:00,2026-10-06,04:40,3243,El Toro,Thrill Rides,false,0
2026-10-06T08:40:00Z,2026-10-06T04:40:00-04:00,2026-10-06,04:40,8539,Jersey Devil Coaster,Thrill Rides,false,0
2026-10-06T08:40:00Z,2026-10-06T04:40:00-04:00,2026-10-06,04:40,3916,JUSTICE LEAGUE™: Battle for METROPOLIS,Thrill Rides,false,0
2026-10-06T08:40:00Z,2026-10-06T04:40:00-04:00,2026-10-06,04:40,10533,Medusa,Thrill Rides,false,0
2026-10-06T08:40:00Z,2026-10-06T04:40:00-04:00,2026-10-06,04:40,3253,Nitro,Thrill Rides,false,0
2026-10-06T08:40:00Z,2026-10-06T04:40:00-04:00,2026-10-06,04:40,3261,Runaway Train,Thrill Rides,false,0
2026-10-06T08:40:00Z,2026-10-06T04:40:00-04:00,2026-10-06,04:40,3262,Skull Mountain,Thrill Rides,false,0
2026-10-06T08:40:00Z,2026-10-06T04:40:00-04:00,2026-10-06,04:40,3263,SkyScreamer,Thrill Rides,false,0
2026-10-06T08:40:00Z,2026-10-06T04:40:00-04:00,2026-10-06,04:40,3282,Slingshot,Thrill Rides,false,0
2026-10-06T08:40:00Z,2026-10-06T04:40:00-04:00,2026-10-06,04:40,3266,SUPERMAN™: Ultimate Flight,Thrill Rides,false,0
2026-10-06T08:40:00Z,2026-10-06T04:40:00-04:00,2026-10-06,04:40,3271,THE DARK KNIGHT™ Coaster,Thrill Rides,false,0
2026-10-06T08:40:00Z,2026-10-06T04:40:00-04:00,2026-10-06,04:40,14537,THE FLASH™: Vertical Velocity,Thrill Rides,false,0
2026-10-06T08:40:00Z,2026-10-06T04:40:00-04:00,2026-10-06,04:40,3288,THE JOKER™,Thrill Rides,false,0
2026-10-06T08:40:00Z,2026-10-06T04:40:00-04:00,2026-10-06,04:40,3273,Wile E. Coyote Canyon Blaster,Thrill Rides,false,0
2026-10-06T08:40:00Z,2026-10-06T04:40:00-04:00,2026-10-06,04:40,6371,WONDER WOMAN™ Lasso of Truth,Thrill Rides,false,0
2026-10-06T08:40:00Z,2026-10-06T04:40:00-04:00,2026-10-06,04:40,13929,Army of the Dead,Halloween,false,0
2026-10-06T08:40:00Z,2026-10-06T04:40:00-04:00,2026-10-06,04:40,13932,Asylum,Halloween,false,0
2026-10-06T08:40:00Z,2026-10-06T04:40:00-04:00,2026-10-06,04:40,13933,Big Top Terror,Halloween,false,0
2026-10-06T08:40:00Z,2026-10-06T04:40:00-04:00,2026-10-06,04:40,17766,CarnEvil,Halloween,false,0
2026-10-06T08:40:00Z,2026-10-06T04:40:00-04:00,2026-10-06,04:40,17767,Curse of Blackbeard's Bounty,Halloween,false,0
2026-10-06T08:40:00Z,2026-10-06T04:40:00-04:00,2026-10-06,04:40,17768,Deadwood Cabin,Halloween,false,0
2026-10-06T08:40:00Z,2026-10-06T04:40:00-04:00,2026-10-06,04:40,17769,Exile Canyon,Halloween,false,0
2026-10-06T08:40:00Z,2026-10-06T04:40:00-04:00,2026-10-06,04:40,17770,Final Destination,Halloween,false,0
2026-10-06T08:40:00Z,2026-10-06T04:40:00-04:00,2026-10-06,04:40,17771,JASON: Blood Reign,Halloween,false,0
2026-10-06T08:40:00Z,2026-10-06T04:40:00-04:00,2026-10-06,04:40,17772,Plaza De La Muerte,Halloween,false,0
2026-10-06T08:40:00Z,2026-10-06T04:40:00-04:00,2026-10-06,04:40,4005,The Bloody Fountain,Halloween,false,0
2026-10-06T08:40:00Z,2026-10-06T04:40:00-04:00,2026-10-06,04:40,13926,The Conjuring Universe,Halloween,false,0
2026-10-06T08:40:00Z,2026-10-06T04:40:00-04:00,2026-10-06,04:40,17725,The Witch's Reflection,Halloween,false,0
2026-10-06T08:40:00Z,2026-10-06T04:40:00-04:00,2026-10-06,04:40,17720,Trick or Treatin' with Boo,Halloween,false,0
2026-10-06T08:40:00Z,2026-10-06T04:40:00-04:00,2026-10-06,04:40,17773,Twisted Holidays,Halloween,false,0
2026-10-06T08:45:00Z,2026-10-06T04:45:00-04:00,2026-10-06,04:45,3231,Air Jumbo,Family Rides,false,0
2026-10-06T08:45:00Z,2026-10-06T04:45:00-04:00,2026-10-06,04:45,17425,Barrels O’ Fun,Family Rides,false,0
2026-10-06T08:45:00Z,2026-10-06T04:45:00-04:00,2026-10-06,04:45,3270,Buccaneer,Family Rides,false,0
2026-10-06T08:45:00Z,2026-10-06T04:45:00-04:00,2026-10-06,04:45,3237,Carousel,Family Rides,false,0
2026-10-06T08:45:00Z,2026-10-06T04:45:00-04:00,2026-10-06,04:45,3244,Enchanted Teacups,Family Rides,false,0
2026-10-06T08:45:00Z,2026-10-06T04:45:00-04:00,2026-10-06,04:45,3245,Fender Benders,Family Rides,false,0
2026-10-06T08:45:00Z,2026-10-06T04:45:00-04:00,2026-10-06,04:45,17426,Flying Scooters,Family Rides,false,0
2026-10-06T08:45:00Z,2026-10-06T04:45:00-04:00,2026-10-06,04:45,15604,Giant Wheel,Family Rides,false,0
2026-10-06T08:45:00Z,2026-10-06T04:45:00-04:00,2026-10-06,04:45,3236,HARLEY QUINN™ Crazy Train,Family Rides,false,0
2026-10-06T08:45:00Z,2026-10-06T04:45:00-04:00,2026-10-06,04:45,3249,Houdini’s Great Escape,Family Rides,false,0
2026-10-06T08:45:00Z,2026-10-06T04:45:00-04:00,2026-10-06,04:45,17427,Hypno Twister,Family Rides,false,0
2026-10-06T08:45:00Z,2026-10-06T04:45:00-04:00,2026-10-06,04:45,3250,Jolly Roger,Family Rides,false,0
2026-10-06T08:45:00Z,2026-10-06T04:45:00-04:00,2026-10-06,04:45,15829,Roaring Rapids,Family Rides,false,0
2026-10-06T08:45:00Z,2026-10-06T04:45:00-04:00,2026-10-06,04:45,15727,Scrambler,Family Rides,false,0
2026-10-06T08:45:00Z,2026-10-06T04:45:00-04:00,2026-10-06,04:45,3268,Tango,Family Rides,false,0
2026-10-06T08:45:00Z,2026-10-06T04:45:00-04:00,2026-10-06,04:45,17428,Wave Swinger,Family Rides,false,0
2026-10-06T08:45:00Z,2026-10-06T04:45:00-04:00,2026-10-06,04:45,3232,Air Safari,Kids' Rides,false,0
2026-10-06T08:45:00Z,2026-10-06T04:45:00-04:00,2026-10-06,04:45,10461,Barnstormer,Kids' Rides,false,0
2026-10-06T08:45:00Z,2026-10-06T04:45:00-04:00,2026-10-06,04:45,3275,Bugaboo,Kids' Rides,false,0
2026-10-06T08:45:00Z,2026-10-06T04:45:00-04:00,2026-10-06,04:45,3277,Bugs Bunny Camp Carousel,Kids' Rides,false,0
2026-10-06T08:45:00Z,2026-10-06T04:45:00-04:00,2026-10-06,04:45,3279,Bugs Bunny Ranger Pilots,Kids' Rides,false,0
2026-10-06T08:45:00Z,2026-10-06T04:45:00-04:00,2026-10-06,04:45,3240,Daffy Duck Hot Air Balloons,Kids' Rides,false,0
2026-10-06T08:45:00Z,2026-10-06T04:45:00-04:00,2026-10-06,04:45,10077,Lil' Devil Coaster,Kids' Rides,false,0
2026-10-06T08:45:00Z,2026-10-06T04:45:00-04:00,2026-10-06,04:45,15617,Porky Pig Camp Wagons,Kids' Rides,false,0
2026-10-06T08:45:00Z,2026-10-06T04:45:00-04:00,2026-10-06,04:45,3257,Raja’s Rickshaws,Kids' Rides,false,0
2026-10-06T08:45:00Z,2026-10-06T04:45:00-04:00,2026-10-06,04:45,3274,Safari Off-Road Adventure,Kids' Rides,false,0
2026-10-06T08:45:00Z,2026-10-06T04:45:00-04:00,2026-10-06,04:45,3283,Saw Mill Log Flume,Kids' Rides,false,0
2026-10-06T08:45:00Z,2026-10-06T04:45:00-04:00,2026-10-06,04:45,3281,Sky Zooma,Kids' Rides,false,0
2026-10-06T08:45:00Z,2026-10-06T04:45:00-04:00,2026-10-06,04:45,15789,Storm Chaser,Kids' Rides,false,0
2026-10-06T08:45:00Z,2026-10-06T04:45:00-04:00,2026-10-06,04:45,3267,Super Round Up,Kids' Rides,false,0
2026-10-06T08:45:00Z,2026-10-06T04:45:00-04:00,2026-10-06,04:45,15594,Tree Top Hopper,Kids' Rides,false,0
2026-10-06T08:45:00Z,2026-10-06T04:45:00-04:00,2026-10-06,04:45,3233,BATMAN™ The Ride,Thrill Rides,false,0
2026-10-06T08:45:00Z,2026-10-06T04:45:00-04:00,2026-10-06,04:45,3243,El Toro,Thrill Rides,false,0
2026-10-06T08:45:00Z,2026-10-06T04:45:00-04:00,2026-10-06,04:45,8539,Jersey Devil Coaster,Thrill Rides,false,0
2026-10-06T08:45:00Z,2026-10-06T04:45:00-04:00,2026-10-06,04:45,3916,JUSTICE LEAGUE™: Battle for METROPOLIS,Thrill Rides,false,0
2026-10-06T08:45:00Z,2026-10-06T04:45:00-04:00,2026-10-06,04:45,10533,Medusa,Thrill Rides,false,0
2026-10-06T08:45:00Z,2026-10-06T04:45:00-04:00,2026-10-06,04:45,3253,Nitro,Thrill Rides,false,0
2026-10-06T08:45:00Z,2026-10-06T04:45:00-04:00,2026-10-06,04:45,3261,Runaway Train,Thrill Rides,false,0
2026-10-06T08:45:00Z,2026-10-06T04:45:00-04:00,2026-10-06,04:45,3262,Skull Mountain,Thrill Rides,false,0
2026-10-06T08:45:00Z,2026-10-06T04:45:00-04:00,2026-10-06,04:45,3263,SkyScreamer,Thrill Rides,false,0
2026-10-06T08:45:00Z,2026-10-06T04:45:00-04:00,2026-10-06,04:45,3282,Slingshot,Thrill Rides,false,0
2026-10-06T08:45:00Z,2026-10-06T04:45:00-04:00,2026-10-06,04:45,3266,SUPERMAN™: Ultimate Flight,Thrill Rides,false,0
2026-10-06T08:45:00Z,2026-10-06T04:45:00-04:00,2026-10-06,04:45,3271,THE DARK KNIGHT™ Coaster,Thrill Rides,false,0
2026-10-06T08:45:00Z,2026-10-06T04:45:00-04:00,2026-10-06,04:45,14537,THE FLASH™: Vertical Velocity,Thrill Rides,false,0
2026-10-06T08:45:00Z,2026-10-06T04:45:00-04:00,2026-10-06,04:45,3288,THE JOKER™,Thrill Rides,false,0
2026-10-06T08:45:00Z,2026-10-06T04:45:00-04:00,2026-10-06,04:45,3273,Wile E. Coyote Canyon Blaster,Thrill Rides,false,0
2026-10-06T08:45:00Z,2026-10-06T04:45:00-04:00,2026-10-06,04:45,6371,WONDER WOMAN™ Lasso of Truth,Thrill Rides,false,0
2026-10-06T08:45:00Z,2026-10-06T04:45:00-04:00,2026-10-06,04:45,13929,Army of the Dead,Halloween,false,0
2026-10-06T08:45:00Z,2026-10-06T04:45:00-04:00,2026-10-06,04:45,13932,Asylum,Halloween,false,0
2026-10-06T08:45:00Z,2026-10-06T04:45:00-04:00,2026-10-06,04:45,13933,Big Top Terror,Halloween,false,0
2026-10-06T08:45:00Z,2026-10-06T04:45:00-04:00,2026-10-06,04:45,17766,CarnEvil,Halloween,false,0
2026-10-06T08:45:00Z,2026-10-06T04:45:00-04:00,2026-10-06,04:45,17767,Curse of Blackbeard's Bounty,Halloween,false,0
2026-10-06T08:45:00Z,2026-10-06T04:45:00-04:00,2026-10-06,04:45,17768,Deadwood Cabin,Halloween,false,0
2026-10-06T08:45:00Z,2026-10-06T04:45:00-04:00,2026-10-06,04:45,17769,Exile Canyon,Halloween,false,0
2026-10-06T08:45:00Z,2026-10-06T04:45:00-04:00,2026-10-06,04:45,17770,Final Destination,Halloween,false,0
2026-10-06T08:45:00Z,2026-10-06T04:45:00-04:00,2026-10-06,04:45,17771,JASON: Blood Reign,Halloween,false,0
2026-10-06T08:45:00Z,2026-10-06T04:45:00-04:00,2026-10-06,04:45,17772,Plaza De La Muerte,Halloween,false,0
2026-10-06T08:45:00Z,2026-10-06T04:45:00-04:00,2026-10-06,04:45,4005,The Bloody Fountain,Halloween,false,0
2026-10-06T08:45:00Z,2026-10-06T04:45:00-04:00,2026-10-06,04:45,13926,The Conjuring Universe,Halloween,false,0
2026-10-06T08:45:00Z,2026-10-06T04:45:00-04:00,2026-10-06,04:45,17725,The Witch's Reflection,Halloween,false,0
2026-10-06T08:45:00Z,2026-10-06T04:45:00-04:00,2026-10-06,04:45,17720,Trick or Treatin' with Boo,Halloween,false,0
2026-10-06T08:45:00Z,2026-10-06T04:45:00-04:00,2026-10-06,04:45,17773,Twisted Holidays,Halloween,false,0
2026-10-06T08:50:00Z,2026-10-06T04:50:00-04:00,2026-10-06,04:50,3231,Air Jumbo,Family Rides,false,0
2026-10-06T08:50:00Z,2026-10-06T04:50:00-04:00,2026-10-06,04:50,17425,Barrels O’ Fun,Family Rides,false,0
2026-10-06T08:50:00Z,2026-10-06T04:50:00-04:00,2026-10-06,04:50,3270,Buccaneer,Family Rides,false,0
2026-10-06T08:50:00Z,2026-10-06T04:50:00-04:00,2026-10-06,04:50,3237,Carousel,Family Rides,false,0
2026-10-06T08:50:00Z,2026-10-06T04:50:00-04:00,2026-10-06,04:50,3244,Enchanted Teacups,Family Rides,false,0
2026-10-06T08:50:00Z,2026-10-06T04:50:00-04:00,2026-10-06,04:50,3245,Fender Benders,Family Rides,false,0
2026-10-06T08:50:00Z,2026-10-06T04:50:00-04:00,2026-10-06,04:50,17426,Flying Scooters,Family Rides,false,0
2026-10-06T08:50:00Z,2026-10-06T04:50:00-04:00,2026-10-06,04:50,15604,Giant Wheel,Family Rides,false,0
2026-10-06T08:50:00Z,2026-10-06T04:50:00-04:00,2026-10-06,04:50,3236,HARLEY QUINN™ Crazy Train,Family Rides,false,0
2026-10-06T08:50:00Z,2026-10-06T04:50:00-04:00,2026-10-06,04:50,3249,Houdini’s Great Escape,Family Rides,false,0
2026-10-06T08:50:00Z,2026-10-06T04:50:00-04:00,2026-10-06,04:50,17427,Hypno Twister,Family Rides,false,0
2026-10-06T08:50:00Z,2026-10-06T04:50:00-04:00,2026-10-06,04:50,3250,Jolly Roger,Family Rides,false,0
2026-10-06T08:50:00Z,2026-10-06T04:50:00-04:00,2026-10-06,04:50,15829,Roaring Rapids,Family Rides,false,0
2026-10-06T08:50:00Z,2026-10-06T04:50:00-04:00,2026-10-06,04:50,15727,Scrambler,Family Rides,false,0
2026-10-06T08:50:00Z,2026-10-06T04:50:00-04:00,2026-10-06,04:50,3268,Tango,Family Rides,false,0
2026-10-06T08:50:00Z,2026-10-06T04:50:00-04:00,2026-10-06,04:50,17428,Wave Swinger,Family Rides,false,0
2026-10-06T08:50:00Z,2026-10-06T04:50:00-04:00,2026-10-06,04:50,3232,Air Safari,Kids' Rides,false,0
2026-10-06T08:50:00Z,2026-10-06T04:50:00-04:00,2026-10-06,04:50,10461,Barnstormer,Kids' Rides,false,0
2026-10-06T08:50:00Z,2026-10-06T04:50:00-04:00,2026-10-06,04:50,3275,Bugaboo,Kids' Rides,false,0
2026-10-06T08:50:00Z,2026-10-06T04:50:00-04:00,2026-10-06,04:50,3277,Bugs Bunny Camp Carousel,Kids' Rides,false,0
2026-10-06T08:50:00Z,2026-10-06T04:50:00-04:00,2026-10-06,04:50,3279,Bugs Bunny Ranger Pilots,Kids' Rides,false,0
2026-10-06T08:50:00Z,2026-10-06T04:50:00-04:00,2026-10-06,04:50,3240,Daffy Duck Hot Air Balloons,Kids' Rides,false,0
2026-10-06T08:50:00Z,2026-10-06T04:50:00-04:00,2026-10-06,04:50,10077,Lil' Devil Coaster,Kids' Rides,false,0
2026-10-06T08:50:00Z,2026-10-06T04:50:00-04:00,2026-10-06,04:50,15617,Porky Pig Camp Wagons,Kids' Rides,false,0
2026-10-06T08:50:00Z,2026-10-06T04:50:00-04:00,2026-10-06,04:50,3257,Raja’s Rickshaws,Kids' Rides,false,0
2026-10-06T08:50:00Z,2026-10-06T04:50:00-04:00,2026-10-06,04:50,3274,Safari Off-Road Adventure,Kids' Rides,false,0
2026-10-06T08:50:00Z,2026-10-06T04:50:00-04:00,2026-10-06,04:50,3283,Saw Mill Log Flume,Kids' Rides,false,0
2026-10-06T08:50:00Z,2026-10-06T04:50:00-04:00,2026-10-06,04:50,3281,Sky Zooma,Kids' Rides,false,0
2026-10-06T08:50:00Z,2026-10-06T04:50:00-04:00,2026-10-06,04:50,15789,Storm Chaser,Kids' Rides,false,0
2026-10-06T08:50:00Z,2026-10-06T04:50:00-04:00,2026-10-06,04:50,3267,Super Round Up,Kids' Rides,false,0
2026-10-06T08:50:00Z,2026-10-06T04:50:00-04:00,2026-10-06,04:50,15594,Tree Top Hopper,Kids' Rides,false,0
2026-10-06T08:50:00Z,2026-10-06T04:50:00-04:00,2026-10-06,04:50,3233,BATMAN™ The Ride,Thrill Rides,false,0
2026-10-06T08:50:00Z,2026-10-06T04:50:00-04:00,2026-10-06,04:50,3243,El Toro,Thrill Rides,false,0
2026-10-06T08:50:00Z,2026-10-06T04:50:00-04:00,2026-10-06,04:50,8539,Jersey Devil Coaster,Thrill Rides,false,0
2026-10-06T08:50:00Z,2026-10-06T04:50:00-04:00,2026-10-06,04:50,3916,JUSTICE LEAGUE™: Battle for METROPOLIS,Thrill Rides,false,0
2026-10-06T08:50:00Z,2026-10-06T04:50:00-04:00,2026-10-06,04:50,10533,Medusa,Thrill Rides,false,0
2026-10-06T08:50:00Z,2026-10-06T04:50:00-04:00,2026-10-06,04:50,3253,Nitro,Thrill Rides,false,0
2026-10-06T08:50:00Z,2026-10-06T04:50:00-04:00,2026-10-06,04:50,3261,Runaway Train,Thrill Rides,false,0
2026-10-06T08:50:00Z,2026-10-06T04:50:00-04:00,2026-10-06,04:50,3262,Skull Mountain,Thrill Rides,false,0
2026-10-06T08:50:00Z,2026-10-06T04:50:00-04:00,2026-10-06,04:50,3263,SkyScreamer,Thrill Rides,false,0
2026-10-06T08:50:00Z,2026-10-06T04:50:00-04:00,2026-10-06,04:50,3282,Slingshot,Thrill Rides,false,0
2026-10-06T08:50:00Z,2026-10-06T04:50:00-04:00,2026-10-06,04:50,3266,SUPERMAN™: Ultimate Flight,Thrill Rides,false,0
2026-10-06T08:50:00Z,2026-10-06T04:50:00-04:00,2026-10-06,04:50,3271,THE DARK KNIGHT™ Coaster,Thrill Rides,false,0
2026-10-06T08:50:00Z,2026-10-06T04:50:00-04:00,2026-10-06,04:50,14537,THE FLASH™: Vertical Velocity,Thrill Rides,false,0
2026-10-06T08:50:00Z,2026-10-06T04:50:00-04:00,2026-10-06,04:50,3288,THE JOKER™,Thrill Rides,false,0
2026-10-06T08:50:00Z,2026-10-06T04:50:00-04:00,2026-10-06,04:50,3273,Wile E. Coyote Canyon Blaster,Thrill Rides,false,0
2026-10-06T08:50:00Z,2026-10-06T04:50:00-04:00,2026-10-06,04:50,6371,WONDER WOMAN™ Lasso of Truth,Thrill Rides,false,0
2026-10-06T08:50:00Z,2026-10-06T04:50:00-04:00,2026-10-06,04:50,13929,Army of the Dead,Halloween,false,0
2026-10-06T08:50:00Z,2026-10-06T04:50:00-04:00,2026-10-06,04:50,13932,Asylum,Halloween,false,0
2026-10-06T08:50:00Z,2026-10-06T04:50:00-04:00,2026-10-06,04:50,13933,Big Top Terror,Halloween,false,0
2026-10-06T08:50:00Z,2026-10-06T04:50:00-04:00,2026-10-06,04:50,17766,CarnEvil,Halloween,false,0
2026-10-06T08:50:00Z,2026-10-06T04:50:00-04:00,2026-10-06,04:50,17767,Curse of Blackbeard's Bounty,Halloween,false,0
2026-10-06T08:50:00Z,2026-10-06T04:50:00-04:00,2026-10-06,04:50,17768,Deadwood Cabin,Halloween,false,0
2026-10-06T08:50:00Z,2026-10-06T04:50:00-04:00,2026-10-06,04:50,17769,Exile Canyon,Halloween,false,0
2026-10-06T08:50:00Z,2026-10-06T04:50:00-04:00,2026-10-06,04:50,17770,Final Destination,Halloween,false,0
2026-10-06T08:50:00Z,2026-10-06T04:50:00-04:00,2026-10-06,04:50,17771,JASON: Blood Reign,Halloween,false,0
2026-10-06T08:50:00Z,2026-10-06T04:50:00-04:00,2026-10-06,04:50,17772,Plaza De La Muerte,Halloween,false,0
2026-10-06T08:50:00Z,2026-10-06T04:50:00-04:00,2026-10-06,04:50,4005,The Bloody Fountain,Halloween,false,0
2026-10-06T08:50:00Z,2026-10-06T04:50:00-04:00,2026-10-06,04:50,13926,The Conjuring Universe,Halloween,false,0
2026-10-06T08:50:00Z,2026-10-06T04:50:00-04:00,2026-10-06,04:50,17725,The Witch's Reflection,Halloween,false,0
2026-10-06T08:50:00Z,2026-10-06T04:50:00-04:00,2026-10-06,04:50,17720,Trick or Treatin' with Boo,Halloween,false,0
2026-10-06T08:50:00Z,2026-10-06T04:50:00-04:00,2026-10-06,04:50,17773,Twisted Holidays,Halloween,false,0
2026-10-06T08:55:00Z,2026-10-06T04:55:00-04:00,2026-10-06,04:55,3231,Air Jumbo,Family Rides,false,0
2026-10-06T08:55:00Z,2026-10-06T04:55:00-04:00,2026-10-06,04:55,17425,Barrels O’ Fun,Family Rides,false,0
2026-10-06T08:55:00Z,2026-10-06T04:55:00-04:00,2026-10-06,04:55,3270,Buccaneer,Family Rides,false,0
2026-10-06T08:55:00Z,2026-10-06T04:55:00-04:00,2026-10-06,04:55,3237,Carousel,Family Rides,false,0
2026-10-06T08:55:00Z,2026-10-06T04:55:00-04:00,2026-10-06,04:55,3244,Enchanted Teacups,Family Rides,false,0
2026-10-06T08:55:00Z,2026-10-06T04:55:00-04:00,2026-10-06,04:55,3245,Fender Benders,Family Rides,false,0
2026-10-06T08:55:00Z,2026-10-06T04:55:00-04:00,2026-10-06,04:55,17426,Flying Scooters,Family Rides,false,0
2026-10-06T08:55:00Z,2026-10-06T04:55:00-04:00,2026-10-06,04:55,15604,Giant Wheel,Family Rides,false,0
2026-10-06T08:55:00Z,2026-10-06T04:55:00-04:00,2026-10-06,04:55,3236,HARLEY QUINN™ Crazy Train,Family Rides,false,0
2026-10-06T08:55:00Z,2026-10-06T04:55:00-04:00,2026-10-06,04:55,3249,Houdini’s Great Escape,Family Rides,false,0
2026-10-06T08:55:00Z,2026-10-06T04:55:00-04:00,2026-10-06,04:55,17427,Hypno Twister,Family Rides,false,0
2026-10-06T08:55:00Z,2026-10-06T04:55:00-04:00,2026-10-06,04:55,3250,Jolly Roger,Family Rides,false,0
2026-10-06T08:55:00Z,2026-10-06T04:55:00-04:00,2026-10-06,04:55,15829,Roaring Rapids,Family Rides,false,0
2026-10-06T08:55:00Z,2026-10-06T04:55:00-04:00,2026-10-06,04:55,15727,Scrambler,Family Rides,false,0
2026-10-06T08:55:00Z,2026-10-06T04:55:00-04:00,2026-10-06,04:55,3268,Tango,Family Rides,false,0
2026-10-06T08:55:00Z,2026-10-06T04:55:00-04:00,2026-10-06,04:55,17428,Wave Swinger,Family Rides,false,0
2026-10-06T08:55:00Z,2026-10-06T04:55:00-04:00,2026-10-06,04:55,3232,Air Safari,Kids' Rides,false,0
2026-10-06T08:55:00Z,2026-10-06T04:55:00-04:00,2026-10-06,04:55,10461,Barnstormer,Kids' Rides,false,0
2026-10-06T08:55:00Z,2026-10-06T04:55:00-04:00,2026-10-06,04:55,3275,Bugaboo,Kids' Rides,false,0
2026-10-06T08:55:00Z,2026-10-06T04:55:00-04:00,2026-10-06,04:55,3277,Bugs Bunny Camp Carousel,Kids' Rides,false,0
2026-10-06T08:55:00Z,2026-10-06T04:55:00-04:00,2026-10-06,04:55,3279,Bugs Bunny Ranger Pilots,Kids' Rides,false,0
2026-10-06T08:55:00Z,2026-10-06T04:55:00-04:00,2026-10-06,04:55,3240,Daffy Duck Hot Air Balloons,Kids' Rides,false,0
2026-10-06T08:55:00Z,2026-10-06T04:55:00-04:00,2026-10-06,04:55,10077,Lil' Devil Coaster,Kids' Rides,false,0
2026-10-06T08:55:00Z,2026-10-06T04:55:00-04:00,2026-10-06,04:55,15617,Porky Pig Camp Wagons,Kids' Rides,false,0
2026-10-06T08:55:00Z,2026-10-06T04:55:00-04:00,2026-10-06,04:55,3257,Raja’s Rickshaws,Kids' Rides,false,0
2026-10-06T08:55:00Z,2026-10-06T04:55:00-04:00,2026-10-06,04:55,3274,Safari Off-Road Adventure,Kids' Rides,false,0
2026-10-06T08:55:00Z,2026-10-06T04:55:00-04:00,2026-10-06,04:55,3283,Saw Mill Log Flume,Kids' Rides,false,0
2026-10-06T08:55:00Z,2026-10-06T04:55:00-04:00,2026-10-06,04:55,3281,Sky Zooma,Kids' Rides,false,0
2026-10-06T08:55:00Z,2026-10-06T04:55:00-04:00,2026-10-06,04:55,15789,Storm Chaser,Kids' Rides,false,0
2026-10-06T08:55:00Z,2026-10-06T04:55:00-04:00,2026-10-06,04:55,3267,Super Round Up,Kids' Rides,false,0
2026-10-06T08:55:00Z,2026-10-06T04:55:00-04:00,2026-10-06,04:55,15594,Tree Top Hopper,Kids' Rides,false,0
2026-10-06T08:55:00Z,2026-10-06T04:55:00-04:00,2026-10-06,04:55,3233,BATMAN™ The Ride,Thrill Rides,false,0
2026-10-06T08:55:00Z,2026-10-06T04:55:00-04:00,2026-10-06,04:55,3243,El Toro,Thrill Rides,false,0
2026-10-06T08:55:00Z,2026-10-06T04:55:00-04:00,2026-10-06,04:55,8539,Jersey Devil Coaster,Thrill Rides,false,0
2026-10-06T08:55:00Z,2026-10-06T04:55:00-04:00,2026-10-06,04:55,3916,JUSTICE LEAGUE™: Battle for METROPOLIS,Thrill Rides,false,0
2026-10-06T08:55:00Z,2026-10-06T04:55:00-04:00,2026-10-06,04:55,10533,Medusa,Thrill Rides,false,0
2026-10-06T08:55:00Z,2026-10-06T04:55:00-04:00,2026-10-06,04:55,3253,Nitro,Thrill Rides,false,0
2026-10-06T08:55:00Z,2026-10-06T04:55:00-04:00,2026-10-06,04:55,3261,Runaway Train,Thrill Rides,false,0
2026-10-06T08:55:00Z,2026-10-06T04:55:00-04:00,2026-10-06,04:55,3262,Skull Mountain,Thrill Rides,false,0
2026-10-06T08:55:00Z,2026-10-06T04:55:00-04:00,2026-10-06,04:55,3263,SkyScreamer,Thrill Rides,false,0
2026-10-06T08:55:00Z,2026-10-06T04:55:00-04:00,2026-10-06,04:55,3282,Slingshot,Thrill Rides,false,0
2026-10-06T08:55:00Z,2026-10-06T04:55:00-04:00,2026-10-06,04:55,3266,SUPERMAN™: Ultimate Flight,Thrill Rides,false,0
2026-10-06T08:55:00Z,2026-10-06T04:55:00-04:00,2026-10-06,04:55,3271,THE DARK KNIGHT™ Coaster,Thrill Rides,false,0
2026-10-06T08:55:00Z,2026-10-06T04:55:00-04:00,2026-10-06,04:55,14537,THE FLASH™: Vertical Velocity,Thrill Rides,false,0
2026-10-06T08:55:00Z,2026-10-06T04:55:00-04:00,2026-10-06,04:55,3288,THE JOKER™,Thrill Rides,false,0
2026-10-06T08:55:00Z,2026-10-06T04:55:00-04:00,2026-10-06,04:55,3273,Wile E. Coyote Canyon Blaster,Thrill Rides,false,0
2026-10-06T08:55:00Z,2026-10-06T04:55:00-04:00,2026-10-06,04:55,6371,WONDER WOMAN™ Lasso of Truth,Thrill Rides,false,0
2026-10-06T08:55:00Z,2026-10-06T04:55:00-04:00,2026-10-06,04:55,13929,Army of the Dead,Halloween,false,0
2026-10-06T08:55:00Z,2026-10-06T04:55:00-04:00,2026-10-06,04:55,13932,Asylum,Halloween,false,0
2026-10-06T08:55:00Z,2026-10-06T04:55:00-04:00,2026-10-06,04:55,13933,Big Top Terror,Halloween,false,0
2026-10-06T08:55:00Z,2026-10-06T04:55:00-04:00,2026-10-06,04:55,17766,CarnEvil,Halloween,false,0
2026-10-06T08:55:00Z,2026-10-06T04:55:00-04:00,2026-10-06,04:55,17767,Curse of Blackbeard's Bounty,Halloween,false,0
2026-10-06T08:55:00Z,2026-10-06T04:55:00-04:00,2026-10-06,04:55,17768,Deadwood Cabin,Halloween,false,0
2026-10-06T08:55:00Z,2026-10-06T04:55:00-04:00,2026-10-06,04:55,17769,Exile Canyon,Halloween,false,0
2026-10-06T08:55:00Z,2026-10-06T04:55:00-04:00,2026-10-06,04:55,17770,Final Destination,Halloween,false,0
2026-10-06T08:55:00Z,2026-10-06T04:55:00-04:00,2026-10-06,04:55,17771,JASON: Blood Reign,Halloween,false,0
2026-10-06T08:55:00Z,2026-10-06T04:55:00-04:00,2026-10-06,04:55,17772,Plaza De La Muerte,Halloween,false,0
2026-10-06T08:55:00Z,2026-10-06T04:55:00-04:00,2026-10-06,04:55,4005,The Bloody Fountain,Halloween,false,0
2026-10-06T08:55:00Z,2026-10-06T04:55:00-04:00,2026-10-06,04:55,13926,The Conjuring Universe,Halloween,false,0
2026-10-06T08:55:00Z,2026-10-06T04:55:00-04:00,2026-10-06,04:55,17725,The Witch's Reflection,Halloween,false,0
2026-10-06T08:55:00Z,2026-10-06T04:55:00-04:00,2026-10-06,04:55,17720,Trick or Treatin' with Boo,Halloween,false,0
2026-10-06T08:55:00Z,2026-10-06T04:55:00-04:00,2026-10-06,04:55,17773,Twisted Holidays,Halloween,false,0
2026-10-06T09:00:00Z,2026-10-06T05:00:00-04:00,2026-10-06,05:00,3231,Air Jumbo,Family Rides,false,0
2026-10-06T09:00:00Z,2026-10-06T05:00:00-04:00,2026-10-06,05:00,17425,Barrels O’ Fun,Family Rides,false,0
2026-10-06T09:00:00Z,2026-10-06T05:00:00-04:00,2026-10-06,05:00,3270,Buccaneer,Family Rides,false,0
2026-10-06T09:00:00Z,2026-10-06T05:00:00-04:00,2026-10-06,05:00,3237,Carousel,Family Rides,false,0
2026-10-06T09:00:00Z,2026-10-06T05:00:00-04:00,2026-10-06,05:00,3244,Enchanted Teacups,Family Rides,false,0
2026-10-06T09:00:00Z,2026-10-06T05:00:00-04:00,2026-10-06,05:00,3245,Fender Benders,Family Rides,false,0
2026-10-06T09:00:00Z,2026-10-06T05:00:00-04:00,2026-10-06,05:00,17426,Flying Scooters,Family Rides,false,0
2026-10-06T09:00:00Z,2026-10-06T05:00:00-04:00,2026-10-06,05:00,15604,Giant Wheel,Family Rides,false,0
2026-10-06T09:00:00Z,2026-10-06T05:00:00-04:00,2026-10-06,05:00,3236,HARLEY QUINN™ Crazy Train,Family Rides,false,0
2026-10-06T09:00:00Z,2026-10-06T05:00:00-04:00,2026-10-06,05:00,3249,Houdini’s Great Escape,Family Rides,false,0
2026-10-06T09:00:00Z,2026-10-06T05:00:00-04:00,2026-10-06,05:00,17427,Hypno Twister,Family Rides,false,0
2026-10-06T09:00:00Z,2026-10-06T05:00:00-04:00,2026-10-06,05:00,3250,Jolly Roger,Family Rides,false,0
2026-10-06T09:00:00Z,2026-10-06T05:00:00-04:00,2026-10-06,05:00,15829,Roaring Rapids,Family Rides,false,0
2026-10-06T09:00:00Z,2026-10-06T05:00:00-04:00,2026-10-06,05:00,15727,Scrambler,Family Rides,false,0
2026-10-06T09:00:00Z,2026-10-06T05:00:00-04:00,2026-10-06,05:00,3268,Tango,Family Rides,false,0
2026-10-06T09:00:00Z,2026-10-06T05:00:00-04:00,2026-10-06,05:00,17428,Wave Swinger,Family Rides,false,0
2026-10-06T09:00:00Z,2026-10-06T05:00:00-04:00,2026-10-06,05:00,3232,Air Safari,Kids' Rides,false,0
2026-10-06T09:00:00Z,2026-10-06T05:00:00-04:00,2026-10-06,05:00,10461,Barnstormer,Kids' Rides,false,0
2026-10-06T09:00:00Z,2026-10-06T05:00:00-04:00,2026-10-06,05:00,3275,Bugaboo,Kids' Rides,false,0
2026-10-06T09:00:00Z,2026-10-06T05:00:00-04:00,2026-10-06,05:00,3277,Bugs Bunny Camp Carousel,Kids' Rides,false,0
2026-10-06T09:00:00Z,2026-10-06T05:00:00-04:00,2026-10-06,05:00,3279,Bugs Bunny Ranger Pilots,Kids' Rides,false,0
2026-10-06T09:00:00Z,2026-10-06T05:00:00-04:00,2026-10-06,05:00,3240,Daffy Duck Hot Air Balloons,Kids' Rides,false,0
2026-10-06T09:00:00Z,2026-10-06T05:00:00-04:00,2026-10-06,05:00,10077,Lil' Devil Coaster,Kids' Rides,false,0
2026-10-06T09:00:00Z,2026-10-06T05:00:00-04:00,2026-10-06,05:00,15617,Porky Pig Camp Wagons,Kids' Rides,false,0
2026-10-06T09:00:00Z,2026-10-06T05:00:00-04:00,2026-10-06,05:00,3257,Raja’s Rickshaws,Kids' Rides,false,0
2026-10-06T09:00:00Z,2026-10-06T05:00:00-04:00,2026-10-06,05:00,3274,Safari Off-Road Adventure,Kids' Rides,false,0
2026-10-06T09:00:00Z,2026-10-06T05:00:00-04:00,2026-10-06,05:00,3283,Saw Mill Log Flume,Kids' Rides,false,0
2026-10-06T09:00:00Z,2026-10-06T05:00:00-04:00,2026-10-06,05:00,3281,Sky Zooma,Kids' Rides,false,0
2026-10-06T09:00:00Z,2026-10-06T05:00:00-04:00,2026-10-06,05:00,15789,Storm Chaser,Kids' Rides,false,0
2026-10-06T09:00:00Z,2026-10-06T05:00:00-04:00,2026-10-06,05:00,3267,Super Round Up,Kids' Rides,false,0
2026-10-06T09:00:00Z,2026-10-06T05:00:00-04:00,2026-10-06,05:00,15594,Tree Top Hopper,Kids' Rides,false,0
2026-10-06T09:00:00Z,2026-10-06T05:00:00-04:00,2026-10-06,05:00,3233,BATMAN™ The Ride,Thrill Rides,false,0
2026-10-06T09:00:00Z,2026-10-06T05:00:00-04:00,2026-10-06,05:00,3243,El Toro,Thrill Rides,false,0
2026-10-06T09:00:00Z,2026-10-06T05:00:00-04:00,2026-10-06,05:00,8539,Jersey Devil Coaster,Thrill Rides,false,0
2026-10-06T09:00:00Z,2026-10-06T05:00:00-04:00,2026-10-06,05:00,3916,JUSTICE LEAGUE™: Battle for METROPOLIS,Thrill Rides,false,0
2026-10-06T09:00:00Z,2026-10-06T05:00:00-04:00,2026-10-06,05:00,10533,Medusa,Thrill Rides,false,0
2026-10-06T09:00:00Z,2026-10-06T05:00:00-04:00,2026-10-06,05:00,3253,Nitro,Thrill Rides,false,0
2026-10-06T09:00:00Z,2026-10-06T05:00:00-04:00,2026-10-06,05:00,3261,Runaway Train,Thrill Rides,false,0
2026-10-06T09:00:00Z,2026-10-06T05:00:00-04:00,2026-10-06,05:00,3262,Skull Mountain,Thrill Rides,false,0
2026-10-06T09:00:00Z,2026-10-06T05:00:00-04:00,2026-10-06,05:00,3263,SkyScreamer,Thrill Rides,false,0
2026-10-06T09:00:00Z,2026-10-06T05:00:00-04:00,2026-10-06,05:00,3282,Slingshot,Thrill Rides,false,0
2026-10-06T09:00:00Z,2026-10-06T05:00:00-04:00,2026-10-06,05:00,3266,SUPERMAN™: Ultimate Flight,Thrill Rides,false,0
2026-10-06T09:00:00Z,2026-10-06T05:00:00-04:00,2026-10-06,05:00,3271,THE DARK KNIGHT™ Coaster,Thrill Rides,false,0
2026-10-06T09:00:00Z,2026-10-06T05:00:00-04:00,2026-10-06,05:00,14537,THE FLASH™: Vertical Velocity,Thrill Rides,false,0
2026-10-06T09:00:00Z,2026-10-06T05:00:00-04:00,2026-10-06,05:00,3288,THE JOKER™,Thrill Rides,false,0
2026-10-06T09:00:00Z,2026-10-06T05:00:00-04:00,2026-10-06,05:00,3273,Wile E. Coyote Canyon Blaster,Thrill Rides,false,0
2026-10-06T09:00:00Z,2026-10-06T05:00:00-04:00,2026-10-06,05:00,6371,WONDER WOMAN™ Lasso of Truth,Thrill Rides,false,0
2026-10-06T09:00:00Z,2026-10-06T05:00:00-04:00,2026-10-06,05:00,13929,Army of the Dead,Halloween,false,0
2026-10-06T09:00:00Z,2026-10-06T05:00:00-04:00,2026-10-06,05:00,13932,Asylum,Halloween,false,0
2026-10-06T09:00:00Z,2026-10-06T05:00:00-04:00,2026-10-06,05:00,13933,Big Top Terror,Halloween,false,0
2026-10-06T09:00:00Z,2026-10-06T05:00:00-04:00,2026-10-06,05:00,17766,CarnEvil,Halloween,false,0
2026-10-06T09:00:00Z,2026-10-06T05:00:00-04:00,2026-10-06,05:00,17767,Curse of Blackbeard's Bounty,Halloween,false,0
2026-10-06T09:00:00Z,2026-10-06T05:00:00-04:00,2026-10-06,05:00,17768,Deadwood Cabin,Halloween,false,0
2026-10-06T09:00:00Z,2026-10-06T05:00:00-04:00,2026-10-06,05:00,17769,Exile Canyon,Halloween,false,0
2026-10-06T09:00:00Z,2026-10-06T05:00:00-04:00,2026-10-06,05:00,17770,Final Destination,Halloween,false,0
2026-10-06T09:00:00Z,2026-10-06T05:00:00-04:00,2026-10-06,05:00,17771,JASON: Blood Reign,Halloween,false,0
2026-10-06T09:00:00Z,2026-10-06T05:00:00-04:00,2026-10-06,05:00,17772,Plaza De La Muerte,Halloween,false,0
2026-10-06T09:00:00Z,2026-10-06T05:00:00-04:00,2026-10-06,05:00,4005,The Bloody Fountain,Halloween,false,0
2026-10-06T09:00:00Z,2026-10-06T05:00:00-04:00,2026-10-06,05:00,13926,The Conjuring Universe,Halloween,false,0
2026-10-06T09:00:00Z,2026-10-06T05:00:00-04:00,2026-10-06,05:00,17725,The Witch's Reflection,Halloween,false,0
2026-10-06T09:00:00Z,2026-10-06T05:00:00-04:00,2026-10-06,05:00,17720,Trick or Treatin' with Boo,Halloween,false,0
2026-10-06T09:00:00Z,2026-10-06T05:00:00-04:00,2026-10-06,05:00,17773,Twisted Holidays,Halloween,false,0
2026-10-06T09:05:00Z,2026-10-06T05:05:00-04:00,2026-10-06,05:05,3231,Air Jumbo,Family Rides,false,0
2026-10-06T09:05:00Z,2026-10-06T05:05:00-04:00,2026-10-06,05:05,17425,Barrels O’ Fun,Family Rides,false,0
2026-10-06T09:05:00Z,2026-10-06T05:05:00-04:00,2026-10-06,05:05,3270,Buccaneer,Family Rides,false,0
2026-10-06T09:05:00Z,2026-10-06T05:05:00-04:00,2026-10-06,05:05,3237,Carousel,Family Rides,false,0
2026-10-06T09:05:00Z,2026-10-06T05:05:00-04:00,2026-10-06,05:05,3244,Enchanted Teacups,Family Rides,false,0
2026-10-06T09:05:00Z,2026-10-06T05:05:00-04:00,2026-10-06,05:05,3245,Fender Benders,Family Rides,false,0
2026-10-06T09:05:00Z,2026-10-06T05:05:00-04:00,2026-10-06,05:05,17426,Flying Scooters,Family Rides,false,0
2026-10-06T09:05:00Z,2026-10-06T05:05:00-04:00,2026-10-06,05:05,15604,Giant Wheel,Family Rides,false,0
2026-10-06T09:05:00Z,2026-10-06T05:05:00-04:00,2026-10-06,05:05,3236,HARLEY QUINN™ Crazy Train,Family Rides,false,0
2026-10-06T09:05:00Z,2026-10-06T05:05:00-04:00,2026-10-06,05:05,3249,Houdini’s Great Escape,Family Rides,false,0
2026-10-06T09:05:00Z,2026-10-06T05:05:00-04:00,2026-10-06,05:05,17427,Hypno Twister,Family Rides,false,0
2026-10-06T09:05:00Z,2026-10-06T05:05:00-04:00,2026-10-06,05:05,3250,Jolly Roger,Family Rides,false,0
2026-10-06T09:05:00Z,2026-10-06T05:05:00-04:00,2026-10-06,05:05,15829,Roaring Rapids,Family Rides,false,0
2026-10-06T09:05:00Z,2026-10-06T05:05:00-04:00,2026-10-06,05:05,15727,Scrambler,Family Rides,false,0
2026-10-06T09:05:00Z,2026-10-06T05:05:00-04:00,2026-10-06,05:05,3268,Tango,Family Rides,false,0
2026-10-06T09:05:00Z,2026-10-06T05:05:00-04:00,2026-10-06,05:05,17428,Wave Swinger,Family Rides,false,0
2026-10-06T09:05:00Z,2026-10-06T05:05:00-04:00,2026-10-06,05:05,3232,Air Safari,Kids' Rides,false,0
2026-10-06T09:05:00Z,2026-10-06T05:05:00-04:00,2026-10-06,05:05,10461,Barnstormer,Kids' Rides,false,0
2026-10-06T09:05:00Z,2026-10-06T05:05:00-04:00,2026-10-06,05:05,3275,Bugaboo,Kids' Rides,false,0
2026-10-06T09:05:00Z,2026-10-06T05:05:00-04:00,2026-10-06,05:05,3277,Bugs Bunny Camp Carousel,Kids' Rides,false,0
2026-10-06T09:05:00Z,2026-10-06T05:05:00-04:00,2026-10-06,05:05,3279,Bugs Bunny Ranger Pilots,Kids' Rides,false,0
2026-10-06T09:05:00Z,2026-10-06T05:05:00-04:00,2026-10-06,05:05,3240,Daffy Duck Hot Air Balloons,Kids' Rides,false,0
2026-10-06T09:05:00Z,2026-10-06T05:05:00-04:00,2026-10-06,05:05,10077,Lil' Devil Coaster,Kids' Rides,false,0
2026-10-06T09:05:00Z,2026-10-06T05:05:00-04:00,2026-10-06,05:05,15617,Porky Pig Camp Wagons,Kids' Rides,false,0
2026-10-06T09:05:00Z,2026-10-06T05:05:00-04:00,2026-10-06,05:05,3257,Raja’s Rickshaws,Kids' Rides,false,0
2026-10-06T09:05:00Z,2026-10-06T05:05:00-04:00,2026-10-06,05:05,3274,Safari Off-Road Adventure,Kids' Rides,false,0
2026-10-06T09:05:00Z,2026-10-06T05:05:00-04:00,2026-10-06,05:05,3283,Saw Mill Log Flume,Kids' Rides,false,0
2026-10-06T09:05:00Z,2026-10-06T05:05:00-04:00,2026-10-06,05:05,3281,Sky Zooma,Kids' Rides,false,0
2026-10-06T09:05:00Z,2026-10-06T05:05:00-04:00,2026-10-06,05:05,15789,Storm Chaser,Kids' Rides,false,0
2026-10-06T09:05:00Z,2026-10-06T05:05:00-04:00,2026-10-06,05:05,3267,Super Round Up,Kids' Rides,false,0
2026-10-06T09:05:00Z,2026-10-06T05:05:00-04:00,2026-10-06,05:05,15594,Tree Top Hopper,Kids' Rides,false,0
2026-10-06T09:05:00Z,2026-10-06T05:05:00-04:00,2026-10-06,05:05,3233,BATMAN™ The Ride,Thrill Rides,false,0
2026-10-06T09:05:00Z,2026-10-06T05:05:00-04:00,2026-10-06,05:05,3243,El Toro,Thrill Rides,false,0
2026-10-06T09:05:00Z,2026-10-06T05:05:00-04:00,2026-10-06,05:05,8539,Jersey Devil Coaster,Thrill Rides,false,0
2026-10-06T09:05:00Z,2026-10-06T05:05:00-04:00,2026-10-06,05:05,3916,JUSTICE LEAGUE™: Battle for METROPOLIS,Thrill Rides,false,0
2026-10-06T09:05:00Z,2026-10-06T05:05:00-04:00,2026-10-06,05:05,10533,Medusa,Thrill Rides,false,0
2026-10-06T09:05:00Z,2026-10-06T05:05:00-04:00,2026-10-06,05:05,3253,Nitro,Thrill Rides,false,0
2026-10-06T09:05:00Z,2026-10-06T05:05:00-04:00,2026-10-06,05:05,3261,Runaway Train,Thrill Rides,false,0
2026-10-06T09:05:00Z,2026-10-06T05:05:00-04:00,2026-10-06,05:05,3262,Skull Mountain,Thrill Rides,false,0
2026-10-06T09:05:00Z,2026-10-06T05:05:00-04:00,2026-10-06,05:05,3263,SkyScreamer,Thrill Rides,false,0
2026-10-06T09:05:00Z,2026-10-06T05:05:00-04:00,2026-10-06,05:05,3282,Slingshot,Thrill Rides,false,0
2026-10-06T09:05:00Z,2026-10-06T05:05:00-04:00,2026-10-06,05:05,3266,SUPERMAN™: Ultimate Flight,Thrill Rides,false,0
2026-10-06T09:05:00Z,2026-10-06T05:05:00-04:00,2026-10-06,05:05,3271,THE DARK KNIGHT™ Coaster,Thrill Rides,false,0
2026-10-06T09:05:00Z,2026-10-06T05:05:00-04:00,2026-10-06,05:05,14537,THE FLASH™: Vertical Velocity,Thrill Rides,false,0
2026-10-06T09:05:00Z,2026-10-06T05:05:00-04:00,2026-10-06,05:05,3288,THE JOKER™,Thrill Rides,false,0
2026-10-06T09:05:00Z,2026-10-06T05:05:00-04:00,2026-10-06,05:05,3273,Wile E. Coyote Canyon Blaster,Thrill Rides,false,0
2026-10-06T09:05:00Z,2026-10-06T05:05:00-04:00,2026-10-06,05:05,6371,WONDER WOMAN™ Lasso of Truth,Thrill Rides,false,0
2026-10-06T09:05:00Z,2026-10-06T05:05:00-04:00,2026-10-06,05:05,13929,Army of the Dead,Halloween,false,0
2026-10-06T09:05:00Z,2026-10-06T05:05:00-04:00,2026-10-06,05:05,13932,Asylum,Halloween,false,0
2026-10-06T09:05:00Z,2026-10-06T05:05:00-04:00,2026-10-06,05:05,13933,Big Top Terror,Halloween,false,0
2026-10-06T09:05:00Z,2026-10-06T05:05:00-04:00,2026-10-06,05:05,17766,CarnEvil,Halloween,false,0
2026-10-06T09:05:00Z,2026-10-06T05:05:00-04:00,2026-10-06,05:05,17767,Curse of Blackbeard's Bounty,Halloween,false,0
2026-10-06T09:05:00Z,2026-10-06T05:05:00-04:00,2026-10-06,05:05,17768,Deadwood Cabin,Halloween,false,0
2026-10-06T09:05:00Z,2026-10-06T05:05:00-04:00,2026-10-06,05:05,17769,Exile Canyon,Halloween,false,0
2026-10-06T09:05:00Z,2026-10-06T05:05:00-04:00,2026-10-06,05:05,17770,Final Destination,Halloween,false,0
2026-10-06T09:05:00Z,2026-10-06T05:05:00-04:00,2026-10-06,05:05,17771,JASON: Blood Reign,Halloween,false,0
2026-10-06T09:05:00Z,2026-10-06T05:05:00-04:00,2026-10-06,05:05,17772,Plaza De La Muerte,Halloween,false,0
2026-10-06T09:05:00Z,2026-10-06T05:05:00-04:00,2026-10-06,05:05,4005,The Bloody Fountain,Halloween,false,0
2026-10-06T09:05:00Z,2026-10-06T05:05:00-04:00,2026-10-06,05:05,13926,The Conjuring Universe,Halloween,false,0
2026-10-06T09:05:00Z,2026-10-06T05:05:00-04:00,2026-10-06,05:05,17725,The Witch's Reflection,Halloween,false,0
2026-10-06T09:05:00Z,2026-10-06T05:05:00-04:00,2026-10-06,05:05,17720,Trick or Treatin' with Boo,Halloween,false,0
2026-10-06T09:05:00Z,2026-10-06T05:05:00-04:00,2026-10-06,05:05,17773,Twisted Holidays,Halloween,false,0
2026-10-06T09:10:00Z,2026-10-06T05:10:00-04:00,2026-10-06,05:10,3231,Air Jumbo,Family Rides,false,0
2026-10-06T09:10:00Z,2026-10-06T05:10:00-04:00,2026-10-06,05:10,17425,Barrels O’ Fun,Family Rides,false,0
2026-10-06T09:10:00Z,2026-10-06T05:10:00-04:00,2026-10-06,05:10,3270,Buccaneer,Family Rides,false,0
2026-10-06T09:10:00Z,2026-10-06T05:10:00-04:00,2026-10-06,05:10,3237,Carousel,Family Rides,false,0
2026-10-06T09:10:00Z,2026-10-06T05:10:00-04:00,2026-10-06,05:10,3244,Enchanted Teacups,Family Rides,false,0
2026-10-06T09:10:00Z,2026-10-06T05:10:00-04:00,2026-10-06,05:10,3245,Fender Benders,Family Rides,false,0
2026-10-06T09:10:00Z,2026-10-06T05:10:00-04:00,2026-10-06,05:10,17426,Flying Scooters,Family Rides,false,0
2026-10-06T09:10:00Z,2026-10-06T05:10:00-04:00,2026-10-06,05:10,15604,Giant Wheel,Family Rides,false,0
2026-10-06T09:10:00Z,2026-10-06T05:10:00-04:00,2026-10-06,05:10,3236,HARLEY QUINN™ Crazy Train,Family Rides,false,0
2026-10-06T09:10:00Z,2026-10-06T05:10:00-04:00,2026-10-06,05:10,3249,Houdini’s Great Escape,Family Rides,false,0
2026-10-06T09:10:00Z,2026-10-06T05:10:00-04:00,2026-10-06,05:10,17427,Hypno Twister,Family Rides,false,0
2026-10-06T09:10:00Z,2026-10-06T05:10:00-04:00,2026-10-06,05:10,3250,Jolly Roger,Family Rides,false,0
2026-10-06T09:10:00Z,2026-10-06T05:10:00-04:00,2026-10-06,05:10,15829,Roaring Rapids,Family Rides,false,0
2026-10-06T09:10:00Z,2026-10-06T05:10:00-04:00,2026-10-06,05:10,15727,Scrambler,Family Rides,false,0
2026-10-06T09:10:00Z,2026-10-06T05:10:00-04:00,2026-10-06,05:10,3268,Tango,Family Rides,false,0
2026-10-06T09:10:00Z,2026-10-06T05:10:00-04:00,2026-10-06,05:10,17428,Wave Swinger,Family Rides,false,0
2026-10-06T09:10:00Z,2026-10-06T05:10:00-04:00,2026-10-06,05:10,3232,Air Safari,Kids' Rides,false,0
2026-10-06T09:10:00Z,2026-10-06T05:10:00-04:00,2026-10-06,05:10,10461,Barnstormer,Kids' Rides,false,0
2026-10-06T09:10:00Z,2026-10-06T05:10:00-04:00,2026-10-06,05:10,3275,Bugaboo,Kids' Rides,false,0
2026-10-06T09:10:00Z,2026-10-06T05:10:00-04:00,2026-10-06,05:10,3277,Bugs Bunny Camp Carousel,Kids' Rides,false,0
2026-10-06T09:10:00Z,2026-10-06T05:10:00-04:00,2026-10-06,05:10,3279,Bugs Bunny Ranger Pilots,Kids' Rides,false,0
2026-10-06T09:10:00Z,2026-10-06T05:10:00-04:00,2026-10-06,05:10,3240,Daffy Duck Hot Air Balloons,Kids' Rides,false,0
2026-10-06T09:10:00Z,2026-10-06T05:10:00-04:00,2026-10-06,05:10,10077,Lil' Devil Coaster,Kids' Rides,false,0
2026-10-06T09:10:00Z,2026-10-06T05:10:00-04:00,2026-10-06,05:10,15617,Porky Pig Camp Wagons,Kids' Rides,false,0
2026-10-06T09:10:00Z,2026-10-06T05:10:00-04:00,2026-10-06,05:10,3257,Raja’s Rickshaws,Kids' Rides,false,0
2026-10-06T09:10:00Z,2026-10-06T05:10:00-04:00,2026-10-06,05:10,3274,Safari Off-Road Adventure,Kids' Rides,false,0
2026-10-06T09:10:00Z,2026-10-06T05:10:00-04:00,2026-10-06,05:10,3283,Saw Mill Log Flume,Kids' Rides,false,0
2026-10-06T09:10:00Z,2026-10-06T05:10:00-04:00,2026-10-06,05:10,3281,Sky Zooma,Kids' Rides,false,0
2026-10-06T09:10:00Z,2026-10-06T05:10:00-04:00,2026-10-06,05:10,15789,Storm Chaser,Kids' Rides,false,0
2026-10-06T09:10:00Z,2026-10-06T05:10:00-04:00,2026-10-06,05:10,3267,Super Round Up,Kids' Rides,false,0
2026-10-06T09:10:00Z,2026-10-06T05:10:00-04:00,2026-10-06,05:10,15594,Tree Top Hopper,Kids' Rides,false,0
2026-10-06T09:10:00Z,2026-10-06T05:10:00-04:00,2026-10-06,05:10,3233,BATMAN™ The Ride,Thrill Rides,false,0
2026-10-06T09:10:00Z,2026-10-06T05:10:00-04:00,2026-10-06,05:10,3243,El Toro,Thrill Rides,false,0
2026-10-06T09:10:00Z,2026-10-06T05:10:00-04:00,2026-10-06,05:10,8539,Jersey Devil Coaster,Thrill Rides,false,0
2026-10-06T09:10:00Z,2026-10-06T05:10:00-04:00,2026-10-06,05:10,3916,JUSTICE LEAGUE™: Battle for METROPOLIS,Thrill Rides,false,0
2026-10-06T09:10:00Z,2026-10-06T05:10:00-04:00,2026-10-06,05:10,10533,Medusa,Thrill Rides,false,0
2026-10-06T09:10:00Z,2026-10-06T05:10:00-04:00,2026-10-06,05:10,3253,Nitro,Thrill Rides,false,0
2026-10-06T09:10:00Z,2026-10-06T05:10:00-04:00,2026-10-06,05:10,3261,Runaway Train,Thrill Rides,false,0
2026-10-06T09:10:00Z,2026-10-06T05:10:00-04:00,2026-10-06,05:10,3262,Skull Mountain,Thrill Rides,false,0
2026-10-06T09:10:00Z,2026-10-06T05:10:00-04:00,2026-10-06,05:10,3263,SkyScreamer,Thrill Rides,false,0
2026-10-06T09:10:00Z,2026-10-06T05:10:00-04:00,2026-10-06,05:10,3282,Slingshot,Thrill Rides,false,0
2026-10-06T09:10:00Z,2026-10-06T05:10:00-04:00,2026-10-06,05:10,3266,SUPERMAN™: Ultimate Flight,Thrill Rides,false,0
2026-10-06T09:10:00Z,2026-10-06T05:10:00-04:00,2026-10-06,05:10,3271,THE DARK KNIGHT™ Coaster,Thrill Rides,false,0
2026-10-06T09:10:00Z,2026-10-06T05:10:00-04:00,2026-10-06,05:10,14537,THE FLASH™: Vertical Velocity,Thrill Rides,false,0
2026-10-06T09:10:00Z,2026-10-06T05:10:00-04:00,2026-10-06,05:10,3288,THE JOKER™,Thrill Rides,false,0
2026-10-06T09:10:00Z,2026-10-06T05:10:00-04:00,2026-10-06,05:10,3273,Wile E. Coyote Canyon Blaster,Thrill Rides,false,0
2026-10-06T09:10:00Z,2026-10-06T05:10:00-04:00,2026-10-06,05:10,6371,WONDER WOMAN™ Lasso of Truth,Thrill Rides,false,0
2026-10-06T09:10:00Z,2026-10-06T05:10:00-04:00,2026-10-06,05:10,13929,Army of the Dead,Halloween,false,0
2026-10-06T09:10:00Z,2026-10-06T05:10:00-04:00,2026-10-06,05:10,13932,Asylum,Halloween,false,0
2026-10-06T09:10:00Z,2026-10-06T05:10:00-04:00,2026-10-06,05:10,13933,Big Top Terror,Halloween,false,0
2026-10-06T09:10:00Z,2026-10-06T05:10:00-04:00,2026-10-06,05:10,17766,CarnEvil,Halloween,false,0
2026-10-06T09:10:00Z,2026-10-06T05:10:00-04:00,2026-10-06,05:10,17767,Curse of Blackbeard's Bounty,Halloween,false,0
2026-10-06T09:10:00Z,2026-10-06T05:10:00-04:00,2026-10-06,05:10,17768,Deadwood Cabin,Halloween,false,0
2026-10-06T09:10:00Z,2026-10-06T05:10:00-04:00,2026-10-06,05:10,17769,Exile Canyon,Halloween,false,0
2026-10-06T09:10:00Z,2026-10-06T05:10:00-04:00,2026-10-06,05:10,17770,Final Destination,Halloween,false,0
2026-10-06T09:10:00Z,2026-10-06T05:10:00-04:00,2026-10-06,05:10,17771,JASON: Blood Reign,Halloween,false,0
2026-10-06T09:10:00Z,2026-10-06T05:10:00-04:00,2026-10-06,05:10,17772,Plaza De La Muerte,Halloween,false,0
2026-10-06T09:10:00Z,2026-10-06T05:10:00-04:00,2026-10-06,05:10,4005,The Bloody Fountain,Halloween,false,0
2026-10-06T09:10:00Z,2026-10-06T05:10:00-04:00,2026-10-06,05:10,13926,The Conjuring Universe,Halloween,false,0
2026-10-06T09:10:00Z,2026-10-06T05:10:00-04:00,2026-10-06,05:10,17725,The Witch's Reflection,Halloween,false,0
2026-10-06T09:10:00Z,2026-10-06T05:10:00-04:00,2026-10-06,05:10,17720,Trick or Treatin' with Boo,Halloween,false,0
2026-10-06T09:10:00Z,2026-10-06T05:10:00-04:00,2026-10-06,05:10,17773,Twisted Holidays,Halloween,false,0
2026-10-06T18:40:00Z,2026-10-06T14:40:00-04:00,2026-10-06,14:40,3231,Air Jumbo,Family Rides,false,0
2026-10-06T18:40:00Z,2026-10-06T14:40:00-04:00,2026-10-06,14:40,17425,Barrels O’ Fun,Family Rides,false,0
2026-10-06T18:40:00Z,2026-10-06T14:40:00-04:00,2026-10-06,14:40,3270,Buccaneer,Family Rides,false,0
2026-10-06T18:40:00Z,2026-10-06T14:40:00-04:00,2026-10-06,14:40,3237,Carousel,Family Rides,false,0
2026-10-06T18:40:00Z,2026-10-06T14:40:00-04:00,2026-10-06,14:40,3244,Enchanted Teacups,Family Rides,false,0
2026-10-06T18:40:00Z,2026-10-06T14:40:00-04:00,2026-10-06,14:40,3245,Fender Benders,Family Rides,false,0
2026-10-06T18:40:00Z,2026-10-06T14:40:00-04:00,2026-10-06,14:40,17426,Flying Scooters,Family Rides,false,0
2026-10-06T18:40:00Z,2026-10-06T14:40:00-04:00,2026-10-06,14:40,15604,Giant Wheel,Family Rides,false,0
2026-10-06T18:40:00Z,2026-10-06T14:40:00-04:00,2026-10-06,14:40,3236,HARLEY QUINN™ Crazy Train,Family Rides,false,0
2026-10-06T18:40:00Z,2026-10-06T14:40:00-04:00,2026-10-06,14:40,3249,Houdini’s Great Escape,Family Rides,false,0
2026-10-06T18:40:00Z,2026-10-06T14:40:00-04:00,2026-10-06,14:40,17427,Hypno Twister,Family Rides,false,0
2026-10-06T18:40:00Z,2026-10-06T14:40:00-04:00,2026-10-06,14:40,3250,Jolly Roger,Family Rides,false,0
2026-10-06T18:40:00Z,2026-10-06T14:40:00-04:00,2026-10-06,14:40,15829,Roaring Rapids,Family Rides,false,0
2026-10-06T18:40:00Z,2026-10-06T14:40:00-04:00,2026-10-06,14:40,15727,Scrambler,Family Rides,false,0
2026-10-06T18:40:00Z,2026-10-06T14:40:00-04:00,2026-10-06,14:40,3268,Tango,Family Rides,false,0
2026-10-06T18:40:00Z,2026-10-06T14:40:00-04:00,2026-10-06,14:40,17428,Wave Swinger,Family Rides,false,0
2026-10-06T18:40:00Z,2026-10-06T14:40:00-04:00,2026-10-06,14:40,3232,Air Safari,Kids' Rides,false,0
2026-10-06T18:40:00Z,2026-10-06T14:40:00-04:00,2026-10-06,14:40,10461,Barnstormer,Kids' Rides,false,0
2026-10-06T18:40:00Z,2026-10-06T14:40:00-04:00,2026-10-06,14:40,3275,Bugaboo,Kids' Rides,false,0
2026-10-06T18:40:00Z,2026-10-06T14:40:00-04:00,2026-10-06,14:40,3277,Bugs Bunny Camp Carousel,Kids' Rides,false,0
2026-10-06T18:40:00Z,2026-10-06T14:40:00-04:00,2026-10-06,14:40,3279,Bugs Bunny Ranger Pilots,Kids' Rides,false,0
2026-10-06T18:40:00Z,2026-10-06T14:40:00-04:00,2026-10-06,14:40,3240,Daffy Duck Hot Air Balloons,Kids' Rides,false,0
2026-10-06T18:40:00Z,2026-10-06T14:40:00-04:00,2026-10-06,14:40,10077,Lil' Devil Coaster,Kids' Rides,false,0
2026-10-06T18:40:00Z,2026-10-06T14:40:00-04:00,2026-10-06,14:40,15617,Porky Pig Camp Wagons,Kids' Rides,false,0
2026-10-06T18:40:00Z,2026-10-06T14:40:00-04:00,2026-10-06,14:40,3257,Raja’s Rickshaws,Kids' Rides,false,0
2026-10-06T18:40:00Z,2026-10-06T14:40:00-04:00,2026-10-06,14:40,3274,Safari Off-Road Adventure,Kids' Rides,false,0
2026-10-06T18:40:00Z,2026-10-06T14:40:00-04:00,2026-10-06,14:40,3283,Saw Mill Log Flume,Kids' Rides,false,0
2026-10-06T18:40:00Z,2026-10-06T14:40:00-04:00,2026-10-06,14:40,3281,Sky Zooma,Kids' Rides,false,0
2026-10-06T18:40:00Z,2026-10-06T14:40:00-04:00,2026-10-06,14:40,15789,Storm Chaser,Kids' Rides,false,0
2026-10-06T18:40:00Z,2026-10-06T14:40:00-04:00,2026-10-06,14:40,3267,Super Round Up,Kids' Rides,false,0
2026-10-06T18:40:00Z,2026-10-06T14:40:00-04:00,2026-10-06,14:40,15594,Tree Top Hopper,Kids' Rides,false,0
2026-10-06T18:40:00Z,2026-10-06T14:40:00-04:00,2026-10-06,14:40,3233,BATMAN™ The Ride,Thrill Rides,false,0
2026-10-06T18:40:00Z,2026-10-06T14:40:00-04:00,2026-10-06,14:40,3243,El Toro,Thrill Rides,false,0
2026-10-06T18:40:00Z,2026-10-06T14:40:00-04:00,2026-10-06,14:40,8539,Jersey Devil Coaster,Thrill Rides,false,0
2026-10-06T18:40:00Z,2026-10-06T14:40:00-04:00,2026-10-06,14:40,3916,JUSTICE LEAGUE™: Battle for METROPOLIS,Thrill Rides,false,0
2026-10-06T18:40:00Z,2026-10-06T14:40:00-04:00,2026-10-06,14:40,10533,Medusa,Thrill Rides,false,0
2026-10-06T18:40:00Z,2026-10-06T14:40:00-04:00,2026-10-06,14:40,3253,Nitro,Thrill Rides,false,0
2026-10-06T18:40:00Z,2026-10-06T14:40:00-04:00,2026-10-06,14:40,3261,Runaway Train,Thrill Rides,false,0
2026-10-06T18:40:00Z,2026-10-06T14:40:00-04:00,2026-10-06,14:40,3262,Skull Mountain,Thrill Rides,false,0
2026-10-06T18:40:00Z,2026-10-06T14:40:00-04:00,2026-10-06,14:40,3263,SkyScreamer,Thrill Rides,false,0
2026-10-06T18:40:00Z,2026-10-06T14:40:00-04:00,2026-10-06,14:40,3282,Slingshot,Thrill Rides,false,0
2026-10-06T18:40:00Z,2026-10-06T14:40:00-04:00,2026-10-06,14:40,3266,SUPERMAN™: Ultimate Flight,Thrill Rides,false,0
2026-10-06T18:40:00Z,2026-10-06T14:40:00-04:00,2026-10-06,14:40,3271,THE DARK KNIGHT™ Coaster,Thrill Rides,false,0
2026-10-06T18:40:00Z,2026-10-06T14:40:00-04:00,2026-10-06,14:40,14537,THE FLASH™: Vertical Velocity,Thrill Rides,false,0
2026-10-06T18:40:00Z,2026-10-06T14:40:00-04:00,2026-10-06,14:40,3288,THE JOKER™,Thrill Rides,false,0
2026-10-06T18:40:00Z,2026-10-06T14:40:00-04:00,2026-10-06,14:40,3273,Wile E. Coyote Canyon Blaster,Thrill Rides,false,0
2026-10-06T18:40:00Z,2026-10-06T14:40:00-04:00,2026-10-06,14:40,6371,WONDER WOMAN™ Lasso of Truth,Thrill Rides,false,0
2026-10-06T18:40:00Z,2026-10-06T14:40:00-04:00,2026-10-06,14:40,13929,Army of the Dead,Halloween,false,0
2026-10-06T18:40:00Z,2026-10-06T14:40:00-04:00,2026-10-06,14:40,13932,Asylum,Halloween,false,0
2026-10-06T18:40:00Z,2026-10-06T14:40:00-04:00,2026-10-06,14:40,13933,Big Top Terror,Halloween,false,0
2026-10-06T18:40:00Z,2026-10-06T14:40:00-04:00,2026-10-06,14:40,17766,CarnEvil,Halloween,false,0
2026-10-06T18:40:00Z,2026-10-06T14:40:00-04:00,2026-10-06,14:40,17767,Curse of Blackbeard's Bounty,Halloween,false,0
2026-10-06T18:40:00Z,2026-10-06T14:40:00-04:00,2026-10-06,14:40,17768,Deadwood Cabin,Halloween,false,0
2026-10-06T18:40:00Z,2026-10-06T14:40:00-04:00,2026-10-06,14:40,17769,Exile Canyon,Halloween,false,0
2026-10-06T18:40:00Z,2026-10-06T14:40:00-04:00,2026-10-06,14:40,17770,Final Destination,Halloween,false,0
2026-10-06T18:40:00Z,2026-10-06T14:40:00-04:00,2026-10-06,14:40,17771,JASON: Blood Reign,Halloween,false,0
2026-10-06T18:40:00Z,2026-10-06T14:40:00-04:00,2026-10-06,14:40,17772,Plaza De La Muerte,Halloween,false,0
2026-10-06T18:40:00Z,2026-10-06T14:40:00-04:00,2026-10-06,14:40,4005,The Bloody Fountain,Halloween,false,0
2026-10-06T18:40:00Z,2026-10-06T14:40:00-04:00,2026-10-06,14:40,13926,The Conjuring Universe,Halloween,false,0
2026-10-06T18:40:00Z,2026-10-06T14:40:00-04:00,2026-10-06,14:40,17725,The Witch's Reflection,Halloween,false,0
2026-10-06T18:40:00Z,2026-10-06T14:40:00-04:00,2026-10-06,14:40,17720,Trick or Treatin' with Boo,Halloween,false,0
2026-10-06T18:40:00Z,2026-10-06T14:40:00-04:00,2026-10-06,14:40,17773,Twisted Holidays,Halloween,false,0
2026-10-06T18:45:00Z,2026-10-06T14:45:00-04:00,2026-10-06,14:45,3231,Air Jumbo,Family Rides,false,0
2026-10-06T18:45:00Z,2026-10-06T14:45:00-04:00,2026-10-06,14:45,17425,Barrels O’ Fun,Family Rides,false,0
2026-10-06T18:45:00Z,2026-10-06T14:45:00-04:00,2026-10-06,14:45,3270,Buccaneer,Family Rides,false,0
2026-10-06T18:45:00Z,2026-10-06T14:45:00-04:00,2026-10-06,14:45,3237,Carousel,Family Rides,false,0
2026-10-06T18:45:00Z,2026-10-06T14:45:00-04:00,2026-10-06,14:45,3244,Enchanted Teacups,Family Rides,false,0
2026-10-06T18:45:00Z,2026-10-06T14:45:00-04:00,2026-10-06,14:45,3245,Fender Benders,Family Rides,false,0
2026-10-06T18:45:00Z,2026-10-06T14:45:00-04:00,2026-10-06,14:45,17426,Flying Scooters,Family Rides,false,0
2026-10-06T18:45:00Z,2026-10-06T14:45:00-04:00,2026-10-06,14:45,15604,Giant Wheel,Family Rides,false,0
2026-10-06T18:45:00Z,2026-10-06T14:45:00-04:00,2026-10-06,14:45,3236,HARLEY QUINN™ Crazy Train,Family Rides,false,0
2026-10-06T18:45:00Z,2026-10-06T14:45:00-04:00,2026-10-06,14:45,3249,Houdini’s Great Escape,Family Rides,false,0
2026-10-06T18:45:00Z,2026-10-06T14:45:00-04:00,2026-10-06,14:45,17427,Hypno Twister,Family Rides,false,0
2026-10-06T18:45:00Z,2026-10-06T14:45:00-04:00,2026-10-06,14:45,3250,Jolly Roger,Family Rides,false,0
2026-10-06T18:45:00Z,2026-10-06T14:45:00-04:00,2026-10-06,14:45,15829,Roaring Rapids,Family Rides,false,0
2026-10-06T18:45:00Z,2026-10-06T14:45:00-04:00,2026-10-06,14:45,15727,Scrambler,Family Rides,false,0
2026-10-06T18:45:00Z,2026-10-06T14:45:00-04:00,2026-10-06,14:45,3268,Tango,Family Rides,false,0
2026-10-06T18:45:00Z,2026-10-06T14:45:00-04:00,2026-10-06,14:45,17428,Wave Swinger,Family Rides,false,0
2026-10-06T18:45:00Z,2026-10-06T14:45:00-04:00,2026-10-06,14:45,3232,Air Safari,Kids' Rides,false,0
2026-10-06T18:45:00Z,2026-10-06T14:45:00-04:00,2026-10-06,14:45,10461,Barnstormer,Kids' Rides,false,0
2026-10-06T18:45:00Z,2026-10-06T14:45:00-04:00,2026-10-06,14:45,3275,Bugaboo,Kids' Rides,false,0
2026-10-06T18:45:00Z,2026-10-06T14:45:00-04:00,2026-10-06,14:45,3277,Bugs Bunny Camp Carousel,Kids' Rides,false,0
2026-10-06T18:45:00Z,2026-10-06T14:45:00-04:00,2026-10-06,14:45,3279,Bugs Bunny Ranger Pilots,Kids' Rides,false,0
2026-10-06T18:45:00Z,2026-10-06T14:45:00-04:00,2026-10-06,14:45,3240,Daffy Duck Hot Air Balloons,Kids' Rides,false,0
2026-10-06T18:45:00Z,2026-10-06T14:45:00-04:00,2026-10-06,14:45,10077,Lil' Devil Coaster,Kids' Rides,false,0
2026-10-06T18:45:00Z,2026-10-06T14:45:00-04:00,2026-10-06,14:45,15617,Porky Pig Camp Wagons,Kids' Rides,false,0
2026-10-06T18:45:00Z,2026-10-06T14:45:00-04:00,2026-10-06,14:45,3257,Raja’s Rickshaws,Kids' Rides,false,0
2026-10-06T18:45:00Z,2026-10-06T14:45:00-04:00,2026-10-06,14:45,3274,Safari Off-Road Adventure,Kids' Rides,false,0
2026-10-06T18:45:00Z,2026-10-06T14:45:00-04:00,2026-10-06,14:45,3283,Saw Mill Log Flume,Kids' Rides,false,0
2026-10-06T18:45:00Z,2026-10-06T14:45:00-04:00,2026-10-06,14:45,3281,Sky Zooma,Kids' Rides,false,0
2026-10-06T18:45:00Z,2026-10-06T14:45:00-04:00,2026-10-06,14:45,15789,Storm Chaser,Kids' Rides,false,0
2026-10-06T18:45:00Z,2026-10-06T14:45:00-04:00,2026-10-06,14:45,3267,Super Round Up,Kids' Rides,false,0
2026-10-06T18:45:00Z,2026-10-06T14:45:00-04:00,2026-10-06,14:45,15594,Tree Top Hopper,Kids' Rides,false,0
2026-10-06T18:45:00Z,2026-10-06T14:45:00-04:00,2026-10-06,14:45,3233,BATMAN™ The Ride,Thrill Rides,false,0
2026-10-06T18:45:00Z,2026-10-06T14:45:00-04:00,2026-10-06,14:45,3243,El Toro,Thrill Rides,false,0
2026-10-06T18:45:00Z,2026-10-06T14:45:00-04:00,2026-10-06,14:45,8539,Jersey Devil Coaster,Thrill Rides,false,0
2026-10-06T18:45:00Z,2026-10-06T14:45:00-04:00,2026-10-06,14:45,3916,JUSTICE LEAGUE™: Battle for METROPOLIS,Thrill Rides,false,0
2026-10-06T18:45:00Z,2026-10-06T14:45:00-04:00,2026-10-06,14:45,10533,Medusa,Thrill Rides,false,0
2026-10-06T18:45:00Z,2026-10-06T14:45:00-04:00,2026-10-06,14:45,3253,Nitro,Thrill Rides,false,0
2026-10-06T18:45:00Z,2026-10-06T14:45:00-04:00,2026-10-06,14:45,3261,Runaway Train,Thrill Rides,false,0
2026-10-06T18:45:00Z,2026-10-06T14:45:00-04:00,2026-10-06,14:45,3262,Skull Mountain,Thrill Rides,false,0
2026-10-06T18:45:00Z,2026-10-06T14:45:00-04:00,2026-10-06,14:45,3263,SkyScreamer,Thrill Rides,false,0
2026-10-06T18:45:00Z,2026-10-06T14:45:00-04:00,2026-10-06,14:45,3282,Slingshot,Thrill Rides,false,0
2026-10-06T18:45:00Z,2026-10-06T14:45:00-04:00,2026-10-06,14:45,3266,SUPERMAN™: Ultimate Flight,Thrill Rides,false,0
2026-10-06T18:45:00Z,2026-10-06T14:45:00-04:00,2026-10-06,14:45,3271,THE DARK KNIGHT™ Coaster,Thrill Rides,false,0
2026-10-06T18:45:00Z,2026-10-06T14:45:00-04:00,2026-10-06,14:45,14537,THE FLASH™: Vertical Velocity,Thrill Rides,false,0
2026-10-06T18:45:00Z,2026-10-06T14:45:00-04:00,2026-10-06,14:45,3288,THE JOKER™,Thrill Rides,false,0
2026-10-06T18:45:00Z,2026-10-06T14:45:00-04:00,2026-10-06,14:45,3273,Wile E. Coyote Canyon Blaster,Thrill Rides,false,0
2026-10-06T18:45:00Z,2026-10-06T14:45:00-04:00,2026-10-06,14:45,6371,WONDER WOMAN™ Lasso of Truth,Thrill Rides,false,0
2026-10-06T18:45:00Z,2026-10-06T14:45:00-04:00,2026-10-06,14:45,13929,Army of the Dead,Halloween,false,0
2026-10-06T18:45:00Z,2026-10-06T14:45:00-04:00,2026-10-06,14:45,13932,Asylum,Halloween,false,0
2026-10-06T18:45:00Z,2026-10-06T14:45:00-04:00,2026-10-06,14:45,13933,Big Top Terror,Halloween,false,0
2026-10-06T18:45:00Z,2026-10-06T14:45:00-04:00,2026-10-06,14:45,17766,CarnEvil,Halloween,false,0
2026-10-06T18:45:00Z,2026-10-06T14:45:00-04:00,2026-10-06,14:45,17767,Curse of Blackbeard's Bounty,Halloween,false,0
2026-10-06T18:45:00Z,2026-10-06T14:45:00-04:00,2026-10-06,14:45,17768,Deadwood Cabin,Halloween,false,0
2026-10-06T18:45:00Z,2026-10-06T14:45:00-04:00,2026-10-06,14:45,17769,Exile Canyon,Halloween,false,0
2026-10-06T18:45:00Z,2026-10-06T14:45:00-04:00,2026-10-06,14:45,17770,Final Destination,Halloween,false,0
2026-10-06T18:45:00Z,2026-10-06T14:45:00-04:00,2026-10-06,14:45,17771,JASON: Blood Reign,Halloween,false,0
2026-10-06T18:45:00Z,2026-10-06T14:45:00-04:00,2026-10-06,14:45,17772,Plaza De La Muerte,Halloween,false,0
2026-10-06T18:45:00Z,2026-10-06T14:45:00-04:00,2026-10-06,14:45,4005,The Bloody Fountain,Halloween,false,0
2026-10-06T18:45:00Z,2026-10-06T14:45:00-04:00,2026-10-06,14:45,13926,The Conjuring Universe,Halloween,false,0
2026-10-06T18:45:00Z,2026-10-06T14:45:00-04:00,2026-10-06,14:45,17725,The Witch's Reflection,Halloween,false,0
2026-10-06T18:45:00Z,2026-10-06T14:45:00-04:00,2026-10-06,14:45,17720,Trick or Treatin' with Boo,Halloween,false,0
2026-10-06T18:45:00Z,2026-10-06T14:45:00-04:00,2026-10-06,14:45,17773,Twisted Holidays,Halloween,false,0
2026-10-06T18:50:00Z,2026-10-06T14:50:00-04:00,2026-10-06,14:50,3231,Air Jumbo,Family Rides,false,0
2026-10-06T18:50:00Z,2026-10-06T14:50:00-04:00,2026-10-06,14:50,17425,Barrels O’ Fun,Family Rides,false,0
2026-10-06T18:50:00Z,2026-10-06T14:50:00-04:00,2026-10-06,14:50,3270,Buccaneer,Family Rides,false,0
2026-10-06T18:50:00Z,2026-10-06T14:50:00-04:00,2026-10-06,14:50,3237,Carousel,Family Rides,false,0
2026-10-06T18:50:00Z,2026-10-06T14:50:00-04:00,2026-10-06,14:50,3244,Enchanted Teacups,Family Rides,false,0
2026-10-06T18:50:00Z,2026-10-06T14:50:00-04:00,2026-10-06,14:50,3245,Fender Benders,Family Rides,false,0
2026-10-06T18:50:00Z,2026-10-06T14:50:00-04:00,2026-10-06,14:50,17426,Flying Scooters,Family Rides,false,0
2026-10-06T18:50:00Z,2026-10-06T14:50:00-04:00,2026-10-06,14:50,15604,Giant Wheel,Family Rides,false,0
2026-10-06T18:50:00Z,2026-10-06T14:50:00-04:00,2026-10-06,14:50,3236,HARLEY QUINN™ Crazy Train,Family Rides,false,0
2026-10-06T18:50:00Z,2026-10-06T14:50:00-04:00,2026-10-06,14:50,3249,Houdini’s Great Escape,Family Rides,false,0
2026-10-06T18:50:00Z,2026-10-06T14:50:00-04:00,2026-10-06,14:50,17427,Hypno Twister,Family Rides,false,0
2026-10-06T18:50:00Z,2026-10-06T14:50:00-04:00,2026-10-06,14:50,3250,Jolly Roger,Family Rides,false,0
2026-10-06T18:50:00Z,2026-10-06T14:50:00-04:00,2026-10-06,14:50,15829,Roaring Rapids,Family Rides,false,0
2026-10-06T18:50:00Z,2026-10-06T14:50:00-04:00,2026-10-06,14:50,15727,Scrambler,Family Rides,false,0
2026-10-06T18:50:00Z,2026-10-06T14:50:00-04:00,2026-10-06,14:50,3268,Tango,Family Rides,false,0
2026-10-06T18:50:00Z,2026-10-06T14:50:00-04:00,2026-10-06,14:50,17428,Wave Swinger,Family Rides,false,0
2026-10-06T18:50:00Z,2026-10-06T14:50:00-04:00,2026-10-06,14:50,3232,Air Safari,Kids' Rides,false,0
2026-10-06T18:50:00Z,2026-10-06T14:50:00-04:00,2026-10-06,14:50,10461,Barnstormer,Kids' Rides,false,0
2026-10-06T18:50:00Z,2026-10-06T14:50:00-04:00,2026-10-06,14:50,3275,Bugaboo,Kids' Rides,false,0
2026-10-06T18:50:00Z,2026-10-06T14:50:00-04:00,2026-10-06,14:50,3277,Bugs Bunny Camp Carousel,Kids' Rides,false,0
2026-10-06T18:50:00Z,2026-10-06T14:50:00-04:00,2026-10-06,14:50,3279,Bugs Bunny Ranger Pilots,Kids' Rides,false,0
2026-10-06T18:50:00Z,2026-10-06T14:50:00-04:00,2026-10-06,14:50,3240,Daffy Duck Hot Air Balloons,Kids' Rides,false,0
2026-10-06T18:50:00Z,2026-10-06T14:50:00-04:00,2026-10-06,14:50,10077,Lil' Devil Coaster,Kids' Rides,false,0
2026-10-06T18:50:00Z,2026-10-06T14:50:00-04:00,2026-10-06,14:50,15617,Porky Pig Camp Wagons,Kids' Rides,false,0
2026-10-06T18:50:00Z,2026-10-06T14:50:00-04:00,2026-10-06,14:50,3257,Raja’s Rickshaws,Kids' Rides,false,0
2026-10-06T18:50:00Z,2026-10-06T14:50:00-04:00,2026-10-06,14:50,3274,Safari Off-Road Adventure,Kids' Rides,false,0
2026-10-06T18:50:00Z,2026-10-06T14:50:00-04:00,2026-10-06,14:50,3283,Saw Mill Log Flume,Kids' Rides,false,0
2026-10-06T18:50:00Z,2026-10-06T14:50:00-04:00,2026-10-06,14:50,3281,Sky Zooma,Kids' Rides,false,0
2026-10-06T18:50:00Z,2026-10-06T14:50:00-04:00,2026-10-06,14:50,15789,Storm Chaser,Kids' Rides,false,0
2026-10-06T18:50:00Z,2026-10-06T14:50:00-04:00,2026-10-06,14:50,3267,Super Round Up,Kids' Rides,false,0
2026-10-06T18:50:00Z,2026-10-06T14:50:00-04:00,2026-10-06,14:50,15594,Tree Top Hopper,Kids' Rides,false,0
2026-10-06T18:50:00Z,2026-10-06T14:50:00-04:00,2026-10-06,14:50,3233,BATMAN™ The Ride,Thrill Rides,false,0
2026-10-06T18:50:00Z,2026-10-06T14:50:00-04:00,2026-10-06,14:50,3243,El Toro,Thrill Rides,false,0
2026-10-06T18:50:00Z,2026-10-06T14:50:00-04:00,2026-10-06,14:50,8539,Jersey Devil Coaster,Thrill Rides,false,0
2026-10-06T18:50:00Z,2026-10-06T14:50:00-04:00,2026-10-06,14:50,3916,JUSTICE LEAGUE™: Battle for METROPOLIS,Thrill Rides,false,0
2026-10-06T18:50:00Z,2026-10-06T14:50:00-04:00,2026-10-06,14:50,10533,Medusa,Thrill Rides,false,0
2026-10-06T18:50:00Z,2026-10-06T14:50:00-04:00,2026-10-06,14:50,3253,Nitro,Thrill Rides,false,0
2026-10-06T18:50:00Z,2026-10-06T14:50:00-04:00,2026-10-06,14:50,3261,Runaway Train,Thrill Rides,false,0
2026-10-06T18:50:00Z,2026-10-06T14:50:00-04:00,2026-10-06,14:50,3262,Skull Mountain,Thrill Rides,false,0
2026-10-06T18:50:00Z,2026-10-06T14:50:00-04:00,2026-10-06,14:50,3263,SkyScreamer,Thrill Rides,false,0
2026-10-06T18:50:00Z,2026-10-06T14:50:00-04:00,2026-10-06,14:50,3282,Slingshot,Thrill Rides,false,0
2026-10-06T18:50:00Z,2026-10-06T14:50:00-04:00,2026-10-06,14:50,3266,SUPERMAN™: Ultimate Flight,Thrill Rides,false,0
2026-10-06T18:50:00Z,2026-10-06T14:50:00-04:00,2026-10-06,14:50,3271,THE DARK KNIGHT™ Coaster,Thrill Rides,false,0
2026-10-06T18:50:00Z,2026-10-06T14:50:00-04:00,2026-10-06,14:50,14537,THE FLASH™: Vertical Velocity,Thrill Rides,false,0
2026-10-06T18:50:00Z,2026-10-06T14:50:00-04:00,2026-10-06,14:50,3288,THE JOKER™,Thrill Rides,false,0
2026-10-06T18:50:00Z,2026-10-06T14:50:00-04:00,2026-10-06,14:50,3273,Wile E. Coyote Canyon Blaster,Thrill Rides,false,0
2026-10-06T18:50:00Z,2026-10-06T14:50:00-04:00,2026-10-06,14:50,6371,WONDER WOMAN™ Lasso of Truth,Thrill Rides,false,0
2026-10-06T18:50:00Z,2026-10-06T14:50:00-04:00,2026-10-06,14:50,13929,Army of the Dead,Halloween,false,0
2026-10-06T18:50:00Z,2026-10-06T14:50:00-04:00,2026-10-06,14:50,13932,Asylum,Halloween,false,0
2026-10-06T18:50:00Z,2026-10-06T14:50:00-04:00,2026-10-06,14:50,13933,Big Top Terror,Halloween,false,0
2026-10-06T18:50:00Z,2026-10-06T14:50:00-04:00,2026-10-06,14:50,17766,CarnEvil,Halloween,false,0
2026-10-06T18:50:00Z,2026-10-06T14:50:00-04:00,2026-10-06,14:50,17767,Curse of Blackbeard's Bounty,Halloween,false,0
2026-10-06T18:50:00Z,2026-10-06T14:50:00-04:00,2026-10-06,14:50,17768,Deadwood Cabin,Halloween,false,0
2026-10-06T18:50:00Z,2026-10-06T14:50:00-04:00,2026-10-06,14:50,17769,Exile Canyon,Halloween,false,0
2026-10-06T18:50:00Z,2026-10-06T14:50:00-04:00,2026-10-06,14:50,17770,Final Destination,Halloween,false,0
2026-10-06T18:50:00Z,2026-10-06T14:50:00-04:00,2026-10-06,14:50,17771,JASON: Blood Reign,Halloween,false,0
2026-10-06T18:50:00Z,2026-10-06T14:50:00-04:00,2026-10-06,14:50,17772,Plaza De La Muerte,Halloween,false,0
2026-10-06T18:50:00Z,2026-10-06T14:50:00-04:00,2026-10-06,14:50,4005,The Bloody Fountain,Halloween,false,0
2026-10-06T18:50:00Z,2026-10-06T14:50:00-04:00,2026-10-06,14:50,13926,The Conjuring Universe,Halloween,false,0
2026-10-06T18:50:00Z,2026-10-06T14:50:00-04:00,2026-10-06,14:50,17725,The Witch's Reflection,Halloween,false,0
2026-10-06T18:50:00Z,2026-10-06T14:50:00-04:00,2026-10-06,14:50,17720,Trick or Treatin' with Boo,Halloween,false,0
2026-10-06T18:50:00Z,2026-10-06T14:50:00-04:00,2026-10-06,14:50,17773,Twisted Holidays,Halloween,false,0
2026-10-06T18:55:00Z,2026-10-06T14:55:00-04:00,2026-10-06,14:55,3231,Air Jumbo,Family Rides,false,0
2026-10-06T18:55:00Z,2026-10-06T14:55:00-04:00,2026-10-06,14:55,17425,Barrels O’ Fun,Family Rides,false,0
2026-10-06T18:55:00Z,2026-10-06T14:55:00-04:00,2026-10-06,14:55,3270,Buccaneer,Family Rides,false,0
2026-10-06T18:55:00Z,2026-10-06T14:55:00-04:00,2026-10-06,14:55,3237,Carousel,Family Rides,false,0
2026-10-06T18:55:00Z,2026-10-06T14:55:00-04:00,2026-10-06,14:55,3244,Enchanted Teacups,Family Rides,false,0
2026-10-06T18:55:00Z,2026-10-06T14:55:00-04:00,2026-10-06,14:55,3245,Fender Benders,Family Rides,false,0
2026-10-06T18:55:00Z,2026-10-06T14:55:00-04:00,2026-10-06,14:55,17426,Flying Scooters,Family Rides,false,0
2026-10-06T18:55:00Z,2026-10-06T14:55:00-04:00,2026-10-06,14:55,15604,Giant Wheel,Family Rides,false,0
2026-10-06T18:55:00Z,2026-10-06T14:55:00-04:00,2026-10-06,14:55,3236,HARLEY QUINN™ Crazy Train,Family Rides,false,0
2026-10-06T18:55:00Z,2026-10-06T14:55:00-04:00,2026-10-06,14:55,3249,Houdini’s Great Escape,Family Rides,false,0
2026-10-06T18:55:00Z,2026-10-06T14:55:00-04:00,2026-10-06,14:55,17427,Hypno Twister,Family Rides,false,0
2026-10-06T18:55:00Z,2026-10-06T14:55:00-04:00,2026-10-06,14:55,3250,Jolly Roger,Family Rides,false,0
2026-10-06T18:55:00Z,2026-10-06T14:55:00-04:00,2026-10-06,14:55,15829,Roaring Rapids,Family Rides,false,0
2026-10-06T18:55:00Z,2026-10-06T14:55:00-04:00,2026-10-06,14:55,15727,Scrambler,Family Rides,false,0
2026-10-06T18:55:00Z,2026-10-06T14:55:00-04:00,2026-10-06,14:55,3268,Tango,Family Rides,false,0
2026-10-06T18:55:00Z,2026-10-06T14:55:00-04:00,2026-10-06,14:55,17428,Wave Swinger,Family Rides,false,0
2026-10-06T18:55:00Z,2026-10-06T14:55:00-04:00,2026-10-06,14:55,3232,Air Safari,Kids' Rides,false,0
2026-10-06T18:55:00Z,2026-10-06T14:55:00-04:00,2026-10-06,14:55,10461,Barnstormer,Kids' Rides,false,0
2026-10-06T18:55:00Z,2026-10-06T14:55:00-04:00,2026-10-06,14:55,3275,Bugaboo,Kids' Rides,false,0
2026-10-06T18:55:00Z,2026-10-06T14:55:00-04:00,2026-10-06,14:55,3277,Bugs Bunny Camp Carousel,Kids' Rides,false,0
2026-10-06T18:55:00Z,2026-10-06T14:55:00-04:00,2026-10-06,14:55,3279,Bugs Bunny Ranger Pilots,Kids' Rides,false,0
2026-10-06T18:55:00Z,2026-10-06T14:55:00-04:00,2026-10-06,14:55,3240,Daffy Duck Hot Air Balloons,Kids' Rides,false,0
2026-10-06T18:55:00Z,2026-10-06T14:55:00-04:00,2026-10-06,14:55,10077,Lil' Devil Coaster,Kids' Rides,false,0
2026-10-06T18:55:00Z,2026-10-06T14:55:00-04:00,2026-10-06,14:55,15617,Porky Pig Camp Wagons,Kids' Rides,false,0
2026-10-06T18:55:00Z,2026-10-06T14:55:00-04:00,2026-10-06,14:55,3257,Raja’s Rickshaws,Kids' Rides,false,0
2026-10-06T18:55:00Z,2026-10-06T14:55:00-04:00,2026-10-06,14:55,3274,Safari Off-Road Adventure,Kids' Rides,false,0
2026-10-06T18:55:00Z,2026-10-06T14:55:00-04:00,2026-10-06,14:55,3283,Saw Mill Log Flume,Kids' Rides,false,0
2026-10-06T18:55:00Z,2026-10-06T14:55:00-04:00,2026-10-06,14:55,3281,Sky Zooma,Kids' Rides,false,0
2026-10-06T18:55:00Z,2026-10-06T14:55:00-04:00,2026-10-06,14:55,15789,Storm Chaser,Kids' Rides,false,0
2026-10-06T18:55:00Z,2026-10-06T14:55:00-04:00,2026-10-06,14:55,3267,Super Round Up,Kids' Rides,false,0
2026-10-06T18:55:00Z,2026-10-06T14:55:00-04:00,2026-10-06,14:55,15594,Tree Top Hopper,Kids' Rides,false,0
2026-10-06T18:55:00Z,2026-10-06T14:55:00-04:00,2026-10-06,14:55,3233,BATMAN™ The Ride,Thrill Rides,false,0
2026-10-06T18:55:00Z,2026-10-06T14:55:00-04:00,2026-10-06,14:55,3243,El Toro,Thrill Rides,false,0
2026-10-06T18:55:00Z,2026-10-06T14:55:00-04:00,2026-10-06,14:55,8539,Jersey Devil Coaster,Thrill Rides,false,0
2026-10-06T18:55:00Z,2026-10-06T14:55:00-04:00,2026-10-06,14:55,3916,JUSTICE LEAGUE™: Battle for METROPOLIS,Thrill Rides,false,0
2026-10-06T18:55:00Z,2026-10-06T14:55:00-04:00,2026-10-06,14:55,10533,Medusa,Thrill Rides,false,0
2026-10-06T18:55:00Z,2026-10-06T14:55:00-04:00,2026-10-06,14:55,3253,Nitro,Thrill Rides,false,0
2026-10-06T18:55:00Z,2026-10-06T14:55:00-04:00,2026-10-06,14:55,3261,Runaway Train,Thrill Rides,false,0
2026-10-06T18:55:00Z,2026-10-06T14:55:00-04:00,2026-10-06,14:55,3262,Skull Mountain,Thrill Rides,false,0
2026-10-06T18:55:00Z,2026-10-06T14:55:00-04:00,2026-10-06,14:55,3263,SkyScreamer,Thrill Rides,false,0
2026-10-06T18:55:00Z,2026-10-06T14:55:00-04:00,2026-10-06,14:55,3282,Slingshot,Thrill Rides,false,0
2026-10-06T18:55:00Z,2026-10-06T14:55:00-04:00,2026-10-06,14:55,3266,SUPERMAN™: Ultimate Flight,Thrill Rides,false,0
2026-10-06T18:55:00Z,2026-10-06T14:55:00-04:00,2026-10-06,14:55,3271,THE DARK KNIGHT™ Coaster,Thrill Rides,false,0
2026-10-06T18:55:00Z,2026-10-06T14:55:00-04:00,2026-10-06,14:55,14537,THE FLASH™: Vertical Velocity,Thrill Rides,false,0
2026-10-06T18:55:00Z,2026-10-06T14:55:00-04:00,2026-10-06,14:55,3288,THE JOKER™,Thrill Rides,false,0
2026-10-06T18:55:00Z,2026-10-06T14:55:00-04:00,2026-10-06,14:55,3273,Wile E. Coyote Canyon Blaster,Thrill Rides,false,0
2026-10-06T18:55:00Z,2026-10-06T14:55:00-04:00,2026-10-06,14:55,6371,WONDER WOMAN™ Lasso of Truth,Thrill Rides,false,0
2026-10-06T18:55:00Z,2026-10-06T14:55:00-04:00,2026-10-06,14:55,13929,Army of the Dead,Halloween,false,0
2026-10-06T18:55:00Z,2026-10-06T14:55:00-04:00,2026-10-06,14:55,13932,Asylum,Halloween,false,0
2026-10-06T18:55:00Z,2026-10-06T14:55:00-04:00,2026-10-06,14:55,13933,Big Top Terror,Halloween,false,0
2026-10-06T18:55:00Z,2026-10-06T14:55:00-04:00,2026-10-06,14:55,17766,CarnEvil,Halloween,false,0
2026-10-06T18:55:00Z,2026-10-06T14:55:00-04:00,2026-10-06,14:55,17767,Curse of Blackbeard's Bounty,Halloween,false,0
2026-10-06T18:55:00Z,2026-10-06T14:55:00-04:00,2026-10-06,14:55,17768,Deadwood Cabin,Halloween,false,0
2026-10-06T18:55:00Z,2026-10-06T14:55:00-04:00,2026-10-06,14:55,17769,Exile Canyon,Halloween,false,0
2026-10-06T18:55:00Z,2026-10-06T14:55:00-04:00,2026-10-06,14:55,17770,Final Destination,Halloween,false,0
2026-10-06T18:55:00Z,2026-10-06T14:55:00-04:00,2026-10-06,14:55,17771,JASON: Blood Reign,Halloween,false,0
2026-10-06T18:55:00Z,2026-10-06T14:55:00-04:00,2026-10-06,14:55,17772,Plaza De La Muerte,Halloween,false,0
2026-10-06T18:55:00Z,2026-10-06T14:55:00-04:00,2026-10-06,14:55,4005,The Bloody Fountain,Halloween,false,0
2026-10-06T18:55:00Z,2026-10-06T14:55:00-04:00,2026-10-06,14:55,13926,The Conjuring Universe,Halloween,false,0
2026-10-06T18:55:00Z,2026-10-06T14:55:00-04:00,2026-10-06,14:55,17725,The Witch's Reflection,Halloween,false,0
2026-10-06T18:55:00Z,2026-10-06T14:55:00-04:00,2026-10-06,14:55,17720,Trick or Treatin' with Boo,Halloween,false,0
2026-10-06T18:55:00Z,2026-10-06T14:55:00-04:00,2026-10-06,14:55,17773,Twisted Holidays,Halloween,false,0
2026-10-06T19:00:00Z,2026-10-06T15:00:00-04:00,2026-10-06,15:00,3231,Air Jumbo,Family Rides,false,0
2026-10-06T19:00:00Z,2026-10-06T15:00:00-04:00,2026-10-06,15:00,17425,Barrels O’ Fun,Family Rides,false,0
2026-10-06T19:00:00Z,2026-10-06T15:00:00-04:00,2026-10-06,15:00,3270,Buccaneer,Family Rides,false,0
2026-10-06T19:00:00Z,2026-10-06T15:00:00-04:00,2026-10-06,15:00,3237,Carousel,Family Rides,false,0
2026-10-06T19:00:00Z,2026-10-06T15:00:00-04:00,2026-10-06,15:00,3244,Enchanted Teacups,Family Rides,false,0
2026-10-06T19:00:00Z,2026-10-06T15:00:00-04:00,2026-10-06,15:00,3245,Fender Benders,Family Rides,false,0
2026-10-06T19:00:00Z,2026-10-06T15:00:00-04:00,2026-10-06,15:00,17426,Flying Scooters,Family Rides,false,0
2026-10-06T19:00:00Z,2026-10-06T15:00:00-04:00,2026-10-06,15:00,15604,Giant Wheel,Family Rides,false,0
2026-10-06T19:00:00Z,2026-10-06T15:00:00-04:00,2026-10-06,15:00,3236,HARLEY QUINN™ Crazy Train,Family Rides,false,0
2026-10-06T19:00:00Z,2026-10-06T15:00:00-04:00,2026-10-06,15:00,3249,Houdini’s Great Escape,Family Rides,false,0
2026-10-06T19:00:00Z,2026-10-06T15:00:00-04:00,2026-10-06,15:00,17427,Hypno Twister,Family Rides,false,0
2026-10-06T19:00:00Z,2026-10-06T15:00:00-04:00,2026-10-06,15:00,3250,Jolly Roger,Family Rides,false,0
2026-10-06T19:00:00Z,2026-10-06T15:00:00-04:00,2026-10-06,15:00,15829,Roaring Rapids,Family Rides,false,0
2026-10-06T19:00:00Z,2026-10-06T15:00:00-04:00,2026-10-06,15:00,15727,Scrambler,Family Rides,false,0
2026-10-06T19:00:00Z,2026-10-06T15:00:00-04:00,2026-10-06,15:00,3268,Tango,Family Rides,false,0
2026-10-06T19:00:00Z,2026-10-06T15:00:00-04:00,2026-10-06,15:00,17428,Wave Swinger,Family Rides,false,0
2026-10-06T19:00:00Z,2026-10-06T15:00:00-04:00,2026-10-06,15:00,3232,Air Safari,Kids' Rides,false,0
2026-10-06T19:00:00Z,2026-10-06T15:00:00-04:00,2026-10-06,15:00,10461,Barnstormer,Kids' Rides,false,0
2026-10-06T19:00:00Z,2026-10-06T15:00:00-04:00,2026-10-06,15:00,3275,Bugaboo,Kids' Rides,false,0
2026-10-06T19:00:00Z,2026-10-06T15:00:00-04:00,2026-10-06,15:00,3277,Bugs Bunny Camp Carousel,Kids' Rides,false,0
2026-10-06T19:00:00Z,2026-10-06T15:00:00-04:00,2026-10-06,15:00,3279,Bugs Bunny Ranger Pilots,Kids' Rides,false,0
2026-10-06T19:00:00Z,2026-10-06T15:00:00-04:00,2026-10-06,15:00,3240,Daffy Duck Hot Air Balloons,Kids' Rides,false,0
2026-10-06T19:00:00Z,2026-10-06T15:00:00-04:00,2026-10-06,15:00,10077,Lil' Devil Coaster,Kids' Rides,false,0
2026-10-06T19:00:00Z,2026-10-06T15:00:00-04:00,2026-10-06,15:00,15617,Porky Pig Camp Wagons,Kids' Rides,false,0
2026-10-06T19:00:00Z,2026-10-06T15:00:00-04:00,2026-10-06,15:00,3257,Raja’s Rickshaws,Kids' Rides,false,0
2026-10-06T19:00:00Z,2026-10-06T15:00:00-04:00,2026-10-06,15:00,3274,Safari Off-Road Adventure,Kids' Rides,false,0
2026-10-06T19:00:00Z,2026-10-06T15:00:00-04:00,2026-10-06,15:00,3283,Saw Mill Log Flume,Kids' Rides,false,0
2026-10-06T19:00:00Z,2026-10-06T15:00:00-04:00,2026-10-06,15:00,3281,Sky Zooma,Kids' Rides,false,0
2026-10-06T19:00:00Z,2026-10-06T15:00:00-04:00,2026-10-06,15:00,15789,Storm Chaser,Kids' Rides,false,0
2026-10-06T19:00:00Z,2026-10-06T15:00:00-04:00,2026-10-06,15:00,3267,Super Round Up,Kids' Rides,false,0
2026-10-06T19:00:00Z,2026-10-06T15:00:00-04:00,2026-10-06,15:00,15594,Tree Top Hopper,Kids' Rides,false,0
2026-10-06T19:00:00Z,2026-10-06T15:00:00-04:00,2026-10-06,15:00,3233,BATMAN™ The Ride,Thrill Rides,false,0
2026-10-06T19:00:00Z,2026-10-06T15:00:00-04:00,2026-10-06,15:00,3243,El Toro,Thrill Rides,false,0
2026-10-06T19:00:00Z,2026-10-06T15:00:00-04:00,2026-10-06,15:00,8539,Jersey Devil Coaster,Thrill Rides,false,0
2026-10-06T19:00:00Z,2026-10-06T15:00:00-04:00,2026-10-06,15:00,3916,JUSTICE LEAGUE™: Battle for METROPOLIS,Thrill Rides,false,0
2026-10-06T19:00:00Z,2026-10-06T15:00:00-04:00,2026-10-06,15:00,10533,Medusa,Thrill Rides,false,0
2026-10-06T19:00:00Z,2026-10-06T15:00:00-04:00,2026-10-06,15:00,3253,Nitro,Thrill Rides,false,0
2026-10-06T19:00:00Z,2026-10-06T15:00:00-04:00,2026-10-06,15:00,3261,Runaway Train,Thrill Rides,false,0
2026-10-06T19:00:00Z,2026-10-06T15:00:00-04:00,2026-10-06,15:00,3262,Skull Mountain,Thrill Rides,false,0
2026-10-06T19:00:00Z,2026-10-06T15:00:00-04:00,2026-10-06,15:00,3263,SkyScreamer,Thrill Rides,false,0
2026-10-06T19:00:00Z,2026-10-06T15:00:00-04:00,2026-10-06,15:00,3282,Slingshot,Thrill Rides,false,0
2026-10-06T19:00:00Z,2026-10-06T15:00:00-04:00,2026-10-06,15:00,3266,SUPERMAN™: Ultimate Flight,Thrill Rides,false,0
2026-10-06T19:00:00Z,2026-10-06T15:00:00-04:00,2026-10-06,15:00,3271,THE DARK KNIGHT™ Coaster,Thrill Rides,false,0
2026-10-06T19:00:00Z,2026-10-06T15:00:00-04:00,2026-10-06,15:00,14537,THE FLASH™: Vertical Velocity,Thrill Rides,false,0
2026-10-06T19:00:00Z,2026-10-06T15:00:00-04:00,2026-10-06,15:00,3288,THE JOKER™,Thrill Rides,false,0
2026-10-06T19:00:00Z,2026-10-06T15:00:00-04:00,2026-10-06,15:00,3273,Wile E. Coyote Canyon Blaster,Thrill Rides,false,0
2026-10-06T19:00:00Z,2026-10-06T15:00:00-04:00,2026-10-06,15:00,6371,WONDER WOMAN™ Lasso of Truth,Thrill Rides,false,0
2026-10-06T19:00:00Z,2026-10-06T15:00:00-04:00,2026-10-06,15:00,13929,Army of the Dead,Halloween,false,0
2026-10-06T19:00:00Z,2026-10-06T15:00:00-04:00,2026-10-06,15:00,13932,Asylum,Halloween,false,0
2026-10-06T19:00:00Z,2026-10-06T15:00:00-04:00,2026-10-06,15:00,13933,Big Top Terror,Halloween,false,0
2026-10-06T19:00:00Z,2026-10-06T15:00:00-04:00,2026-10-06,15:00,17766,CarnEvil,Halloween,false,0
2026-10-06T19:00:00Z,2026-10-06T15:00:00-04:00,2026-10-06,15:00,17767,Curse of Blackbeard's Bounty,Halloween,false,0
2026-10-06T19:00:00Z,2026-10-06T15:00:00-04:00,2026-10-06,15:00,17768,Deadwood Cabin,Halloween,false,0
2026-10-06T19:00:00Z,2026-10-06T15:00:00-04:00,2026-10-06,15:00,17769,Exile Canyon,Halloween,false,0
2026-10-06T19:00:00Z,2026-10-06T15:00:00-04:00,2026-10-06,15:00,17770,Final Destination,Halloween,false,0
2026-10-06T19:00:00Z,2026-10-06T15:00:00-04:00,2026-10-06,15:00,17771,JASON: Blood Reign,Halloween,false,0
2026-10-06T19:00:00Z,2026-10-06T15:00:00-04:00,2026-10-06,15:00,17772,Plaza De La Muerte,Halloween,false,0
2026-10-06T19:00:00Z,2026-10-06T15:00:00-04:00,2026-10-06,15:00,4005,The Bloody Fountain,Halloween,false,0
2026-10-06T19:00:00Z,2026-10-06T15:00:00-04:00,2026-10-06,15:00,13926,The Conjuring Universe,Halloween,false,0
2026-10-06T19:00:00Z,2026-10-06T15:00:00-04:00,2026-10-06,15:00,17725,The Witch's Reflection,Halloween,false,0
2026-10-06T19:00:00Z,2026-10-06T15:00:00-04:00,2026-10-06,15:00,17720,Trick or Treatin' with Boo,Halloween,false,0
2026-10-06T19:00:00Z,2026-10-06T15:00:00-04:00,2026-10-06,15:00,17773,Twisted Holidays,Halloween,false,0
2026-10-06T19:05:00Z,2026-10-06T15:05:00-04:00,2026-10-06,15:05,3231,Air Jumbo,Family Rides,false,0
2026-10-06T19:05:00Z,2026-10-06T15:05:00-04:00,2026-10-06,15:05,17425,Barrels O’ Fun,Family Rides,false,0
2026-10-06T19:05:00Z,2026-10-06T15:05:00-04:00,2026-10-06,15:05,3270,Buccaneer,Family Rides,false,0
2026-10-06T19:05:00Z,2026-10-06T15:05:00-04:00,2026-10-06,15:05,3237,Carousel,Family Rides,false,0
2026-10-06T19:05:00Z,2026-10-06T15:05:00-04:00,2026-10-06,15:05,3244,Enchanted Teacups,Family Rides,false,0
2026-10-06T19:05:00Z,2026-10-06T15:05:00-04:00,2026-10-06,15:05,3245,Fender Benders,Family Rides,false,0
2026-10-06T19:05:00Z,2026-10-06T15:05:00-04:00,2026-10-06,15:05,17426,Flying Scooters,Family Rides,false,0
2026-10-06T19:05:00Z,2026-10-06T15:05:00-04:00,2026-10-06,15:05,15604,Giant Wheel,Family Rides,false,0
2026-10-06T19:05:00Z,2026-10-06T15:05:00-04:00,2026-10-06,15:05,3236,HARLEY QUINN™ Crazy Train,Family Rides,false,0
2026-10-06T19:05:00Z,2026-10-06T15:05:00-04:00,2026-10-06,15:05,3249,Houdini’s Great Escape,Family Rides,false,0
2026-10-06T19:05:00Z,2026-10-06T15:05:00-04:00,2026-10-06,15:05,17427,Hypno Twister,Family Rides,false,0
2026-10-06T19:05:00Z,2026-10-06T15:05:00-04:00,2026-10-06,15:05,3250,Jolly Roger,Family Rides,false,0
2026-10-06T19:05:00Z,2026-10-06T15:05:00-04:00,2026-10-06,15:05,15829,Roaring Rapids,Family Rides,false,0
2026-10-06T19:05:00Z,2026-10-06T15:05:00-04:00,2026-10-06,15:05,15727,Scrambler,Family Rides,false,0
2026-10-06T19:05:00Z,2026-10-06T15:05:00-04:00,2026-10-06,15:05,3268,Tango,Family Rides,false,0
2026-10-06T19:05:00Z,2026-10-06T15:05:00-04:00,2026-10-06,15:05,17428,Wave Swinger,Family Rides,false,0
2026-10-06T19:05:00Z,2026-10-06T15:05:00-04:00,2026-10-06,15:05,3232,Air Safari,Kids' Rides,false,0
2026-10-06T19:05:00Z,2026-10-06T15:05:00-04:00,2026-10-06,15:05,10461,Barnstormer,Kids' Rides,false,0
2026-10-06T19:05:00Z,2026-10-06T15:05:00-04:00,2026-10-06,15:05,3275,Bugaboo,Kids' Rides,false,0
2026-10-06T19:05:00Z,2026-10-06T15:05:00-04:00,2026-10-06,15:05,3277,Bugs Bunny Camp Carousel,Kids' Rides,false,0
2026-10-06T19:05:00Z,2026-10-06T15:05:00-04:00,2026-10-06,15:05,3279,Bugs Bunny Ranger Pilots,Kids' Rides,false,0
2026-10-06T19:05:00Z,2026-10-06T15:05:00-04:00,2026-10-06,15:05,3240,Daffy Duck Hot Air Balloons,Kids' Rides,false,0
2026-10-06T19:05:00Z,2026-10-06T15:05:00-04:00,2026-10-06,15:05,10077,Lil' Devil Coaster,Kids' Rides,false,0
2026-10-06T19:05:00Z,2026-10-06T15:05:00-04:00,2026-10-06,15:05,15617,Porky Pig Camp Wagons,Kids' Rides,false,0
2026-10-06T19:05:00Z,2026-10-06T15:05:00-04:00,2026-10-06,15:05,3257,Raja’s Rickshaws,Kids' Rides,false,0
2026-10-06T19:05:00Z,2026-10-06T15:05:00-04:00,2026-10-06,15:05,3274,Safari Off-Road Adventure,Kids' Rides,false,0
2026-10-06T19:05:00Z,2026-10-06T15:05:00-04:00,2026-10-06,15:05,3283,Saw Mill Log Flume,Kids' Rides,false,0
2026-10-06T19:05:00Z,2026-10-06T15:05:00-04:00,2026-10-06,15:05,3281,Sky Zooma,Kids' Rides,false,0
2026-10-06T19:05:00Z,2026-10-06T15:05:00-04:00,2026-10-06,15:05,15789,Storm Chaser,Kids' Rides,false,0
2026-10-06T19:05:00Z,2026-10-06T15:05:00-04:00,2026-10-06,15:05,3267,Super Round Up,Kids' Rides,false,0
2026-10-06T19:05:00Z,2026-10-06T15:05:00-04:00,2026-10-06,15:05,15594,Tree Top Hopper,Kids' Rides,false,0
2026-10-06T19:05:00Z,2026-10-06T15:05:00-04:00,2026-10-06,15:05,3233,BATMAN™ The Ride,Thrill Rides,false,0
2026-10-06T19:05:00Z,2026-10-06T15:05:00-04:00,2026-10-06,15:05,3243,El Toro,Thrill Rides,false,0
2026-10-06T19:05:00Z,2026-10-06T15:05:00-04:00,2026-10-06,15:05,8539,Jersey Devil Coaster,Thrill Rides,false,0
2026-10-06T19:05:00Z,2026-10-06T15:05:00-04:00,2026-10-06,15:05,3916,JUSTICE LEAGUE™: Battle for METROPOLIS,Thrill Rides,false,0
2026-10-06T19:05:00Z,2026-10-06T15:05:00-04:00,2026-10-06,15:05,10533,Medusa,Thrill Rides,false,0
2026-10-06T19:05:00Z,2026-10-06T15:05:00-04:00,2026-10-06,15:05,3253,Nitro,Thrill Rides,false,0
2026-10-06T19:05:00Z,2026-10-06T15:05:00-04:00,2026-10-06,15:05,3261,Runaway Train,Thrill Rides,false,0
2026-10-06T19:05:00Z,2026-10-06T15:05:00-04:00,2026-10-06,15:05,3262,Skull Mountain,Thrill Rides,false,0
2026-10-06T19:05:00Z,2026-10-06T15:05:00-04:00,2026-10-06,15:05,3263,SkyScreamer,Thrill Rides,false,0
2026-10-06T19:05:00Z,2026-10-06T15:05:00-04:00,2026-10-06,15:05,3282,Slingshot,Thrill Rides,false,0
2026-10-06T19:05:00Z,2026-10-06T15:05:00-04:00,2026-10-06,15:05,3266,SUPERMAN™: Ultimate Flight,Thrill Rides,false,0
2026-10-06T19:05:00Z,2026-10-06T15:05:00-04:00,2026-10-06,15:05,3271,THE DARK KNIGHT™ Coaster,Thrill Rides,false,0
2026-10-06T19:05:00Z,2026-10-06T15:05:00-04:00,2026-10-06,15:05,14537,THE FLASH™: Vertical Velocity,Thrill Rides,false,0
2026-10-06T19:05:00Z,2026-10-06T15:05:00-04:00,2026-10-06,15:05,3288,THE JOKER™,Thrill Rides,false,0
2026-10-06T19:05:00Z,2026-10-06T15:05:00-04:00,2026-10-06,15:05,3273,Wile E. Coyote Canyon Blaster,Thrill Rides,false,0
2026-10-06T19:05:00Z,2026-10-06T15:05:00-04:00,2026-10-06,15:05,6371,WONDER WOMAN™ Lasso of Truth,Thrill Rides,false,0
2026-10-06T19:05:00Z,2026-10-06T15:05:00-04:00,2026-10-06,15:05,13929,Army of the Dead,Halloween,false,0
2026-10-06T19:05:00Z,2026-10-06T15:05:00-04:00,2026-10-06,15:05,13932,Asylum,Halloween,false,0
2026-10-06T19:05:00Z,2026-10-06T15:05:00-04:00,2026-10-06,15:05,13933,Big Top Terror,Halloween,false,0
2026-10-06T19:05:00Z,2026-10-06T15:05:00-04:00,2026-10-06,15:05,17766,CarnEvil,Halloween,false,0
2026-10-06T19:05:00Z,2026-10-06T15:05:00-04:00,2026-10-06,15:05,17767,Curse of Blackbeard's Bounty,Halloween,false,0
2026-10-06T19:05:00Z,2026-10-06T15:05:00-04:00,2026-10-06,15:05,17768,Deadwood Cabin,Halloween,false,0
2026-10-06T19:05:00Z,2026-10-06T15:05:00-04:00,2026-10-06,15:05,17769,Exile Canyon,Halloween,false,0
2026-10-06T19:05:00Z,2026-10-06T15:05:00-04:00,2026-10-06,15:05,17770,Final Destination,Halloween,false,0
2026-10-06T19:05:00Z,2026-10-06T15:05:00-04:00,2026-10-06,15:05,17771,JASON: Blood Reign,Halloween,false,0
2026-10-06T19:05:00Z,2026-10-06T15:05:00-04:00,2026-10-06,15:05,17772,Plaza De La Muerte,Halloween,false,0
2026-10-06T19:05:00Z,2026-10-06T15:05:00-04:00,2026-10-06,15:05,4005,The Bloody Fountain,Halloween,false,0
2026-10-06T19:05:00Z,2026-10-06T15:05:00-04:00,2026-10-06,15:05,13926,The Conjuring Universe,Halloween,false,0
2026-10-06T19:05:00Z,2026-10-06T15:05:00-04:00,2026-10-06,15:05,17725,The Witch's Reflection,Halloween,false,0
2026-10-06T19:05:00Z,2026-10-06T15:05:00-04:00,2026-10-06,15:05,17720,Trick or Treatin' with Boo,Halloween,false,0
2026-10-06T19:05:00Z,2026-10-06T15:05:00-04:00,2026-10-06,15:05,17773,Twisted Holidays,Halloween,false,0
2026-10-06T19:10:00Z,2026-10-06T15:10:00-04:00,2026-10-06,15:10,3231,Air Jumbo,Family Rides,false,0
2026-10-06T19:10:00Z,2026-10-06T15:10:00-04:00,2026-10-06,15:10,17425,Barrels O’ Fun,Family Rides,false,0
2026-10-06T19:10:00Z,2026-10-06T15:10:00-04:00,2026-10-06,15:10,3270,Buccaneer,Family Rides,false,0
2026-10-06T19:10:00Z,2026-10-06T15:10:00-04:00,2026-10-06,15:10,3237,Carousel,Family Rides,false,0
2026-10-06T19:10:00Z,2026-10-06T15:10:00-04:00,2026-10-06,15:10,3244,Enchanted Teacups,Family Rides,false,0
2026-10-06T19:10:00Z,2026-10-06T15:10:00-04:00,2026-10-06,15:10,3245,Fender Benders,Family Rides,false,0
2026-10-06T19:10:00Z,2026-10-06T15:10:00-04:00,2026-10-06,15:10,17426,Flying Scooters,Family Rides,false,0
2026-10-06T19:10:00Z,2026-10-06T15:10:00-04:00,2026-10-06,15:10,15604,Giant Wheel,Family Rides,false,0
2026-10-06T19:10:00Z,2026-10-06T15:10:00-04:00,2026-10-06,15:10,3236,HARLEY QUINN™ Crazy Train,Family Rides,false,0
2026-10-06T19:10:00Z,2026-10-06T15:10:00-04:00,2026-10-06,15:10,3249,Houdini’s Great Escape,Family Rides,false,0
2026-10-06T19:10:00Z,2026-10-06T15:10:00-04:00,2026-10-06,15:10,17427,Hypno Twister,Family Rides,false,0
2026-10-06T19:10:00Z,2026-10-06T15:10:00-04:00,2026-10-06,15:10,3250,Jolly Roger,Family Rides,false,0
2026-10-06T19:10:00Z,2026-10-06T15:10:00-04:00,2026-10-06,15:10,15829,Roaring Rapids,Family Rides,false,0
2026-10-06T19:10:00Z,2026-10-06T15:10:00-04:00,2026-10-06,15:10,15727,Scrambler,Family Rides,false,0
2026-10-06T19:10:00Z,2026-10-06T15:10:00-04:00,2026-10-06,15:10,3268,Tango,Family Rides,false,0
2026-10-06T19:10:00Z,2026-10-06T15:10:00-04:00,2026-10-06,15:10,17428,Wave Swinger,Family Rides,false,0
2026-10-06T19:10:00Z,2026-10-06T15:10:00-04:00,2026-10-06,15:10,3232,Air Safari,Kids' Rides,false,0
2026-10-06T19:10:00Z,2026-10-06T15:10:00-04:00,2026-10-06,15:10,10461,Barnstormer,Kids' Rides,false,0
2026-10-06T19:10:00Z,2026-10-06T15:10:00-04:00,2026-10-06,15:10,3275,Bugaboo,Kids' Rides,false,0
2026-10-06T19:10:00Z,2026-10-06T15:10:00-04:00,2026-10-06,15:10,3277,Bugs Bunny Camp Carousel,Kids' Rides,false,0
2026-10-06T19:10:00Z,2026-10-06T15:10:00-04:00,2026-10-06,15:10,3279,Bugs Bunny Ranger Pilots,Kids' Rides,false,0
2026-10-06T19:10:00Z,2026-10-06T15:10:00-04:00,2026-10-06,15:10,3240,Daffy Duck Hot Air Balloons,Kids' Rides,false,0
2026-10-06T19:10:00Z,2026-10-06T15:10:00-04:00,2026-10-06,15:10,10077,Lil' Devil Coaster,Kids' Rides,false,0
2026-10-06T19:10:00Z,2026-10-06T15:10:00-04:00,2026-10-06,15:10,15617,Porky Pig Camp Wagons,Kids' Rides,false,0
2026-10-06T19:10:00Z,2026-10-06T15:10:00-04:00,2026-10-06,15:10,3257,Raja’s Rickshaws,Kids' Rides,false,0
2026-10-06T19:10:00Z,2026-10-06T15:10:00-04:00,2026-10-06,15:10,3274,Safari Off-Road Adventure,Kids' Rides,false,0
2026-10-06T19:10:00Z,2026-10-06T15:10:00-04:00,2026-10-06,15:10,3283,Saw Mill Log Flume,Kids' Rides,false,0
2026-10-06T19:10:00Z,2026-10-06T15:10:00-04:00,2026-10-06,15:10,3281,Sky Zooma,Kids' Rides,false,0
2026-10-06T19:10:00Z,2026-10-06T15:10:00-04:00,2026-10-06,15:10,15789,Storm Chaser,Kids' Rides,false,0
2026-10-06T19:10:00Z,2026-10-06T15:10:00-04:00,2026-10-06,15:10,3267,Super Round Up,Kids' Rides,false,0
2026-10-06T19:10:00Z,2026-10-06T15:10:00-04:00,2026-10-06,15:10,15594,Tree Top Hopper,Kids' Rides,false,0
2026-10-06T19:10:00Z,2026-10-06T15:10:00-04:00,2026-10-06,15:10,3233,BATMAN™ The Ride,Thrill Rides,false,0
2026-10-06T19:10:00Z,2026-10-06T15:10:00-04:00,2026-10-06,15:10,3243,El Toro,Thrill Rides,false,0
2026-10-06T19:10:00Z,2026-10-06T15:10:00-04:00,2026-10-06,15:10,8539,Jersey Devil Coaster,Thrill Rides,false,0
2026-10-06T19:10:00Z,2026-10-06T15:10:00-04:00,2026-10-06,15:10,3916,JUSTICE LEAGUE™: Battle for METROPOLIS,Thrill Rides,false,0
2026-10-06T19:10:00Z,2026-10-06T15:10:00-04:00,2026-10-06,15:10,10533,Medusa,Thrill Rides,false,0
2026-10-06T19:10:00Z,2026-10-06T15:10:00-04:00,2026-10-06,15:10,3253,Nitro,Thrill Rides,false,0
2026-10-06T19:10:00Z,2026-10-06T15:10:00-04:00,2026-10-06,15:10,3261,Runaway Train,Thrill Rides,false,0
2026-10-06T19:10:00Z,2026-10-06T15:10:00-04:00,2026-10-06,15:10,3262,Skull Mountain,Thrill Rides,false,0
2026-10-06T19:10:00Z,2026-10-06T15:10:00-04:00,2026-10-06,15:10,3263,SkyScreamer,Thrill Rides,false,0
2026-10-06T19:10:00Z,2026-10-06T15:10:00-04:00,2026-10-06,15:10,3282,Slingshot,Thrill Rides,false,0
2026-10-06T19:10:00Z,2026-10-06T15:10:00-04:00,2026-10-06,15:10,3266,SUPERMAN™: Ultimate Flight,Thrill Rides,false,0
2026-10-06T19:10:00Z,2026-10-06T15:10:00-04:00,2026-10-06,15:10,3271,THE DARK KNIGHT™ Coaster,Thrill Rides,false,0
2026-10-06T19:10:00Z,2026-10-06T15:10:00-04:00,2026-10-06,15:10,14537,THE FLASH™: Vertical Velocity,Thrill Rides,false,0
2026-10-06T19:10:00Z,2026-10-06T15:10:00-04:00,2026-10-06,15:10,3288,THE JOKER™,Thrill Rides,false,0
2026-10-06T19:10:00Z,2026-10-06T15:10:00-04:00,2026-10-06,15:10,3273,Wile E. Coyote Canyon Blaster,Thrill Rides,false,0
2026-10-06T19:10:00Z,2026-10-06T15:10:00-04:00,2026-10-06,15:10,6371,WONDER WOMAN™ Lasso of Truth,Thrill Rides,false,0
2026-10-06T19:10:00Z,2026-10-06T15:10:00-04:00,2026-10-06,15:10,13929,Army of the Dead,Halloween,false,0
2026-10-06T19:10:00Z,2026-10-06T15:10:00-04:00,2026-10-06,15:10,13932,Asylum,Halloween,false,0
2026-10-06T19:10:00Z,2026-10-06T15:10:00-04:00,2026-10-06,15:10,13933,Big Top Terror,Halloween,false,0
2026-10-06T19:10:00Z,2026-10-06T15:10:00-04:00,2026-10-06,15:10,17766,CarnEvil,Halloween,false,0
2026-10-06T19:10:00Z,2026-10-06T15:10:00-04:00,2026-10-06,15:10,17767,Curse of Blackbeard's Bounty,Halloween,false,0
2026-10-06T19:10:00Z,2026-10-06T15:10:00-04:00,2026-10-06,15:10,17768,Deadwood Cabin,Halloween,false,0
2026-10-06T19:10:00Z,2026-10-06T15:10:00-04:00,2026-10-06,15:10,17769,Exile Canyon,Halloween,false,0
2026-10-06T19:10:00Z,2026-10-06T15:10:00-04:00,2026-10-06,15:10,17770,Final Destination,Halloween,false,0
2026-10-06T19:10:00Z,2026-10-06T15:10:00-04:00,2026-10-06,15:10,17771,JASON: Blood Reign,Halloween,false,0
2026-10-06T19:10:00Z,2026-10-06T15:10:00-04:00,2026-10-06,15:10,17772,Plaza De La Muerte,Halloween,false,0
2026-10-06T19:10:00Z,2026-10-06T15:10:00-04:00,2026-10-06,15:10,4005,The Bloody Fountain,Halloween,false,0
2026-10-06T19:10:00Z,2026-10-06T15:10:00-04:00,2026-10-06,15:10,13926,The Conjuring Universe,Halloween,false,0
2026-10-06T19:10:00Z,2026-10-06T15:10:00-04:00,2026-10-06,15:10,17725,The Witch's Reflection,Halloween,false,0
2026-10-06T19:10:00Z,2026-10-06T15:10:00-04:00,2026-10-06,15:10,17720,Trick or Treatin' with Boo,Halloween,false,0
2026-10-06T19:10:00Z,2026-10-06T15:10:00-04:00,2026-10-06,15:10,17773,Twisted Holidays,Halloween,false,0
2026-10-06T19:15:00Z,2026-10-06T15:15:00-04:00,2026-10-06,15:15,3231,Air Jumbo,Family Rides,false,0
2026-10-06T19:15:00Z,2026-10-06T15:15:00-04:00,2026-10-06,15:15,17425,Barrels O’ Fun,Family Rides,false,0
2026-10-06T19:15:00Z,2026-10-06T15:15:00-04:00,2026-10-06,15:15,3270,Buccaneer,Family Rides,false,0
2026-10-06T19:15:00Z,2026-10-06T15:15:00-04:00,2026-10-06,15:15,3237,Carousel,Family Rides,false,0
2026-10-06T19:15:00Z,2026-10-06T15:15:00-04:00,2026-10-06,15:15,3244,Enchanted Teacups,Family Rides,false,0
2026-10-06T19:15:00Z,2026-10-06T15:15:00-04:00,2026-10-06,15:15,3245,Fender Benders,Family Rides,false,0
2026-10-06T19:15:00Z,2026-10-06T15:15:00-04:00,2026-10-06,15:15,17426,Flying Scooters,Family Rides,false,0
2026-10-06T19:15:00Z,2026-10-06T15:15:00-04:00,2026-10-06,15:15,15604,Giant Wheel,Family Rides,false,0
2026-10-06T19:15:00Z,2026-10-06T15:15:00-04:00,2026-10-06,15:15,3236,HARLEY QUINN™ Crazy Train,Family Rides,false,0
2026-10-06T19:15:00Z,2026-10-06T15:15:00-04:00,2026-10-06,15:15,3249,Houdini’s Great Escape,Family Rides,false,0
2026-10-06T19:15:00Z,2026-10-06T15:15:00-04:00,2026-10-06,15:15,17427,Hypno Twister,Family Rides,false,0
2026-10-06T19:15:00Z,2026-10-06T15:15:00-04:00,2026-10-06,15:15,3250,Jolly Roger,Family Rides,false,0
2026-10-06T19:15:00Z,2026-10-06T15:15:00-04:00,2026-10-06,15:15,15829,Roaring Rapids,Family Rides,false,0
2026-10-06T19:15:00Z,2026-10-06T15:15:00-04:00,2026-10-06,15:15,15727,Scrambler,Family Rides,false,0
2026-10-06T19:15:00Z,2026-10-06T15:15:00-04:00,2026-10-06,15:15,3268,Tango,Family Rides,false,0
2026-10-06T19:15:00Z,2026-10-06T15:15:00-04:00,2026-10-06,15:15,17428,Wave Swinger,Family Rides,false,0
2026-10-06T19:15:00Z,2026-10-06T15:15:00-04:00,2026-10-06,15:15,3232,Air Safari,Kids' Rides,false,0
2026-10-06T19:15:00Z,2026-10-06T15:15:00-04:00,2026-10-06,15:15,10461,Barnstormer,Kids' Rides,false,0
2026-10-06T19:15:00Z,2026-10-06T15:15:00-04:00,2026-10-06,15:15,3275,Bugaboo,Kids' Rides,false,0
2026-10-06T19:15:00Z,2026-10-06T15:15:00-04:00,2026-10-06,15:15,3277,Bugs Bunny Camp Carousel,Kids' Rides,false,0
2026-10-06T19:15:00Z,2026-10-06T15:15:00-04:00,2026-10-06,15:15,3279,Bugs Bunny Ranger Pilots,Kids' Rides,false,0
2026-10-06T19:15:00Z,2026-10-06T15:15:00-04:00,2026-10-06,15:15,3240,Daffy Duck Hot Air Balloons,Kids' Rides,false,0
2026-10-06T19:15:00Z,2026-10-06T15:15:00-04:00,2026-10-06,15:15,10077,Lil' Devil Coaster,Kids' Rides,false,0
2026-10-06T19:15:00Z,2026-10-06T15:15:00-04:00,2026-10-06,15:15,15617,Porky Pig Camp Wagons,Kids' Rides,false,0
2026-10-06T19:15:00Z,2026-10-06T15:15:00-04:00,2026-10-06,15:15,3257,Raja’s Rickshaws,Kids' Rides,false,0
2026-10-06T19:15:00Z,2026-10-06T15:15:00-04:00,2026-10-06,15:15,3274,Safari Off-Road Adventure,Kids' Rides,false,0
2026-10-06T19:15:00Z,2026-10-06T15:15:00-04:00,2026-10-06,15:15,3283,Saw Mill Log Flume,Kids' Rides,false,0
2026-10-06T19:15:00Z,2026-10-06T15:15:00-04:00,2026-10-06,15:15,3281,Sky Zooma,Kids' Rides,false,0
2026-10-06T19:15:00Z,2026-10-06T15:15:00-04:00,2026-10-06,15:15,15789,Storm Chaser,Kids' Rides,false,0
2026-10-06T19:15:00Z,2026-10-06T15:15:00-04:00,2026-10-06,15:15,3267,Super Round Up,Kids' Rides,false,0
2026-10-06T19:15:00Z,2026-10-06T15:15:00-04:00,2026-10-06,15:15,15594,Tree Top Hopper,Kids' Rides,false,0
2026-10-06T19:15:00Z,2026-10-06T15:15:00-04:00,2026-10-06,15:15,3233,BATMAN™ The Ride,Thrill Rides,false,0
2026-10-06T19:15:00Z,2026-10-06T15:15:00-04:00,2026-10-06,15:15,3243,El Toro,Thrill Rides,false,0
2026-10-06T19:15:00Z,2026-10-06T15:15:00-04:00,2026-10-06,15:15,8539,Jersey Devil Coaster,Thrill Rides,false,0
2026-10-06T19:15:00Z,2026-10-06T15:15:00-04:00,2026-10-06,15:15,3916,JUSTICE LEAGUE™: Battle for METROPOLIS,Thrill Rides,false,0
2026-10-06T19:15:00Z,2026-10-06T15:15:00-04:00,2026-10-06,15:15,10533,Medusa,Thrill Rides,false,0
2026-10-06T19:15:00Z,2026-10-06T15:15:00-04:00,2026-10-06,15:15,3253,Nitro,Thrill Rides,false,0
2026-10-06T19:15:00Z,2026-10-06T15:15:00-04:00,2026-10-06,15:15,3261,Runaway Train,Thrill Rides,false,0
2026-10-06T19:15:00Z,2026-10-06T15:15:00-04:00,2026-10-06,15:15,3262,Skull Mountain,Thrill Rides,false,0
2026-10-06T19:15:00Z,2026-10-06T15:15:00-04:00,2026-10-06,15:15,3263,SkyScreamer,Thrill Rides,false,0
2026-10-06T19:15:00Z,2026-10-06T15:15:00-04:00,2026-10-06,15:15,3282,Slingshot,Thrill Rides,false,0
2026-10-06T19:15:00Z,2026-10-06T15:15:00-04:00,2026-10-06,15:15,3266,SUPERMAN™: Ultimate Flight,Thrill Rides,false,0
2026-10-06T19:15:00Z,2026-10-06T15:15:00-04:00,2026-10-06,15:15,3271,THE DARK KNIGHT™ Coaster,Thrill Rides,false,0
2026-10-06T19:15:00Z,2026-10-06T15:15:00-04:00,2026-10-06,15:15,14537,THE FLASH™: Vertical Velocity,Thrill Rides,false,0
2026-10-06T19:15:00Z,2026-10-06T15:15:00-04:00,2026-10-06,15:15,3288,THE JOKER™,Thrill Rides,false,0
2026-10-06T19:15:00Z,2026-10-06T15:15:00-04:00,2026-10-06,15:15,3273,Wile E. Coyote Canyon Blaster,Thrill Rides,false,0
2026-10-06T19:15:00Z,2026-10-06T15:15:00-04:00,2026-10-06,15:15,6371,WONDER WOMAN™ Lasso of Truth,Thrill Rides,false,0
2026-10-06T19:15:00Z,2026-10-06T15:15:00-04:00,2026-10-06,15:15,13929,Army of the Dead,Halloween,false,0
2026-10-06T19:15:00Z,2026-10-06T15:15:00-04:00,2026-10-06,15:15,13932,Asylum,Halloween,false,0
2026-10-06T19:15:00Z,2026-10-06T15:15:00-04:00,2026-10-06,15:15,13933,Big Top Terror,Halloween,false,0
2026-10-06T19:15:00Z,2026-10-06T15:15:00-04:00,2026-10-06,15:15,17766,CarnEvil,Halloween,false,0
2026-10-06T19:15:00Z,2026-10-06T15:15:00-04:00,2026-10-06,15:15,17767,Curse of Blackbeard's Bounty,Halloween,false,0
2026-10-06T19:15:00Z,2026-10-06T15:15:00-04:00,2026-10-06,15:15,17768,Deadwood Cabin,Halloween,false,0
2026-10-06T19:15:00Z,2026-10-06T15:15:00-04:00,2026-10-06,15:15,17769,Exile Canyon,Halloween,false,0
2026-10-06T19:15:00Z,2026-10-06T15:15:00-04:00,2026-10-06,15:15,17770,Final Destination,Halloween,false,0
2026-10-06T19:15:00Z,2026-10-06T15:15:00-04:00,2026-10-06,15:15,17771,JASON: Blood Reign,Halloween,false,0
2026-10-06T19:15:00Z,2026-10-06T15:15:00-04:00,2026-10-06,15:15,17772,Plaza De La Muerte,Halloween,false,0
2026-10-06T19:15:00Z,2026-10-06T15:15:00-04:00,2026-10-06,15:15,4005,The Bloody Fountain,Halloween,false,0
2026-10-06T19:15:00Z,2026-10-06T15:15:00-04:00,2026-10-06,15:15,13926,The Conjuring Universe,Halloween,false,0
2026-10-06T19:15:00Z,2026-10-06T15:15:00-04:00,2026-10-06,15:15,17725,The Witch's Reflection,Halloween,false,0
2026-10-06T19:15:00Z,2026-10-06T15:15:00-04:00,2026-10-06,15:15,17720,Trick or Treatin' with Boo,Halloween,false,0
2026-10-06T19:15:00Z,2026-10-06T15:15:00-04:00,2026-10-06,15:15,17773,Twisted Holidays,Halloween,false,0
2026-10-06T19:20:00Z,2026-10-06T15:20:00-04:00,2026-10-06,15:20,3231,Air Jumbo,Family Rides,false,0
2026-10-06T19:20:00Z,2026-10-06T15:20:00-04:00,2026-10-06,15:20,17425,Barrels O’ Fun,Family Rides,false,0
2026-10-06T19:20:00Z,2026-10-06T15:20:00-04:00,2026-10-06,15:20,3270,Buccaneer,Family Rides,false,0
2026-10-06T19:20:00Z,2026-10-06T15:20:00-04:00,2026-10-06,15:20,3237,Carousel,Family Rides,false,0
2026-10-06T19:20:00Z,2026-10-06T15:20:00-04:00,2026-10-06,15:20,3244,Enchanted Teacups,Family Rides,false,0
2026-10-06T19:20:00Z,2026-10-06T15:20:00-04:00,2026-10-06,15:20,3245,Fender Benders,Family Rides,false,0
2026-10-06T19:20:00Z,2026-10-06T15:20:00-04:00,2026-10-06,15:20,17426,Flying Scooters,Family Rides,false,0
2026-10-06T19:20:00Z,2026-10-06T15:20:00-04:00,2026-10-06,15:20,15604,Giant Wheel,Family Rides,false,0
2026-10-06T19:20:00Z,2026-10-06T15:20:00-04:00,2026-10-06,15:20,3236,HARLEY QUINN™ Crazy Train,Family Rides,false,0
2026-10-06T19:20:00Z,2026-10-06T15:20:00-04:00,2026-10-06,15:20,3249,Houdini’s Great Escape,Family Rides,false,0
2026-10-06T19:20:00Z,2026-10-06T15:20:00-04:00,2026-10-06,15:20,17427,Hypno Twister,Family Rides,false,0
2026-10-06T19:20:00Z,2026-10-06T15:20:00-04:00,2026-10-06,15:20,3250,Jolly Roger,Family Rides,false,0
2026-10-06T19:20:00Z,2026-10-06T15:20:00-04:00,2026-10-06,15:20,15829,Roaring Rapids,Family Rides,false,0
2026-10-06T19:20:00Z,2026-10-06T15:20:00-04:00,2026-10-06,15:20,15727,Scrambler,Family Rides,false,0
2026-10-06T19:20:00Z,2026-10-06T15:20:00-04:00,2026-10-06,15:20,3268,Tango,Family Rides,false,0
2026-10-06T19:20:00Z,2026-10-06T15:20:00-04:00,2026-10-06,15:20,17428,Wave Swinger,Family Rides,false,0
2026-10-06T19:20:00Z,2026-10-06T15:20:00-04:00,2026-10-06,15:20,3232,Air Safari,Kids' Rides,false,0
2026-10-06T19:20:00Z,2026-10-06T15:20:00-04:00,2026-10-06,15:20,10461,Barnstormer,Kids' Rides,false,0
2026-10-06T19:20:00Z,2026-10-06T15:20:00-04:00,2026-10-06,15:20,3275,Bugaboo,Kids' Rides,false,0
2026-10-06T19:20:00Z,2026-10-06T15:20:00-04:00,2026-10-06,15:20,3277,Bugs Bunny Camp Carousel,Kids' Rides,false,0
2026-10-06T19:20:00Z,2026-10-06T15:20:00-04:00,2026-10-06,15:20,3279,Bugs Bunny Ranger Pilots,Kids' Rides,false,0
2026-10-06T19:20:00Z,2026-10-06T15:20:00-04:00,2026-10-06,15:20,3240,Daffy Duck Hot Air Balloons,Kids' Rides,false,0
2026-10-06T19:20:00Z,2026-10-06T15:20:00-04:00,2026-10-06,15:20,10077,Lil' Devil Coaster,Kids' Rides,false,0
2026-10-06T19:20:00Z,2026-10-06T15:20:00-04:00,2026-10-06,15:20,15617,Porky Pig Camp Wagons,Kids' Rides,false,0
2026-10-06T19:20:00Z,2026-10-06T15:20:00-04:00,2026-10-06,15:20,3257,Raja’s Rickshaws,Kids' Rides,false,0
2026-10-06T19:20:00Z,2026-10-06T15:20:00-04:00,2026-10-06,15:20,3274,Safari Off-Road Adventure,Kids' Rides,false,0
2026-10-06T19:20:00Z,2026-10-06T15:20:00-04:00,2026-10-06,15:20,3283,Saw Mill Log Flume,Kids' Rides,false,0
2026-10-06T19:20:00Z,2026-10-06T15:20:00-04:00,2026-10-06,15:20,3281,Sky Zooma,Kids' Rides,false,0
2026-10-06T19:20:00Z,2026-10-06T15:20:00-04:00,2026-10-06,15:20,15789,Storm Chaser,Kids' Rides,false,0
2026-10-06T19:20:00Z,2026-10-06T15:20:00-04:00,2026-10-06,15:20,3267,Super Round Up,Kids' Rides,false,0
2026-10-06T19:20:00Z,2026-10-06T15:20:00-04:00,2026-10-06,15:20,15594,Tree Top Hopper,Kids' Rides,false,0
2026-10-06T19:20:00Z,2026-10-06T15:20:00-04:00,2026-10-06,15:20,3233,BATMAN™ The Ride,Thrill Rides,false,0
2026-10-06T19:20:00Z,2026-10-06T15:20:00-04:00,2026-10-06,15:20,3243,El Toro,Thrill Rides,false,0
2026-10-06T19:20:00Z,2026-10-06T15:20:00-04:00,2026-10-06,15:20,8539,Jersey Devil Coaster,Thrill Rides,false,0
2026-10-06T19:20:00Z,2026-10-06T15:20:00-04:00,2026-10-06,15:20,3916,JUSTICE LEAGUE™: Battle for METROPOLIS,Thrill Rides,false,0
2026-10-06T19:20:00Z,2026-10-06T15:20:00-04:00,2026-10-06,15:20,10533,Medusa,Thrill Rides,false,0
2026-10-06T19:20:00Z,2026-10-06T15:20:00-04:00,2026-10-06,15:20,3253,Nitro,Thrill Rides,false,0
2026-10-06T19:20:00Z,2026-10-06T15:20:00-04:00,2026-10-06,15:20,3261,Runaway Train,Thrill Rides,false,0
2026-10-06T19:20:00Z,2026-10-06T15:20:00-04:00,2026-10-06,15:20,3262,Skull Mountain,Thrill Rides,false,0
2026-10-06T19:20:00Z,2026-10-06T15:20:00-04:00,2026-10-06,15:20,3263,SkyScreamer,Thrill Rides,false,0
2026-10-06T19:20:00Z,2026-10-06T15:20:00-04:00,2026-10-06,15:20,3282,Slingshot,Thrill Rides,false,0
2026-10-06T19:20:00Z,2026-10-06T15:20:00-04:00,2026-10-06,15:20,3266,SUPERMAN™: Ultimate Flight,Thrill Rides,false,0
2026-10-06T19:20:00Z,2026-10-06T15:20:00-04:00,2026-10-06,15:20,3271,THE DARK KNIGHT™ Coaster,Thrill Rides,false,0
2026-10-06T19:20:00Z,2026-10-06T15:20:00-04:00,2026-10-06,15:20,14537,THE FLASH™: Vertical Velocity,Thrill Rides,false,0
2026-10-06T19:20:00Z,2026-10-06T15:20:00-04:00,2026-10-06,15:20,3288,THE JOKER™,Thrill Rides,false,0
2026-10-06T19:20:00Z,2026-10-06T15:20:00-04:00,2026-10-06,15:20,3273,Wile E. Coyote Canyon Blaster,Thrill Rides,false,0
2026-10-06T19:20:00Z,2026-10-06T15:20:00-04:00,2026-10-06,15:20,6371,WONDER WOMAN™ Lasso of Truth,Thrill Rides,false,0
2026-10-06T19:20:00Z,2026-10-06T15:20:00-04:00,2026-10-06,15:20,13929,Army of the Dead,Halloween,false,0
2026-10-06T19:20:00Z,2026-10-06T15:20:00-04:00,2026-10-06,15:20,13932,Asylum,Halloween,false,0
2026-10-06T19:20:00Z,2026-10-06T15:20:00-04:00,2026-10-06,15:20,13933,Big Top Terror,Halloween,false,0
2026-10-06T19:20:00Z,2026-10-06T15:20:00-04:00,2026-10-06,15:20,17766,CarnEvil,Halloween,false,0
2026-10-06T19:20:00Z,2026-10-06T15:20:00-04:00,2026-10-06,15:20,17767,Curse of Blackbeard's Bounty,Halloween,false,0
2026-10-06T19:20:00Z,2026-10-06T15:20:00-04:00,2026-10-06,15:20,17768,Deadwood Cabin,Halloween,false,0
2026-10-06T19:20:00Z,2026-10-06T15:20:00-04:00,2026-10-06,15:20,17769,Exile Canyon,Halloween,false,0
2026-10-06T19:20:00Z,2026-10-06T15:20:00-04:00,2026-10-06,15:20,17770,Final Destination,Halloween,false,0
2026-10-06T19:20:00Z,2026-10-06T15:20:00-04:00,2026-10-06,15:20,17771,JASON: Blood Reign,Halloween,false,0
2026-10-06T19:20:00Z,2026-10-06T15:20:00-04:00,2026-10-06,15:20,17772,Plaza De La Muerte,Halloween,false,0
2026-10-06T19:20:00Z,2026-10-06T15:20:00-04:00,2026-10-06,15:20,4005,The Bloody Fountain,Halloween,false,0
2026-10-06T19:20:00Z,2026-10-06T15:20:00-04:00,2026-10-06,15:20,13926,The Conjuring Universe,Halloween,false,0
2026-10-06T19:20:00Z,2026-10-06T15:20:00-04:00,2026-10-06,15:20,17725,The Witch's Reflection,Halloween,false,0
2026-10-06T19:20:00Z,2026-10-06T15:20:00-04:00,2026-10-06,15:20,17720,Trick or Treatin' with Boo,Halloween,false,0
2026-10-06T19:20:00Z,2026-10-06T15:20:00-04:00,2026-10-06,15:20,17773,Twisted Holidays,Halloween,false,0
2026-10-06T19:25:00Z,2026-10-06T15:25:00-04:00,2026-10-06,15:25,3231,Air Jumbo,Family Rides,false,0
2026-10-06T19:25:00Z,2026-10-06T15:25:00-04:00,2026-10-06,15:25,17425,Barrels O’ Fun,Family Rides,false,0
2026-10-06T19:25:00Z,2026-10-06T15:25:00-04:00,2026-10-06,15:25,3270,Buccaneer,Family Rides,false,0
2026-10-06T19:25:00Z,2026-10-06T15:25:00-04:00,2026-10-06,15:25,3237,Carousel,Family Rides,false,0
2026-10-06T19:25:00Z,2026-10-06T15:25:00-04:00,2026-10-06,15:25,3244,Enchanted Teacups,Family Rides,false,0
2026-10-06T19:25:00Z,2026-10-06T15:25:00-04:00,2026-10-06,15:25,3245,Fender Benders,Family Rides,false,0
2026-10-06T19:25:00Z,2026-10-06T15:25:00-04:00,2026-10-06,15:25,17426,Flying Scooters,Family Rides,false,0
2026-10-06T19:25:00Z,2026-10-06T15:25:00-04:00,2026-10-06,15:25,15604,Giant Wheel,Family Rides,false,0
2026-10-06T19:25:00Z,2026-10-06T15:25:00-04:00,2026-10-06,15:25,3236,HARLEY QUINN™ Crazy Train,Family Rides,false,0
2026-10-06T19:25:00Z,2026-10-06T15:25:00-04:00,2026-10-06,15:25,3249,Houdini’s Great Escape,Family Rides,false,0
2026-10-06T19:25:00Z,2026-10-06T15:25:00-04:00,2026-10-06,15:25,17427,Hypno Twister,Family Rides,false,0
2026-10-06T19:25:00Z,2026-10-06T15:25:00-04:00,2026-10-06,15:25,3250,Jolly Roger,Family Rides,false,0
2026-10-06T19:25:00Z,2026-10-06T15:25:00-04:00,2026-10-06,15:25,15829,Roaring Rapids,Family Rides,false,0
2026-10-06T19:25:00Z,2026-10-06T15:25:00-04:00,2026-10-06,15:25,15727,Scrambler,Family Rides,false,0
2026-10-06T19:25:00Z,2026-10-06T15:25:00-04:00,2026-10-06,15:25,3268,Tango,Family Rides,false,0
2026-10-06T19:25:00Z,2026-10-06T15:25:00-04:00,2026-10-06,15:25,17428,Wave Swinger,Family Rides,false,0
2026-10-06T19:25:00Z,2026-10-06T15:25:00-04:00,2026-10-06,15:25,3232,Air Safari,Kids' Rides,false,0
2026-10-06T19:25:00Z,2026-10-06T15:25:00-04:00,2026-10-06,15:25,10461,Barnstormer,Kids' Rides,false,0
2026-10-06T19:25:00Z,2026-10-06T15:25:00-04:00,2026-10-06,15:25,3275,Bugaboo,Kids' Rides,false,0
2026-10-06T19:25:00Z,2026-10-06T15:25:00-04:00,2026-10-06,15:25,3277,Bugs Bunny Camp Carousel,Kids' Rides,false,0
2026-10-06T19:25:00Z,2026-10-06T15:25:00-04:00,2026-10-06,15:25,3279,Bugs Bunny Ranger Pilots,Kids' Rides,false,0
2026-10-06T19:25:00Z,2026-10-06T15:25:00-04:00,2026-10-06,15:25,3240,Daffy Duck Hot Air Balloons,Kids' Rides,false,0
2026-10-06T19:25:00Z,2026-10-06T15:25:00-04:00,2026-10-06,15:25,10077,Lil' Devil Coaster,Kids' Rides,false,0
2026-10-06T19:25:00Z,2026-10-06T15:25:00-04:00,2026-10-06,15:25,15617,Porky Pig Camp Wagons,Kids' Rides,false,0
2026-10-06T19:25:00Z,2026-10-06T15:25:00-04:00,2026-10-06,15:25,3257,Raja’s Rickshaws,Kids' Rides,false,0
2026-10-06T19:25:00Z,2026-10-06T15:25:00-04:00,2026-10-06,15:25,3274,Safari Off-Road Adventure,Kids' Rides,false,0
2026-10-06T19:25:00Z,2026-10-06T15:25:00-04:00,2026-10-06,15:25,3283,Saw Mill Log Flume,Kids' Rides,false,0
2026-10-06T19:25:00Z,2026-10-06T15:25:00-04:00,2026-10-06,15:25,3281,Sky Zooma,Kids' Rides,false,0
2026-10-06T19:25:00Z,2026-10-06T15:25:00-04:00,2026-10-06,15:25,15789,Storm Chaser,Kids' Rides,false,0
2026-10-06T19:25:00Z,2026-10-06T15:25:00-04:00,2026-10-06,15:25,3267,Super Round Up,Kids' Rides,false,0
2026-10-06T19:25:00Z,2026-10-06T15:25:00-04:00,2026-10-06,15:25,15594,Tree Top Hopper,Kids' Rides,false,0
2026-10-06T19:25:00Z,2026-10-06T15:25:00-04:00,2026-10-06,15:25,3233,BATMAN™ The Ride,Thrill Rides,false,0
2026-10-06T19:25:00Z,2026-10-06T15:25:00-04:00,2026-10-06,15:25,3243,El Toro,Thrill Rides,false,0
2026-10-06T19:25:00Z,2026-10-06T15:25:00-04:00,2026-10-06,15:25,8539,Jersey Devil Coaster,Thrill Rides,false,0
2026-10-06T19:25:00Z,2026-10-06T15:25:00-04:00,2026-10-06,15:25,3916,JUSTICE LEAGUE™: Battle for METROPOLIS,Thrill Rides,false,0
2026-10-06T19:25:00Z,2026-10-06T15:25:00-04:00,2026-10-06,15:25,10533,Medusa,Thrill Rides,false,0
2026-10-06T19:25:00Z,2026-10-06T15:25:00-04:00,2026-10-06,15:25,3253,Nitro,Thrill Rides,false,0
2026-10-06T19:25:00Z,2026-10-06T15:25:00-04:00,2026-10-06,15:25,3261,Runaway Train,Thrill Rides,false,0
2026-10-06T19:25:00Z,2026-10-06T15:25:00-04:00,2026-10-06,15:25,3262,Skull Mountain,Thrill Rides,false,0
2026-10-06T19:25:00Z,2026-10-06T15:25:00-04:00,2026-10-06,15:25,3263,SkyScreamer,Thrill Rides,false,0
2026-10-06T19:25:00Z,2026-10-06T15:25:00-04:00,2026-10-06,15:25,3282,Slingshot,Thrill Rides,false,0
2026-10-06T19:25:00Z,2026-10-06T15:25:00-04:00,2026-10-06,15:25,3266,SUPERMAN™: Ultimate Flight,Thrill Rides,false,0
2026-10-06T19:25:00Z,2026-10-06T15:25:00-04:00,2026-10-06,15:25,3271,THE DARK KNIGHT™ Coaster,Thrill Rides,false,0
2026-10-06T19:25:00Z,2026-10-06T15:25:00-04:00,2026-10-06,15:25,14537,THE FLASH™: Vertical Velocity,Thrill Rides,false,0
2026-10-06T19:25:00Z,2026-10-06T15:25:00-04:00,2026-10-06,15:25,3288,THE JOKER™,Thrill Rides,false,0
2026-10-06T19:25:00Z,2026-10-06T15:25:00-04:00,2026-10-06,15:25,3273,Wile E. Coyote Canyon Blaster,Thrill Rides,false,0
2026-10-06T19:25:00Z,2026-10-06T15:25:00-04:00,2026-10-06,15:25,6371,WONDER WOMAN™ Lasso of Truth,Thrill Rides,false,0
2026-10-06T19:25:00Z,2026-10-06T15:25:00-04:00,2026-10-06,15:25,13929,Army of the Dead,Halloween,false,0
2026-10-06T19:25:00Z,2026-10-06T15:25:00-04:00,2026-10-06,15:25,13932,Asylum,Halloween,false,0
2026-10-06T19:25:00Z,2026-10-06T15:25:00-04:00,2026-10-06,15:25,13933,Big Top Terror,Halloween,false,0
2026-10-06T19:25:00Z,2026-10-06T15:25:00-04:00,2026-10-06,15:25,17766,CarnEvil,Halloween,false,0
2026-10-06T19:25:00Z,2026-10-06T15:25:00-04:00,2026-10-06,15:25,17767,Curse of Blackbeard's Bounty,Halloween,false,0
2026-10-06T19:25:00Z,2026-10-06T15:25:00-04:00,2026-10-06,15:25,17768,Deadwood Cabin,Halloween,false,0
2026-10-06T19:25:00Z,2026-10-06T15:25:00-04:00,2026-10-06,15:25,17769,Exile Canyon,Halloween,false,0
2026-10-06T19:25:00Z,2026-10-06T15:25:00-04:00,2026-10-06,15:25,17770,Final Destination,Halloween,false,0
2026-10-06T19:25:00Z,2026-10-06T15:25:00-04:00,2026-10-06,15:25,17771,JASON: Blood Reign,Halloween,false,0
2026-10-06T19:25:00Z,2026-10-06T15:25:00-04:00,2026-10-06,15:25,17772,Plaza De La Muerte,Halloween,false,0
2026-10-06T19:25:00Z,2026-10-06T15:25:00-04:00,2026-10-06,15:25,4005,The Bloody Fountain,Halloween,false,0
2026-10-06T19:25:00Z,2026-10-06T15:25:00-04:00,2026-10-06,15:25,13926,The Conjuring Universe,Halloween,false,0
2026-10-06T19:25:00Z,2026-10-06T15:25:00-04:00,2026-10-06,15:25,17725,The Witch's Reflection,Halloween,false,0
2026-10-06T19:25:00Z,2026-10-06T15:25:00-04:00,2026-10-06,15:25,17720,Trick or Treatin' with Boo,Halloween,false,0
2026-10-06T19:25:00Z,2026-10-06T15:25:00-04:00,2026-10-06,15:25,17773,Twisted Holidays,Halloween,false,0
2026-10-06T19:30:00Z,2026-10-06T15:30:00-04:00,2026-10-06,15:30,3231,Air Jumbo,Family Rides,false,0
2026-10-06T19:30:00Z,2026-10-06T15:30:00-04:00,2026-10-06,15:30,17425,Barrels O’ Fun,Family Rides,false,0
2026-10-06T19:30:00Z,2026-10-06T15:30:00-04:00,2026-10-06,15:30,3270,Buccaneer,Family Rides,false,0
2026-10-06T19:30:00Z,2026-10-06T15:30:00-04:00,2026-10-06,15:30,3237,Carousel,Family Rides,false,0
2026-10-06T19:30:00Z,2026-10-06T15:30:00-04:00,2026-10-06,15:30,3244,Enchanted Teacups,Family Rides,false,0
2026-10-06T19:30:00Z,2026-10-06T15:30:00-04:00,2026-10-06,15:30,3245,Fender Benders,Family Rides,false,0
2026-10-06T19:30:00Z,2026-10-06T15:30:00-04:00,2026-10-06,15:30,17426,Flying Scooters,Family Rides,false,0
2026-10-06T19:30:00Z,2026-10-06T15:30:00-04:00,2026-10-06,15:30,15604,Giant Wheel,Family Rides,false,0
2026-10-06T19:30:00Z,2026-10-06T15:30:00-04:00,2026-10-06,15:30,3236,HARLEY QUINN™ Crazy Train,Family Rides,false,0
2026-10-06T19:30:00Z,2026-10-06T15:30:00-04:00,2026-10-06,15:30,3249,Houdini’s Great Escape,Family Rides,false,0
2026-10-06T19:30:00Z,2026-10-06T15:30:00-04:00,2026-10-06,15:30,17427,Hypno Twister,Family Rides,false,0
2026-10-06T19:30:00Z,2026-10-06T15:30:00-04:00,2026-10-06,15:30,3250,Jolly Roger,Family Rides,false,0
2026-10-06T19:30:00Z,2026-10-06T15:30:00-04:00,2026-10-06,15:30,15829,Roaring Rapids,Family Rides,false,0
2026-10-06T19:30:00Z,2026-10-06T15:30:00-04:00,2026-10-06,15:30,15727,Scrambler,Family Rides,false,0
2026-10-06T19:30:00Z,2026-10-06T15:30:00-04:00,2026-10-06,15:30,3268,Tango,Family Rides,false,0
2026-10-06T19:30:00Z,2026-10-06T15:30:00-04:00,2026-10-06,15:30,17428,Wave Swinger,Family Rides,false,0
2026-10-06T19:30:00Z,2026-10-06T15:30:00-04:00,2026-10-06,15:30,3232,Air Safari,Kids' Rides,false,0
2026-10-06T19:30:00Z,2026-10-06T15:30:00-04:00,2026-10-06,15:30,10461,Barnstormer,Kids' Rides,false,0
2026-10-06T19:30:00Z,2026-10-06T15:30:00-04:00,2026-10-06,15:30,3275,Bugaboo,Kids' Rides,false,0
2026-10-06T19:30:00Z,2026-10-06T15:30:00-04:00,2026-10-06,15:30,3277,Bugs Bunny Camp Carousel,Kids' Rides,false,0
2026-10-06T19:30:00Z,2026-10-06T15:30:00-04:00,2026-10-06,15:30,3279,Bugs Bunny Ranger Pilots,Kids' Rides,false,0
2026-10-06T19:30:00Z,2026-10-06T15:30:00-04:00,2026-10-06,15:30,3240,Daffy Duck Hot Air Balloons,Kids' Rides,false,0
2026-10-06T19:30:00Z,2026-10-06T15:30:00-04:00,2026-10-06,15:30,10077,Lil' Devil Coaster,Kids' Rides,false,0
2026-10-06T19:30:00Z,2026-10-06T15:30:00-04:00,2026-10-06,15:30,15617,Porky Pig Camp Wagons,Kids' Rides,false,0
2026-10-06T19:30:00Z,2026-10-06T15:30:00-04:00,2026-10-06,15:30,3257,Raja’s Rickshaws,Kids' Rides,false,0
2026-10-06T19:30:00Z,2026-10-06T15:30:00-04:00,2026-10-06,15:30,3274,Safari Off-Road Adventure,Kids' Rides,false,0
2026-10-06T19:30:00Z,2026-10-06T15:30:00-04:00,2026-10-06,15:30,3283,Saw Mill Log Flume,Kids' Rides,false,0
2026-10-06T19:30:00Z,2026-10-06T15:30:00-04:00,2026-10-06,15:30,3281,Sky Zooma,Kids' Rides,false,0
2026-10-06T19:30:00Z,2026-10-06T15:30:00-04:00,2026-10-06,15:30,15789,Storm Chaser,Kids' Rides,false,0
2026-10-06T19:30:00Z,2026-10-06T15:30:00-04:00,2026-10-06,15:30,3267,Super Round Up,Kids' Rides,false,0
2026-10-06T19:30:00Z,2026-10-06T15:30:00-04:00,2026-10-06,15:30,15594,Tree Top Hopper,Kids' Rides,false,0
2026-10-06T19:30:00Z,2026-10-06T15:30:00-04:00,2026-10-06,15:30,3233,BATMAN™ The Ride,Thrill Rides,false,0
2026-10-06T19:30:00Z,2026-10-06T15:30:00-04:00,2026-10-06,15:30,3243,El Toro,Thrill Rides,false,0
2026-10-06T19:30:00Z,2026-10-06T15:30:00-04:00,2026-10-06,15:30,8539,Jersey Devil Coaster,Thrill Rides,false,0
2026-10-06T19:30:00Z,2026-10-06T15:30:00-04:00,2026-10-06,15:30,3916,JUSTICE LEAGUE™: Battle for METROPOLIS,Thrill Rides,false,0
2026-10-06T19:30:00Z,2026-10-06T15:30:00-04:00,2026-10-06,15:30,10533,Medusa,Thrill Rides,false,0
2026-10-06T19:30:00Z,2026-10-06T15:30:00-04:00,2026-10-06,15:30,3253,Nitro,Thrill Rides,false,0
2026-10-06T19:30:00Z,2026-10-06T15:30:00-04:00,2026-10-06,15:30,3261,Runaway Train,Thrill Rides,false,0
2026-10-06T19:30:00Z,2026-10-06T15:30:00-04:00,2026-10-06,15:30,3262,Skull Mountain,Thrill Rides,false,0
2026-10-06T19:30:00Z,2026-10-06T15:30:00-04:00,2026-10-06,15:30,3263,SkyScreamer,Thrill Rides,false,0
2026-10-06T19:30:00Z,2026-10-06T15:30:00-04:00,2026-10-06,15:30,3282,Slingshot,Thrill Rides,false,0
2026-10-06T19:30:00Z,2026-10-06T15:30:00-04:00,2026-10-06,15:30,3266,SUPERMAN™: Ultimate Flight,Thrill Rides,false,0
2026-10-06T19:30:00Z,2026-10-06T15:30:00-04:00,2026-10-06,15:30,3271,THE DARK KNIGHT™ Coaster,Thrill Rides,false,0
2026-10-06T19:30:00Z,2026-10-06T15:30:00-04:00,2026-10-06,15:30,14537,THE FLASH™: Vertical Velocity,Thrill Rides,false,0
2026-10-06T19:30:00Z,2026-10-06T15:30:00-04:00,2026-10-06,15:30,3288,THE JOKER™,Thrill Rides,false,0
2026-10-06T19:30:00Z,2026-10-06T15:30:00-04:00,2026-10-06,15:30,3273,Wile E. Coyote Canyon Blaster,Thrill Rides,false,0
2026-10-06T19:30:00Z,2026-10-06T15:30:00-04:00,2026-10-06,15:30,6371,WONDER WOMAN™ Lasso of Truth,Thrill Rides,false,0
2026-10-06T19:30:00Z,2026-10-06T15:30:00-04:00,2026-10-06,15:30,13929,Army of the Dead,Halloween,false,0
2026-10-06T19:30:00Z,2026-10-06T15:30:00-04:00,2026-10-06,15:30,13932,Asylum,Halloween,false,0
2026-10-06T19:30:00Z,2026-10-06T15:30:00-04:00,2026-10-06,15:30,13933,Big Top Terror,Halloween,false,0
2026-10-06T19:30:00Z,2026-10-06T15:30:00-04:00,2026-10-06,15:30,17766,CarnEvil,Halloween,false,0
2026-10-06T19:30:00Z,2026-10-06T15:30:00-04:00,2026-10-06,15:30,17767,Curse of Blackbeard's Bounty,Halloween,false,0
2026-10-06T19:30:00Z,2026-10-06T15:30:00-04:00,2026-10-06,15:30,17768,Deadwood Cabin,Halloween,false,0
2026-10-06T19:30:00Z,2026-10-06T15:30:00-04:00,2026-10-06,15:30,17769,Exile Canyon,Halloween,false,0
2026-10-06T19:30:00Z,2026-10-06T15:30:00-04:00,2026-10-06,15:30,17770,Final Destination,Halloween,false,0
2026-10-06T19:30:00Z,2026-10-06T15:30:00-04:00,2026-10-06,15:30,17771,JASON: Blood Reign,Halloween,false,0
2026-10-06T19:30:00Z,2026-10-06T15:30:00-04:00,2026-10-06,15:30,17772,Plaza De La Muerte,Halloween,false,0
2026-10-06T19:30:00Z,2026-10-06T15:30:00-04:00,2026-10-06,15:30,4005,The Bloody Fountain,Halloween,false,0
2026-10-06T19:30:00Z,2026-10-06T15:30:00-04:00,2026-10-06,15:30,13926,The Conjuring Universe,Halloween,false,0
2026-10-06T19:30:00Z,2026-10-06T15:30:00-04:00,2026-10-06,15:30,17725,The Witch's Reflection,Halloween,false,0
2026-10-06T19:30:00Z,2026-10-06T15:30:00-04:00,2026-10-06,15:30,17720,Trick or Treatin' with Boo,Halloween,false,0
2026-10-06T19:30:00Z,2026-10-06T15:30:00-04:00,2026-10-06,15:30,17773,Twisted Holidays,Halloween,false,0
2026-10-06T19:35:00Z,2026-10-06T15:35:00-04:00,2026-10-06,15:35,3231,Air Jumbo,Family Rides,false,0
2026-10-06T19:35:00Z,2026-10-06T15:35:00-04:00,2026-10-06,15:35,17425,Barrels O’ Fun,Family Rides,false,0
2026-10-06T19:35:00Z,2026-10-06T15:35:00-04:00,2026-10-06,15:35,3270,Buccaneer,Family Rides,false,0
2026-10-06T19:35:00Z,2026-10-06T15:35:00-04:00,2026-10-06,15:35,3237,Carousel,Family Rides,false,0
2026-10-06T19:35:00Z,2026-10-06T15:35:00-04:00,2026-10-06,15:35,3244,Enchanted Teacups,Family Rides,false,0
2026-10-06T19:35:00Z,2026-10-06T15:35:00-04:00,2026-10-06,15:35,3245,Fender Benders,Family Rides,false,0
2026-10-06T19:35:00Z,2026-10-06T15:35:00-04:00,2026-10-06,15:35,17426,Flying Scooters,Family Rides,false,0
2026-10-06T19:35:00Z,2026-10-06T15:35:00-04:00,2026-10-06,15:35,15604,Giant Wheel,Family Rides,false,0
2026-10-06T19:35:00Z,2026-10-06T15:35:00-04:00,2026-10-06,15:35,3236,HARLEY QUINN™ Crazy Train,Family Rides,false,0
2026-10-06T19:35:00Z,2026-10-06T15:35:00-04:00,2026-10-06,15:35,3249,Houdini’s Great Escape,Family Rides,false,0
2026-10-06T19:35:00Z,2026-10-06T15:35:00-04:00,2026-10-06,15:35,17427,Hypno Twister,Family Rides,false,0
2026-10-06T19:35:00Z,2026-10-06T15:35:00-04:00,2026-10-06,15:35,3250,Jolly Roger,Family Rides,false,0
2026-10-06T19:35:00Z,2026-10-06T15:35:00-04:00,2026-10-06,15:35,15829,Roaring Rapids,Family Rides,false,0
2026-10-06T19:35:00Z,2026-10-06T15:35:00-04:00,2026-10-06,15:35,15727,Scrambler,Family Rides,false,0
2026-10-06T19:35:00Z,2026-10-06T15:35:00-04:00,2026-10-06,15:35,3268,Tango,Family Rides,false,0
2026-10-06T19:35:00Z,2026-10-06T15:35:00-04:00,2026-10-06,15:35,17428,Wave Swinger,Family Rides,false,0
2026-10-06T19:35:00Z,2026-10-06T15:35:00-04:00,2026-10-06,15:35,3232,Air Safari,Kids' Rides,false,0
2026-10-06T19:35:00Z,2026-10-06T15:35:00-04:00,2026-10-06,15:35,10461,Barnstormer,Kids' Rides,false,0
2026-10-06T19:35:00Z,2026-10-06T15:35:00-04:00,2026-10-06,15:35,3275,Bugaboo,Kids' Rides,false,0
2026-10-06T19:35:00Z,2026-10-06T15:35:00-04:00,2026-10-06,15:35,3277,Bugs Bunny Camp Carousel,Kids' Rides,false,0
2026-10-06T19:35:00Z,2026-10-06T15:35:00-04:00,2026-10-06,15:35,3279,Bugs Bunny Ranger Pilots,Kids' Rides,false,0
2026-10-06T19:35:00Z,2026-10-06T15:35:00-04:00,2026-10-06,15:35,3240,Daffy Duck Hot Air Balloons,Kids' Rides,false,0
2026-10-06T19:35:00Z,2026-10-06T15:35:00-04:00,2026-10-06,15:35,10077,Lil' Devil Coaster,Kids' Rides,false,0
2026-10-06T19:35:00Z,2026-10-06T15:35:00-04:00,2026-10-06,15:35,15617,Porky Pig Camp Wagons,Kids' Rides,false,0
2026-10-06T19:35:00Z,2026-10-06T15:35:00-04:00,2026-10-06,15:35,3257,Raja’s Rickshaws,Kids' Rides,false,0
2026-10-06T19:35:00Z,2026-10-06T15:35:00-04:00,2026-10-06,15:35,3274,Safari Off-Road Adventure,Kids' Rides,false,0
2026-10-06T19:35:00Z,2026-10-06T15:35:00-04:00,2026-10-06,15:35,3283,Saw Mill Log Flume,Kids' Rides,false,0
2026-10-06T19:35:00Z,2026-10-06T15:35:00-04:00,2026-10-06,15:35,3281,Sky Zooma,Kids' Rides,false,0
2026-10-06T19:35:00Z,2026-10-06T15:35:00-04:00,2026-10-06,15:35,15789,Storm Chaser,Kids' Rides,false,0
2026-10-06T19:35:00Z,2026-10-06T15:35:00-04:00,2026-10-06,15:35,3267,Super Round Up,Kids' Rides,false,0
2026-10-06T19:35:00Z,2026-10-06T15:35:00-04:00,2026-10-06,15:35,15594,Tree Top Hopper,Kids' Rides,false,0
2026-10-06T19:35:00Z,2026-10-06T15:35:00-04:00,2026-10-06,15:35,3233,BATMAN™ The Ride,Thrill Rides,false,0
2026-10-06T19:35:00Z,2026-10-06T15:35:00-04:00,2026-10-06,15:35,3243,El Toro,Thrill Rides,false,0
2026-10-06T19:35:00Z,2026-10-06T15:35:00-04:00,2026-10-06,15:35,8539,Jersey Devil Coaster,Thrill Rides,false,0
2026-10-06T19:35:00Z,2026-10-06T15:35:00-04:00,2026-10-06,15:35,3916,JUSTICE LEAGUE™: Battle for METROPOLIS,Thrill Rides,false,0
2026-10-06T19:35:00Z,2026-10-06T15:35:00-04:00,2026-10-06,15:35,10533,Medusa,Thrill Rides,false,0
2026-10-06T19:35:00Z,2026-10-06T15:35:00-04:00,2026-10-06,15:35,3253,Nitro,Thrill Rides,false,0
2026-10-06T19:35:00Z,2026-10-06T15:35:00-04:00,2026-10-06,15:35,3261,Runaway Train,Thrill Rides,false,0
2026-10-06T19:35:00Z,2026-10-06T15:35:00-04:00,2026-10-06,15:35,3262,Skull Mountain,Thrill Rides,false,0
2026-10-06T19:35:00Z,2026-10-06T15:35:00-04:00,2026-10-06,15:35,3263,SkyScreamer,Thrill Rides,false,0
2026-10-06T19:35:00Z,2026-10-06T15:35:00-04:00,2026-10-06,15:35,3282,Slingshot,Thrill Rides,false,0
2026-10-06T19:35:00Z,2026-10-06T15:35:00-04:00,2026-10-06,15:35,3266,SUPERMAN™: Ultimate Flight,Thrill Rides,false,0
2026-10-06T19:35:00Z,2026-10-06T15:35:00-04:00,2026-10-06,15:35,3271,THE DARK KNIGHT™ Coaster,Thrill Rides,false,0
2026-10-06T19:35:00Z,2026-10-06T15:35:00-04:00,2026-10-06,15:35,14537,THE FLASH™: Vertical Velocity,Thrill Rides,false,0
2026-10-06T19:35:00Z,2026-10-06T15:35:00-04:00,2026-10-06,15:35,3288,THE JOKER™,Thrill Rides,false,0
2026-10-06T19:35:00Z,2026-10-06T15:35:00-04:00,2026-10-06,15:35,3273,Wile E. Coyote Canyon Blaster,Thrill Rides,false,0
2026-10-06T19:35:00Z,2026-10-06T15:35:00-04:00,2026-10-06,15:35,6371,WONDER WOMAN™ Lasso of Truth,Thrill Rides,false,0
2026-10-06T19:35:00Z,2026-10-06T15:35:00-04:00,2026-10-06,15:35,13929,Army of the Dead,Halloween,false,0
2026-10-06T19:35:00Z,2026-10-06T15:35:00-04:00,2026-10-06,15:35,13932,Asylum,Halloween,false,0
2026-10-06T19:35:00Z,2026-10-06T15:35:00-04:00,2026-10-06,15:35,13933,Big Top Terror,Halloween,false,0
2026-10-06T19:35:00Z,2026-10-06T15:35:00-04:00,2026-10-06,15:35,17766,CarnEvil,Halloween,false,0
2026-10-06T19:35:00Z,2026-10-06T15:35:00-04:00,2026-10-06,15:35,17767,Curse of Blackbeard's Bounty,Halloween,false,0
2026-10-06T19:35:00Z,2026-10-06T15:35:00-04:00,2026-10-06,15:35,17768,Deadwood Cabin,Halloween,false,0
2026-10-06T19:35:00Z,2026-10-06T15:35:00-04:00,2026-10-06,15:35,17769,Exile Canyon,Halloween,false,0
2026-10-06T19:35:00Z,2026-10-06T15:35:00-04:00,2026-10-06,15:35,17770,Final Destination,Halloween,false,0
2026-10-06T19:35:00Z,2026-10-06T15:35:00-04:00,2026-10-06,15:35,17771,JASON: Blood Reign,Halloween,false,0
2026-10-06T19:35:00Z,2026-10-06T15:35:00-04:00,2026-10-06,15:35,17772,Plaza De La Muerte,Halloween,false,0
2026-10-06T19:35:00Z,2026-10-06T15:35:00-04:00,2026-10-06,15:35,4005,The Bloody Fountain,Halloween,false,0
2026-10-06T19:35:00Z,2026-10-06T15:35:00-04:00,2026-10-06,15:35,13926,The Conjuring Universe,Halloween,false,0
2026-10-06T19:35:00Z,2026-10-06T15:35:00-04:00,2026-10-06,15:35,17725,The Witch's Reflection,Halloween,false,0
2026-10-06T19:35:00Z,2026-10-06T15:35:00-04:00,2026-10-06,15:35,17720,Trick or Treatin' with Boo,Halloween,false,0
2026-10-06T19:35:00Z,2026-10-06T15:35:00-04:00,2026-10-06,15:35,17773,Twisted Holidays,Halloween,false,0
2026-10-06T22:50:00Z,2026-10-06T18:50:00-04:00,2026-10-06,18:50,3231,Air Jumbo,Family Rides,false,0
2026-10-06T22:50:00Z,2026-10-06T18:50:00-04:00,2026-10-06,18:50,17425,Barrels O’ Fun,Family Rides,false,0
2026-10-06T22:50:00Z,2026-10-06T18:50:00-04:00,2026-10-06,18:50,3270,Buccaneer,Family Rides,false,0
2026-10-06T22:50:00Z,2026-10-06T18:50:00-04:00,2026-10-06,18:50,3237,Carousel,Family Rides,false,0
2026-10-06T22:50:00Z,2026-10-06T18:50:00-04:00,2026-10-06,18:50,3244,Enchanted Teacups,Family Rides,false,0
2026-10-06T22:50:00Z,2026-10-06T18:50:00-04:00,2026-10-06,18:50,3245,Fender Benders,Family Rides,false,0
2026-10-06T22:50:00Z,2026-10-06T18:50:00-04:00,2026-10-06,18:50,17426,Flying Scooters,Family Rides,false,0
2026-10-06T22:50:00Z,2026-10-06T18:50:00-04:00,2026-10-06,18:50,15604,Giant Wheel,Family Rides,false,0
2026-10-06T22:50:00Z,2026-10-06T18:50:00-04:00,2026-10-06,18:50,3236,HARLEY QUINN™ Crazy Train,Family Rides,false,0
2026-10-06T22:50:00Z,2026-10-06T18:50:00-04:00,2026-10-06,18:50,3249,Houdini’s Great Escape,Family Rides,false,0
2026-10-06T22:50:00Z,2026-10-06T18:50:00-04:00,2026-10-06,18:50,17427,Hypno Twister,Family Rides,false,0
2026-10-06T22:50:00Z,2026-10-06T18:50:00-04:00,2026-10-06,18:50,3250,Jolly Roger,Family Rides,false,0
2026-10-06T22:50:00Z,2026-10-06T18:50:00-04:00,2026-10-06,18:50,15829,Roaring Rapids,Family Rides,false,0
2026-10-06T22:50:00Z,2026-10-06T18:50:00-04:00,2026-10-06,18:50,15727,Scrambler,Family Rides,false,0
2026-10-06T22:50:00Z,2026-10-06T18:50:00-04:00,2026-10-06,18:50,3268,Tango,Family Rides,false,0
2026-10-06T22:50:00Z,2026-10-06T18:50:00-04:00,2026-10-06,18:50,17428,Wave Swinger,Family Rides,false,0
2026-10-06T22:50:00Z,2026-10-06T18:50:00-04:00,2026-10-06,18:50,3232,Air Safari,Kids' Rides,false,0
2026-10-06T22:50:00Z,2026-10-06T18:50:00-04:00,2026-10-06,18:50,10461,Barnstormer,Kids' Rides,false,0
2026-10-06T22:50:00Z,2026-10-06T18:50:00-04:00,2026-10-06,18:50,3275,Bugaboo,Kids' Rides,false,0
2026-10-06T22:50:00Z,2026-10-06T18:50:00-04:00,2026-10-06,18:50,3277,Bugs Bunny Camp Carousel,Kids' Rides,false,0
2026-10-06T22:50:00Z,2026-10-06T18:50:00-04:00,2026-10-06,18:50,3279,Bugs Bunny Ranger Pilots,Kids' Rides,false,0
2026-10-06T22:50:00Z,2026-10-06T18:50:00-04:00,2026-10-06,18:50,3240,Daffy Duck Hot Air Balloons,Kids' Rides,false,0
2026-10-06T22:50:00Z,2026-10-06T18:50:00-04:00,2026-10-06,18:50,10077,Lil' Devil Coaster,Kids' Rides,false,0
2026-10-06T22:50:00Z,2026-10-06T18:50:00-04:00,2026-10-06,18:50,15617,Porky Pig Camp Wagons,Kids' Rides,false,0
2026-10-06T22:50:00Z,2026-10-06T18:50:00-04:00,2026-10-06,18:50,3257,Raja’s Rickshaws,Kids' Rides,false,0
2026-10-06T22:50:00Z,2026-10-06T18:50:00-04:00,2026-10-06,18:50,3274,Safari Off-Road Adventure,Kids' Rides,false,0
2026-10-06T22:50:00Z,2026-10-06T18:50:00-04:00,2026-10-06,18:50,3283,Saw Mill Log Flume,Kids' Rides,false,0
2026-10-06T22:50:00Z,2026-10-06T18:50:00-04:00,2026-10-06,18:50,3281,Sky Zooma,Kids' Rides,false,0
2026-10-06T22:50:00Z,2026-10-06T18:50:00-04:00,2026-10-06,18:50,15789,Storm Chaser,Kids' Rides,false,0
2026-10-06T22:50:00Z,2026-10-06T18:50:00-04:00,2026-10-06,18:50,3267,Super Round Up,Kids' Rides,false,0
2026-10-06T22:50:00Z,2026-10-06T18:50:00-04:00,2026-10-06,18:50,15594,Tree Top Hopper,Kids' Rides,false,0
2026-10-06T22:50:00Z,2026-10-06T18:50:00-04:00,2026-10-06,18:50,3233,BATMAN™ The Ride,Thrill Rides,false,0
2026-10-06T22:50:00Z,2026-10-06T18:50:00-04:00,2026-10-06,18:50,3243,El Toro,Thrill Rides,false,0
2026-10-06T22:50:00Z,2026-10-06T18:50:00-04:00,2026-10-06,18:50,8539,Jersey Devil Coaster,Thrill Rides,false,0
2026-10-06T22:50:00Z,2026-10-06T18:50:00-04:00,2026-10-06,18:50,3916,JUSTICE LEAGUE™: Battle for METROPOLIS,Thrill Rides,false,0
2026-10-06T22:50:00Z,2026-10-06T18:50:00-04:00,2026-10-06,18:50,10533,Medusa,Thrill Rides,false,0
2026-10-06T22:50:00Z,2026-10-06T18:50:00-04:00,2026-10-06,18:50,3253,Nitro,Thrill Rides,false,0
2026-10-06T22:50:00Z,2026-10-06T18:50:00-04:00,2026-10-06,18:50,3261,Runaway Train,Thrill Rides,false,0
2026-10-06T22:50:00Z,2026-10-06T18:50:00-04:00,2026-10-06,18:50,3262,Skull Mountain,Thrill Rides,false,0
2026-10-06T22:50:00Z,2026-10-06T18:50:00-04:00,2026-10-06,18:50,3263,SkyScreamer,Thrill Rides,false,0
2026-10-06T22:50:00Z,2026-10-06T18:50:00-04:00,2026-10-06,18:50,3282,Slingshot,Thrill Rides,false,0
2026-10-06T22:50:00Z,2026-10-06T18:50:00-04:00,2026-10-06,18:50,3266,SUPERMAN™: Ultimate Flight,Thrill Rides,false,0
2026-10-06T22:50:00Z,2026-10-06T18:50:00-04:00,2026-10-06,18:50,3271,THE DARK KNIGHT™ Coaster,Thrill Rides,false,0
2026-10-06T22:50:00Z,2026-10-06T18:50:00-04:00,2026-10-06,18:50,14537,THE FLASH™: Vertical Velocity,Thrill Rides,false,0
2026-10-06T22:50:00Z,2026-10-06T18:50:00-04:00,2026-10-06,18:50,3288,THE JOKER™,Thrill Rides,false,0
2026-10-06T22:50:00Z,2026-10-06T18:50:00-04:00,2026-10-06,18:50,3273,Wile E. Coyote Canyon Blaster,Thrill Rides,false,0
2026-10-06T22:50:00Z,2026-10-06T18:50:00-04:00,2026-10-06,18:50,6371,WONDER WOMAN™ Lasso of Truth,Thrill Rides,false,0
2026-10-06T22:50:00Z,2026-10-06T18:50:00-04:00,2026-10-06,18:50,13929,Army of the Dead,Halloween,false,0
2026-10-06T22:50:00Z,2026-10-06T18:50:00-04:00,2026-10-06,18:50,13932,Asylum,Halloween,false,0
2026-10-06T22:50:00Z,2026-10-06T18:50:00-04:00,2026-10-06,18:50,13933,Big Top Terror,Halloween,false,0
2026-10-06T22:50:00Z,2026-10-06T18:50:00-04:00,2026-10-06,18:50,17766,CarnEvil,Halloween,false,0
2026-10-06T22:50:00Z,2026-10-06T18:50:00-04:00,2026-10-06,18:50,17767,Curse of Blackbeard's Bounty,Halloween,false,0
2026-10-06T22:50:00Z,2026-10-06T18:50:00-04:00,2026-10-06,18:50,17768,Deadwood Cabin,Halloween,false,0
2026-10-06T22:50:00Z,2026-10-06T18:50:00-04:00,2026-10-06,18:50,17769,Exile Canyon,Halloween,false,0
2026-10-06T22:50:00Z,2026-10-06T18:50:00-04:00,2026-10-06,18:50,17770,Final Destination,Halloween,false,0
2026-10-06T22:50:00Z,2026-10-06T18:50:00-04:00,2026-10-06,18:50,17771,JASON: Blood Reign,Halloween,false,0
2026-10-06T22:50:00Z,2026-10-06T18:50:00-04:00,2026-10-06,18:50,17772,Plaza De La Muerte,Halloween,false,0
2026-10-06T22:50:00Z,2026-10-06T18:50:00-04:00,2026-10-06,18:50,4005,The Bloody Fountain,Halloween,false,0
2026-10-06T22:50:00Z,2026-10-06T18:50:00-04:00,2026-10-06,18:50,13926,The Conjuring Universe,Halloween,false,0
2026-10-06T22:50:00Z,2026-10-06T18:50:00-04:00,2026-10-06,18:50,17725,The Witch's Reflection,Halloween,false,0
2026-10-06T22:50:00Z,2026-10-06T18:50:00-04:00,2026-10-06,18:50,17720,Trick or Treatin' with Boo,Halloween,false,0
2026-10-06T22:50:00Z,2026-10-06T18:50:00-04:00,2026-10-06,18:50,17773,Twisted Holidays,Halloween,false,0
2026-10-06T22:55:00Z,2026-10-06T18:55:00-04:00,2026-10-06,18:55,3231,Air Jumbo,Family Rides,false,0
2026-10-06T22:55:00Z,2026-10-06T18:55:00-04:00,2026-10-06,18:55,17425,Barrels O’ Fun,Family Rides,false,0
2026-10-06T22:55:00Z,2026-10-06T18:55:00-04:00,2026-10-06,18:55,3270,Buccaneer,Family Rides,false,0
2026-10-06T22:55:00Z,2026-10-06T18:55:00-04:00,2026-10-06,18:55,3237,Carousel,Family Rides,false,0
2026-10-06T22:55:00Z,2026-10-06T18:55:00-04:00,2026-10-06,18:55,3244,Enchanted Teacups,Family Rides,false,0
2026-10-06T22:55:00Z,2026-10-06T18:55:00-04:00,2026-10-06,18:55,3245,Fender Benders,Family Rides,false,0
2026-10-06T22:55:00Z,2026-10-06T18:55:00-04:00,2026-10-06,18:55,17426,Flying Scooters,Family Rides,false,0
2026-10-06T22:55:00Z,2026-10-06T18:55:00-04:00,2026-10-06,18:55,15604,Giant Wheel,Family Rides,false,0
2026-10-06T22:55:00Z,2026-10-06T18:55:00-04:00,2026-10-06,18:55,3236,HARLEY QUINN™ Crazy Train,Family Rides,false,0
2026-10-06T22:55:00Z,2026-10-06T18:55:00-04:00,2026-10-06,18:55,3249,Houdini’s Great Escape,Family Rides,false,0
2026-10-06T22:55:00Z,2026-10-06T18:55:00-04:00,2026-10-06,18:55,17427,Hypno Twister,Family Rides,false,0
2026-10-06T22:55:00Z,2026-10-06T18:55:00-04:00,2026-10-06,18:55,3250,Jolly Roger,Family Rides,false,0
2026-10-06T22:55:00Z,2026-10-06T18:55:00-04:00,2026-10-06,18:55,15829,Roaring Rapids,Family Rides,false,0
2026-10-06T22:55:00Z,2026-10-06T18:55:00-04:00,2026-10-06,18:55,15727,Scrambler,Family Rides,false,0
2026-10-06T22:55:00Z,2026-10-06T18:55:00-04:00,2026-10-06,18:55,3268,Tango,Family Rides,false,0
2026-10-06T22:55:00Z,2026-10-06T18:55:00-04:00,2026-10-06,18:55,17428,Wave Swinger,Family Rides,false,0
2026-10-06T22:55:00Z,2026-10-06T18:55:00-04:00,2026-10-06,18:55,3232,Air Safari,Kids' Rides,false,0
2026-10-06T22:55:00Z,2026-10-06T18:55:00-04:00,2026-10-06,18:55,10461,Barnstormer,Kids' Rides,false,0
2026-10-06T22:55:00Z,2026-10-06T18:55:00-04:00,2026-10-06,18:55,3275,Bugaboo,Kids' Rides,false,0
2026-10-06T22:55:00Z,2026-10-06T18:55:00-04:00,2026-10-06,18:55,3277,Bugs Bunny Camp Carousel,Kids' Rides,false,0
2026-10-06T22:55:00Z,2026-10-06T18:55:00-04:00,2026-10-06,18:55,3279,Bugs Bunny Ranger Pilots,Kids' Rides,false,0
2026-10-06T22:55:00Z,2026-10-06T18:55:00-04:00,2026-10-06,18:55,3240,Daffy Duck Hot Air Balloons,Kids' Rides,false,0
2026-10-06T22:55:00Z,2026-10-06T18:55:00-04:00,2026-10-06,18:55,10077,Lil' Devil Coaster,Kids' Rides,false,0
2026-10-06T22:55:00Z,2026-10-06T18:55:00-04:00,2026-10-06,18:55,15617,Porky Pig Camp Wagons,Kids' Rides,false,0
2026-10-06T22:55:00Z,2026-10-06T18:55:00-04:00,2026-10-06,18:55,3257,Raja’s Rickshaws,Kids' Rides,false,0
2026-10-06T22:55:00Z,2026-10-06T18:55:00-04:00,2026-10-06,18:55,3274,Safari Off-Road Adventure,Kids' Rides,false,0
2026-10-06T22:55:00Z,2026-10-06T18:55:00-04:00,2026-10-06,18:55,3283,Saw Mill Log Flume,Kids' Rides,false,0
2026-10-06T22:55:00Z,2026-10-06T18:55:00-04:00,2026-10-06,18:55,3281,Sky Zooma,Kids' Rides,false,0
2026-10-06T22:55:00Z,2026-10-06T18:55:00-04:00,2026-10-06,18:55,15789,Storm Chaser,Kids' Rides,false,0
2026-10-06T22:55:00Z,2026-10-06T18:55:00-04:00,2026-10-06,18:55,3267,Super Round Up,Kids' Rides,false,0
2026-10-06T22:55:00Z,2026-10-06T18:55:00-04:00,2026-10-06,18:55,15594,Tree Top Hopper,Kids' Rides,false,0
2026-10-06T22:55:00Z,2026-10-06T18:55:00-04:00,2026-10-06,18:55,3233,BATMAN™ The Ride,Thrill Rides,false,0
2026-10-06T22:55:00Z,2026-10-06T18:55:00-04:00,2026-10-06,18:55,3243,El Toro,Thrill Rides,false,0
2026-10-06T22:55:00Z,2026-10-06T18:55:00-04:00,2026-10-06,18:55,8539,Jersey Devil Coaster,Thrill Rides,false,0
2026-10-06T22:55:00Z,2026-10-06T18:55:00-04:00,2026-10-06,18:55,3916,JUSTICE LEAGUE™: Battle for METROPOLIS,Thrill Rides,false,0
2026-10-06T22:55:00Z,2026-10-06T18:55:00-04:00,2026-10-06,18:55,10533,Medusa,Thrill Rides,false,0
2026-10-06T22:55:00Z,2026-10-06T18:55:00-04:00,2026-10-06,18:55,3253,Nitro,Thrill Rides,false,0
2026-10-06T22:55:00Z,2026-10-06T18:55:00-04:00,2026-10-06,18:55,3261,Runaway Train,Thrill Rides,false,0
2026-10-06T22:55:00Z,2026-10-06T18:55:00-04:00,2026-10-06,18:55,3262,Skull Mountain,Thrill Rides,false,0
2026-10-06T22:55:00Z,2026-10-06T18:55:00-04:00,2026-10-06,18:55,3263,SkyScreamer,Thrill Rides,false,0
2026-10-06T22:55:00Z,2026-10-06T18:55:00-04:00,2026-10-06,18:55,3282,Slingshot,Thrill Rides,false,0
2026-10-06T22:55:00Z,2026-10-06T18:55:00-04:00,2026-10-06,18:55,3266,SUPERMAN™: Ultimate Flight,Thrill Rides,false,0
2026-10-06T22:55:00Z,2026-10-06T18:55:00-04:00,2026-10-06,18:55,3271,THE DARK KNIGHT™ Coaster,Thrill Rides,false,0
2026-10-06T22:55:00Z,2026-10-06T18:55:00-04:00,2026-10-06,18:55,14537,THE FLASH™: Vertical Velocity,Thrill Rides,false,0
2026-10-06T22:55:00Z,2026-10-06T18:55:00-04:00,2026-10-06,18:55,3288,THE JOKER™,Thrill Rides,false,0
2026-10-06T22:55:00Z,2026-10-06T18:55:00-04:00,2026-10-06,18:55,3273,Wile E. Coyote Canyon Blaster,Thrill Rides,false,0
2026-10-06T22:55:00Z,2026-10-06T18:55:00-04:00,2026-10-06,18:55,6371,WONDER WOMAN™ Lasso of Truth,Thrill Rides,false,0
2026-10-06T22:55:00Z,2026-10-06T18:55:00-04:00,2026-10-06,18:55,13929,Army of the Dead,Halloween,false,0
2026-10-06T22:55:00Z,2026-10-06T18:55:00-04:00,2026-10-06,18:55,13932,Asylum,Halloween,false,0
2026-10-06T22:55:00Z,2026-10-06T18:55:00-04:00,2026-10-06,18:55,13933,Big Top Terror,Halloween,false,0
2026-10-06T22:55:00Z,2026-10-06T18:55:00-04:00,2026-10-06,18:55,17766,CarnEvil,Halloween,false,0
2026-10-06T22:55:00Z,2026-10-06T18:55:00-04:00,2026-10-06,18:55,17767,Curse of Blackbeard's Bounty,Halloween,false,0
2026-10-06T22:55:00Z,2026-10-06T18:55:00-04:00,2026-10-06,18:55,17768,Deadwood Cabin,Halloween,false,0
2026-10-06T22:55:00Z,2026-10-06T18:55:00-04:00,2026-10-06,18:55,17769,Exile Canyon,Halloween,false,0
2026-10-06T22:55:00Z,2026-10-06T18:55:00-04:00,2026-10-06,18:55,17770,Final Destination,Halloween,false,0
2026-10-06T22:55:00Z,2026-10-06T18:55:00-04:00,2026-10-06,18:55,17771,JASON: Blood Reign,Halloween,false,0
2026-10-06T22:55:00Z,2026-10-06T18:55:00-04:00,2026-10-06,18:55,17772,Plaza De La Muerte,Halloween,false,0
2026-10-06T22:55:00Z,2026-10-06T18:55:00-04:00,2026-10-06,18:55,4005,The Bloody Fountain,Halloween,false,0
2026-10-06T22:55:00Z,2026-10-06T18:55:00-04:00,2026-10-06,18:55,13926,The Conjuring Universe,Halloween,false,0
2026-10-06T22:55:00Z,2026-10-06T18:55:00-04:00,2026-10-06,18:55,17725,The Witch's Reflection,Halloween,false,0
2026-10-06T22:55:00Z,2026-10-06T18:55:00-04:00,2026-10-06,18:55,17720,Trick or Treatin' with Boo,Halloween,false,0
2026-10-06T22:55:00Z,2026-10-06T18:55:00-04:00,2026-10-06,18:55,17773,Twisted Holidays,Halloween,false,0
2026-10-06T23:00:00Z,2026-10-06T19:00:00-04:00,2026-10-06,19:00,3231,Air Jumbo,Family Rides,false,0
2026-10-06T23:00:00Z,2026-10-06T19:00:00-04:00,2026-10-06,19:00,17425,Barrels O’ Fun,Family Rides,false,0
2026-10-06T23:00:00Z,2026-10-06T19:00:00-04:00,2026-10-06,19:00,3270,Buccaneer,Family Rides,false,0
2026-10-06T23:00:00Z,2026-10-06T19:00:00-04:00,2026-10-06,19:00,3237,Carousel,Family Rides,false,0
2026-10-06T23:00:00Z,2026-10-06T19:00:00-04:00,2026-10-06,19:00,3244,Enchanted Teacups,Family Rides,false,0
2026-10-06T23:00:00Z,2026-10-06T19:00:00-04:00,2026-10-06,19:00,3245,Fender Benders,Family Rides,false,0
2026-10-06T23:00:00Z,2026-10-06T19:00:00-04:00,2026-10-06,19:00,17426,Flying Scooters,Family Rides,false,0
2026-10-06T23:00:00Z,2026-10-06T19:00:00-04:00,2026-10-06,19:00,15604,Giant Wheel,Family Rides,false,0
2026-10-06T23:00:00Z,2026-10-06T19:00:00-04:00,2026-10-06,19:00,3236,HARLEY QUINN™ Crazy Train,Family Rides,false,0
2026-10-06T23:00:00Z,2026-10-06T19:00:00-04:00,2026-10-06,19:00,3249,Houdini’s Great Escape,Family Rides,false,0
2026-10-06T23:00:00Z,2026-10-06T19:00:00-04:00,2026-10-06,19:00,17427,Hypno Twister,Family Rides,false,0
2026-10-06T23:00:00Z,2026-10-06T19:00:00-04:00,2026-10-06,19:00,3250,Jolly Roger,Family Rides,false,0
2026-10-06T23:00:00Z,2026-10-06T19:00:00-04:00,2026-10-06,19:00,15829,Roaring Rapids,Family Rides,false,0
2026-10-06T23:00:00Z,2026-10-06T19:00:00-04:00,2026-10-06,19:00,15727,Scrambler,Family Rides,false,0
2026-10-06T23:00:00Z,2026-10-06T19:00:00-04:00,2026-10-06,19:00,3268,Tango,Family Rides,false,0
2026-10-06T23:00:00Z,2026-10-06T19:00:00-04:00,2026-10-06,19:00,17428,Wave Swinger,Family Rides,false,0
2026-10-06T23:00:00Z,2026-10-06T19:00:00-04:00,2026-10-06,19:00,3232,Air Safari,Kids' Rides,false,0
2026-10-06T23:00:00Z,2026-10-06T19:00:00-04:00,2026-10-06,19:00,10461,Barnstormer,Kids' Rides,false,0
2026-10-06T23:00:00Z,2026-10-06T19:00:00-04:00,2026-10-06,19:00,3275,Bugaboo,Kids' Rides,false,0
2026-10-06T23:00:00Z,2026-10-06T19:00:00-04:00,2026-10-06,19:00,3277,Bugs Bunny Camp Carousel,Kids' Rides,false,0
2026-10-06T23:00:00Z,2026-10-06T19:00:00-04:00,2026-10-06,19:00,3279,Bugs Bunny Ranger Pilots,Kids' Rides,false,0
2026-10-06T23:00:00Z,2026-10-06T19:00:00-04:00,2026-10-06,19:00,3240,Daffy Duck Hot Air Balloons,Kids' Rides,false,0
2026-10-06T23:00:00Z,2026-10-06T19:00:00-04:00,2026-10-06,19:00,10077,Lil' Devil Coaster,Kids' Rides,false,0
2026-10-06T23:00:00Z,2026-10-06T19:00:00-04:00,2026-10-06,19:00,15617,Porky Pig Camp Wagons,Kids' Rides,false,0
2026-10-06T23:00:00Z,2026-10-06T19:00:00-04:00,2026-10-06,19:00,3257,Raja’s Rickshaws,Kids' Rides,false,0
2026-10-06T23:00:00Z,2026-10-06T19:00:00-04:00,2026-10-06,19:00,3274,Safari Off-Road Adventure,Kids' Rides,false,0
2026-10-06T23:00:00Z,2026-10-06T19:00:00-04:00,2026-10-06,19:00,3283,Saw Mill Log Flume,Kids' Rides,false,0
2026-10-06T23:00:00Z,2026-10-06T19:00:00-04:00,2026-10-06,19:00,3281,Sky Zooma,Kids' Rides,false,0
2026-10-06T23:00:00Z,2026-10-06T19:00:00-04:00,2026-10-06,19:00,15789,Storm Chaser,Kids' Rides,false,0
2026-10-06T23:00:00Z,2026-10-06T19:00:00-04:00,2026-10-06,19:00,3267,Super Round Up,Kids' Rides,false,0
2026-10-06T23:00:00Z,2026-10-06T19:00:00-04:00,2026-10-06,19:00,15594,Tree Top Hopper,Kids' Rides,false,0
2026-10-06T23:00:00Z,2026-10-06T19:00:00-04:00,2026-10-06,19:00,3233,BATMAN™ The Ride,Thrill Rides,false,0
2026-10-06T23:00:00Z,2026-10-06T19:00:00-04:00,2026-10-06,19:00,3243,El Toro,Thrill Rides,false,0
2026-10-06T23:00:00Z,2026-10-06T19:00:00-04:00,2026-10-06,19:00,8539,Jersey Devil Coaster,Thrill Rides,false,0
2026-10-06T23:00:00Z,2026-10-06T19:00:00-04:00,2026-10-06,19:00,3916,JUSTICE LEAGUE™: Battle for METROPOLIS,Thrill Rides,false,0
2026-10-06T23:00:00Z,2026-10-06T19:00:00-04:00,2026-10-06,19:00,10533,Medusa,Thrill Rides,false,0
2026-10-06T23:00:00Z,2026-10-06T19:00:00-04:00,2026-10-06,19:00,3253,Nitro,Thrill Rides,false,0
2026-10-06T23:00:00Z,2026-10-06T19:00:00-04:00,2026-10-06,19:00,3261,Runaway Train,Thrill Rides,false,0
2026-10-06T23:00:00Z,2026-10-06T19:00:00-04:00,2026-10-06,19:00,3262,Skull Mountain,Thrill Rides,false,0
2026-10-06T23:00:00Z,2026-10-06T19:00:00-04:00,2026-10-06,19:00,3263,SkyScreamer,Thrill Rides,false,0
2026-10-06T23:00:00Z,2026-10-06T19:00:00-04:00,2026-10-06,19:00,3282,Slingshot,Thrill Rides,false,0
2026-10-06T23:00:00Z,2026-10-06T19:00:00-04:00,2026-10-06,19:00,3266,SUPERMAN™: Ultimate Flight,Thrill Rides,false,0
2026-10-06T23:00:00Z,2026-10-06T19:00:00-04:00,2026-10-06,19:00,3271,THE DARK KNIGHT™ Coaster,Thrill Rides,false,0
2026-10-06T23:00:00Z,2026-10-06T19:00:00-04:00,2026-10-06,19:00,14537,THE FLASH™: Vertical Velocity,Thrill Rides,false,0
2026-10-06T23:00:00Z,2026-10-06T19:00:00-04:00,2026-10-06,19:00,3288,THE JOKER™,Thrill Rides,false,0
2026-10-06T23:00:00Z,2026-10-06T19:00:00-04:00,2026-10-06,19:00,3273,Wile E. Coyote Canyon Blaster,Thrill Rides,false,0
2026-10-06T23:00:00Z,2026-10-06T19:00:00-04:00,2026-10-06,19:00,6371,WONDER WOMAN™ Lasso of Truth,Thrill Rides,false,0
2026-10-06T23:00:00Z,2026-10-06T19:00:00-04:00,2026-10-06,19:00,13929,Army of the Dead,Halloween,false,0
2026-10-06T23:00:00Z,2026-10-06T19:00:00-04:00,2026-10-06,19:00,13932,Asylum,Halloween,false,0
2026-10-06T23:00:00Z,2026-10-06T19:00:00-04:00,2026-10-06,19:00,13933,Big Top Terror,Halloween,false,0
2026-10-06T23:00:00Z,2026-10-06T19:00:00-04:00,2026-10-06,19:00,17766,CarnEvil,Halloween,false,0
2026-10-06T23:00:00Z,2026-10-06T19:00:00-04:00,2026-10-06,19:00,17767,Curse of Blackbeard's Bounty,Halloween,false,0
2026-10-06T23:00:00Z,2026-10-06T19:00:00-04:00,2026-10-06,19:00,17768,Deadwood Cabin,Halloween,false,0
2026-10-06T23:00:00Z,2026-10-06T19:00:00-04:00,2026-10-06,19:00,17769,Exile Canyon,Halloween,false,0
2026-10-06T23:00:00Z,2026-10-06T19:00:00-04:00,2026-10-06,19:00,17770,Final Destination,Halloween,false,0
2026-10-06T23:00:00Z,2026-10-06T19:00:00-04:00,2026-10-06,19:00,17771,JASON: Blood Reign,Halloween,false,0
2026-10-06T23:00:00Z,2026-10-06T19:00:00-04:00,2026-10-06,19:00,17772,Plaza De La Muerte,Halloween,false,0
2026-10-06T23:00:00Z,2026-10-06T19:00:00-04:00,2026-10-06,19:00,4005,The Bloody Fountain,Halloween,false,0
2026-10-06T23:00:00Z,2026-10-06T19:00:00-04:00,2026-10-06,19:00,13926,The Conjuring Universe,Halloween,false,0
2026-10-06T23:00:00Z,2026-10-06T19:00:00-04:00,2026-10-06,19:00,17725,The Witch's Reflection,Halloween,false,0
2026-10-06T23:00:00Z,2026-10-06T19:00:00-04:00,2026-10-06,19:00,17720,Trick or Treatin' with Boo,Halloween,false,0
2026-10-06T23:00:00Z,2026-10-06T19:00:00-04:00,2026-10-06,19:00,17773,Twisted Holidays,Halloween,false,0
2026-10-06T23:05:00Z,2026-10-06T19:05:00-04:00,2026-10-06,19:05,3231,Air Jumbo,Family Rides,false,0
2026-10-06T23:05:00Z,2026-10-06T19:05:00-04:00,2026-10-06,19:05,17425,Barrels O’ Fun,Family Rides,false,0
2026-10-06T23:05:00Z,2026-10-06T19:05:00-04:00,2026-10-06,19:05,3270,Buccaneer,Family Rides,false,0
2026-10-06T23:05:00Z,2026-10-06T19:05:00-04:00,2026-10-06,19:05,3237,Carousel,Family Rides,false,0
2026-10-06T23:05:00Z,2026-10-06T19:05:00-04:00,2026-10-06,19:05,3244,Enchanted Teacups,Family Rides,false,0
2026-10-06T23:05:00Z,2026-10-06T19:05:00-04:00,2026-10-06,19:05,3245,Fender Benders,Family Rides,false,0
2026-10-06T23:05:00Z,2026-10-06T19:05:00-04:00,2026-10-06,19:05,17426,Flying Scooters,Family Rides,false,0
2026-10-06T23:05:00Z,2026-10-06T19:05:00-04:00,2026-10-06,19:05,15604,Giant Wheel,Family Rides,false,0
2026-10-06T23:05:00Z,2026-10-06T19:05:00-04:00,2026-10-06,19:05,3236,HARLEY QUINN™ Crazy Train,Family Rides,false,0
2026-10-06T23:05:00Z,2026-10-06T19:05:00-04:00,2026-10-06,19:05,3249,Houdini’s Great Escape,Family Rides,false,0
2026-10-06T23:05:00Z,2026-10-06T19:05:00-04:00,2026-10-06,19:05,17427,Hypno Twister,Family Rides,false,0
2026-10-06T23:05:00Z,2026-10-06T19:05:00-04:00,2026-10-06,19:05,3250,Jolly Roger,Family Rides,false,0
2026-10-06T23:05:00Z,2026-10-06T19:05:00-04:00,2026-10-06,19:05,15829,Roaring Rapids,Family Rides,false,0
2026-10-06T23:05:00Z,2026-10-06T19:05:00-04:00,2026-10-06,19:05,15727,Scrambler,Family Rides,false,0
2026-10-06T23:05:00Z,2026-10-06T19:05:00-04:00,2026-10-06,19:05,3268,Tango,Family Rides,false,0
2026-10-06T23:05:00Z,2026-10-06T19:05:00-04:00,2026-10-06,19:05,17428,Wave Swinger,Family Rides,false,0
2026-10-06T23:05:00Z,2026-10-06T19:05:00-04:00,2026-10-06,19:05,3232,Air Safari,Kids' Rides,false,0
2026-10-06T23:05:00Z,2026-10-06T19:05:00-04:00,2026-10-06,19:05,10461,Barnstormer,Kids' Rides,false,0
2026-10-06T23:05:00Z,2026-10-06T19:05:00-04:00,2026-10-06,19:05,3275,Bugaboo,Kids' Rides,false,0
2026-10-06T23:05:00Z,2026-10-06T19:05:00-04:00,2026-10-06,19:05,3277,Bugs Bunny Camp Carousel,Kids' Rides,false,0
2026-10-06T23:05:00Z,2026-10-06T19:05:00-04:00,2026-10-06,19:05,3279,Bugs Bunny Ranger Pilots,Kids' Rides,false,0
2026-10-06T23:05:00Z,2026-10-06T19:05:00-04:00,2026-10-06,19:05,3240,Daffy Duck Hot Air Balloons,Kids' Rides,false,0
2026-10-06T23:05:00Z,2026-10-06T19:05:00-04:00,2026-10-06,19:05,10077,Lil' Devil Coaster,Kids' Rides,false,0
2026-10-06T23:05:00Z,2026-10-06T19:05:00-04:00,2026-10-06,19:05,15617,Porky Pig Camp Wagons,Kids' Rides,false,0
2026-10-06T23:05:00Z,2026-10-06T19:05:00-04:00,2026-10-06,19:05,3257,Raja’s Rickshaws,Kids' Rides,false,0
2026-10-06T23:05:00Z,2026-10-06T19:05:00-04:00,2026-10-06,19:05,3274,Safari Off-Road Adventure,Kids' Rides,false,0
2026-10-06T23:05:00Z,2026-10-06T19:05:00-04:00,2026-10-06,19:05,3283,Saw Mill Log Flume,Kids' Rides,false,0
2026-10-06T23:05:00Z,2026-10-06T19:05:00-04:00,2026-10-06,19:05,3281,Sky Zooma,Kids' Rides,false,0
2026-10-06T23:05:00Z,2026-10-06T19:05:00-04:00,2026-10-06,19:05,15789,Storm Chaser,Kids' Rides,false,0
2026-10-06T23:05:00Z,2026-10-06T19:05:00-04:00,2026-10-06,19:05,3267,Super Round Up,Kids' Rides,false,0
2026-10-06T23:05:00Z,2026-10-06T19:05:00-04:00,2026-10-06,19:05,15594,Tree Top Hopper,Kids' Rides,false,0
2026-10-06T23:05:00Z,2026-10-06T19:05:00-04:00,2026-10-06,19:05,3233,BATMAN™ The Ride,Thrill Rides,false,0
2026-10-06T23:05:00Z,2026-10-06T19:05:00-04:00,2026-10-06,19:05,3243,El Toro,Thrill Rides,false,0
2026-10-06T23:05:00Z,2026-10-06T19:05:00-04:00,2026-10-06,19:05,8539,Jersey Devil Coaster,Thrill Rides,false,0
2026-10-06T23:05:00Z,2026-10-06T19:05:00-04:00,2026-10-06,19:05,3916,JUSTICE LEAGUE™: Battle for METROPOLIS,Thrill Rides,false,0
2026-10-06T23:05:00Z,2026-10-06T19:05:00-04:00,2026-10-06,19:05,10533,Medusa,Thrill Rides,false,0
2026-10-06T23:05:00Z,2026-10-06T19:05:00-04:00,2026-10-06,19:05,3253,Nitro,Thrill Rides,false,0
2026-10-06T23:05:00Z,2026-10-06T19:05:00-04:00,2026-10-06,19:05,3261,Runaway Train,Thrill Rides,false,0
2026-10-06T23:05:00Z,2026-10-06T19:05:00-04:00,2026-10-06,19:05,3262,Skull Mountain,Thrill Rides,false,0
2026-10-06T23:05:00Z,2026-10-06T19:05:00-04:00,2026-10-06,19:05,3263,SkyScreamer,Thrill Rides,false,0
2026-10-06T23:05:00Z,2026-10-06T19:05:00-04:00,2026-10-06,19:05,3282,Slingshot,Thrill Rides,false,0
2026-10-06T23:05:00Z,2026-10-06T19:05:00-04:00,2026-10-06,19:05,3266,SUPERMAN™: Ultimate Flight,Thrill Rides,false,0
2026-10-06T23:05:00Z,2026-10-06T19:05:00-04:00,2026-10-06,19:05,3271,THE DARK KNIGHT™ Coaster,Thrill Rides,false,0
2026-10-06T23:05:00Z,2026-10-06T19:05:00-04:00,2026-10-06,19:05,14537,THE FLASH™: Vertical Velocity,Thrill Rides,false,0
2026-10-06T23:05:00Z,2026-10-06T19:05:00-04:00,2026-10-06,19:05,3288,THE JOKER™,Thrill Rides,false,0
2026-10-06T23:05:00Z,2026-10-06T19:05:00-04:00,2026-10-06,19:05,3273,Wile E. Coyote Canyon Blaster,Thrill Rides,false,0
2026-10-06T23:05:00Z,2026-10-06T19:05:00-04:00,2026-10-06,19:05,6371,WONDER WOMAN™ Lasso of Truth,Thrill Rides,false,0
2026-10-06T23:05:00Z,2026-10-06T19:05:00-04:00,2026-10-06,19:05,13929,Army of the Dead,Halloween,false,0
2026-10-06T23:05:00Z,2026-10-06T19:05:00-04:00,2026-10-06,19:05,13932,Asylum,Halloween,false,0
2026-10-06T23:05:00Z,2026-10-06T19:05:00-04:00,2026-10-06,19:05,13933,Big Top Terror,Halloween,false,0
2026-10-06T23:05:00Z,2026-10-06T19:05:00-04:00,2026-10-06,19:05,17766,CarnEvil,Halloween,false,0
2026-10-06T23:05:00Z,2026-10-06T19:05:00-04:00,2026-10-06,19:05,17767,Curse of Blackbeard's Bounty,Halloween,false,0
2026-10-06T23:05:00Z,2026-10-06T19:05:00-04:00,2026-10-06,19:05,17768,Deadwood Cabin,Halloween,false,0
2026-10-06T23:05:00Z,2026-10-06T19:05:00-04:00,2026-10-06,19:05,17769,Exile Canyon,Halloween,false,0
2026-10-06T23:05:00Z,2026-10-06T19:05:00-04:00,2026-10-06,19:05,17770,Final Destination,Halloween,false,0
2026-10-06T23:05:00Z,2026-10-06T19:05:00-04:00,2026-10-06,19:05,17771,JASON: Blood Reign,Halloween,false,0
2026-10-06T23:05:00Z,2026-10-06T19:05:00-04:00,2026-10-06,19:05,17772,Plaza De La Muerte,Halloween,false,0
2026-10-06T23:05:00Z,2026-10-06T19:05:00-04:00,2026-10-06,19:05,4005,The Bloody Fountain,Halloween,false,0
2026-10-06T23:05:00Z,2026-10-06T19:05:00-04:00,2026-10-06,19:05,13926,The Conjuring Universe,Halloween,false,0
2026-10-06T23:05:00Z,2026-10-06T19:05:00-04:00,2026-10-06,19:05,17725,The Witch's Reflection,Halloween,false,0
2026-10-06T23:05:00Z,2026-10-06T19:05:00-04:00,2026-10-06,19:05,17720,Trick or Treatin' with Boo,Halloween,false,0
2026-10-06T23:05:00Z,2026-10-06T19:05:00-04:00,2026-10-06,19:05,17773,Twisted Holidays,Halloween,false,0
2026-10-06T23:10:00Z,2026-10-06T19:10:00-04:00,2026-10-06,19:10,3231,Air Jumbo,Family Rides,false,0
2026-10-06T23:10:00Z,2026-10-06T19:10:00-04:00,2026-10-06,19:10,17425,Barrels O’ Fun,Family Rides,false,0
2026-10-06T23:10:00Z,2026-10-06T19:10:00-04:00,2026-10-06,19:10,3270,Buccaneer,Family Rides,false,0
2026-10-06T23:10:00Z,2026-10-06T19:10:00-04:00,2026-10-06,19:10,3237,Carousel,Family Rides,false,0
2026-10-06T23:10:00Z,2026-10-06T19:10:00-04:00,2026-10-06,19:10,3244,Enchanted Teacups,Family Rides,false,0
2026-10-06T23:10:00Z,2026-10-06T19:10:00-04:00,2026-10-06,19:10,3245,Fender Benders,Family Rides,false,0
2026-10-06T23:10:00Z,2026-10-06T19:10:00-04:00,2026-10-06,19:10,17426,Flying Scooters,Family Rides,false,0
2026-10-06T23:10:00Z,2026-10-06T19:10:00-04:00,2026-10-06,19:10,15604,Giant Wheel,Family Rides,false,0
2026-10-06T23:10:00Z,2026-10-06T19:10:00-04:00,2026-10-06,19:10,3236,HARLEY QUINN™ Crazy Train,Family Rides,false,0
2026-10-06T23:10:00Z,2026-10-06T19:10:00-04:00,2026-10-06,19:10,3249,Houdini’s Great Escape,Family Rides,false,0
2026-10-06T23:10:00Z,2026-10-06T19:10:00-04:00,2026-10-06,19:10,17427,Hypno Twister,Family Rides,false,0
2026-10-06T23:10:00Z,2026-10-06T19:10:00-04:00,2026-10-06,19:10,3250,Jolly Roger,Family Rides,false,0
2026-10-06T23:10:00Z,2026-10-06T19:10:00-04:00,2026-10-06,19:10,15829,Roaring Rapids,Family Rides,false,0
2026-10-06T23:10:00Z,2026-10-06T19:10:00-04:00,2026-10-06,19:10,15727,Scrambler,Family Rides,false,0
2026-10-06T23:10:00Z,2026-10-06T19:10:00-04:00,2026-10-06,19:10,3268,Tango,Family Rides,false,0
2026-10-06T23:10:00Z,2026-10-06T19:10:00-04:00,2026-10-06,19:10,17428,Wave Swinger,Family Rides,false,0
2026-10-06T23:10:00Z,2026-10-06T19:10:00-04:00,2026-10-06,19:10,3232,Air Safari,Kids' Rides,false,0
2026-10-06T23:10:00Z,2026-10-06T19:10:00-04:00,2026-10-06,19:10,10461,Barnstormer,Kids' Rides,false,0
2026-10-06T23:10:00Z,2026-10-06T19:10:00-04:00,2026-10-06,19:10,3275,Bugaboo,Kids' Rides,false,0
2026-10-06T23:10:00Z,2026-10-06T19:10:00-04:00,2026-10-06,19:10,3277,Bugs Bunny Camp Carousel,Kids' Rides,false,0
2026-10-06T23:10:00Z,2026-10-06T19:10:00-04:00,2026-10-06,19:10,3279,Bugs Bunny Ranger Pilots,Kids' Rides,false,0
2026-10-06T23:10:00Z,2026-10-06T19:10:00-04:00,2026-10-06,19:10,3240,Daffy Duck Hot Air Balloons,Kids' Rides,false,0
2026-10-06T23:10:00Z,2026-10-06T19:10:00-04:00,2026-10-06,19:10,10077,Lil' Devil Coaster,Kids' Rides,false,0
2026-10-06T23:10:00Z,2026-10-06T19:10:00-04:00,2026-10-06,19:10,15617,Porky Pig Camp Wagons,Kids' Rides,false,0
2026-10-06T23:10:00Z,2026-10-06T19:10:00-04:00,2026-10-06,19:10,3257,Raja’s Rickshaws,Kids' Rides,false,0
2026-10-06T23:10:00Z,2026-10-06T19:10:00-04:00,2026-10-06,19:10,3274,Safari Off-Road Adventure,Kids' Rides,false,0
2026-10-06T23:10:00Z,2026-10-06T19:10:00-04:00,2026-10-06,19:10,3283,Saw Mill Log Flume,Kids' Rides,false,0
2026-10-06T23:10:00Z,2026-10-06T19:10:00-04:00,2026-10-06,19:10,3281,Sky Zooma,Kids' Rides,false,0
2026-10-06T23:10:00Z,2026-10-06T19:10:00-04:00,2026-10-06,19:10,15789,Storm Chaser,Kids' Rides,false,0
2026-10-06T23:10:00Z,2026-10-06T19:10:00-04:00,2026-10-06,19:10,3267,Super Round Up,Kids' Rides,false,0
2026-10-06T23:10:00Z,2026-10-06T19:10:00-04:00,2026-10-06,19:10,15594,Tree Top Hopper,Kids' Rides,false,0
2026-10-06T23:10:00Z,2026-10-06T19:10:00-04:00,2026-10-06,19:10,3233,BATMAN™ The Ride,Thrill Rides,false,0
2026-10-06T23:10:00Z,2026-10-06T19:10:00-04:00,2026-10-06,19:10,3243,El Toro,Thrill Rides,false,0
2026-10-06T23:10:00Z,2026-10-06T19:10:00-04:00,2026-10-06,19:10,8539,Jersey Devil Coaster,Thrill Rides,false,0
2026-10-06T23:10:00Z,2026-10-06T19:10:00-04:00,2026-10-06,19:10,3916,JUSTICE LEAGUE™: Battle for METROPOLIS,Thrill Rides,false,0
2026-10-06T23:10:00Z,2026-10-06T19:10:00-04:00,2026-10-06,19:10,10533,Medusa,Thrill Rides,false,0
2026-10-06T23:10:00Z,2026-10-06T19:10:00-04:00,2026-10-06,19:10,3253,Nitro,Thrill Rides,false,0
2026-10-06T23:10:00Z,2026-10-06T19:10:00-04:00,2026-10-06,19:10,3261,Runaway Train,Thrill Rides,false,0
2026-10-06T23:10:00Z,2026-10-06T19:10:00-04:00,2026-10-06,19:10,3262,Skull Mountain,Thrill Rides,false,0
2026-10-06T23:10:00Z,2026-10-06T19:10:00-04:00,2026-10-06,19:10,3263,SkyScreamer,Thrill Rides,false,0
2026-10-06T23:10:00Z,2026-10-06T19:10:00-04:00,2026-10-06,19:10,3282,Slingshot,Thrill Rides,false,0
2026-10-06T23:10:00Z,2026-10-06T19:10:00-04:00,2026-10-06,19:10,3266,SUPERMAN™: Ultimate Flight,Thrill Rides,false,0
2026-10-06T23:10:00Z,2026-10-06T19:10:00-04:00,2026-10-06,19:10,3271,THE DARK KNIGHT™ Coaster,Thrill Rides,false,0
2026-10-06T23:10:00Z,2026-10-06T19:10:00-04:00,2026-10-06,19:10,14537,THE FLASH™: Vertical Velocity,Thrill Rides,false,0
2026-10-06T23:10:00Z,2026-10-06T19:10:00-04:00,2026-10-06,19:10,3288,THE JOKER™,Thrill Rides,false,0
2026-10-06T23:10:00Z,2026-10-06T19:10:00-04:00,2026-10-06,19:10,3273,Wile E. Coyote Canyon Blaster,Thrill Rides,false,0
2026-10-06T23:10:00Z,2026-10-06T19:10:00-04:00,2026-10-06,19:10,6371,WONDER WOMAN™ Lasso of Truth,Thrill Rides,false,0
2026-10-06T23:10:00Z,2026-10-06T19:10:00-04:00,2026-10-06,19:10,13929,Army of the Dead,Halloween,false,0
2026-10-06T23:10:00Z,2026-10-06T19:10:00-04:00,2026-10-06,19:10,13932,Asylum,Halloween,false,0
2026-10-06T23:10:00Z,2026-10-06T19:10:00-04:00,2026-10-06,19:10,13933,Big Top Terror,Halloween,false,0
2026-10-06T23:10:00Z,2026-10-06T19:10:00-04:00,2026-10-06,19:10,17766,CarnEvil,Halloween,false,0
2026-10-06T23:10:00Z,2026-10-06T19:10:00-04:00,2026-10-06,19:10,17767,Curse of Blackbeard's Bounty,Halloween,false,0
2026-10-06T23:10:00Z,2026-10-06T19:10:00-04:00,2026-10-06,19:10,17768,Deadwood Cabin,Halloween,false,0
2026-10-06T23:10:00Z,2026-10-06T19:10:00-04:00,2026-10-06,19:10,17769,Exile Canyon,Halloween,false,0
2026-10-06T23:10:00Z,2026-10-06T19:10:00-04:00,2026-10-06,19:10,17770,Final Destination,Halloween,false,0
2026-10-06T23:10:00Z,2026-10-06T19:10:00-04:00,2026-10-06,19:10,17771,JASON: Blood Reign,Halloween,false,0
2026-10-06T23:10:00Z,2026-10-06T19:10:00-04:00,2026-10-06,19:10,17772,Plaza De La Muerte,Halloween,false,0
2026-10-06T23:10:00Z,2026-10-06T19:10:00-04:00,2026-10-06,19:10,4005,The Bloody Fountain,Halloween,false,0
2026-10-06T23:10:00Z,2026-10-06T19:10:00-04:00,2026-10-06,19:10,13926,The Conjuring Universe,Halloween,false,0
2026-10-06T23:10:00Z,2026-10-06T19:10:00-04:00,2026-10-06,19:10,17725,The Witch's Reflection,Halloween,false,0
2026-10-06T23:10:00Z,2026-10-06T19:10:00-04:00,2026-10-06,19:10,17720,Trick or Treatin' with Boo,Halloween,false,0
2026-10-06T23:10:00Z,2026-10-06T19:10:00-04:00,2026-10-06,19:10,17773,Twisted Holidays,Halloween,false,0
2026-10-06T23:15:00Z,2026-10-06T19:15:00-04:00,2026-10-06,19:15,3231,Air Jumbo,Family Rides,false,0
2026-10-06T23:15:00Z,2026-10-06T19:15:00-04:00,2026-10-06,19:15,17425,Barrels O’ Fun,Family Rides,false,0
2026-10-06T23:15:00Z,2026-10-06T19:15:00-04:00,2026-10-06,19:15,3270,Buccaneer,Family Rides,false,0
2026-10-06T23:15:00Z,2026-10-06T19:15:00-04:00,2026-10-06,19:15,3237,Carousel,Family Rides,false,0
2026-10-06T23:15:00Z,2026-10-06T19:15:00-04:00,2026-10-06,19:15,3244,Enchanted Teacups,Family Rides,false,0
2026-10-06T23:15:00Z,2026-10-06T19:15:00-04:00,2026-10-06,19:15,3245,Fender Benders,Family Rides,false,0
2026-10-06T23:15:00Z,2026-10-06T19:15:00-04:00,2026-10-06,19:15,17426,Flying Scooters,Family Rides,false,0
2026-10-06T23:15:00Z,2026-10-06T19:15:00-04:00,2026-10-06,19:15,15604,Giant Wheel,Family Rides,false,0
2026-10-06T23:15:00Z,2026-10-06T19:15:00-04:00,2026-10-06,19:15,3236,HARLEY QUINN™ Crazy Train,Family Rides,false,0
2026-10-06T23:15:00Z,2026-10-06T19:15:00-04:00,2026-10-06,19:15,3249,Houdini’s Great Escape,Family Rides,false,0
2026-10-06T23:15:00Z,2026-10-06T19:15:00-04:00,2026-10-06,19:15,17427,Hypno Twister,Family Rides,false,0
2026-10-06T23:15:00Z,2026-10-06T19:15:00-04:00,2026-10-06,19:15,3250,Jolly Roger,Family Rides,false,0
2026-10-06T23:15:00Z,2026-10-06T19:15:00-04:00,2026-10-06,19:15,15829,Roaring Rapids,Family Rides,false,0
2026-10-06T23:15:00Z,2026-10-06T19:15:00-04:00,2026-10-06,19:15,15727,Scrambler,Family Rides,false,0
2026-10-06T23:15:00Z,2026-10-06T19:15:00-04:00,2026-10-06,19:15,3268,Tango,Family Rides,false,0
2026-10-06T23:15:00Z,2026-10-06T19:15:00-04:00,2026-10-06,19:15,17428,Wave Swinger,Family Rides,false,0
2026-10-06T23:15:00Z,2026-10-06T19:15:00-04:00,2026-10-06,19:15,3232,Air Safari,Kids' Rides,false,0
2026-10-06T23:15:00Z,2026-10-06T19:15:00-04:00,2026-10-06,19:15,10461,Barnstormer,Kids' Rides,false,0
2026-10-06T23:15:00Z,2026-10-06T19:15:00-04:00,2026-10-06,19:15,3275,Bugaboo,Kids' Rides,false,0
2026-10-06T23:15:00Z,2026-10-06T19:15:00-04:00,2026-10-06,19:15,3277,Bugs Bunny Camp Carousel,Kids' Rides,false,0
2026-10-06T23:15:00Z,2026-10-06T19:15:00-04:00,2026-10-06,19:15,3279,Bugs Bunny Ranger Pilots,Kids' Rides,false,0
2026-10-06T23:15:00Z,2026-10-06T19:15:00-04:00,2026-10-06,19:15,3240,Daffy Duck Hot Air Balloons,Kids' Rides,false,0
2026-10-06T23:15:00Z,2026-10-06T19:15:00-04:00,2026-10-06,19:15,10077,Lil' Devil Coaster,Kids' Rides,false,0
2026-10-06T23:15:00Z,2026-10-06T19:15:00-04:00,2026-10-06,19:15,15617,Porky Pig Camp Wagons,Kids' Rides,false,0
2026-10-06T23:15:00Z,2026-10-06T19:15:00-04:00,2026-10-06,19:15,3257,Raja’s Rickshaws,Kids' Rides,false,0
2026-10-06T23:15:00Z,2026-10-06T19:15:00-04:00,2026-10-06,19:15,3274,Safari Off-Road Adventure,Kids' Rides,false,0
2026-10-06T23:15:00Z,2026-10-06T19:15:00-04:00,2026-10-06,19:15,3283,Saw Mill Log Flume,Kids' Rides,false,0
2026-10-06T23:15:00Z,2026-10-06T19:15:00-04:00,2026-10-06,19:15,3281,Sky Zooma,Kids' Rides,false,0
2026-10-06T23:15:00Z,2026-10-06T19:15:00-04:00,2026-10-06,19:15,15789,Storm Chaser,Kids' Rides,false,0
2026-10-06T23:15:00Z,2026-10-06T19:15:00-04:00,2026-10-06,19:15,3267,Super Round Up,Kids' Rides,false,0
2026-10-06T23:15:00Z,2026-10-06T19:15:00-04:00,2026-10-06,19:15,15594,Tree Top Hopper,Kids' Rides,false,0
2026-10-06T23:15:00Z,2026-10-06T19:15:00-04:00,2026-10-06,19:15,3233,BATMAN™ The Ride,Thrill Rides,false,0
2026-10-06T23:15:00Z,2026-10-06T19:15:00-04:00,2026-10-06,19:15,3243,El Toro,Thrill Rides,false,0
2026-10-06T23:15:00Z,2026-10-06T19:15:00-04:00,2026-10-06,19:15,8539,Jersey Devil Coaster,Thrill Rides,false,0
2026-10-06T23:15:00Z,2026-10-06T19:15:00-04:00,2026-10-06,19:15,3916,JUSTICE LEAGUE™: Battle for METROPOLIS,Thrill Rides,false,0
2026-10-06T23:15:00Z,2026-10-06T19:15:00-04:00,2026-10-06,19:15,10533,Medusa,Thrill Rides,false,0
2026-10-06T23:15:00Z,2026-10-06T19:15:00-04:00,2026-10-06,19:15,3253,Nitro,Thrill Rides,false,0
2026-10-06T23:15:00Z,2026-10-06T19:15:00-04:00,2026-10-06,19:15,3261,Runaway Train,Thrill Rides,false,0
2026-10-06T23:15:00Z,2026-10-06T19:15:00-04:00,2026-10-06,19:15,3262,Skull Mountain,Thrill Rides,false,0
2026-10-06T23:15:00Z,2026-10-06T19:15:00-04:00,2026-10-06,19:15,3263,SkyScreamer,Thrill Rides,false,0
2026-10-06T23:15:00Z,2026-10-06T19:15:00-04:00,2026-10-06,19:15,3282,Slingshot,Thrill Rides,false,0
2026-10-06T23:15:00Z,2026-10-06T19:15:00-04:00,2026-10-06,19:15,3266,SUPERMAN™: Ultimate Flight,Thrill Rides,false,0
2026-10-06T23:15:00Z,2026-10-06T19:15:00-04:00,2026-10-06,19:15,3271,THE DARK KNIGHT™ Coaster,Thrill Rides,false,0
2026-10-06T23:15:00Z,2026-10-06T19:15:00-04:00,2026-10-06,19:15,14537,THE FLASH™: Vertical Velocity,Thrill Rides,false,0
2026-10-06T23:15:00Z,2026-10-06T19:15:00-04:00,2026-10-06,19:15,3288,THE JOKER™,Thrill Rides,false,0
2026-10-06T23:15:00Z,2026-10-06T19:15:00-04:00,2026-10-06,19:15,3273,Wile E. Coyote Canyon Blaster,Thrill Rides,false,0
2026-10-06T23:15:00Z,2026-10-06T19:15:00-04:00,2026-10-06,19:15,6371,WONDER WOMAN™ Lasso of Truth,Thrill Rides,false,0
2026-10-06T23:15:00Z,2026-10-06T19:15:00-04:00,2026-10-06,19:15,13929,Army of the Dead,Halloween,false,0
2026-10-06T23:15:00Z,2026-10-06T19:15:00-04:00,2026-10-06,19:15,13932,Asylum,Halloween,false,0
2026-10-06T23:15:00Z,2026-10-06T19:15:00-04:00,2026-10-06,19:15,13933,Big Top Terror,Halloween,false,0
2026-10-06T23:15:00Z,2026-10-06T19:15:00-04:00,2026-10-06,19:15,17766,CarnEvil,Halloween,false,0
2026-10-06T23:15:00Z,2026-10-06T19:15:00-04:00,2026-10-06,19:15,17767,Curse of Blackbeard's Bounty,Halloween,false,0
2026-10-06T23:15:00Z,2026-10-06T19:15:00-04:00,2026-10-06,19:15,17768,Deadwood Cabin,Halloween,false,0
2026-10-06T23:15:00Z,2026-10-06T19:15:00-04:00,2026-10-06,19:15,17769,Exile Canyon,Halloween,false,0
2026-10-06T23:15:00Z,2026-10-06T19:15:00-04:00,2026-10-06,19:15,17770,Final Destination,Halloween,false,0
2026-10-06T23:15:00Z,2026-10-06T19:15:00-04:00,2026-10-06,19:15,17771,JASON: Blood Reign,Halloween,false,0
2026-10-06T23:15:00Z,2026-10-06T19:15:00-04:00,2026-10-06,19:15,17772,Plaza De La Muerte,Halloween,false,0
2026-10-06T23:15:00Z,2026-10-06T19:15:00-04:00,2026-10-06,19:15,4005,The Bloody Fountain,Halloween,false,0
2026-10-06T23:15:00Z,2026-10-06T19:15:00-04:00,2026-10-06,19:15,13926,The Conjuring Universe,Halloween,false,0
2026-10-06T23:15:00Z,2026-10-06T19:15:00-04:00,2026-10-06,19:15,17725,The Witch's Reflection,Halloween,false,0
2026-10-06T23:15:00Z,2026-10-06T19:15:00-04:00,2026-10-06,19:15,17720,Trick or Treatin' with Boo,Halloween,false,0
2026-10-06T23:15:00Z,2026-10-06T19:15:00-04:00,2026-10-06,19:15,17773,Twisted Holidays,Halloween,false,0
2026-10-06T23:20:00Z,2026-10-06T19:20:00-04:00,2026-10-06,19:20,3231,Air Jumbo,Family Rides,false,0
2026-10-06T23:20:00Z,2026-10-06T19:20:00-04:00,2026-10-06,19:20,17425,Barrels O’ Fun,Family Rides,false,0
2026-10-06T23:20:00Z,2026-10-06T19:20:00-04:00,2026-10-06,19:20,3270,Buccaneer,Family Rides,false,0
2026-10-06T23:20:00Z,2026-10-06T19:20:00-04:00,2026-10-06,19:20,3237,Carousel,Family Rides,false,0
2026-10-06T23:20:00Z,2026-10-06T19:20:00-04:00,2026-10-06,19:20,3244,Enchanted Teacups,Family Rides,false,0
2026-10-06T23:20:00Z,2026-10-06T19:20:00-04:00,2026-10-06,19:20,3245,Fender Benders,Family Rides,false,0
2026-10-06T23:20:00Z,2026-10-06T19:20:00-04:00,2026-10-06,19:20,17426,Flying Scooters,Family Rides,false,0
2026-10-06T23:20:00Z,2026-10-06T19:20:00-04:00,2026-10-06,19:20,15604,Giant Wheel,Family Rides,false,0
2026-10-06T23:20:00Z,2026-10-06T19:20:00-04:00,2026-10-06,19:20,3236,HARLEY QUINN™ Crazy Train,Family Rides,false,0
2026-10-06T23:20:00Z,2026-10-06T19:20:00-04:00,2026-10-06,19:20,3249,Houdini’s Great Escape,Family Rides,false,0
2026-10-06T23:20:00Z,2026-10-06T19:20:00-04:00,2026-10-06,19:20,17427,Hypno Twister,Family Rides,false,0
2026-10-06T23:20:00Z,2026-10-06T19:20:00-04:00,2026-10-06,19:20,3250,Jolly Roger,Family Rides,false,0
2026-10-06T23:20:00Z,2026-10-06T19:20:00-04:00,2026-10-06,19:20,15829,Roaring Rapids,Family Rides,false,0
2026-10-06T23:20:00Z,2026-10-06T19:20:00-04:00,2026-10-06,19:20,15727,Scrambler,Family Rides,false,0
2026-10-06T23:20:00Z,2026-10-06T19:20:00-04:00,2026-10-06,19:20,3268,Tango,Family Rides,false,0
2026-10-06T23:20:00Z,2026-10-06T19:20:00-04:00,2026-10-06,19:20,17428,Wave Swinger,Family Rides,false,0
2026-10-06T23:20:00Z,2026-10-06T19:20:00-04:00,2026-10-06,19:20,3232,Air Safari,Kids' Rides,false,0
2026-10-06T23:20:00Z,2026-10-06T19:20:00-04:00,2026-10-06,19:20,10461,Barnstormer,Kids' Rides,false,0
2026-10-06T23:20:00Z,2026-10-06T19:20:00-04:00,2026-10-06,19:20,3275,Bugaboo,Kids' Rides,false,0
2026-10-06T23:20:00Z,2026-10-06T19:20:00-04:00,2026-10-06,19:20,3277,Bugs Bunny Camp Carousel,Kids' Rides,false,0
2026-10-06T23:20:00Z,2026-10-06T19:20:00-04:00,2026-10-06,19:20,3279,Bugs Bunny Ranger Pilots,Kids' Rides,false,0
2026-10-06T23:20:00Z,2026-10-06T19:20:00-04:00,2026-10-06,19:20,3240,Daffy Duck Hot Air Balloons,Kids' Rides,false,0
2026-10-06T23:20:00Z,2026-10-06T19:20:00-04:00,2026-10-06,19:20,10077,Lil' Devil Coaster,Kids' Rides,false,0
2026-10-06T23:20:00Z,2026-10-06T19:20:00-04:00,2026-10-06,19:20,15617,Porky Pig Camp Wagons,Kids' Rides,false,0
2026-10-06T23:20:00Z,2026-10-06T19:20:00-04:00,2026-10-06,19:20,3257,Raja’s Rickshaws,Kids' Rides,false,0
2026-10-06T23:20:00Z,2026-10-06T19:20:00-04:00,2026-10-06,19:20,3274,Safari Off-Road Adventure,Kids' Rides,false,0
2026-10-06T23:20:00Z,2026-10-06T19:20:00-04:00,2026-10-06,19:20,3283,Saw Mill Log Flume,Kids' Rides,false,0
2026-10-06T23:20:00Z,2026-10-06T19:20:00-04:00,2026-10-06,19:20,3281,Sky Zooma,Kids' Rides,false,0
2026-10-06T23:20:00Z,2026-10-06T19:20:00-04:00,2026-10-06,19:20,15789,Storm Chaser,Kids' Rides,false,0
2026-10-06T23:20:00Z,2026-10-06T19:20:00-04:00,2026-10-06,19:20,3267,Super Round Up,Kids' Rides,false,0
2026-10-06T23:20:00Z,2026-10-06T19:20:00-04:00,2026-10-06,19:20,15594,Tree Top Hopper,Kids' Rides,false,0
2026-10-06T23:20:00Z,2026-10-06T19:20:00-04:00,2026-10-06,19:20,3233,BATMAN™ The Ride,Thrill Rides,false,0
2026-10-06T23:20:00Z,2026-10-06T19:20:00-04:00,2026-10-06,19:20,3243,El Toro,Thrill Rides,false,0
2026-10-06T23:20:00Z,2026-10-06T19:20:00-04:00,2026-10-06,19:20,8539,Jersey Devil Coaster,Thrill Rides,false,0
2026-10-06T23:20:00Z,2026-10-06T19:20:00-04:00,2026-10-06,19:20,3916,JUSTICE LEAGUE™: Battle for METROPOLIS,Thrill Rides,false,0
2026-10-06T23:20:00Z,2026-10-06T19:20:00-04:00,2026-10-06,19:20,10533,Medusa,Thrill Rides,false,0
2026-10-06T23:20:00Z,2026-10-06T19:20:00-04:00,2026-10-06,19:20,3253,Nitro,Thrill Rides,false,0
2026-10-06T23:20:00Z,2026-10-06T19:20:00-04:00,2026-10-06,19:20,3261,Runaway Train,Thrill Rides,false,0
2026-10-06T23:20:00Z,2026-10-06T19:20:00-04:00,2026-10-06,19:20,3262,Skull Mountain,Thrill Rides,false,0
2026-10-06T23:20:00Z,2026-10-06T19:20:00-04:00,2026-10-06,19:20,3263,SkyScreamer,Thrill Rides,false,0
2026-10-06T23:20:00Z,2026-10-06T19:20:00-04:00,2026-10-06,19:20,3282,Slingshot,Thrill Rides,false,0
2026-10-06T23:20:00Z,2026-10-06T19:20:00-04:00,2026-10-06,19:20,3266,SUPERMAN™: Ultimate Flight,Thrill Rides,false,0
2026-10-06T23:20:00Z,2026-10-06T19:20:00-04:00,2026-10-06,19:20,3271,THE DARK KNIGHT™ Coaster,Thrill Rides,false,0
2026-10-06T23:20:00Z,2026-10-06T19:20:00-04:00,2026-10-06,19:20,14537,THE FLASH™: Vertical Velocity,Thrill Rides,false,0
2026-10-06T23:20:00Z,2026-10-06T19:20:00-04:00,2026-10-06,19:20,3288,THE JOKER™,Thrill Rides,false,0
2026-10-06T23:20:00Z,2026-10-06T19:20:00-04:00,2026-10-06,19:20,3273,Wile E. Coyote Canyon Blaster,Thrill Rides,false,0
2026-10-06T23:20:00Z,2026-10-06T19:20:00-04:00,2026-10-06,19:20,6371,WONDER WOMAN™ Lasso of Truth,Thrill Rides,false,0
2026-10-06T23:20:00Z,2026-10-06T19:20:00-04:00,2026-10-06,19:20,13929,Army of the Dead,Halloween,false,0
2026-10-06T23:20:00Z,2026-10-06T19:20:00-04:00,2026-10-06,19:20,13932,Asylum,Halloween,false,0
2026-10-06T23:20:00Z,2026-10-06T19:20:00-04:00,2026-10-06,19:20,13933,Big Top Terror,Halloween,false,0
2026-10-06T23:20:00Z,2026-10-06T19:20:00-04:00,2026-10-06,19:20,17766,CarnEvil,Halloween,false,0
2026-10-06T23:20:00Z,2026-10-06T19:20:00-04:00,2026-10-06,19:20,17767,Curse of Blackbeard's Bounty,Halloween,false,0
2026-10-06T23:20:00Z,2026-10-06T19:20:00-04:00,2026-10-06,19:20,17768,Deadwood Cabin,Halloween,false,0
2026-10-06T23:20:00Z,2026-10-06T19:20:00-04:00,2026-10-06,19:20,17769,Exile Canyon,Halloween,false,0
2026-10-06T23:20:00Z,2026-10-06T19:20:00-04:00,2026-10-06,19:20,17770,Final Destination,Halloween,false,0
2026-10-06T23:20:00Z,2026-10-06T19:20:00-04:00,2026-10-06,19:20,17771,JASON: Blood Reign,Halloween,false,0
2026-10-06T23:20:00Z,2026-10-06T19:20:00-04:00,2026-10-06,19:20,17772,Plaza De La Muerte,Halloween,false,0
2026-10-06T23:20:00Z,2026-10-06T19:20:00-04:00,2026-10-06,19:20,4005,The Bloody Fountain,Halloween,false,0
2026-10-06T23:20:00Z,2026-10-06T19:20:00-04:00,2026-10-06,19:20,13926,The Conjuring Universe,Halloween,false,0
2026-10-06T23:20:00Z,2026-10-06T19:20:00-04:00,2026-10-06,19:20,17725,The Witch's Reflection,Halloween,false,0
2026-10-06T23:20:00Z,2026-10-06T19:20:00-04:00,2026-10-06,19:20,17720,Trick or Treatin' with Boo,Halloween,false,0
2026-10-06T23:20:00Z,2026-10-06T19:20:00-04:00,2026-10-06,19:20,17773,Twisted Holidays,Halloween,false,0
2026-10-06T23:25:00Z,2026-10-06T19:25:00-04:00,2026-10-06,19:25,3231,Air Jumbo,Family Rides,false,0
2026-10-06T23:25:00Z,2026-10-06T19:25:00-04:00,2026-10-06,19:25,17425,Barrels O’ Fun,Family Rides,false,0
2026-10-06T23:25:00Z,2026-10-06T19:25:00-04:00,2026-10-06,19:25,3270,Buccaneer,Family Rides,false,0
2026-10-06T23:25:00Z,2026-10-06T19:25:00-04:00,2026-10-06,19:25,3237,Carousel,Family Rides,false,0
2026-10-06T23:25:00Z,2026-10-06T19:25:00-04:00,2026-10-06,19:25,3244,Enchanted Teacups,Family Rides,false,0
2026-10-06T23:25:00Z,2026-10-06T19:25:00-04:00,2026-10-06,19:25,3245,Fender Benders,Family Rides,false,0
2026-10-06T23:25:00Z,2026-10-06T19:25:00-04:00,2026-10-06,19:25,17426,Flying Scooters,Family Rides,false,0
2026-10-06T23:25:00Z,2026-10-06T19:25:00-04:00,2026-10-06,19:25,15604,Giant Wheel,Family Rides,false,0
2026-10-06T23:25:00Z,2026-10-06T19:25:00-04:00,2026-10-06,19:25,3236,HARLEY QUINN™ Crazy Train,Family Rides,false,0
2026-10-06T23:25:00Z,2026-10-06T19:25:00-04:00,2026-10-06,19:25,3249,Houdini’s Great Escape,Family Rides,false,0
2026-10-06T23:25:00Z,2026-10-06T19:25:00-04:00,2026-10-06,19:25,17427,Hypno Twister,Family Rides,false,0
2026-10-06T23:25:00Z,2026-10-06T19:25:00-04:00,2026-10-06,19:25,3250,Jolly Roger,Family Rides,false,0
2026-10-06T23:25:00Z,2026-10-06T19:25:00-04:00,2026-10-06,19:25,15829,Roaring Rapids,Family Rides,false,0
2026-10-06T23:25:00Z,2026-10-06T19:25:00-04:00,2026-10-06,19:25,15727,Scrambler,Family Rides,false,0
2026-10-06T23:25:00Z,2026-10-06T19:25:00-04:00,2026-10-06,19:25,3268,Tango,Family Rides,false,0
2026-10-06T23:25:00Z,2026-10-06T19:25:00-04:00,2026-10-06,19:25,17428,Wave Swinger,Family Rides,false,0
2026-10-06T23:25:00Z,2026-10-06T19:25:00-04:00,2026-10-06,19:25,3232,Air Safari,Kids' Rides,false,0
2026-10-06T23:25:00Z,2026-10-06T19:25:00-04:00,2026-10-06,19:25,10461,Barnstormer,Kids' Rides,false,0
2026-10-06T23:25:00Z,2026-10-06T19:25:00-04:00,2026-10-06,19:25,3275,Bugaboo,Kids' Rides,false,0
2026-10-06T23:25:00Z,2026-10-06T19:25:00-04:00,2026-10-06,19:25,3277,Bugs Bunny Camp Carousel,Kids' Rides,false,0
2026-10-06T23:25:00Z,2026-10-06T19:25:00-04:00,2026-10-06,19:25,3279,Bugs Bunny Ranger Pilots,Kids' Rides,false,0
2026-10-06T23:25:00Z,2026-10-06T19:25:00-04:00,2026-10-06,19:25,3240,Daffy Duck Hot Air Balloons,Kids' Rides,false,0
2026-10-06T23:25:00Z,2026-10-06T19:25:00-04:00,2026-10-06,19:25,10077,Lil' Devil Coaster,Kids' Rides,false,0
2026-10-06T23:25:00Z,2026-10-06T19:25:00-04:00,2026-10-06,19:25,15617,Porky Pig Camp Wagons,Kids' Rides,false,0
2026-10-06T23:25:00Z,2026-10-06T19:25:00-04:00,2026-10-06,19:25,3257,Raja’s Rickshaws,Kids' Rides,false,0
2026-10-06T23:25:00Z,2026-10-06T19:25:00-04:00,2026-10-06,19:25,3274,Safari Off-Road Adventure,Kids' Rides,false,0
2026-10-06T23:25:00Z,2026-10-06T19:25:00-04:00,2026-10-06,19:25,3283,Saw Mill Log Flume,Kids' Rides,false,0
2026-10-06T23:25:00Z,2026-10-06T19:25:00-04:00,2026-10-06,19:25,3281,Sky Zooma,Kids' Rides,false,0
2026-10-06T23:25:00Z,2026-10-06T19:25:00-04:00,2026-10-06,19:25,15789,Storm Chaser,Kids' Rides,false,0
2026-10-06T23:25:00Z,2026-10-06T19:25:00-04:00,2026-10-06,19:25,3267,Super Round Up,Kids' Rides,false,0
2026-10-06T23:25:00Z,2026-10-06T19:25:00-04:00,2026-10-06,19:25,15594,Tree Top Hopper,Kids' Rides,false,0
2026-10-06T23:25:00Z,2026-10-06T19:25:00-04:00,2026-10-06,19:25,3233,BATMAN™ The Ride,Thrill Rides,false,0
2026-10-06T23:25:00Z,2026-10-06T19:25:00-04:00,2026-10-06,19:25,3243,El Toro,Thrill Rides,false,0
2026-10-06T23:25:00Z,2026-10-06T19:25:00-04:00,2026-10-06,19:25,8539,Jersey Devil Coaster,Thrill Rides,false,0
2026-10-06T23:25:00Z,2026-10-06T19:25:00-04:00,2026-10-06,19:25,3916,JUSTICE LEAGUE™: Battle for METROPOLIS,Thrill Rides,false,0
2026-10-06T23:25:00Z,2026-10-06T19:25:00-04:00,2026-10-06,19:25,10533,Medusa,Thrill Rides,false,0
2026-10-06T23:25:00Z,2026-10-06T19:25:00-04:00,2026-10-06,19:25,3253,Nitro,Thrill Rides,false,0
2026-10-06T23:25:00Z,2026-10-06T19:25:00-04:00,2026-10-06,19:25,3261,Runaway Train,Thrill Rides,false,0
2026-10-06T23:25:00Z,2026-10-06T19:25:00-04:00,2026-10-06,19:25,3262,Skull Mountain,Thrill Rides,false,0
2026-10-06T23:25:00Z,2026-10-06T19:25:00-04:00,2026-10-06,19:25,3263,SkyScreamer,Thrill Rides,false,0
2026-10-06T23:25:00Z,2026-10-06T19:25:00-04:00,2026-10-06,19:25,3282,Slingshot,Thrill Rides,false,0
2026-10-06T23:25:00Z,2026-10-06T19:25:00-04:00,2026-10-06,19:25,3266,SUPERMAN™: Ultimate Flight,Thrill Rides,false,0
2026-10-06T23:25:00Z,2026-10-06T19:25:00-04:00,2026-10-06,19:25,3271,THE DARK KNIGHT™ Coaster,Thrill Rides,false,0
2026-10-06T23:25:00Z,2026-10-06T19:25:00-04:00,2026-10-06,19:25,14537,THE FLASH™: Vertical Velocity,Thrill Rides,false,0
2026-10-06T23:25:00Z,2026-10-06T19:25:00-04:00,2026-10-06,19:25,3288,THE JOKER™,Thrill Rides,false,0
2026-10-06T23:25:00Z,2026-10-06T19:25:00-04:00,2026-10-06,19:25,3273,Wile E. Coyote Canyon Blaster,Thrill Rides,false,0
2026-10-06T23:25:00Z,2026-10-06T19:25:00-04:00,2026-10-06,19:25,6371,WONDER WOMAN™ Lasso of Truth,Thrill Rides,false,0
2026-10-06T23:25:00Z,2026-10-06T19:25:00-04:00,2026-10-06,19:25,13929,Army of the Dead,Halloween,false,0
2026-10-06T23:25:00Z,2026-10-06T19:25:00-04:00,2026-10-06,19:25,13932,Asylum,Halloween,false,0
2026-10-06T23:25:00Z,2026-10-06T19:25:00-04:00,2026-10-06,19:25,13933,Big Top Terror,Halloween,false,0
2026-10-06T23:25:00Z,2026-10-06T19:25:00-04:00,2026-10-06,19:25,17766,CarnEvil,Halloween,false,0
2026-10-06T23:25:00Z,2026-10-06T19:25:00-04:00,2026-10-06,19:25,17767,Curse of Blackbeard's Bounty,Halloween,false,0
2026-10-06T23:25:00Z,2026-10-06T19:25:00-04:00,2026-10-06,19:25,17768,Deadwood Cabin,Halloween,false,0
2026-10-06T23:25:00Z,2026-10-06T19:25:00-04:00,2026-10-06,19:25,17769,Exile Canyon,Halloween,false,0
2026-10-06T23:25:00Z,2026-10-06T19:25:00-04:00,2026-10-06,19:25,17770,Final Destination,Halloween,false,0
2026-10-06T23:25:00Z,2026-10-06T19:25:00-04:00,2026-10-06,19:25,17771,JASON: Blood Reign,Halloween,false,0
2026-10-06T23:25:00Z,2026-10-06T19:25:00-04:00,2026-10-06,19:25,17772,Plaza De La Muerte,Halloween,false,0
2026-10-06T23:25:00Z,2026-10-06T19:25:00-04:00,2026-10-06,19:25,4005,The Bloody Fountain,Halloween,false,0
2026-10-06T23:25:00Z,2026-10-06T19:25:00-04:00,2026-10-06,19:25,13926,The Conjuring Universe,Halloween,false,0
2026-10-06T23:25:00Z,2026-10-06T19:25:00-04:00,2026-10-06,19:25,17725,The Witch's Reflection,Halloween,false,0
2026-10-06T23:25:00Z,2026-10-06T19:25:00-04:00,2026-10-06,19:25,17720,Trick or Treatin' with Boo,Halloween,false,0
2026-10-06T23:25:00Z,2026-10-06T19:25:00-04:00,2026-10-06,19:25,17773,Twisted Holidays,Halloween,false,0
2026-10-06T23:30:00Z,2026-10-06T19:30:00-04:00,2026-10-06,19:30,3231,Air Jumbo,Family Rides,false,0
2026-10-06T23:30:00Z,2026-10-06T19:30:00-04:00,2026-10-06,19:30,17425,Barrels O’ Fun,Family Rides,false,0
2026-10-06T23:30:00Z,2026-10-06T19:30:00-04:00,2026-10-06,19:30,3270,Buccaneer,Family Rides,false,0
2026-10-06T23:30:00Z,2026-10-06T19:30:00-04:00,2026-10-06,19:30,3237,Carousel,Family Rides,false,0
2026-10-06T23:30:00Z,2026-10-06T19:30:00-04:00,2026-10-06,19:30,3244,Enchanted Teacups,Family Rides,false,0
2026-10-06T23:30:00Z,2026-10-06T19:30:00-04:00,2026-10-06,19:30,3245,Fender Benders,Family Rides,false,0
2026-10-06T23:30:00Z,2026-10-06T19:30:00-04:00,2026-10-06,19:30,17426,Flying Scooters,Family Rides,false,0
2026-10-06T23:30:00Z,2026-10-06T19:30:00-04:00,2026-10-06,19:30,15604,Giant Wheel,Family Rides,false,0
2026-10-06T23:30:00Z,2026-10-06T19:30:00-04:00,2026-10-06,19:30,3236,HARLEY QUINN™ Crazy Train,Family Rides,false,0
2026-10-06T23:30:00Z,2026-10-06T19:30:00-04:00,2026-10-06,19:30,3249,Houdini’s Great Escape,Family Rides,false,0
2026-10-06T23:30:00Z,2026-10-06T19:30:00-04:00,2026-10-06,19:30,17427,Hypno Twister,Family Rides,false,0
2026-10-06T23:30:00Z,2026-10-06T19:30:00-04:00,2026-10-06,19:30,3250,Jolly Roger,Family Rides,false,0
2026-10-06T23:30:00Z,2026-10-06T19:30:00-04:00,2026-10-06,19:30,15829,Roaring Rapids,Family Rides,false,0
2026-10-06T23:30:00Z,2026-10-06T19:30:00-04:00,2026-10-06,19:30,15727,Scrambler,Family Rides,false,0
2026-10-06T23:30:00Z,2026-10-06T19:30:00-04:00,2026-10-06,19:30,3268,Tango,Family Rides,false,0
2026-10-06T23:30:00Z,2026-10-06T19:30:00-04:00,2026-10-06,19:30,17428,Wave Swinger,Family Rides,false,0
2026-10-06T23:30:00Z,2026-10-06T19:30:00-04:00,2026-10-06,19:30,3232,Air Safari,Kids' Rides,false,0
2026-10-06T23:30:00Z,2026-10-06T19:30:00-04:00,2026-10-06,19:30,10461,Barnstormer,Kids' Rides,false,0
2026-10-06T23:30:00Z,2026-10-06T19:30:00-04:00,2026-10-06,19:30,3275,Bugaboo,Kids' Rides,false,0
2026-10-06T23:30:00Z,2026-10-06T19:30:00-04:00,2026-10-06,19:30,3277,Bugs Bunny Camp Carousel,Kids' Rides,false,0
2026-10-06T23:30:00Z,2026-10-06T19:30:00-04:00,2026-10-06,19:30,3279,Bugs Bunny Ranger Pilots,Kids' Rides,false,0
2026-10-06T23:30:00Z,2026-10-06T19:30:00-04:00,2026-10-06,19:30,3240,Daffy Duck Hot Air Balloons,Kids' Rides,false,0
2026-10-06T23:30:00Z,2026-10-06T19:30:00-04:00,2026-10-06,19:30,10077,Lil' Devil Coaster,Kids' Rides,false,0
2026-10-06T23:30:00Z,2026-10-06T19:30:00-04:00,2026-10-06,19:30,15617,Porky Pig Camp Wagons,Kids' Rides,false,0
2026-10-06T23:30:00Z,2026-10-06T19:30:00-04:00,2026-10-06,19:30,3257,Raja’s Rickshaws,Kids' Rides,false,0
2026-10-06T23:30:00Z,2026-10-06T19:30:00-04:00,2026-10-06,19:30,3274,Safari Off-Road Adventure,Kids' Rides,false,0
2026-10-06T23:30:00Z,2026-10-06T19:30:00-04:00,2026-10-06,19:30,3283,Saw Mill Log Flume,Kids' Rides,false,0
2026-10-06T23:30:00Z,2026-10-06T19:30:00-04:00,2026-10-06,19:30,3281,Sky Zooma,Kids' Rides,false,0
2026-10-06T23:30:00Z,2026-10-06T19:30:00-04:00,2026-10-06,19:30,15789,Storm Chaser,Kids' Rides,false,0
2026-10-06T23:30:00Z,2026-10-06T19:30:00-04:00,2026-10-06,19:30,3267,Super Round Up,Kids' Rides,false,0
2026-10-06T23:30:00Z,2026-10-06T19:30:00-04:00,2026-10-06,19:30,15594,Tree Top Hopper,Kids' Rides,false,0
2026-10-06T23:30:00Z,2026-10-06T19:30:00-04:00,2026-10-06,19:30,3233,BATMAN™ The Ride,Thrill Rides,false,0
2026-10-06T23:30:00Z,2026-10-06T19:30:00-04:00,2026-10-06,19:30,3243,El Toro,Thrill Rides,false,0
2026-10-06T23:30:00Z,2026-10-06T19:30:00-04:00,2026-10-06,19:30,8539,Jersey Devil Coaster,Thrill Rides,false,0
2026-10-06T23:30:00Z,2026-10-06T19:30:00-04:00,2026-10-06,19:30,3916,JUSTICE LEAGUE™: Battle for METROPOLIS,Thrill Rides,false,0
2026-10-06T23:30:00Z,2026-10-06T19:30:00-04:00,2026-10-06,19:30,10533,Medusa,Thrill Rides,false,0
2026-10-06T23:30:00Z,2026-10-06T19:30:00-04:00,2026-10-06,19:30,3253,Nitro,Thrill Rides,false,0
2026-10-06T23:30:00Z,2026-10-06T19:30:00-04:00,2026-10-06,19:30,3261,Runaway Train,Thrill Rides,false,0
2026-10-06T23:30:00Z,2026-10-06T19:30:00-04:00,2026-10-06,19:30,3262,Skull Mountain,Thrill Rides,false,0
2026-10-06T23:30:00Z,2026-10-06T19:30:00-04:00,2026-10-06,19:30,3263,SkyScreamer,Thrill Rides,false,0
2026-10-06T23:30:00Z,2026-10-06T19:30:00-04:00,2026-10-06,19:30,3282,Slingshot,Thrill Rides,false,0
2026-10-06T23:30:00Z,2026-10-06T19:30:00-04:00,2026-10-06,19:30,3266,SUPERMAN™: Ultimate Flight,Thrill Rides,false,0
2026-10-06T23:30:00Z,2026-10-06T19:30:00-04:00,2026-10-06,19:30,3271,THE DARK KNIGHT™ Coaster,Thrill Rides,false,0
2026-10-06T23:30:00Z,2026-10-06T19:30:00-04:00,2026-10-06,19:30,14537,THE FLASH™: Vertical Velocity,Thrill Rides,false,0
2026-10-06T23:30:00Z,2026-10-06T19:30:00-04:00,2026-10-06,19:30,3288,THE JOKER™,Thrill Rides,false,0
2026-10-06T23:30:00Z,2026-10-06T19:30:00-04:00,2026-10-06,19:30,3273,Wile E. Coyote Canyon Blaster,Thrill Rides,false,0
2026-10-06T23:30:00Z,2026-10-06T19:30:00-04:00,2026-10-06,19:30,6371,WONDER WOMAN™ Lasso of Truth,Thrill Rides,false,0
2026-10-06T23:30:00Z,2026-10-06T19:30:00-04:00,2026-10-06,19:30,13929,Army of the Dead,Halloween,false,0
2026-10-06T23:30:00Z,2026-10-06T19:30:00-04:00,2026-10-06,19:30,13932,Asylum,Halloween,false,0
2026-10-06T23:30:00Z,2026-10-06T19:30:00-04:00,2026-10-06,19:30,13933,Big Top Terror,Halloween,false,0
2026-10-06T23:30:00Z,2026-10-06T19:30:00-04:00,2026-10-06,19:30,17766,CarnEvil,Halloween,false,0
2026-10-06T23:30:00Z,2026-10-06T19:30:00-04:00,2026-10-06,19:30,17767,Curse of Blackbeard's Bounty,Halloween,false,0
2026-10-06T23:30:00Z,2026-10-06T19:30:00-04:00,2026-10-06,19:30,17768,Deadwood Cabin,Halloween,false,0
2026-10-06T23:30:00Z,2026-10-06T19:30:00-04:00,2026-10-06,19:30,17769,Exile Canyon,Halloween,false,0
2026-10-06T23:30:00Z,2026-10-06T19:30:00-04:00,2026-10-06,19:30,17770,Final Destination,Halloween,false,0
2026-10-06T23:30:00Z,2026-10-06T19:30:00-04:00,2026-10-06,19:30,17771,JASON: Blood Reign,Halloween,false,0
2026-10-06T23:30:00Z,2026-10-06T19:30:00-04:00,2026-10-06,19:30,17772,Plaza De La Muerte,Halloween,false,0
2026-10-06T23:30:00Z,2026-10-06T19:30:00-04:00,2026-10-06,19:30,4005,The Bloody Fountain,Halloween,false,0
2026-10-06T23:30:00Z,2026-10-06T19:30:00-04:00,2026-10-06,19:30,13926,The Conjuring Universe,Halloween,false,0
2026-10-06T23:30:00Z,2026-10-06T19:30:00-04:00,2026-10-06,19:30,17725,The Witch's Reflection,Halloween,false,0
2026-10-06T23:30:00Z,2026-10-06T19:30:00-04:00,2026-10-06,19:30,17720,Trick or Treatin' with Boo,Halloween,false,0
2026-10-06T23:30:00Z,2026-10-06T19:30:00-04:00,2026-10-06,19:30,17773,Twisted Holidays,Halloween,false,0
2026-10-06T23:35:00Z,2026-10-06T19:35:00-04:00,2026-10-06,19:35,3231,Air Jumbo,Family Rides,false,0
2026-10-06T23:35:00Z,2026-10-06T19:35:00-04:00,2026-10-06,19:35,17425,Barrels O’ Fun,Family Rides,false,0
2026-10-06T23:35:00Z,2026-10-06T19:35:00-04:00,2026-10-06,19:35,3270,Buccaneer,Family Rides,false,0
2026-10-06T23:35:00Z,2026-10-06T19:35:00-04:00,2026-10-06,19:35,3237,Carousel,Family Rides,false,0
2026-10-06T23:35:00Z,2026-10-06T19:35:00-04:00,2026-10-06,19:35,3244,Enchanted Teacups,Family Rides,false,0
2026-10-06T23:35:00Z,2026-10-06T19:35:00-04:00,2026-10-06,19:35,3245,Fender Benders,Family Rides,false,0
2026-10-06T23:35:00Z,2026-10-06T19:35:00-04:00,2026-10-06,19:35,17426,Flying Scooters,Family Rides,false,0
2026-10-06T23:35:00Z,2026-10-06T19:35:00-04:00,2026-10-06,19:35,15604,Giant Wheel,Family Rides,false,0
2026-10-06T23:35:00Z,2026-10-06T19:35:00-04:00,2026-10-06,19:35,3236,HARLEY QUINN™ Crazy Train,Family Rides,false,0
2026-10-06T23:35:00Z,2026-10-06T19:35:00-04:00,2026-10-06,19:35,3249,Houdini’s Great Escape,Family Rides,false,0
2026-10-06T23:35:00Z,2026-10-06T19:35:00-04:00,2026-10-06,19:35,17427,Hypno Twister,Family Rides,false,0
2026-10-06T23:35:00Z,2026-10-06T19:35:00-04:00,2026-10-06,19:35,3250,Jolly Roger,Family Rides,false,0
2026-10-06T23:35:00Z,2026-10-06T19:35:00-04:00,2026-10-06,19:35,15829,Roaring Rapids,Family Rides,false,0
2026-10-06T23:35:00Z,2026-10-06T19:35:00-04:00,2026-10-06,19:35,15727,Scrambler,Family Rides,false,0
2026-10-06T23:35:00Z,2026-10-06T19:35:00-04:00,2026-10-06,19:35,3268,Tango,Family Rides,false,0
2026-10-06T23:35:00Z,2026-10-06T19:35:00-04:00,2026-10-06,19:35,17428,Wave Swinger,Family Rides,false,0
2026-10-06T23:35:00Z,2026-10-06T19:35:00-04:00,2026-10-06,19:35,3232,Air Safari,Kids' Rides,false,0
2026-10-06T23:35:00Z,2026-10-06T19:35:00-04:00,2026-10-06,19:35,10461,Barnstormer,Kids' Rides,false,0
2026-10-06T23:35:00Z,2026-10-06T19:35:00-04:00,2026-10-06,19:35,3275,Bugaboo,Kids' Rides,false,0
2026-10-06T23:35:00Z,2026-10-06T19:35:00-04:00,2026-10-06,19:35,3277,Bugs Bunny Camp Carousel,Kids' Rides,false,0
2026-10-06T23:35:00Z,2026-10-06T19:35:00-04:00,2026-10-06,19:35,3279,Bugs Bunny Ranger Pilots,Kids' Rides,false,0
2026-10-06T23:35:00Z,2026-10-06T19:35:00-04:00,2026-10-06,19:35,3240,Daffy Duck Hot Air Balloons,Kids' Rides,false,0
2026-10-06T23:35:00Z,2026-10-06T19:35:00-04:00,2026-10-06,19:35,10077,Lil' Devil Coaster,Kids' Rides,false,0
2026-10-06T23:35:00Z,2026-10-06T19:35:00-04:00,2026-10-06,19:35,15617,Porky Pig Camp Wagons,Kids' Rides,false,0
2026-10-06T23:35:00Z,2026-10-06T19:35:00-04:00,2026-10-06,19:35,3257,Raja’s Rickshaws,Kids' Rides,false,0
2026-10-06T23:35:00Z,2026-10-06T19:35:00-04:00,2026-10-06,19:35,3274,Safari Off-Road Adventure,Kids' Rides,false,0
2026-10-06T23:35:00Z,2026-10-06T19:35:00-04:00,2026-10-06,19:35,3283,Saw Mill Log Flume,Kids' Rides,false,0
2026-10-06T23:35:00Z,2026-10-06T19:35:00-04:00,2026-10-06,19:35,3281,Sky Zooma,Kids' Rides,false,0
2026-10-06T23:35:00Z,2026-10-06T19:35:00-04:00,2026-10-06,19:35,15789,Storm Chaser,Kids' Rides,false,0
2026-10-06T23:35:00Z,2026-10-06T19:35:00-04:00,2026-10-06,19:35,3267,Super Round Up,Kids' Rides,false,0
2026-10-06T23:35:00Z,2026-10-06T19:35:00-04:00,2026-10-06,19:35,15594,Tree Top Hopper,Kids' Rides,false,0
2026-10-06T23:35:00Z,2026-10-06T19:35:00-04:00,2026-10-06,19:35,3233,BATMAN™ The Ride,Thrill Rides,false,0
2026-10-06T23:35:00Z,2026-10-06T19:35:00-04:00,2026-10-06,19:35,3243,El Toro,Thrill Rides,false,0
2026-10-06T23:35:00Z,2026-10-06T19:35:00-04:00,2026-10-06,19:35,8539,Jersey Devil Coaster,Thrill Rides,false,0
2026-10-06T23:35:00Z,2026-10-06T19:35:00-04:00,2026-10-06,19:35,3916,JUSTICE LEAGUE™: Battle for METROPOLIS,Thrill Rides,false,0
2026-10-06T23:35:00Z,2026-10-06T19:35:00-04:00,2026-10-06,19:35,10533,Medusa,Thrill Rides,false,0
2026-10-06T23:35:00Z,2026-10-06T19:35:00-04:00,2026-10-06,19:35,3253,Nitro,Thrill Rides,false,0
2026-10-06T23:35:00Z,2026-10-06T19:35:00-04:00,2026-10-06,19:35,3261,Runaway Train,Thrill Rides,false,0
2026-10-06T23:35:00Z,2026-10-06T19:35:00-04:00,2026-10-06,19:35,3262,Skull Mountain,Thrill Rides,false,0
2026-10-06T23:35:00Z,2026-10-06T19:35:00-04:00,2026-10-06,19:35,3263,SkyScreamer,Thrill Rides,false,0
2026-10-06T23:35:00Z,2026-10-06T19:35:00-04:00,2026-10-06,19:35,3282,Slingshot,Thrill Rides,false,0
2026-10-06T23:35:00Z,2026-10-06T19:35:00-04:00,2026-10-06,19:35,3266,SUPERMAN™: Ultimate Flight,Thrill Rides,false,0
2026-10-06T23:35:00Z,2026-10-06T19:35:00-04:00,2026-10-06,19:35,3271,THE DARK KNIGHT™ Coaster,Thrill Rides,false,0
2026-10-06T23:35:00Z,2026-10-06T19:35:00-04:00,2026-10-06,19:35,14537,THE FLASH™: Vertical Velocity,Thrill Rides,false,0
2026-10-06T23:35:00Z,2026-10-06T19:35:00-04:00,2026-10-06,19:35,3288,THE JOKER™,Thrill Rides,false,0
2026-10-06T23:35:00Z,2026-10-06T19:35:00-04:00,2026-10-06,19:35,3273,Wile E. Coyote Canyon Blaster,Thrill Rides,false,0
2026-10-06T23:35:00Z,2026-10-06T19:35:00-04:00,2026-10-06,19:35,6371,WONDER WOMAN™ Lasso of Truth,Thrill Rides,false,0
2026-10-06T23:35:00Z,2026-10-06T19:35:00-04:00,2026-10-06,19:35,13929,Army of the Dead,Halloween,false,0
2026-10-06T23:35:00Z,2026-10-06T19:35:00-04:00,2026-10-06,19:35,13932,Asylum,Halloween,false,0
2026-10-06T23:35:00Z,2026-10-06T19:35:00-04:00,2026-10-06,19:35,13933,Big Top Terror,Halloween,false,0
2026-10-06T23:35:00Z,2026-10-06T19:35:00-04:00,2026-10-06,19:35,17766,CarnEvil,Halloween,false,0
2026-10-06T23:35:00Z,2026-10-06T19:35:00-04:00,2026-10-06,19:35,17767,Curse of Blackbeard's Bounty,Halloween,false,0
2026-10-06T23:35:00Z,2026-10-06T19:35:00-04:00,2026-10-06,19:35,17768,Deadwood Cabin,Halloween,false,0
2026-10-06T23:35:00Z,2026-10-06T19:35:00-04:00,2026-10-06,19:35,17769,Exile Canyon,Halloween,false,0
2026-10-06T23:35:00Z,2026-10-06T19:35:00-04:00,2026-10-06,19:35,17770,Final Destination,Halloween,false,0
2026-10-06T23:35:00Z,2026-10-06T19:35:00-04:00,2026-10-06,19:35,17771,JASON: Blood Reign,Halloween,false,0
2026-10-06T23:35:00Z,2026-10-06T19:35:00-04:00,2026-10-06,19:35,17772,Plaza De La Muerte,Halloween,false,0
2026-10-06T23:35:00Z,2026-10-06T19:35:00-04:00,2026-10-06,19:35,4005,The Bloody Fountain,Halloween,false,0
2026-10-06T23:35:00Z,2026-10-06T19:35:00-04:00,2026-10-06,19:35,13926,The Conjuring Universe,Halloween,false,0
2026-10-06T23:35:00Z,2026-10-06T19:35:00-04:00,2026-10-06,19:35,17725,The Witch's Reflection,Halloween,false,0
2026-10-06T23:35:00Z,2026-10-06T19:35:00-04:00,2026-10-06,19:35,17720,Trick or Treatin' with Boo,Halloween,false,0
2026-10-06T23:35:00Z,2026-10-06T19:35:00-04:00,2026-10-06,19:35,17773,Twisted Holidays,Halloween,false,0
2026-10-06T23:40:00Z,2026-10-06T19:40:00-04:00,2026-10-06,19:40,3231,Air Jumbo,Family Rides,false,0
2026-10-06T23:40:00Z,2026-10-06T19:40:00-04:00,2026-10-06,19:40,17425,Barrels O’ Fun,Family Rides,false,0
2026-10-06T23:40:00Z,2026-10-06T19:40:00-04:00,2026-10-06,19:40,3270,Buccaneer,Family Rides,false,0
2026-10-06T23:40:00Z,2026-10-06T19:40:00-04:00,2026-10-06,19:40,3237,Carousel,Family Rides,false,0
2026-10-06T23:40:00Z,2026-10-06T19:40:00-04:00,2026-10-06,19:40,3244,Enchanted Teacups,Family Rides,false,0
2026-10-06T23:40:00Z,2026-10-06T19:40:00-04:00,2026-10-06,19:40,3245,Fender Benders,Family Rides,false,0
2026-10-06T23:40:00Z,2026-10-06T19:40:00-04:00,2026-10-06,19:40,17426,Flying Scooters,Family Rides,false,0
2026-10-06T23:40:00Z,2026-10-06T19:40:00-04:00,2026-10-06,19:40,15604,Giant Wheel,Family Rides,false,0
2026-10-06T23:40:00Z,2026-10-06T19:40:00-04:00,2026-10-06,19:40,3236,HARLEY QUINN™ Crazy Train,Family Rides,false,0
2026-10-06T23:40:00Z,2026-10-06T19:40:00-04:00,2026-10-06,19:40,3249,Houdini’s Great Escape,Family Rides,false,0
2026-10-06T23:40:00Z,2026-10-06T19:40:00-04:00,2026-10-06,19:40,17427,Hypno Twister,Family Rides,false,0
2026-10-06T23:40:00Z,2026-10-06T19:40:00-04:00,2026-10-06,19:40,3250,Jolly Roger,Family Rides,false,0
2026-10-06T23:40:00Z,2026-10-06T19:40:00-04:00,2026-10-06,19:40,15829,Roaring Rapids,Family Rides,false,0
2026-10-06T23:40:00Z,2026-10-06T19:40:00-04:00,2026-10-06,19:40,15727,Scrambler,Family Rides,false,0
2026-10-06T23:40:00Z,2026-10-06T19:40:00-04:00,2026-10-06,19:40,3268,Tango,Family Rides,false,0
2026-10-06T23:40:00Z,2026-10-06T19:40:00-04:00,2026-10-06,19:40,17428,Wave Swinger,Family Rides,false,0
2026-10-06T23:40:00Z,2026-10-06T19:40:00-04:00,2026-10-06,19:40,3232,Air Safari,Kids' Rides,false,0
2026-10-06T23:40:00Z,2026-10-06T19:40:00-04:00,2026-10-06,19:40,10461,Barnstormer,Kids' Rides,false,0
2026-10-06T23:40:00Z,2026-10-06T19:40:00-04:00,2026-10-06,19:40,3275,Bugaboo,Kids' Rides,false,0
2026-10-06T23:40:00Z,2026-10-06T19:40:00-04:00,2026-10-06,19:40,3277,Bugs Bunny Camp Carousel,Kids' Rides,false,0
2026-10-06T23:40:00Z,2026-10-06T19:40:00-04:00,2026-10-06,19:40,3279,Bugs Bunny Ranger Pilots,Kids' Rides,false,0
2026-10-06T23:40:00Z,2026-10-06T19:40:00-04:00,2026-10-06,19:40,3240,Daffy Duck Hot Air Balloons,Kids' Rides,false,0
2026-10-06T23:40:00Z,2026-10-06T19:40:00-04:00,2026-10-06,19:40,10077,Lil' Devil Coaster,Kids' Rides,false,0
2026-10-06T23:40:00Z,2026-10-06T19:40:00-04:00,2026-10-06,19:40,15617,Porky Pig Camp Wagons,Kids' Rides,false,0
2026-10-06T23:40:00Z,2026-10-06T19:40:00-04:00,2026-10-06,19:40,3257,Raja’s Rickshaws,Kids' Rides,false,0
2026-10-06T23:40:00Z,2026-10-06T19:40:00-04:00,2026-10-06,19:40,3274,Safari Off-Road Adventure,Kids' Rides,false,0
2026-10-06T23:40:00Z,2026-10-06T19:40:00-04:00,2026-10-06,19:40,3283,Saw Mill Log Flume,Kids' Rides,false,0
2026-10-06T23:40:00Z,2026-10-06T19:40:00-04:00,2026-10-06,19:40,3281,Sky Zooma,Kids' Rides,false,0
2026-10-06T23:40:00Z,2026-10-06T19:40:00-04:00,2026-10-06,19:40,15789,Storm Chaser,Kids' Rides,false,0
2026-10-06T23:40:00Z,2026-10-06T19:40:00-04:00,2026-10-06,19:40,3267,Super Round Up,Kids' Rides,false,0
2026-10-06T23:40:00Z,2026-10-06T19:40:00-04:00,2026-10-06,19:40,15594,Tree Top Hopper,Kids' Rides,false,0
2026-10-06T23:40:00Z,2026-10-06T19:40:00-04:00,2026-10-06,19:40,3233,BATMAN™ The Ride,Thrill Rides,false,0
2026-10-06T23:40:00Z,2026-10-06T19:40:00-04:00,2026-10-06,19:40,3243,El Toro,Thrill Rides,false,0
2026-10-06T23:40:00Z,2026-10-06T19:40:00-04:00,2026-10-06,19:40,8539,Jersey Devil Coaster,Thrill Rides,false,0
2026-10-06T23:40:00Z,2026-10-06T19:40:00-04:00,2026-10-06,19:40,3916,JUSTICE LEAGUE™: Battle for METROPOLIS,Thrill Rides,false,0
2026-10-06T23:40:00Z,2026-10-06T19:40:00-04:00,2026-10-06,19:40,10533,Medusa,Thrill Rides,false,0
2026-10-06T23:40:00Z,2026-10-06T19:40:00-04:00,2026-10-06,19:40,3253,Nitro,Thrill Rides,false,0
2026-10-06T23:40:00Z,2026-10-06T19:40:00-04:00,2026-10-06,19:40,3261,Runaway Train,Thrill Rides,false,0
2026-10-06T23:40:00Z,2026-10-06T19:40:00-04:00,2026-10-06,19:40,3262,Skull Mountain,Thrill Rides,false,0
2026-10-06T23:40:00Z,2026-10-06T19:40:00-04:00,2026-10-06,19:40,3263,SkyScreamer,Thrill Rides,false,0
2026-10-06T23:40:00Z,2026-10-06T19:40:00-04:00,2026-10-06,19:40,3282,Slingshot,Thrill Rides,false,0
2026-10-06T23:40:00Z,2026-10-06T19:40:00-04:00,2026-10-06,19:40,3266,SUPERMAN™: Ultimate Flight,Thrill Rides,false,0
2026-10-06T23:40:00Z,2026-10-06T19:40:00-04:00,2026-10-06,19:40,3271,THE DARK KNIGHT™ Coaster,Thrill Rides,false,0
2026-10-06T23:40:00Z,2026-10-06T19:40:00-04:00,2026-10-06,19:40,14537,THE FLASH™: Vertical Velocity,Thrill Rides,false,0
2026-10-06T23:40:00Z,2026-10-06T19:40:00-04:00,2026-10-06,19:40,3288,THE JOKER™,Thrill Rides,false,0
2026-10-06T23:40:00Z,2026-10-06T19:40:00-04:00,2026-10-06,19:40,3273,Wile E. Coyote Canyon Blaster,Thrill Rides,false,0
2026-10-06T23:40:00Z,2026-10-06T19:40:00-04:00,2026-10-06,19:40,6371,WONDER WOMAN™ Lasso of Truth,Thrill Rides,false,0
2026-10-06T23:40:00Z,2026-10-06T19:40:00-04:00,2026-10-06,19:40,13929,Army of the Dead,Halloween,false,0
2026-10-06T23:40:00Z,2026-10-06T19:40:00-04:00,2026-10-06,19:40,13932,Asylum,Halloween,false,0
2026-10-06T23:40:00Z,2026-10-06T19:40:00-04:00,2026-10-06,19:40,13933,Big Top Terror,Halloween,false,0
2026-10-06T23:40:00Z,2026-10-06T19:40:00-04:00,2026-10-06,19:40,17766,CarnEvil,Halloween,false,0
2026-10-06T23:40:00Z,2026-10-06T19:40:00-04:00,2026-10-06,19:40,17767,Curse of Blackbeard's Bounty,Halloween,false,0
2026-10-06T23:40:00Z,2026-10-06T19:40:00-04:00,2026-10-06,19:40,17768,Deadwood Cabin,Halloween,false,0
2026-10-06T23:40:00Z,2026-10-06T19:40:00-04:00,2026-10-06,19:40,17769,Exile Canyon,Halloween,false,0
2026-10-06T23:40:00Z,2026-10-06T19:40:00-04:00,2026-10-06,19:40,17770,Final Destination,Halloween,false,0
2026-10-06T23:40:00Z,2026-10-06T19:40:00-04:00,2026-10-06,19:40,17771,JASON: Blood Reign,Halloween,false,0
2026-10-06T23:40:00Z,2026-10-06T19:40:00-04:00,2026-10-06,19:40,17772,Plaza De La Muerte,Halloween,false,0
2026-10-06T23:40:00Z,2026-10-06T19:40:00-04:00,2026-10-06,19:40,4005,The Bloody Fountain,Halloween,false,0
2026-10-06T23:40:00Z,2026-10-06T19:40:00-04:00,2026-10-06,19:40,13926,The Conjuring Universe,Halloween,false,0
2026-10-06T23:40:00Z,2026-10-06T19:40:00-04:00,2026-10-06,19:40,17725,The Witch's Reflection,Halloween,false,0
2026-10-06T23:40:00Z,2026-10-06T19:40:00-04:00,2026-10-06,19:40,17720,Trick or Treatin' with Boo,Halloween,false,0
2026-10-06T23:40:00Z,2026-10-06T19:40:00-04:00,2026-10-06,19:40,17773,Twisted Holidays,Halloween,false,0
2026-10-06T23:45:00Z,2026-10-06T19:45:00-04:00,2026-10-06,19:45,3231,Air Jumbo,Family Rides,false,0
2026-10-06T23:45:00Z,2026-10-06T19:45:00-04:00,2026-10-06,19:45,17425,Barrels O’ Fun,Family Rides,false,0
2026-10-06T23:45:00Z,2026-10-06T19:45:00-04:00,2026-10-06,19:45,3270,Buccaneer,Family Rides,false,0
2026-10-06T23:45:00Z,2026-10-06T19:45:00-04:00,2026-10-06,19:45,3237,Carousel,Family Rides,false,0
2026-10-06T23:45:00Z,2026-10-06T19:45:00-04:00,2026-10-06,19:45,3244,Enchanted Teacups,Family Rides,false,0
2026-10-06T23:45:00Z,2026-10-06T19:45:00-04:00,2026-10-06,19:45,3245,Fender Benders,Family Rides,false,0
2026-10-06T23:45:00Z,2026-10-06T19:45:00-04:00,2026-10-06,19:45,17426,Flying Scooters,Family Rides,false,0
2026-10-06T23:45:00Z,2026-10-06T19:45:00-04:00,2026-10-06,19:45,15604,Giant Wheel,Family Rides,false,0
2026-10-06T23:45:00Z,2026-10-06T19:45:00-04:00,2026-10-06,19:45,3236,HARLEY QUINN™ Crazy Train,Family Rides,false,0
2026-10-06T23:45:00Z,2026-10-06T19:45:00-04:00,2026-10-06,19:45,3249,Houdini’s Great Escape,Family Rides,false,0
2026-10-06T23:45:00Z,2026-10-06T19:45:00-04:00,2026-10-06,19:45,17427,Hypno Twister,Family Rides,false,0
2026-10-06T23:45:00Z,2026-10-06T19:45:00-04:00,2026-10-06,19:45,3250,Jolly Roger,Family Rides,false,0
2026-10-06T23:45:00Z,2026-10-06T19:45:00-04:00,2026-10-06,19:45,15829,Roaring Rapids,Family Rides,false,0
2026-10-06T23:45:00Z,2026-10-06T19:45:00-04:00,2026-10-06,19:45,15727,Scrambler,Family Rides,false,0
2026-10-06T23:45:00Z,2026-10-06T19:45:00-04:00,2026-10-06,19:45,3268,Tango,Family Rides,false,0
2026-10-06T23:45:00Z,2026-10-06T19:45:00-04:00,2026-10-06,19:45,17428,Wave Swinger,Family Rides,false,0
2026-10-06T23:45:00Z,2026-10-06T19:45:00-04:00,2026-10-06,19:45,3232,Air Safari,Kids' Rides,false,0
2026-10-06T23:45:00Z,2026-10-06T19:45:00-04:00,2026-10-06,19:45,10461,Barnstormer,Kids' Rides,false,0
2026-10-06T23:45:00Z,2026-10-06T19:45:00-04:00,2026-10-06,19:45,3275,Bugaboo,Kids' Rides,false,0
2026-10-06T23:45:00Z,2026-10-06T19:45:00-04:00,2026-10-06,19:45,3277,Bugs Bunny Camp Carousel,Kids' Rides,false,0
2026-10-06T23:45:00Z,2026-10-06T19:45:00-04:00,2026-10-06,19:45,3279,Bugs Bunny Ranger Pilots,Kids' Rides,false,0
2026-10-06T23:45:00Z,2026-10-06T19:45:00-04:00,2026-10-06,19:45,3240,Daffy Duck Hot Air Balloons,Kids' Rides,false,0
2026-10-06T23:45:00Z,2026-10-06T19:45:00-04:00,2026-10-06,19:45,10077,Lil' Devil Coaster,Kids' Rides,false,0
2026-10-06T23:45:00Z,2026-10-06T19:45:00-04:00,2026-10-06,19:45,15617,Porky Pig Camp Wagons,Kids' Rides,false,0
2026-10-06T23:45:00Z,2026-10-06T19:45:00-04:00,2026-10-06,19:45,3257,Raja’s Rickshaws,Kids' Rides,false,0
2026-10-06T23:45:00Z,2026-10-06T19:45:00-04:00,2026-10-06,19:45,3274,Safari Off-Road Adventure,Kids' Rides,false,0
2026-10-06T23:45:00Z,2026-10-06T19:45:00-04:00,2026-10-06,19:45,3283,Saw Mill Log Flume,Kids' Rides,false,0
2026-10-06T23:45:00Z,2026-10-06T19:45:00-04:00,2026-10-06,19:45,3281,Sky Zooma,Kids' Rides,false,0
2026-10-06T23:45:00Z,2026-10-06T19:45:00-04:00,2026-10-06,19:45,15789,Storm Chaser,Kids' Rides,false,0
2026-10-06T23:45:00Z,2026-10-06T19:45:00-04:00,2026-10-06,19:45,3267,Super Round Up,Kids' Rides,false,0
2026-10-06T23:45:00Z,2026-10-06T19:45:00-04:00,2026-10-06,19:45,15594,Tree Top Hopper,Kids' Rides,false,0
2026-10-06T23:45:00Z,2026-10-06T19:45:00-04:00,2026-10-06,19:45,3233,BATMAN™ The Ride,Thrill Rides,false,0
2026-10-06T23:45:00Z,2026-10-06T19:45:00-04:00,2026-10-06,19:45,3243,El Toro,Thrill Rides,false,0
2026-10-06T23:45:00Z,2026-10-06T19:45:00-04:00,2026-10-06,19:45,8539,Jersey Devil Coaster,Thrill Rides,false,0
2026-10-06T23:45:00Z,2026-10-06T19:45:00-04:00,2026-10-06,19:45,3916,JUSTICE LEAGUE™: Battle for METROPOLIS,Thrill Rides,false,0
2026-10-06T23:45:00Z,2026-10-06T19:45:00-04:00,2026-10-06,19:45,10533,Medusa,Thrill Rides,false,0
2026-10-06T23:45:00Z,2026-10-06T19:45:00-04:00,2026-10-06,19:45,3253,Nitro,Thrill Rides,false,0
2026-10-06T23:45:00Z,2026-10-06T19:45:00-04:00,2026-10-06,19:45,3261,Runaway Train,Thrill Rides,false,0
2026-10-06T23:45:00Z,2026-10-06T19:45:00-04:00,2026-10-06,19:45,3262,Skull Mountain,Thrill Rides,false,0
2026-10-06T23:45:00Z,2026-10-06T19:45:00-04:00,2026-10-06,19:45,3263,SkyScreamer,Thrill Rides,false,0
2026-10-06T23:45:00Z,2026-10-06T19:45:00-04:00,2026-10-06,19:45,3282,Slingshot,Thrill Rides,false,0
2026-10-06T23:45:00Z,2026-10-06T19:45:00-04:00,2026-10-06,19:45,3266,SUPERMAN™: Ultimate Flight,Thrill Rides,false,0
2026-10-06T23:45:00Z,2026-10-06T19:45:00-04:00,2026-10-06,19:45,3271,THE DARK KNIGHT™ Coaster,Thrill Rides,false,0
2026-10-06T23:45:00Z,2026-10-06T19:45:00-04:00,2026-10-06,19:45,14537,THE FLASH™: Vertical Velocity,Thrill Rides,false,0
2026-10-06T23:45:00Z,2026-10-06T19:45:00-04:00,2026-10-06,19:45,3288,THE JOKER™,Thrill Rides,false,0
2026-10-06T23:45:00Z,2026-10-06T19:45:00-04:00,2026-10-06,19:45,3273,Wile E. Coyote Canyon Blaster,Thrill Rides,false,0
2026-10-06T23:45:00Z,2026-10-06T19:45:00-04:00,2026-10-06,19:45,6371,WONDER WOMAN™ Lasso of Truth,Thrill Rides,false,0
2026-10-06T23:45:00Z,2026-10-06T19:45:00-04:00,2026-10-06,19:45,13929,Army of the Dead,Halloween,false,0
2026-10-06T23:45:00Z,2026-10-06T19:45:00-04:00,2026-10-06,19:45,13932,Asylum,Halloween,false,0
2026-10-06T23:45:00Z,2026-10-06T19:45:00-04:00,2026-10-06,19:45,13933,Big Top Terror,Halloween,false,0
2026-10-06T23:45:00Z,2026-10-06T19:45:00-04:00,2026-10-06,19:45,17766,CarnEvil,Halloween,false,0
2026-10-06T23:45:00Z,2026-10-06T19:45:00-04:00,2026-10-06,19:45,17767,Curse of Blackbeard's Bounty,Halloween,false,0
2026-10-06T23:45:00Z,2026-10-06T19:45:00-04:00,2026-10-06,19:45,17768,Deadwood Cabin,Halloween,false,0
2026-10-06T23:45:00Z,2026-10-06T19:45:00-04:00,2026-10-06,19:45,17769,Exile Canyon,Halloween,false,0
2026-10-06T23:45:00Z,2026-10-06T19:45:00-04:00,2026-10-06,19:45,17770,Final Destination,Halloween,false,0
2026-10-06T23:45:00Z,2026-10-06T19:45:00-04:00,2026-10-06,19:45,17771,JASON: Blood Reign,Halloween,false,0
2026-10-06T23:45:00Z,2026-10-06T19:45:00-04:00,2026-10-06,19:45,17772,Plaza De La Muerte,Halloween,false,0
2026-10-06T23:45:00Z,2026-10-06T19:45:00-04:00,2026-10-06,19:45,4005,The Bloody Fountain,Halloween,false,0
2026-10-06T23:45:00Z,2026-10-06T19:45:00-04:00,2026-10-06,19:45,13926,The Conjuring Universe,Halloween,false,0
2026-10-06T23:45:00Z,2026-10-06T19:45:00-04:00,2026-10-06,19:45,17725,The Witch's Reflection,Halloween,false,0
2026-10-06T23:45:00Z,2026-10-06T19:45:00-04:00,2026-10-06,19:45,17720,Trick or Treatin' with Boo,Halloween,false,0
2026-10-06T23:45:00Z,2026-10-06T19:45:00-04:00,2026-10-06,19:45,17773,Twisted Holidays,Halloween,false,0
2026-10-07T01:50:00Z,2026-10-06T21:50:00-04:00,2026-10-06,21:50,3231,Air Jumbo,Family Rides,false,0
2026-10-07T01:50:00Z,2026-10-06T21:50:00-04:00,2026-10-06,21:50,17425,Barrels O’ Fun,Family Rides,false,0
2026-10-07T01:50:00Z,2026-10-06T21:50:00-04:00,2026-10-06,21:50,3270,Buccaneer,Family Rides,false,0
2026-10-07T01:50:00Z,2026-10-06T21:50:00-04:00,2026-10-06,21:50,3237,Carousel,Family Rides,false,0
2026-10-07T01:50:00Z,2026-10-06T21:50:00-04:00,2026-10-06,21:50,3244,Enchanted Teacups,Family Rides,false,0
2026-10-07T01:50:00Z,2026-10-06T21:50:00-04:00,2026-10-06,21:50,3245,Fender Benders,Family Rides,false,0
2026-10-07T01:50:00Z,2026-10-06T21:50:00-04:00,2026-10-06,21:50,17426,Flying Scooters,Family Rides,false,0
2026-10-07T01:50:00Z,2026-10-06T21:50:00-04:00,2026-10-06,21:50,15604,Giant Wheel,Family Rides,false,0
2026-10-07T01:50:00Z,2026-10-06T21:50:00-04:00,2026-10-06,21:50,3236,HARLEY QUINN™ Crazy Train,Family Rides,false,0
2026-10-07T01:50:00Z,2026-10-06T21:50:00-04:00,2026-10-06,21:50,3249,Houdini’s Great Escape,Family Rides,false,0
2026-10-07T01:50:00Z,2026-10-06T21:50:00-04:00,2026-10-06,21:50,17427,Hypno Twister,Family Rides,false,0
2026-10-07T01:50:00Z,2026-10-06T21:50:00-04:00,2026-10-06,21:50,3250,Jolly Roger,Family Rides,false,0
2026-10-07T01:50:00Z,2026-10-06T21:50:00-04:00,2026-10-06,21:50,15829,Roaring Rapids,Family Rides,false,0
2026-10-07T01:50:00Z,2026-10-06T21:50:00-04:00,2026-10-06,21:50,15727,Scrambler,Family Rides,false,0
2026-10-07T01:50:00Z,2026-10-06T21:50:00-04:00,2026-10-06,21:50,3268,Tango,Family Rides,false,0
2026-10-07T01:50:00Z,2026-10-06T21:50:00-04:00,2026-10-06,21:50,17428,Wave Swinger,Family Rides,false,0
2026-10-07T01:50:00Z,2026-10-06T21:50:00-04:00,2026-10-06,21:50,3232,Air Safari,Kids' Rides,false,0
2026-10-07T01:50:00Z,2026-10-06T21:50:00-04:00,2026-10-06,21:50,10461,Barnstormer,Kids' Rides,false,0
2026-10-07T01:50:00Z,2026-10-06T21:50:00-04:00,2026-10-06,21:50,3275,Bugaboo,Kids' Rides,false,0
2026-10-07T01:50:00Z,2026-10-06T21:50:00-04:00,2026-10-06,21:50,3277,Bugs Bunny Camp Carousel,Kids' Rides,false,0
2026-10-07T01:50:00Z,2026-10-06T21:50:00-04:00,2026-10-06,21:50,3279,Bugs Bunny Ranger Pilots,Kids' Rides,false,0
2026-10-07T01:50:00Z,2026-10-06T21:50:00-04:00,2026-10-06,21:50,3240,Daffy Duck Hot Air Balloons,Kids' Rides,false,0
2026-10-07T01:50:00Z,2026-10-06T21:50:00-04:00,2026-10-06,21:50,10077,Lil' Devil Coaster,Kids' Rides,false,0
2026-10-07T01:50:00Z,2026-10-06T21:50:00-04:00,2026-10-06,21:50,15617,Porky Pig Camp Wagons,Kids' Rides,false,0
2026-10-07T01:50:00Z,2026-10-06T21:50:00-04:00,2026-10-06,21:50,3257,Raja’s Rickshaws,Kids' Rides,false,0
2026-10-07T01:50:00Z,2026-10-06T21:50:00-04:00,2026-10-06,21:50,3274,Safari Off-Road Adventure,Kids' Rides,false,0
2026-10-07T01:50:00Z,2026-10-06T21:50:00-04:00,2026-10-06,21:50,3283,Saw Mill Log Flume,Kids' Rides,false,0
2026-10-07T01:50:00Z,2026-10-06T21:50:00-04:00,2026-10-06,21:50,3281,Sky Zooma,Kids' Rides,false,0
2026-10-07T01:50:00Z,2026-10-06T21:50:00-04:00,2026-10-06,21:50,15789,Storm Chaser,Kids' Rides,false,0
2026-10-07T01:50:00Z,2026-10-06T21:50:00-04:00,2026-10-06,21:50,3267,Super Round Up,Kids' Rides,false,0
2026-10-07T01:50:00Z,2026-10-06T21:50:00-04:00,2026-10-06,21:50,15594,Tree Top Hopper,Kids' Rides,false,0
2026-10-07T01:50:00Z,2026-10-06T21:50:00-04:00,2026-10-06,21:50,3233,BATMAN™ The Ride,Thrill Rides,false,0
2026-10-07T01:50:00Z,2026-10-06T21:50:00-04:00,2026-10-06,21:50,3243,El Toro,Thrill Rides,false,0
2026-10-07T01:50:00Z,2026-10-06T21:50:00-04:00,2026-10-06,21:50,8539,Jersey Devil Coaster,Thrill Rides,false,0
2026-10-07T01:50:00Z,2026-10-06T21:50:00-04:00,2026-10-06,21:50,3916,JUSTICE LEAGUE™: Battle for METROPOLIS,Thrill Rides,false,0
2026-10-07T01:50:00Z,2026-10-06T21:50:00-04:00,2026-10-06,21:50,10533,Medusa,Thrill Rides,false,0
2026-10-07T01:50:00Z,2026-10-06T21:50:00-04:00,2026-10-06,21:50,3253,Nitro,Thrill Rides,false,0
2026-10-07T01:50:00Z,2026-10-06T21:50:00-04:00,2026-10-06,21:50,3261,Runaway Train,Thrill Rides,false,0
2026-10-07T01:50:00Z,2026-10-06T21:50:00-04:00,2026-10-06,21:50,3262,Skull Mountain,Thrill Rides,false,0
2026-10-07T01:50:00Z,2026-10-06T21:50:00-04:00,2026-10-06,21:50,3263,SkyScreamer,Thrill Rides,false,0
2026-10-07T01:50:00Z,2026-10-06T21:50:00-04:00,2026-10-06,21:50,3282,Slingshot,Thrill Rides,false,0
2026-10-07T01:50:00Z,2026-10-06T21:50:00-04:00,2026-10-06,21:50,3266,SUPERMAN™: Ultimate Flight,Thrill Rides,false,0
2026-10-07T01:50:00Z,2026-10-06T21:50:00-04:00,2026-10-06,21:50,3271,THE DARK KNIGHT™ Coaster,Thrill Rides,false,0
2026-10-07T01:50:00Z,2026-10-06T21:50:00-04:00,2026-10-06,21:50,14537,THE FLASH™: Vertical Velocity,Thrill Rides,false,0
2026-10-07T01:50:00Z,2026-10-06T21:50:00-04:00,2026-10-06,21:50,3288,THE JOKER™,Thrill Rides,false,0
2026-10-07T01:50:00Z,2026-10-06T21:50:00-04:00,2026-10-06,21:50,3273,Wile E. Coyote Canyon Blaster,Thrill Rides,false,0
2026-10-07T01:50:00Z,2026-10-06T21:50:00-04:00,2026-10-06,21:50,6371,WONDER WOMAN™ Lasso of Truth,Thrill Rides,false,0
2026-10-07T01:50:00Z,2026-10-06T21:50:00-04:00,2026-10-06,21:50,13929,Army of the Dead,Halloween,false,0
2026-10-07T01:50:00Z,2026-10-06T21:50:00-04:00,2026-10-06,21:50,13932,Asylum,Halloween,false,0
2026-10-07T01:50:00Z,2026-10-06T21:50:00-04:00,2026-10-06,21:50,13933,Big Top Terror,Halloween,false,0
2026-10-07T01:50:00Z,2026-10-06T21:50:00-04:00,2026-10-06,21:50,17766,CarnEvil,Halloween,false,0
2026-10-07T01:50:00Z,2026-10-06T21:50:00-04:00,2026-10-06,21:50,17767,Curse of Blackbeard's Bounty,Halloween,false,0
2026-10-07T01:50:00Z,2026-10-06T21:50:00-04:00,2026-10-06,21:50,17768,Deadwood Cabin,Halloween,false,0
2026-10-07T01:50:00Z,2026-10-06T21:50:00-04:00,2026-10-06,21:50,17769,Exile Canyon,Halloween,false,0
2026-10-07T01:50:00Z,2026-10-06T21:50:00-04:00,2026-10-06,21:50,17770,Final Destination,Halloween,false,0
2026-10-07T01:50:00Z,2026-10-06T21:50:00-04:00,2026-10-06,21:50,17771,JASON: Blood Reign,Halloween,false,0
2026-10-07T01:50:00Z,2026-10-06T21:50:00-04:00,2026-10-06,21:50,17772,Plaza De La Muerte,Halloween,false,0
2026-10-07T01:50:00Z,2026-10-06T21:50:00-04:00,2026-10-06,21:50,4005,The Bloody Fountain,Halloween,false,0
2026-10-07T01:50:00Z,2026-10-06T21:50:00-04:00,2026-10-06,21:50,13926,The Conjuring Universe,Halloween,false,0
2026-10-07T01:50:00Z,2026-10-06T21:50:00-04:00,2026-10-06,21:50,17725,The Witch's Reflection,Halloween,false,0
2026-10-07T01:50:00Z,2026-10-06T21:50:00-04:00,2026-10-06,21:50,17720,Trick or Treatin' with Boo,Halloween,false,0
2026-10-07T01:50:00Z,2026-10-06T21:50:00-04:00,2026-10-06,21:50,17773,Twisted Holidays,Halloween,false,0
2026-10-07T01:55:00Z,2026-10-06T21:55:00-04:00,2026-10-06,21:55,3231,Air Jumbo,Family Rides,false,0
2026-10-07T01:55:00Z,2026-10-06T21:55:00-04:00,2026-10-06,21:55,17425,Barrels O’ Fun,Family Rides,false,0
2026-10-07T01:55:00Z,2026-10-06T21:55:00-04:00,2026-10-06,21:55,3270,Buccaneer,Family Rides,false,0
2026-10-07T01:55:00Z,2026-10-06T21:55:00-04:00,2026-10-06,21:55,3237,Carousel,Family Rides,false,0
2026-10-07T01:55:00Z,2026-10-06T21:55:00-04:00,2026-10-06,21:55,3244,Enchanted Teacups,Family Rides,false,0
2026-10-07T01:55:00Z,2026-10-06T21:55:00-04:00,2026-10-06,21:55,3245,Fender Benders,Family Rides,false,0
2026-10-07T01:55:00Z,2026-10-06T21:55:00-04:00,2026-10-06,21:55,17426,Flying Scooters,Family Rides,false,0
2026-10-07T01:55:00Z,2026-10-06T21:55:00-04:00,2026-10-06,21:55,15604,Giant Wheel,Family Rides,false,0
2026-10-07T01:55:00Z,2026-10-06T21:55:00-04:00,2026-10-06,21:55,3236,HARLEY QUINN™ Crazy Train,Family Rides,false,0
2026-10-07T01:55:00Z,2026-10-06T21:55:00-04:00,2026-10-06,21:55,3249,Houdini’s Great Escape,Family Rides,false,0
2026-10-07T01:55:00Z,2026-10-06T21:55:00-04:00,2026-10-06,21:55,17427,Hypno Twister,Family Rides,false,0
2026-10-07T01:55:00Z,2026-10-06T21:55:00-04:00,2026-10-06,21:55,3250,Jolly Roger,Family Rides,false,0
2026-10-07T01:55:00Z,2026-10-06T21:55:00-04:00,2026-10-06,21:55,15829,Roaring Rapids,Family Rides,false,0
2026-10-07T01:55:00Z,2026-10-06T21:55:00-04:00,2026-10-06,21:55,15727,Scrambler,Family Rides,false,0
2026-10-07T01:55:00Z,2026-10-06T21:55:00-04:00,2026-10-06,21:55,3268,Tango,Family Rides,false,0
2026-10-07T01:55:00Z,2026-10-06T21:55:00-04:00,2026-10-06,21:55,17428,Wave Swinger,Family Rides,false,0
2026-10-07T01:55:00Z,2026-10-06T21:55:00-04:00,2026-10-06,21:55,3232,Air Safari,Kids' Rides,false,0
2026-10-07T01:55:00Z,2026-10-06T21:55:00-04:00,2026-10-06,21:55,10461,Barnstormer,Kids' Rides,false,0
2026-10-07T01:55:00Z,2026-10-06T21:55:00-04:00,2026-10-06,21:55,3275,Bugaboo,Kids' Rides,false,0
2026-10-07T01:55:00Z,2026-10-06T21:55:00-04:00,2026-10-06,21:55,3277,Bugs Bunny Camp Carousel,Kids' Rides,false,0
2026-10-07T01:55:00Z,2026-10-06T21:55:00-04:00,2026-10-06,21:55,3279,Bugs Bunny Ranger Pilots,Kids' Rides,false,0
2026-10-07T01:55:00Z,2026-10-06T21:55:00-04:00,2026-10-06,21:55,3240,Daffy Duck Hot Air Balloons,Kids' Rides,false,0
2026-10-07T01:55:00Z,2026-10-06T21:55:00-04:00,2026-10-06,21:55,10077,Lil' Devil Coaster,Kids' Rides,false,0
2026-10-07T01:55:00Z,2026-10-06T21:55:00-04:00,2026-10-06,21:55,15617,Porky Pig Camp Wagons,Kids' Rides,false,0
2026-10-07T01:55:00Z,2026-10-06T21:55:00-04:00,2026-10-06,21:55,3257,Raja’s Rickshaws,Kids' Rides,false,0
2026-10-07T01:55:00Z,2026-10-06T21:55:00-04:00,2026-10-06,21:55,3274,Safari Off-Road Adventure,Kids' Rides,false,0
2026-10-07T01:55:00Z,2026-10-06T21:55:00-04:00,2026-10-06,21:55,3283,Saw Mill Log Flume,Kids' Rides,false,0
2026-10-07T01:55:00Z,2026-10-06T21:55:00-04:00,2026-10-06,21:55,3281,Sky Zooma,Kids' Rides,false,0
2026-10-07T01:55:00Z,2026-10-06T21:55:00-04:00,2026-10-06,21:55,15789,Storm Chaser,Kids' Rides,false,0
2026-10-07T01:55:00Z,2026-10-06T21:55:00-04:00,2026-10-06,21:55,3267,Super Round Up,Kids' Rides,false,0
2026-10-07T01:55:00Z,2026-10-06T21:55:00-04:00,2026-10-06,21:55,15594,Tree Top Hopper,Kids' Rides,false,0
2026-10-07T01:55:00Z,2026-10-06T21:55:00-04:00,2026-10-06,21:55,3233,BATMAN™ The Ride,Thrill Rides,false,0
2026-10-07T01:55:00Z,2026-10-06T21:55:00-04:00,2026-10-06,21:55,3243,El Toro,Thrill Rides,false,0
2026-10-07T01:55:00Z,2026-10-06T21:55:00-04:00,2026-10-06,21:55,8539,Jersey Devil Coaster,Thrill Rides,false,0
2026-10-07T01:55:00Z,2026-10-06T21:55:00-04:00,2026-10-06,21:55,3916,JUSTICE LEAGUE™: Battle for METROPOLIS,Thrill Rides,false,0
2026-10-07T01:55:00Z,2026-10-06T21:55:00-04:00,2026-10-06,21:55,10533,Medusa,Thrill Rides,false,0
2026-10-07T01:55:00Z,2026-10-06T21:55:00-04:00,2026-10-06,21:55,3253,Nitro,Thrill Rides,false,0
2026-10-07T01:55:00Z,2026-10-06T21:55:00-04:00,2026-10-06,21:55,3261,Runaway Train,Thrill Rides,false,0
2026-10-07T01:55:00Z,2026-10-06T21:55:00-04:00,2026-10-06,21:55,3262,Skull Mountain,Thrill Rides,false,0
2026-10-07T01:55:00Z,2026-10-06T21:55:00-04:00,2026-10-06,21:55,3263,SkyScreamer,Thrill Rides,false,0
2026-10-07T01:55:00Z,2026-10-06T21:55:00-04:00,2026-10-06,21:55,3282,Slingshot,Thrill Rides,false,0
2026-10-07T01:55:00Z,2026-10-06T21:55:00-04:00,2026-10-06,21:55,3266,SUPERMAN™: Ultimate Flight,Thrill Rides,false,0
2026-10-07T01:55:00Z,2026-10-06T21:55:00-04:00,2026-10-06,21:55,3271,THE DARK KNIGHT™ Coaster,Thrill Rides,false,0
2026-10-07T01:55:00Z,2026-10-06T21:55:00-04:00,2026-10-06,21:55,14537,THE FLASH™: Vertical Velocity,Thrill Rides,false,0
2026-10-07T01:55:00Z,2026-10-06T21:55:00-04:00,2026-10-06,21:55,3288,THE JOKER™,Thrill Rides,false,0
2026-10-07T01:55:00Z,2026-10-06T21:55:00-04:00,2026-10-06,21:55,3273,Wile E. Coyote Canyon Blaster,Thrill Rides,false,0
2026-10-07T01:55:00Z,2026-10-06T21:55:00-04:00,2026-10-06,21:55,6371,WONDER WOMAN™ Lasso of Truth,Thrill Rides,false,0
2026-10-07T01:55:00Z,2026-10-06T21:55:00-04:00,2026-10-06,21:55,13929,Army of the Dead,Halloween,false,0
2026-10-07T01:55:00Z,2026-10-06T21:55:00-04:00,2026-10-06,21:55,13932,Asylum,Halloween,false,0
2026-10-07T01:55:00Z,2026-10-06T21:55:00-04:00,2026-10-06,21:55,13933,Big Top Terror,Halloween,false,0
2026-10-07T01:55:00Z,2026-10-06T21:55:00-04:00,2026-10-06,21:55,17766,CarnEvil,Halloween,false,0
2026-10-07T01:55:00Z,2026-10-06T21:55:00-04:00,2026-10-06,21:55,17767,Curse of Blackbeard's Bounty,Halloween,false,0
2026-10-07T01:55:00Z,2026-10-06T21:55:00-04:00,2026-10-06,21:55,17768,Deadwood Cabin,Halloween,false,0
2026-10-07T01:55:00Z,2026-10-06T21:55:00-04:00,2026-10-06,21:55,17769,Exile Canyon,Halloween,false,0
2026-10-07T01:55:00Z,2026-10-06T21:55:00-04:00,2026-10-06,21:55,17770,Final Destination,Halloween,false,0
2026-10-07T01:55:00Z,2026-10-06T21:55:00-04:00,2026-10-06,21:55,17771,JASON: Blood Reign,Halloween,false,0
2026-10-07T01:55:00Z,2026-10-06T21:55:00-04:00,2026-10-06,21:55,17772,Plaza De La Muerte,Halloween,false,0
2026-10-07T01:55:00Z,2026-10-06T21:55:00-04:00,2026-10-06,21:55,4005,The Bloody Fountain,Halloween,false,0
2026-10-07T01:55:00Z,2026-10-06T21:55:00-04:00,2026-10-06,21:55,13926,The Conjuring Universe,Halloween,false,0
2026-10-07T01:55:00Z,2026-10-06T21:55:00-04:00,2026-10-06,21:55,17725,The Witch's Reflection,Halloween,false,0
2026-10-07T01:55:00Z,2026-10-06T21:55:00-04:00,2026-10-06,21:55,17720,Trick or Treatin' with Boo,Halloween,false,0
2026-10-07T01:55:00Z,2026-10-06T21:55:00-04:00,2026-10-06,21:55,17773,Twisted Holidays,Halloween,false,0
2026-10-07T02:00:00Z,2026-10-06T22:00:00-04:00,2026-10-06,22:00,3231,Air Jumbo,Family Rides,false,0
2026-10-07T02:00:00Z,2026-10-06T22:00:00-04:00,2026-10-06,22:00,17425,Barrels O’ Fun,Family Rides,false,0
2026-10-07T02:00:00Z,2026-10-06T22:00:00-04:00,2026-10-06,22:00,3270,Buccaneer,Family Rides,false,0
2026-10-07T02:00:00Z,2026-10-06T22:00:00-04:00,2026-10-06,22:00,3237,Carousel,Family Rides,false,0
2026-10-07T02:00:00Z,2026-10-06T22:00:00-04:00,2026-10-06,22:00,3244,Enchanted Teacups,Family Rides,false,0
2026-10-07T02:00:00Z,2026-10-06T22:00:00-04:00,2026-10-06,22:00,3245,Fender Benders,Family Rides,false,0
2026-10-07T02:00:00Z,2026-10-06T22:00:00-04:00,2026-10-06,22:00,17426,Flying Scooters,Family Rides,false,0
2026-10-07T02:00:00Z,2026-10-06T22:00:00-04:00,2026-10-06,22:00,15604,Giant Wheel,Family Rides,false,0
2026-10-07T02:00:00Z,2026-10-06T22:00:00-04:00,2026-10-06,22:00,3236,HARLEY QUINN™ Crazy Train,Family Rides,false,0
2026-10-07T02:00:00Z,2026-10-06T22:00:00-04:00,2026-10-06,22:00,3249,Houdini’s Great Escape,Family Rides,false,0
2026-10-07T02:00:00Z,2026-10-06T22:00:00-04:00,2026-10-06,22:00,17427,Hypno Twister,Family Rides,false,0
2026-10-07T02:00:00Z,2026-10-06T22:00:00-04:00,2026-10-06,22:00,3250,Jolly Roger,Family Rides,false,0
2026-10-07T02:00:00Z,2026-10-06T22:00:00-04:00,2026-10-06,22:00,15829,Roaring Rapids,Family Rides,false,0
2026-10-07T02:00:00Z,2026-10-06T22:00:00-04:00,2026-10-06,22:00,15727,Scrambler,Family Rides,false,0
2026-10-07T02:00:00Z,2026-10-06T22:00:00-04:00,2026-10-06,22:00,3268,Tango,Family Rides,false,0
2026-10-07T02:00:00Z,2026-10-06T22:00:00-04:00,2026-10-06,22:00,17428,Wave Swinger,Family Rides,false,0
2026-10-07T02:00:00Z,2026-10-06T22:00:00-04:00,2026-10-06,22:00,3232,Air Safari,Kids' Rides,false,0
2026-10-07T02:00:00Z,2026-10-06T22:00:00-04:00,2026-10-06,22:00,10461,Barnstormer,Kids' Rides,false,0
2026-10-07T02:00:00Z,2026-10-06T22:00:00-04:00,2026-10-06,22:00,3275,Bugaboo,Kids' Rides,false,0
2026-10-07T02:00:00Z,2026-10-06T22:00:00-04:00,2026-10-06,22:00,3277,Bugs Bunny Camp Carousel,Kids' Rides,false,0
2026-10-07T02:00:00Z,2026-10-06T22:00:00-04:00,2026-10-06,22:00,3279,Bugs Bunny Ranger Pilots,Kids' Rides,false,0
2026-10-07T02:00:00Z,2026-10-06T22:00:00-04:00,2026-10-06,22:00,3240,Daffy Duck Hot Air Balloons,Kids' Rides,false,0
2026-10-07T02:00:00Z,2026-10-06T22:00:00-04:00,2026-10-06,22:00,10077,Lil' Devil Coaster,Kids' Rides,false,0
2026-10-07T02:00:00Z,2026-10-06T22:00:00-04:00,2026-10-06,22:00,15617,Porky Pig Camp Wagons,Kids' Rides,false,0
2026-10-07T02:00:00Z,2026-10-06T22:00:00-04:00,2026-10-06,22:00,3257,Raja’s Rickshaws,Kids' Rides,false,0
2026-10-07T02:00:00Z,2026-10-06T22:00:00-04:00,2026-10-06,22:00,3274,Safari Off-Road Adventure,Kids' Rides,false,0
2026-10-07T02:00:00Z,2026-10-06T22:00:00-04:00,2026-10-06,22:00,3283,Saw Mill Log Flume,Kids' Rides,false,0
2026-10-07T02:00:00Z,2026-10-06T22:00:00-04:00,2026-10-06,22:00,3281,Sky Zooma,Kids' Rides,false,0
2026-10-07T02:00:00Z,2026-10-06T22:00:00-04:00,2026-10-06,22:00,15789,Storm Chaser,Kids' Rides,false,0
2026-10-07T02:00:00Z,2026-10-06T22:00:00-04:00,2026-10-06,22:00,3267,Super Round Up,Kids' Rides,false,0
2026-10-07T02:00:00Z,2026-10-06T22:00:00-04:00,2026-10-06,22:00,15594,Tree Top Hopper,Kids' Rides,false,0
2026-10-07T02:00:00Z,2026-10-06T22:00:00-04:00,2026-10-06,22:00,3233,BATMAN™ The Ride,Thrill Rides,false,0
2026-10-07T02:00:00Z,2026-10-06T22:00:00-04:00,2026-10-06,22:00,3243,El Toro,Thrill Rides,false,0
2026-10-07T02:00:00Z,2026-10-06T22:00:00-04:00,2026-10-06,22:00,8539,Jersey Devil Coaster,Thrill Rides,false,0
2026-10-07T02:00:00Z,2026-10-06T22:00:00-04:00,2026-10-06,22:00,3916,JUSTICE LEAGUE™: Battle for METROPOLIS,Thrill Rides,false,0
2026-10-07T02:00:00Z,2026-10-06T22:00:00-04:00,2026-10-06,22:00,10533,Medusa,Thrill Rides,false,0
2026-10-07T02:00:00Z,2026-10-06T22:00:00-04:00,2026-10-06,22:00,3253,Nitro,Thrill Rides,false,0
2026-10-07T02:00:00Z,2026-10-06T22:00:00-04:00,2026-10-06,22:00,3261,Runaway Train,Thrill Rides,false,0
2026-10-07T02:00:00Z,2026-10-06T22:00:00-04:00,2026-10-06,22:00,3262,Skull Mountain,Thrill Rides,false,0
2026-10-07T02:00:00Z,2026-10-06T22:00:00-04:00,2026-10-06,22:00,3263,SkyScreamer,Thrill Rides,false,0
2026-10-07T02:00:00Z,2026-10-06T22:00:00-04:00,2026-10-06,22:00,3282,Slingshot,Thrill Rides,false,0
2026-10-07T02:00:00Z,2026-10-06T22:00:00-04:00,2026-10-06,22:00,3266,SUPERMAN™: Ultimate Flight,Thrill Rides,false,0
2026-10-07T02:00:00Z,2026-10-06T22:00:00-04:00,2026-10-06,22:00,3271,THE DARK KNIGHT™ Coaster,Thrill Rides,false,0
2026-10-07T02:00:00Z,2026-10-06T22:00:00-04:00,2026-10-06,22:00,14537,THE FLASH™: Vertical Velocity,Thrill Rides,false,0
2026-10-07T02:00:00Z,2026-10-06T22:00:00-04:00,2026-10-06,22:00,3288,THE JOKER™,Thrill Rides,false,0
2026-10-07T02:00:00Z,2026-10-06T22:00:00-04:00,2026-10-06,22:00,3273,Wile E. Coyote Canyon Blaster,Thrill Rides,false,0
2026-10-07T02:00:00Z,2026-10-06T22:00:00-04:00,2026-10-06,22:00,6371,WONDER WOMAN™ Lasso of Truth,Thrill Rides,false,0
2026-10-07T02:00:00Z,2026-10-06T22:00:00-04:00,2026-10-06,22:00,13929,Army of the Dead,Halloween,false,0
2026-10-07T02:00:00Z,2026-10-06T22:00:00-04:00,2026-10-06,22:00,13932,Asylum,Halloween,false,0
2026-10-07T02:00:00Z,2026-10-06T22:00:00-04:00,2026-10-06,22:00,13933,Big Top Terror,Halloween,false,0
2026-10-07T02:00:00Z,2026-10-06T22:00:00-04:00,2026-10-06,22:00,17766,CarnEvil,Halloween,false,0
2026-10-07T02:00:00Z,2026-10-06T22:00:00-04:00,2026-10-06,22:00,17767,Curse of Blackbeard's Bounty,Halloween,false,0
2026-10-07T02:00:00Z,2026-10-06T22:00:00-04:00,2026-10-06,22:00,17768,Deadwood Cabin,Halloween,false,0
2026-10-07T02:00:00Z,2026-10-06T22:00:00-04:00,2026-10-06,22:00,17769,Exile Canyon,Halloween,false,0
2026-10-07T02:00:00Z,2026-10-06T22:00:00-04:00,2026-10-06,22:00,17770,Final Destination,Halloween,false,0
2026-10-07T02:00:00Z,2026-10-06T22:00:00-04:00,2026-10-06,22:00,17771,JASON: Blood Reign,Halloween,false,0
2026-10-07T02:00:00Z,2026-10-06T22:00:00-04:00,2026-10-06,22:00,17772,Plaza De La Muerte,Halloween,false,0
2026-10-07T02:00:00Z,2026-10-06T22:00:00-04:00,2026-10-06,22:00,4005,The Bloody Fountain,Halloween,false,0
2026-10-07T02:00:00Z,2026-10-06T22:00:00-04:00,2026-10-06,22:00,13926,The Conjuring Universe,Halloween,false,0
2026-10-07T02:00:00Z,2026-10-06T22:00:00-04:00,2026-10-06,22:00,17725,The Witch's Reflection,Halloween,false,0
2026-10-07T02:00:00Z,2026-10-06T22:00:00-04:00,2026-10-06,22:00,17720,Trick or Treatin' with Boo,Halloween,false,0
2026-10-07T02:00:00Z,2026-10-06T22:00:00-04:00,2026-10-06,22:00,17773,Twisted Holidays,Halloween,false,0
2026-10-07T02:05:00Z,2026-10-06T22:05:00-04:00,2026-10-06,22:05,3231,Air Jumbo,Family Rides,false,0
2026-10-07T02:05:00Z,2026-10-06T22:05:00-04:00,2026-10-06,22:05,17425,Barrels O’ Fun,Family Rides,false,0
2026-10-07T02:05:00Z,2026-10-06T22:05:00-04:00,2026-10-06,22:05,3270,Buccaneer,Family Rides,false,0
2026-10-07T02:05:00Z,2026-10-06T22:05:00-04:00,2026-10-06,22:05,3237,Carousel,Family Rides,false,0
2026-10-07T02:05:00Z,2026-10-06T22:05:00-04:00,2026-10-06,22:05,3244,Enchanted Teacups,Family Rides,false,0
2026-10-07T02:05:00Z,2026-10-06T22:05:00-04:00,2026-10-06,22:05,3245,Fender Benders,Family Rides,false,0
2026-10-07T02:05:00Z,2026-10-06T22:05:00-04:00,2026-10-06,22:05,17426,Flying Scooters,Family Rides,false,0
2026-10-07T02:05:00Z,2026-10-06T22:05:00-04:00,2026-10-06,22:05,15604,Giant Wheel,Family Rides,false,0
2026-10-07T02:05:00Z,2026-10-06T22:05:00-04:00,2026-10-06,22:05,3236,HARLEY QUINN™ Crazy Train,Family Rides,false,0
2026-10-07T02:05:00Z,2026-10-06T22:05:00-04:00,2026-10-06,22:05,3249,Houdini’s Great Escape,Family Rides,false,0
2026-10-07T02:05:00Z,2026-10-06T22:05:00-04:00,2026-10-06,22:05,17427,Hypno Twister,Family Rides,false,0
2026-10-07T02:05:00Z,2026-10-06T22:05:00-04:00,2026-10-06,22:05,3250,Jolly Roger,Family Rides,false,0
2026-10-07T02:05:00Z,2026-10-06T22:05:00-04:00,2026-10-06,22:05,15829,Roaring Rapids,Family Rides,false,0
2026-10-07T02:05:00Z,2026-10-06T22:05:00-04:00,2026-10-06,22:05,15727,Scrambler,Family Rides,false,0
2026-10-07T02:05:00Z,2026-10-06T22:05:00-04:00,2026-10-06,22:05,3268,Tango,Family Rides,false,0
2026-10-07T02:05:00Z,2026-10-06T22:05:00-04:00,2026-10-06,22:05,17428,Wave Swinger,Family Rides,false,0
2026-10-07T02:05:00Z,2026-10-06T22:05:00-04:00,2026-10-06,22:05,3232,Air Safari,Kids' Rides,false,0
2026-10-07T02:05:00Z,2026-10-06T22:05:00-04:00,2026-10-06,22:05,10461,Barnstormer,Kids' Rides,false,0
2026-10-07T02:05:00Z,2026-10-06T22:05:00-04:00,2026-10-06,22:05,3275,Bugaboo,Kids' Rides,false,0
2026-10-07T02:05:00Z,2026-10-06T22:05:00-04:00,2026-10-06,22:05,3277,Bugs Bunny Camp Carousel,Kids' Rides,false,0
2026-10-07T02:05:00Z,2026-10-06T22:05:00-04:00,2026-10-06,22:05,3279,Bugs Bunny Ranger Pilots,Kids' Rides,false,0
2026-10-07T02:05:00Z,2026-10-06T22:05:00-04:00,2026-10-06,22:05,3240,Daffy Duck Hot Air Balloons,Kids' Rides,false,0
2026-10-07T02:05:00Z,2026-10-06T22:05:00-04:00,2026-10-06,22:05,10077,Lil' Devil Coaster,Kids' Rides,false,0
2026-10-07T02:05:00Z,2026-10-06T22:05:00-04:00,2026-10-06,22:05,15617,Porky Pig Camp Wagons,Kids' Rides,false,0
2026-10-07T02:05:00Z,2026-10-06T22:05:00-04:00,2026-10-06,22:05,3257,Raja’s Rickshaws,Kids' Rides,false,0
2026-10-07T02:05:00Z,2026-10-06T22:05:00-04:00,2026-10-06,22:05,3274,Safari Off-Road Adventure,Kids' Rides,false,0
2026-10-07T02:05:00Z,2026-10-06T22:05:00-04:00,2026-10-06,22:05,3283,Saw Mill Log Flume,Kids' Rides,false,0
2026-10-07T02:05:00Z,2026-10-06T22:05:00-04:00,2026-10-06,22:05,3281,Sky Zooma,Kids' Rides,false,0
2026-10-07T02:05:00Z,2026-10-06T22:05:00-04:00,2026-10-06,22:05,15789,Storm Chaser,Kids' Rides,false,0
2026-10-07T02:05:00Z,2026-10-06T22:05:00-04:00,2026-10-06,22:05,3267,Super Round Up,Kids' Rides,false,0
2026-10-07T02:05:00Z,2026-10-06T22:05:00-04:00,2026-10-06,22:05,15594,Tree Top Hopper,Kids' Rides,false,0
2026-10-07T02:05:00Z,2026-10-06T22:05:00-04:00,2026-10-06,22:05,3233,BATMAN™ The Ride,Thrill Rides,false,0
2026-10-07T02:05:00Z,2026-10-06T22:05:00-04:00,2026-10-06,22:05,3243,El Toro,Thrill Rides,false,0
2026-10-07T02:05:00Z,2026-10-06T22:05:00-04:00,2026-10-06,22:05,8539,Jersey Devil Coaster,Thrill Rides,false,0
2026-10-07T02:05:00Z,2026-10-06T22:05:00-04:00,2026-10-06,22:05,3916,JUSTICE LEAGUE™: Battle for METROPOLIS,Thrill Rides,false,0
2026-10-07T02:05:00Z,2026-10-06T22:05:00-04:00,2026-10-06,22:05,10533,Medusa,Thrill Rides,false,0
2026-10-07T02:05:00Z,2026-10-06T22:05:00-04:00,2026-10-06,22:05,3253,Nitro,Thrill Rides,false,0
2026-10-07T02:05:00Z,2026-10-06T22:05:00-04:00,2026-10-06,22:05,3261,Runaway Train,Thrill Rides,false,0
2026-10-07T02:05:00Z,2026-10-06T22:05:00-04:00,2026-10-06,22:05,3262,Skull Mountain,Thrill Rides,false,0
2026-10-07T02:05:00Z,2026-10-06T22:05:00-04:00,2026-10-06,22:05,3263,SkyScreamer,Thrill Rides,false,0
2026-10-07T02:05:00Z,2026-10-06T22:05:00-04:00,2026-10-06,22:05,3282,Slingshot,Thrill Rides,false,0
2026-10-07T02:05:00Z,2026-10-06T22:05:00-04:00,2026-10-06,22:05,3266,SUPERMAN™: Ultimate Flight,Thrill Rides,false,0
2026-10-07T02:05:00Z,2026-10-06T22:05:00-04:00,2026-10-06,22:05,3271,THE DARK KNIGHT™ Coaster,Thrill Rides,false,0
2026-10-07T02:05:00Z,2026-10-06T22:05:00-04:00,2026-10-06,22:05,14537,THE FLASH™: Vertical Velocity,Thrill Rides,false,0
2026-10-07T02:05:00Z,2026-10-06T22:05:00-04:00,2026-10-06,22:05,3288,THE JOKER™,Thrill Rides,false,0
2026-10-07T02:05:00Z,2026-10-06T22:05:00-04:00,2026-10-06,22:05,3273,Wile E. Coyote Canyon Blaster,Thrill Rides,false,0
2026-10-07T02:05:00Z,2026-10-06T22:05:00-04:00,2026-10-06,22:05,6371,WONDER WOMAN™ Lasso of Truth,Thrill Rides,false,0
2026-10-07T02:05:00Z,2026-10-06T22:05:00-04:00,2026-10-06,22:05,13929,Army of the Dead,Halloween,false,0
2026-10-07T02:05:00Z,2026-10-06T22:05:00-04:00,2026-10-06,22:05,13932,Asylum,Halloween,false,0
2026-10-07T02:05:00Z,2026-10-06T22:05:00-04:00,2026-10-06,22:05,13933,Big Top Terror,Halloween,false,0
2026-10-07T02:05:00Z,2026-10-06T22:05:00-04:00,2026-10-06,22:05,17766,CarnEvil,Halloween,false,0
2026-10-07T02:05:00Z,2026-10-06T22:05:00-04:00,2026-10-06,22:05,17767,Curse of Blackbeard's Bounty,Halloween,false,0
2026-10-07T02:05:00Z,2026-10-06T22:05:00-04:00,2026-10-06,22:05,17768,Deadwood Cabin,Halloween,false,0
2026-10-07T02:05:00Z,2026-10-06T22:05:00-04:00,2026-10-06,22:05,17769,Exile Canyon,Halloween,false,0
2026-10-07T02:05:00Z,2026-10-06T22:05:00-04:00,2026-10-06,22:05,17770,Final Destination,Halloween,false,0
2026-10-07T02:05:00Z,2026-10-06T22:05:00-04:00,2026-10-06,22:05,17771,JASON: Blood Reign,Halloween,false,0
2026-10-07T02:05:00Z,2026-10-06T22:05:00-04:00,2026-10-06,22:05,17772,Plaza De La Muerte,Halloween,false,0
2026-10-07T02:05:00Z,2026-10-06T22:05:00-04:00,2026-10-06,22:05,4005,The Bloody Fountain,Halloween,false,0
2026-10-07T02:05:00Z,2026-10-06T22:05:00-04:00,2026-10-06,22:05,13926,The Conjuring Universe,Halloween,false,0
2026-10-07T02:05:00Z,2026-10-06T22:05:00-04:00,2026-10-06,22:05,17725,The Witch's Reflection,Halloween,false,0
2026-10-07T02:05:00Z,2026-10-06T22:05:00-04:00,2026-10-06,22:05,17720,Trick or Treatin' with Boo,Halloween,false,0
2026-10-07T02:05:00Z,2026-10-06T22:05:00-04:00,2026-10-06,22:05,17773,Twisted Holidays,Halloween,false,0
2026-10-07T02:10:00Z,2026-10-06T22:10:00-04:00,2026-10-06,22:10,3231,Air Jumbo,Family Rides,false,0
2026-10-07T02:10:00Z,2026-10-06T22:10:00-04:00,2026-10-06,22:10,17425,Barrels O’ Fun,Family Rides,false,0
2026-10-07T02:10:00Z,2026-10-06T22:10:00-04:00,2026-10-06,22:10,3270,Buccaneer,Family Rides,false,0
2026-10-07T02:10:00Z,2026-10-06T22:10:00-04:00,2026-10-06,22:10,3237,Carousel,Family Rides,false,0
2026-10-07T02:10:00Z,2026-10-06T22:10:00-04:00,2026-10-06,22:10,3244,Enchanted Teacups,Family Rides,false,0
2026-10-07T02:10:00Z,2026-10-06T22:10:00-04:00,2026-10-06,22:10,3245,Fender Benders,Family Rides,false,0
2026-10-07T02:10:00Z,2026-10-06T22:10:00-04:00,2026-10-06,22:10,17426,Flying Scooters,Family Rides,false,0
2026-10-07T02:10:00Z,2026-10-06T22:10:00-04:00,2026-10-06,22:10,15604,Giant Wheel,Family Rides,false,0
2026-10-07T02:10:00Z,2026-10-06T22:10:00-04:00,2026-10-06,22:10,3236,HARLEY QUINN™ Crazy Train,Family Rides,false,0
2026-10-07T02:10:00Z,2026-10-06T22:10:00-04:00,2026-10-06,22:10,3249,Houdini’s Great Escape,Family Rides,false,0
2026-10-07T02:10:00Z,2026-10-06T22:10:00-04:00,2026-10-06,22:10,17427,Hypno Twister,Family Rides,false,0
2026-10-07T02:10:00Z,2026-10-06T22:10:00-04:00,2026-10-06,22:10,3250,Jolly Roger,Family Rides,false,0
2026-10-07T02:10:00Z,2026-10-06T22:10:00-04:00,2026-10-06,22:10,15829,Roaring Rapids,Family Rides,false,0
2026-10-07T02:10:00Z,2026-10-06T22:10:00-04:00,2026-10-06,22:10,15727,Scrambler,Family Rides,false,0
2026-10-07T02:10:00Z,2026-10-06T22:10:00-04:00,2026-10-06,22:10,3268,Tango,Family Rides,false,0
2026-10-07T02:10:00Z,2026-10-06T22:10:00-04:00,2026-10-06,22:10,17428,Wave Swinger,Family Rides,false,0
2026-10-07T02:10:00Z,2026-10-06T22:10:00-04:00,2026-10-06,22:10,3232,Air Safari,Kids' Rides,false,0
2026-10-07T02:10:00Z,2026-10-06T22:10:00-04:00,2026-10-06,22:10,10461,Barnstormer,Kids' Rides,false,0
2026-10-07T02:10:00Z,2026-10-06T22:10:00-04:00,2026-10-06,22:10,3275,Bugaboo,Kids' Rides,false,0
2026-10-07T02:10:00Z,2026-10-06T22:10:00-04:00,2026-10-06,22:10,3277,Bugs Bunny Camp Carousel,Kids' Rides,false,0
2026-10-07T02:10:00Z,2026-10-06T22:10:00-04:00,2026-10-06,22:10,3279,Bugs Bunny Ranger Pilots,Kids' Rides,false,0
2026-10-07T02:10:00Z,2026-10-06T22:10:00-04:00,2026-10-06,22:10,3240,Daffy Duck Hot Air Balloons,Kids' Rides,false,0
2026-10-07T02:10:00Z,2026-10-06T22:10:00-04:00,2026-10-06,22:10,10077,Lil' Devil Coaster,Kids' Rides,false,0
2026-10-07T02:10:00Z,2026-10-06T22:10:00-04:00,2026-10-06,22:10,15617,Porky Pig Camp Wagons,Kids' Rides,false,0
2026-10-07T02:10:00Z,2026-10-06T22:10:00-04:00,2026-10-06,22:10,3257,Raja’s Rickshaws,Kids' Rides,false,0
2026-10-07T02:10:00Z,2026-10-06T22:10:00-04:00,2026-10-06,22:10,3274,Safari Off-Road Adventure,Kids' Rides,false,0
2026-10-07T02:10:00Z,2026-10-06T22:10:00-04:00,2026-10-06,22:10,3283,Saw Mill Log Flume,Kids' Rides,false,0
2026-10-07T02:10:00Z,2026-10-06T22:10:00-04:00,2026-10-06,22:10,3281,Sky Zooma,Kids' Rides,false,0
2026-10-07T02:10:00Z,2026-10-06T22:10:00-04:00,2026-10-06,22:10,15789,Storm Chaser,Kids' Rides,false,0
2026-10-07T02:10:00Z,2026-10-06T22:10:00-04:00,2026-10-06,22:10,3267,Super Round Up,Kids' Rides,false,0
2026-10-07T02:10:00Z,2026-10-06T22:10:00-04:00,2026-10-06,22:10,15594,Tree Top Hopper,Kids' Rides,false,0
2026-10-07T02:10:00Z,2026-10-06T22:10:00-04:00,2026-10-06,22:10,3233,BATMAN™ The Ride,Thrill Rides,false,0
2026-10-07T02:10:00Z,2026-10-06T22:10:00-04:00,2026-10-06,22:10,3243,El Toro,Thrill Rides,false,0
2026-10-07T02:10:00Z,2026-10-06T22:10:00-04:00,2026-10-06,22:10,8539,Jersey Devil Coaster,Thrill Rides,false,0
2026-10-07T02:10:00Z,2026-10-06T22:10:00-04:00,2026-10-06,22:10,3916,JUSTICE LEAGUE™: Battle for METROPOLIS,Thrill Rides,false,0
2026-10-07T02:10:00Z,2026-10-06T22:10:00-04:00,2026-10-06,22:10,10533,Medusa,Thrill Rides,false,0
2026-10-07T02:10:00Z,2026-10-06T22:10:00-04:00,2026-10-06,22:10,3253,Nitro,Thrill Rides,false,0
2026-10-07T02:10:00Z,2026-10-06T22:10:00-04:00,2026-10-06,22:10,3261,Runaway Train,Thrill Rides,false,0
2026-10-07T02:10:00Z,2026-10-06T22:10:00-04:00,2026-10-06,22:10,3262,Skull Mountain,Thrill Rides,false,0
2026-10-07T02:10:00Z,2026-10-06T22:10:00-04:00,2026-10-06,22:10,3263,SkyScreamer,Thrill Rides,false,0
2026-10-07T02:10:00Z,2026-10-06T22:10:00-04:00,2026-10-06,22:10,3282,Slingshot,Thrill Rides,false,0
2026-10-07T02:10:00Z,2026-10-06T22:10:00-04:00,2026-10-06,22:10,3266,SUPERMAN™: Ultimate Flight,Thrill Rides,false,0
2026-10-07T02:10:00Z,2026-10-06T22:10:00-04:00,2026-10-06,22:10,3271,THE DARK KNIGHT™ Coaster,Thrill Rides,false,0
2026-10-07T02:10:00Z,2026-10-06T22:10:00-04:00,2026-10-06,22:10,14537,THE FLASH™: Vertical Velocity,Thrill Rides,false,0
2026-10-07T02:10:00Z,2026-10-06T22:10:00-04:00,2026-10-06,22:10,3288,THE JOKER™,Thrill Rides,false,0
2026-10-07T02:10:00Z,2026-10-06T22:10:00-04:00,2026-10-06,22:10,3273,Wile E. Coyote Canyon Blaster,Thrill Rides,false,0
2026-10-07T02:10:00Z,2026-10-06T22:10:00-04:00,2026-10-06,22:10,6371,WONDER WOMAN™ Lasso of Truth,Thrill Rides,false,0
2026-10-07T02:10:00Z,2026-10-06T22:10:00-04:00,2026-10-06,22:10,13929,Army of the Dead,Halloween,false,0
2026-10-07T02:10:00Z,2026-10-06T22:10:00-04:00,2026-10-06,22:10,13932,Asylum,Halloween,false,0
2026-10-07T02:10:00Z,2026-10-06T22:10:00-04:00,2026-10-06,22:10,13933,Big Top Terror,Halloween,false,0
2026-10-07T02:10:00Z,2026-10-06T22:10:00-04:00,2026-10-06,22:10,17766,CarnEvil,Halloween,false,0
2026-10-07T02:10:00Z,2026-10-06T22:10:00-04:00,2026-10-06,22:10,17767,Curse of Blackbeard's Bounty,Halloween,false,0
2026-10-07T02:10:00Z,2026-10-06T22:10:00-04:00,2026-10-06,22:10,17768,Deadwood Cabin,Halloween,false,0
2026-10-07T02:10:00Z,2026-10-06T22:10:00-04:00,2026-10-06,22:10,17769,Exile Canyon,Halloween,false,0
2026-10-07T02:10:00Z,2026-10-06T22:10:00-04:00,2026-10-06,22:10,17770,Final Destination,Halloween,false,0
2026-10-07T02:10:00Z,2026-10-06T22:10:00-04:00,2026-10-06,22:10,17771,JASON: Blood Reign,Halloween,false,0
2026-10-07T02:10:00Z,2026-10-06T22:10:00-04:00,2026-10-06,22:10,17772,Plaza De La Muerte,Halloween,false,0
2026-10-07T02:10:00Z,2026-10-06T22:10:00-04:00,2026-10-06,22:10,4005,The Bloody Fountain,Halloween,false,0
2026-10-07T02:10:00Z,2026-10-06T22:10:00-04:00,2026-10-06,22:10,13926,The Conjuring Universe,Halloween,false,0
2026-10-07T02:10:00Z,2026-10-06T22:10:00-04:00,2026-10-06,22:10,17725,The Witch's Reflection,Halloween,false,0
2026-10-07T02:10:00Z,2026-10-06T22:10:00-04:00,2026-10-06,22:10,17720,Trick or Treatin' with Boo,Halloween,false,0
2026-10-07T02:10:00Z,2026-10-06T22:10:00-04:00,2026-10-06,22:10,17773,Twisted Holidays,Halloween,false,0
2026-10-07T02:15:00Z,2026-10-06T22:15:00-04:00,2026-10-06,22:15,3231,Air Jumbo,Family Rides,false,0
2026-10-07T02:15:00Z,2026-10-06T22:15:00-04:00,2026-10-06,22:15,17425,Barrels O’ Fun,Family Rides,false,0
2026-10-07T02:15:00Z,2026-10-06T22:15:00-04:00,2026-10-06,22:15,3270,Buccaneer,Family Rides,false,0
2026-10-07T02:15:00Z,2026-10-06T22:15:00-04:00,2026-10-06,22:15,3237,Carousel,Family Rides,false,0
2026-10-07T02:15:00Z,2026-10-06T22:15:00-04:00,2026-10-06,22:15,3244,Enchanted Teacups,Family Rides,false,0
2026-10-07T02:15:00Z,2026-10-06T22:15:00-04:00,2026-10-06,22:15,3245,Fender Benders,Family Rides,false,0
2026-10-07T02:15:00Z,2026-10-06T22:15:00-04:00,2026-10-06,22:15,17426,Flying Scooters,Family Rides,false,0
2026-10-07T02:15:00Z,2026-10-06T22:15:00-04:00,2026-10-06,22:15,15604,Giant Wheel,Family Rides,false,0
2026-10-07T02:15:00Z,2026-10-06T22:15:00-04:00,2026-10-06,22:15,3236,HARLEY QUINN™ Crazy Train,Family Rides,false,0
2026-10-07T02:15:00Z,2026-10-06T22:15:00-04:00,2026-10-06,22:15,3249,Houdini’s Great Escape,Family Rides,false,0
2026-10-07T02:15:00Z,2026-10-06T22:15:00-04:00,2026-10-06,22:15,17427,Hypno Twister,Family Rides,false,0
2026-10-07T02:15:00Z,2026-10-06T22:15:00-04:00,2026-10-06,22:15,3250,Jolly Roger,Family Rides,false,0
2026-10-07T02:15:00Z,2026-10-06T22:15:00-04:00,2026-10-06,22:15,15829,Roaring Rapids,Family Rides,false,0
2026-10-07T02:15:00Z,2026-10-06T22:15:00-04:00,2026-10-06,22:15,15727,Scrambler,Family Rides,false,0
2026-10-07T02:15:00Z,2026-10-06T22:15:00-04:00,2026-10-06,22:15,3268,Tango,Family Rides,false,0
2026-10-07T02:15:00Z,2026-10-06T22:15:00-04:00,2026-10-06,22:15,17428,Wave Swinger,Family Rides,false,0
2026-10-07T02:15:00Z,2026-10-06T22:15:00-04:00,2026-10-06,22:15,3232,Air Safari,Kids' Rides,false,0
2026-10-07T02:15:00Z,2026-10-06T22:15:00-04:00,2026-10-06,22:15,10461,Barnstormer,Kids' Rides,false,0
2026-10-07T02:15:00Z,2026-10-06T22:15:00-04:00,2026-10-06,22:15,3275,Bugaboo,Kids' Rides,false,0
2026-10-07T02:15:00Z,2026-10-06T22:15:00-04:00,2026-10-06,22:15,3277,Bugs Bunny Camp Carousel,Kids' Rides,false,0
2026-10-07T02:15:00Z,2026-10-06T22:15:00-04:00,2026-10-06,22:15,3279,Bugs Bunny Ranger Pilots,Kids' Rides,false,0
2026-10-07T02:15:00Z,2026-10-06T22:15:00-04:00,2026-10-06,22:15,3240,Daffy Duck Hot Air Balloons,Kids' Rides,false,0
2026-10-07T02:15:00Z,2026-10-06T22:15:00-04:00,2026-10-06,22:15,10077,Lil' Devil Coaster,Kids' Rides,false,0
2026-10-07T02:15:00Z,2026-10-06T22:15:00-04:00,2026-10-06,22:15,15617,Porky Pig Camp Wagons,Kids' Rides,false,0
2026-10-07T02:15:00Z,2026-10-06T22:15:00-04:00,2026-10-06,22:15,3257,Raja’s Rickshaws,Kids' Rides,false,0
2026-10-07T02:15:00Z,2026-10-06T22:15:00-04:00,2026-10-06,22:15,3274,Safari Off-Road Adventure,Kids' Rides,false,0
2026-10-07T02:15:00Z,2026-10-06T22:15:00-04:00,2026-10-06,22:15,3283,Saw Mill Log Flume,Kids' Rides,false,0
2026-10-07T02:15:00Z,2026-10-06T22:15:00-04:00,2026-10-06,22:15,3281,Sky Zooma,Kids' Rides,false,0
2026-10-07T02:15:00Z,2026-10-06T22:15:00-04:00,2026-10-06,22:15,15789,Storm Chaser,Kids' Rides,false,0
2026-10-07T02:15:00Z,2026-10-06T22:15:00-04:00,2026-10-06,22:15,3267,Super Round Up,Kids' Rides,false,0
2026-10-07T02:15:00Z,2026-10-06T22:15:00-04:00,2026-10-06,22:15,15594,Tree Top Hopper,Kids' Rides,false,0
2026-10-07T02:15:00Z,2026-10-06T22:15:00-04:00,2026-10-06,22:15,3233,BATMAN™ The Ride,Thrill Rides,false,0
2026-10-07T02:15:00Z,2026-10-06T22:15:00-04:00,2026-10-06,22:15,3243,El Toro,Thrill Rides,false,0
2026-10-07T02:15:00Z,2026-10-06T22:15:00-04:00,2026-10-06,22:15,8539,Jersey Devil Coaster,Thrill Rides,false,0
2026-10-07T02:15:00Z,2026-10-06T22:15:00-04:00,2026-10-06,22:15,3916,JUSTICE LEAGUE™: Battle for METROPOLIS,Thrill Rides,false,0
2026-10-07T02:15:00Z,2026-10-06T22:15:00-04:00,2026-10-06,22:15,10533,Medusa,Thrill Rides,false,0
2026-10-07T02:15:00Z,2026-10-06T22:15:00-04:00,2026-10-06,22:15,3253,Nitro,Thrill Rides,false,0
2026-10-07T02:15:00Z,2026-10-06T22:15:00-04:00,2026-10-06,22:15,3261,Runaway Train,Thrill Rides,false,0
2026-10-07T02:15:00Z,2026-10-06T22:15:00-04:00,2026-10-06,22:15,3262,Skull Mountain,Thrill Rides,false,0
2026-10-07T02:15:00Z,2026-10-06T22:15:00-04:00,2026-10-06,22:15,3263,SkyScreamer,Thrill Rides,false,0
2026-10-07T02:15:00Z,2026-10-06T22:15:00-04:00,2026-10-06,22:15,3282,Slingshot,Thrill Rides,false,0
2026-10-07T02:15:00Z,2026-10-06T22:15:00-04:00,2026-10-06,22:15,3266,SUPERMAN™: Ultimate Flight,Thrill Rides,false,0
2026-10-07T02:15:00Z,2026-10-06T22:15:00-04:00,2026-10-06,22:15,3271,THE DARK KNIGHT™ Coaster,Thrill Rides,false,0
2026-10-07T02:15:00Z,2026-10-06T22:15:00-04:00,2026-10-06,22:15,14537,THE FLASH™: Vertical Velocity,Thrill Rides,false,0
2026-10-07T02:15:00Z,2026-10-06T22:15:00-04:00,2026-10-06,22:15,3288,THE JOKER™,Thrill Rides,false,0
2026-10-07T02:15:00Z,2026-10-06T22:15:00-04:00,2026-10-06,22:15,3273,Wile E. Coyote Canyon Blaster,Thrill Rides,false,0
2026-10-07T02:15:00Z,2026-10-06T22:15:00-04:00,2026-10-06,22:15,6371,WONDER WOMAN™ Lasso of Truth,Thrill Rides,false,0
2026-10-07T02:15:00Z,2026-10-06T22:15:00-04:00,2026-10-06,22:15,13929,Army of the Dead,Halloween,false,0
2026-10-07T02:15:00Z,2026-10-06T22:15:00-04:00,2026-10-06,22:15,13932,Asylum,Halloween,false,0
2026-10-07T02:15:00Z,2026-10-06T22:15:00-04:00,2026-10-06,22:15,13933,Big Top Terror,Halloween,false,0
2026-10-07T02:15:00Z,2026-10-06T22:15:00-04:00,2026-10-06,22:15,17766,CarnEvil,Halloween,false,0
2026-10-07T02:15:00Z,2026-10-06T22:15:00-04:00,2026-10-06,22:15,17767,Curse of Blackbeard's Bounty,Halloween,false,0
2026-10-07T02:15:00Z,2026-10-06T22:15:00-04:00,2026-10-06,22:15,17768,Deadwood Cabin,Halloween,false,0
2026-10-07T02:15:00Z,2026-10-06T22:15:00-04:00,2026-10-06,22:15,17769,Exile Canyon,Halloween,false,0
2026-10-07T02:15:00Z,2026-10-06T22:15:00-04:00,2026-10-06,22:15,17770,Final Destination,Halloween,false,0
2026-10-07T02:15:00Z,2026-10-06T22:15:00-04:00,2026-10-06,22:15,17771,JASON: Blood Reign,Halloween,false,0
2026-10-07T02:15:00Z,2026-10-06T22:15:00-04:00,2026-10-06,22:15,17772,Plaza De La Muerte,Halloween,false,0
2026-10-07T02:15:00Z,2026-10-06T22:15:00-04:00,2026-10-06,22:15,4005,The Bloody Fountain,Halloween,false,0
2026-10-07T02:15:00Z,2026-10-06T22:15:00-04:00,2026-10-06,22:15,13926,The Conjuring Universe,Halloween,false,0
2026-10-07T02:15:00Z,2026-10-06T22:15:00-04:00,2026-10-06,22:15,17725,The Witch's Reflection,Halloween,false,0
2026-10-07T02:15:00Z,2026-10-06T22:15:00-04:00,2026-10-06,22:15,17720,Trick or Treatin' with Boo,Halloween,false,0
2026-10-07T02:15:00Z,2026-10-06T22:15:00-04:00,2026-10-06,22:15,17773,Twisted Holidays,Halloween,false,0
2026-10-07T02:20:00Z,2026-10-06T22:20:00-04:00,2026-10-06,22:20,3231,Air Jumbo,Family Rides,false,0
2026-10-07T02:20:00Z,2026-10-06T22:20:00-04:00,2026-10-06,22:20,17425,Barrels O’ Fun,Family Rides,false,0
2026-10-07T02:20:00Z,2026-10-06T22:20:00-04:00,2026-10-06,22:20,3270,Buccaneer,Family Rides,false,0
2026-10-07T02:20:00Z,2026-10-06T22:20:00-04:00,2026-10-06,22:20,3237,Carousel,Family Rides,false,0
2026-10-07T02:20:00Z,2026-10-06T22:20:00-04:00,2026-10-06,22:20,3244,Enchanted Teacups,Family Rides,false,0
2026-10-07T02:20:00Z,2026-10-06T22:20:00-04:00,2026-10-06,22:20,3245,Fender Benders,Family Rides,false,0
2026-10-07T02:20:00Z,2026-10-06T22:20:00-04:00,2026-10-06,22:20,17426,Flying Scooters,Family Rides,false,0
2026-10-07T02:20:00Z,2026-10-06T22:20:00-04:00,2026-10-06,22:20,15604,Giant Wheel,Family Rides,false,0
2026-10-07T02:20:00Z,2026-10-06T22:20:00-04:00,2026-10-06,22:20,3236,HARLEY QUINN™ Crazy Train,Family Rides,false,0
2026-10-07T02:20:00Z,2026-10-06T22:20:00-04:00,2026-10-06,22:20,3249,Houdini’s Great Escape,Family Rides,false,0
2026-10-07T02:20:00Z,2026-10-06T22:20:00-04:00,2026-10-06,22:20,17427,Hypno Twister,Family Rides,false,0
2026-10-07T02:20:00Z,2026-10-06T22:20:00-04:00,2026-10-06,22:20,3250,Jolly Roger,Family Rides,false,0
2026-10-07T02:20:00Z,2026-10-06T22:20:00-04:00,2026-10-06,22:20,15829,Roaring Rapids,Family Rides,false,0
2026-10-07T02:20:00Z,2026-10-06T22:20:00-04:00,2026-10-06,22:20,15727,Scrambler,Family Rides,false,0
2026-10-07T02:20:00Z,2026-10-06T22:20:00-04:00,2026-10-06,22:20,3268,Tango,Family Rides,false,0
2026-10-07T02:20:00Z,2026-10-06T22:20:00-04:00,2026-10-06,22:20,17428,Wave Swinger,Family Rides,false,0
2026-10-07T02:20:00Z,2026-10-06T22:20:00-04:00,2026-10-06,22:20,3232,Air Safari,Kids' Rides,false,0
2026-10-07T02:20:00Z,2026-10-06T22:20:00-04:00,2026-10-06,22:20,10461,Barnstormer,Kids' Rides,false,0
2026-10-07T02:20:00Z,2026-10-06T22:20:00-04:00,2026-10-06,22:20,3275,Bugaboo,Kids' Rides,false,0
2026-10-07T02:20:00Z,2026-10-06T22:20:00-04:00,2026-10-06,22:20,3277,Bugs Bunny Camp Carousel,Kids' Rides,false,0
2026-10-07T02:20:00Z,2026-10-06T22:20:00-04:00,2026-10-06,22:20,3279,Bugs Bunny Ranger Pilots,Kids' Rides,false,0
2026-10-07T02:20:00Z,2026-10-06T22:20:00-04:00,2026-10-06,22:20,3240,Daffy Duck Hot Air Balloons,Kids' Rides,false,0
2026-10-07T02:20:00Z,2026-10-06T22:20:00-04:00,2026-10-06,22:20,10077,Lil' Devil Coaster,Kids' Rides,false,0
2026-10-07T02:20:00Z,2026-10-06T22:20:00-04:00,2026-10-06,22:20,15617,Porky Pig Camp Wagons,Kids' Rides,false,0
2026-10-07T02:20:00Z,2026-10-06T22:20:00-04:00,2026-10-06,22:20,3257,Raja’s Rickshaws,Kids' Rides,false,0
2026-10-07T02:20:00Z,2026-10-06T22:20:00-04:00,2026-10-06,22:20,3274,Safari Off-Road Adventure,Kids' Rides,false,0
2026-10-07T02:20:00Z,2026-10-06T22:20:00-04:00,2026-10-06,22:20,3283,Saw Mill Log Flume,Kids' Rides,false,0
2026-10-07T02:20:00Z,2026-10-06T22:20:00-04:00,2026-10-06,22:20,3281,Sky Zooma,Kids' Rides,false,0
2026-10-07T02:20:00Z,2026-10-06T22:20:00-04:00,2026-10-06,22:20,15789,Storm Chaser,Kids' Rides,false,0
2026-10-07T02:20:00Z,2026-10-06T22:20:00-04:00,2026-10-06,22:20,3267,Super Round Up,Kids' Rides,false,0
2026-10-07T02:20:00Z,2026-10-06T22:20:00-04:00,2026-10-06,22:20,15594,Tree Top Hopper,Kids' Rides,false,0
2026-10-07T02:20:00Z,2026-10-06T22:20:00-04:00,2026-10-06,22:20,3233,BATMAN™ The Ride,Thrill Rides,false,0
2026-10-07T02:20:00Z,2026-10-06T22:20:00-04:00,2026-10-06,22:20,3243,El Toro,Thrill Rides,false,0
2026-10-07T02:20:00Z,2026-10-06T22:20:00-04:00,2026-10-06,22:20,8539,Jersey Devil Coaster,Thrill Rides,false,0
2026-10-07T02:20:00Z,2026-10-06T22:20:00-04:00,2026-10-06,22:20,3916,JUSTICE LEAGUE™: Battle for METROPOLIS,Thrill Rides,false,0
2026-10-07T02:20:00Z,2026-10-06T22:20:00-04:00,2026-10-06,22:20,10533,Medusa,Thrill Rides,false,0
2026-10-07T02:20:00Z,2026-10-06T22:20:00-04:00,2026-10-06,22:20,3253,Nitro,Thrill Rides,false,0
2026-10-07T02:20:00Z,2026-10-06T22:20:00-04:00,2026-10-06,22:20,3261,Runaway Train,Thrill Rides,false,0
2026-10-07T02:20:00Z,2026-10-06T22:20:00-04:00,2026-10-06,22:20,3262,Skull Mountain,Thrill Rides,false,0
2026-10-07T02:20:00Z,2026-10-06T22:20:00-04:00,2026-10-06,22:20,3263,SkyScreamer,Thrill Rides,false,0
2026-10-07T02:20:00Z,2026-10-06T22:20:00-04:00,2026-10-06,22:20,3282,Slingshot,Thrill Rides,false,0
2026-10-07T02:20:00Z,2026-10-06T22:20:00-04:00,2026-10-06,22:20,3266,SUPERMAN™: Ultimate Flight,Thrill Rides,false,0
2026-10-07T02:20:00Z,2026-10-06T22:20:00-04:00,2026-10-06,22:20,3271,THE DARK KNIGHT™ Coaster,Thrill Rides,false,0
2026-10-07T02:20:00Z,2026-10-06T22:20:00-04:00,2026-10-06,22:20,14537,THE FLASH™: Vertical Velocity,Thrill Rides,false,0
2026-10-07T02:20:00Z,2026-10-06T22:20:00-04:00,2026-10-06,22:20,3288,THE JOKER™,Thrill Rides,false,0
2026-10-07T02:20:00Z,2026-10-06T22:20:00-04:00,2026-10-06,22:20,3273,Wile E. Coyote Canyon Blaster,Thrill Rides,false,0
2026-10-07T02:20:00Z,2026-10-06T22:20:00-04:00,2026-10-06,22:20,6371,WONDER WOMAN™ Lasso of Truth,Thrill Rides,false,0
2026-10-07T02:20:00Z,2026-10-06T22:20:00-04:00,2026-10-06,22:20,13929,Army of the Dead,Halloween,false,0
2026-10-07T02:20:00Z,2026-10-06T22:20:00-04:00,2026-10-06,22:20,13932,Asylum,Halloween,false,0
2026-10-07T02:20:00Z,2026-10-06T22:20:00-04:00,2026-10-06,22:20,13933,Big Top Terror,Halloween,false,0
2026-10-07T02:20:00Z,2026-10-06T22:20:00-04:00,2026-10-06,22:20,17766,CarnEvil,Halloween,false,0
2026-10-07T02:20:00Z,2026-10-06T22:20:00-04:00,2026-10-06,22:20,17767,Curse of Blackbeard's Bounty,Halloween,false,0
2026-10-07T02:20:00Z,2026-10-06T22:20:00-04:00,2026-10-06,22:20,17768,Deadwood Cabin,Halloween,false,0
2026-10-07T02:20:00Z,2026-10-06T22:20:00-04:00,2026-10-06,22:20,17769,Exile Canyon,Halloween,false,0
2026-10-07T02:20:00Z,2026-10-06T22:20:00-04:00,2026-10-06,22:20,17770,Final Destination,Halloween,false,0
2026-10-07T02:20:00Z,2026-10-06T22:20:00-04:00,2026-10-06,22:20,17771,JASON: Blood Reign,Halloween,false,0
2026-10-07T02:20:00Z,2026-10-06T22:20:00-04:00,2026-10-06,22:20,17772,Plaza De La Muerte,Halloween,false,0
2026-10-07T02:20:00Z,2026-10-06T22:20:00-04:00,2026-10-06,22:20,4005,The Bloody Fountain,Halloween,false,0
2026-10-07T02:20:00Z,2026-10-06T22:20:00-04:00,2026-10-06,22:20,13926,The Conjuring Universe,Halloween,false,0
2026-10-07T02:20:00Z,2026-10-06T22:20:00-04:00,2026-10-06,22:20,17725,The Witch's Reflection,Halloween,false,0
2026-10-07T02:20:00Z,2026-10-06T22:20:00-04:00,2026-10-06,22:20,17720,Trick or Treatin' with Boo,Halloween,false,0
2026-10-07T02:20:00Z,2026-10-06T22:20:00-04:00,2026-10-06,22:20,17773,Twisted Holidays,Halloween,false,0
2026-10-07T02:25:00Z,2026-10-06T22:25:00-04:00,2026-10-06,22:25,3231,Air Jumbo,Family Rides,false,0
2026-10-07T02:25:00Z,2026-10-06T22:25:00-04:00,2026-10-06,22:25,17425,Barrels O’ Fun,Family Rides,false,0
2026-10-07T02:25:00Z,2026-10-06T22:25:00-04:00,2026-10-06,22:25,3270,Buccaneer,Family Rides,false,0
2026-10-07T02:25:00Z,2026-10-06T22:25:00-04:00,2026-10-06,22:25,3237,Carousel,Family Rides,false,0
2026-10-07T02:25:00Z,2026-10-06T22:25:00-04:00,2026-10-06,22:25,3244,Enchanted Teacups,Family Rides,false,0
2026-10-07T02:25:00Z,2026-10-06T22:25:00-04:00,2026-10-06,22:25,3245,Fender Benders,Family Rides,false,0
2026-10-07T02:25:00Z,2026-10-06T22:25:00-04:00,2026-10-06,22:25,17426,Flying Scooters,Family Rides,false,0
2026-10-07T02:25:00Z,2026-10-06T22:25:00-04:00,2026-10-06,22:25,15604,Giant Wheel,Family Rides,false,0
2026-10-07T02:25:00Z,2026-10-06T22:25:00-04:00,2026-10-06,22:25,3236,HARLEY QUINN™ Crazy Train,Family Rides,false,0
2026-10-07T02:25:00Z,2026-10-06T22:25:00-04:00,2026-10-06,22:25,3249,Houdini’s Great Escape,Family Rides,false,0
2026-10-07T02:25:00Z,2026-10-06T22:25:00-04:00,2026-10-06,22:25,17427,Hypno Twister,Family Rides,false,0
2026-10-07T02:25:00Z,2026-10-06T22:25:00-04:00,2026-10-06,22:25,3250,Jolly Roger,Family Rides,false,0
2026-10-07T02:25:00Z,2026-10-06T22:25:00-04:00,2026-10-06,22:25,15829,Roaring Rapids,Family Rides,false,0
2026-10-07T02:25:00Z,2026-10-06T22:25:00-04:00,2026-10-06,22:25,15727,Scrambler,Family Rides,false,0
2026-10-07T02:25:00Z,2026-10-06T22:25:00-04:00,2026-10-06,22:25,3268,Tango,Family Rides,false,0
2026-10-07T02:25:00Z,2026-10-06T22:25:00-04:00,2026-10-06,22:25,17428,Wave Swinger,Family Rides,false,0
2026-10-07T02:25:00Z,2026-10-06T22:25:00-04:00,2026-10-06,22:25,3232,Air Safari,Kids' Rides,false,0
2026-10-07T02:25:00Z,2026-10-06T22:25:00-04:00,2026-10-06,22:25,10461,Barnstormer,Kids' Rides,false,0
2026-10-07T02:25:00Z,2026-10-06T22:25:00-04:00,2026-10-06,22:25,3275,Bugaboo,Kids' Rides,false,0
2026-10-07T02:25:00Z,2026-10-06T22:25:00-04:00,2026-10-06,22:25,3277,Bugs Bunny Camp Carousel,Kids' Rides,false,0
2026-10-07T02:25:00Z,2026-10-06T22:25:00-04:00,2026-10-06,22:25,3279,Bugs Bunny Ranger Pilots,Kids' Rides,false,0
2026-10-07T02:25:00Z,2026-10-06T22:25:00-04:00,2026-10-06,22:25,3240,Daffy Duck Hot Air Balloons,Kids' Rides,false,0
2026-10-07T02:25:00Z,2026-10-06T22:25:00-04:00,2026-10-06,22:25,10077,Lil' Devil Coaster,Kids' Rides,false,0
2026-10-07T02:25:00Z,2026-10-06T22:25:00-04:00,2026-10-06,22:25,15617,Porky Pig Camp Wagons,Kids' Rides,false,0
2026-10-07T02:25:00Z,2026-10-06T22:25:00-04:00,2026-10-06,22:25,3257,Raja’s Rickshaws,Kids' Rides,false,0
2026-10-07T02:25:00Z,2026-10-06T22:25:00-04:00,2026-10-06,22:25,3274,Safari Off-Road Adventure,Kids' Rides,false,0
2026-10-07T02:25:00Z,2026-10-06T22:25:00-04:00,2026-10-06,22:25,3283,Saw Mill Log Flume,Kids' Rides,false,0
2026-10-07T02:25:00Z,2026-10-06T22:25:00-04:00,2026-10-06,22:25,3281,Sky Zooma,Kids' Rides,false,0
2026-10-07T02:25:00Z,2026-10-06T22:25:00-04:00,2026-10-06,22:25,15789,Storm Chaser,Kids' Rides,false,0
2026-10-07T02:25:00Z,2026-10-06T22:25:00-04:00,2026-10-06,22:25,3267,Super Round Up,Kids' Rides,false,0
2026-10-07T02:25:00Z,2026-10-06T22:25:00-04:00,2026-10-06,22:25,15594,Tree Top Hopper,Kids' Rides,false,0
2026-10-07T02:25:00Z,2026-10-06T22:25:00-04:00,2026-10-06,22:25,3233,BATMAN™ The Ride,Thrill Rides,false,0
2026-10-07T02:25:00Z,2026-10-06T22:25:00-04:00,2026-10-06,22:25,3243,El Toro,Thrill Rides,false,0
2026-10-07T02:25:00Z,2026-10-06T22:25:00-04:00,2026-10-06,22:25,8539,Jersey Devil Coaster,Thrill Rides,false,0
2026-10-07T02:25:00Z,2026-10-06T22:25:00-04:00,2026-10-06,22:25,3916,JUSTICE LEAGUE™: Battle for METROPOLIS,Thrill Rides,false,0
2026-10-07T02:25:00Z,2026-10-06T22:25:00-04:00,2026-10-06,22:25,10533,Medusa,Thrill Rides,false,0
2026-10-07T02:25:00Z,2026-10-06T22:25:00-04:00,2026-10-06,22:25,3253,Nitro,Thrill Rides,false,0
2026-10-07T02:25:00Z,2026-10-06T22:25:00-04:00,2026-10-06,22:25,3261,Runaway Train,Thrill Rides,false,0
2026-10-07T02:25:00Z,2026-10-06T22:25:00-04:00,2026-10-06,22:25,3262,Skull Mountain,Thrill Rides,false,0
2026-10-07T02:25:00Z,2026-10-06T22:25:00-04:00,2026-10-06,22:25,3263,SkyScreamer,Thrill Rides,false,0
2026-10-07T02:25:00Z,2026-10-06T22:25:00-04:00,2026-10-06,22:25,3282,Slingshot,Thrill Rides,false,0
2026-10-07T02:25:00Z,2026-10-06T22:25:00-04:00,2026-10-06,22:25,3266,SUPERMAN™: Ultimate Flight,Thrill Rides,false,0
2026-10-07T02:25:00Z,2026-10-06T22:25:00-04:00,2026-10-06,22:25,3271,THE DARK KNIGHT™ Coaster,Thrill Rides,false,0
2026-10-07T02:25:00Z,2026-10-06T22:25:00-04:00,2026-10-06,22:25,14537,THE FLASH™: Vertical Velocity,Thrill Rides,false,0
2026-10-07T02:25:00Z,2026-10-06T22:25:00-04:00,2026-10-06,22:25,3288,THE JOKER™,Thrill Rides,false,0
2026-10-07T02:25:00Z,2026-10-06T22:25:00-04:00,2026-10-06,22:25,3273,Wile E. Coyote Canyon Blaster,Thrill Rides,false,0
2026-10-07T02:25:00Z,2026-10-06T22:25:00-04:00,2026-10-06,22:25,6371,WONDER WOMAN™ Lasso of Truth,Thrill Rides,false,0
2026-10-07T02:25:00Z,2026-10-06T22:25:00-04:00,2026-10-06,22:25,13929,Army of the Dead,Halloween,false,0
2026-10-07T02:25:00Z,2026-10-06T22:25:00-04:00,2026-10-06,22:25,13932,Asylum,Halloween,false,0
2026-10-07T02:25:00Z,2026-10-06T22:25:00-04:00,2026-10-06,22:25,13933,Big Top Terror,Halloween,false,0
2026-10-07T02:25:00Z,2026-10-06T22:25:00-04:00,2026-10-06,22:25,17766,CarnEvil,Halloween,false,0
2026-10-07T02:25:00Z,2026-10-06T22:25:00-04:00,2026-10-06,22:25,17767,Curse of Blackbeard's Bounty,Halloween,false,0
2026-10-07T02:25:00Z,2026-10-06T22:25:00-04:00,2026-10-06,22:25,17768,Deadwood Cabin,Halloween,false,0
2026-10-07T02:25:00Z,2026-10-06T22:25:00-04:00,2026-10-06,22:25,17769,Exile Canyon,Halloween,false,0
2026-10-07T02:25:00Z,2026-10-06T22:25:00-04:00,2026-10-06,22:25,17770,Final Destination,Halloween,false,0
2026-10-07T02:25:00Z,2026-10-06T22:25:00-04:00,2026-10-06,22:25,17771,JASON: Blood Reign,Halloween,false,0
2026-10-07T02:25:00Z,2026-10-06T22:25:00-04:00,2026-10-06,22:25,17772,Plaza De La Muerte,Halloween,false,0
2026-10-07T02:25:00Z,2026-10-06T22:25:00-04:00,2026-10-06,22:25,4005,The Bloody Fountain,Halloween,false,0
2026-10-07T02:25:00Z,2026-10-06T22:25:00-04:00,2026-10-06,22:25,13926,The Conjuring Universe,Halloween,false,0
2026-10-07T02:25:00Z,2026-10-06T22:25:00-04:00,2026-10-06,22:25,17725,The Witch's Reflection,Halloween,false,0
2026-10-07T02:25:00Z,2026-10-06T22:25:00-04:00,2026-10-06,22:25,17720,Trick or Treatin' with Boo,Halloween,false,0
2026-10-07T02:25:00Z,2026-10-06T22:25:00-04:00,2026-10-06,22:25,17773,Twisted Holidays,Halloween,false,0
2026-10-07T02:30:00Z,2026-10-06T22:30:00-04:00,2026-10-06,22:30,3231,Air Jumbo,Family Rides,false,0
2026-10-07T02:30:00Z,2026-10-06T22:30:00-04:00,2026-10-06,22:30,17425,Barrels O’ Fun,Family Rides,false,0
2026-10-07T02:30:00Z,2026-10-06T22:30:00-04:00,2026-10-06,22:30,3270,Buccaneer,Family Rides,false,0
2026-10-07T02:30:00Z,2026-10-06T22:30:00-04:00,2026-10-06,22:30,3237,Carousel,Family Rides,false,0
2026-10-07T02:30:00Z,2026-10-06T22:30:00-04:00,2026-10-06,22:30,3244,Enchanted Teacups,Family Rides,false,0
2026-10-07T02:30:00Z,2026-10-06T22:30:00-04:00,2026-10-06,22:30,3245,Fender Benders,Family Rides,false,0
2026-10-07T02:30:00Z,2026-10-06T22:30:00-04:00,2026-10-06,22:30,17426,Flying Scooters,Family Rides,false,0
2026-10-07T02:30:00Z,2026-10-06T22:30:00-04:00,2026-10-06,22:30,15604,Giant Wheel,Family Rides,false,0
2026-10-07T02:30:00Z,2026-10-06T22:30:00-04:00,2026-10-06,22:30,3236,HARLEY QUINN™ Crazy Train,Family Rides,false,0
2026-10-07T02:30:00Z,2026-10-06T22:30:00-04:00,2026-10-06,22:30,3249,Houdini’s Great Escape,Family Rides,false,0
2026-10-07T02:30:00Z,2026-10-06T22:30:00-04:00,2026-10-06,22:30,17427,Hypno Twister,Family Rides,false,0
2026-10-07T02:30:00Z,2026-10-06T22:30:00-04:00,2026-10-06,22:30,3250,Jolly Roger,Family Rides,false,0
2026-10-07T02:30:00Z,2026-10-06T22:30:00-04:00,2026-10-06,22:30,15829,Roaring Rapids,Family Rides,false,0
2026-10-07T02:30:00Z,2026-10-06T22:30:00-04:00,2026-10-06,22:30,15727,Scrambler,Family Rides,false,0
2026-10-07T02:30:00Z,2026-10-06T22:30:00-04:00,2026-10-06,22:30,3268,Tango,Family Rides,false,0
2026-10-07T02:30:00Z,2026-10-06T22:30:00-04:00,2026-10-06,22:30,17428,Wave Swinger,Family Rides,false,0
2026-10-07T02:30:00Z,2026-10-06T22:30:00-04:00,2026-10-06,22:30,3232,Air Safari,Kids' Rides,false,0
2026-10-07T02:30:00Z,2026-10-06T22:30:00-04:00,2026-10-06,22:30,10461,Barnstormer,Kids' Rides,false,0
2026-10-07T02:30:00Z,2026-10-06T22:30:00-04:00,2026-10-06,22:30,3275,Bugaboo,Kids' Rides,false,0
2026-10-07T02:30:00Z,2026-10-06T22:30:00-04:00,2026-10-06,22:30,3277,Bugs Bunny Camp Carousel,Kids' Rides,false,0
2026-10-07T02:30:00Z,2026-10-06T22:30:00-04:00,2026-10-06,22:30,3279,Bugs Bunny Ranger Pilots,Kids' Rides,false,0
2026-10-07T02:30:00Z,2026-10-06T22:30:00-04:00,2026-10-06,22:30,3240,Daffy Duck Hot Air Balloons,Kids' Rides,false,0
2026-10-07T02:30:00Z,2026-10-06T22:30:00-04:00,2026-10-06,22:30,10077,Lil' Devil Coaster,Kids' Rides,false,0
2026-10-07T02:30:00Z,2026-10-06T22:30:00-04:00,2026-10-06,22:30,15617,Porky Pig Camp Wagons,Kids' Rides,false,0
2026-10-07T02:30:00Z,2026-10-06T22:30:00-04:00,2026-10-06,22:30,3257,Raja’s Rickshaws,Kids' Rides,false,0
2026-10-07T02:30:00Z,2026-10-06T22:30:00-04:00,2026-10-06,22:30,3274,Safari Off-Road Adventure,Kids' Rides,false,0
2026-10-07T02:30:00Z,2026-10-06T22:30:00-04:00,2026-10-06,22:30,3283,Saw Mill Log Flume,Kids' Rides,false,0
2026-10-07T02:30:00Z,2026-10-06T22:30:00-04:00,2026-10-06,22:30,3281,Sky Zooma,Kids' Rides,false,0
2026-10-07T02:30:00Z,2026-10-06T22:30:00-04:00,2026-10-06,22:30,15789,Storm Chaser,Kids' Rides,false,0
2026-10-07T02:30:00Z,2026-10-06T22:30:00-04:00,2026-10-06,22:30,3267,Super Round Up,Kids' Rides,false,0
2026-10-07T02:30:00Z,2026-10-06T22:30:00-04:00,2026-10-06,22:30,15594,Tree Top Hopper,Kids' Rides,false,0
2026-10-07T02:30:00Z,2026-10-06T22:30:00-04:00,2026-10-06,22:30,3233,BATMAN™ The Ride,Thrill Rides,false,0
2026-10-07T02:30:00Z,2026-10-06T22:30:00-04:00,2026-10-06,22:30,3243,El Toro,Thrill Rides,false,0
2026-10-07T02:30:00Z,2026-10-06T22:30:00-04:00,2026-10-06,22:30,8539,Jersey Devil Coaster,Thrill Rides,false,0
2026-10-07T02:30:00Z,2026-10-06T22:30:00-04:00,2026-10-06,22:30,3916,JUSTICE LEAGUE™: Battle for METROPOLIS,Thrill Rides,false,0
2026-10-07T02:30:00Z,2026-10-06T22:30:00-04:00,2026-10-06,22:30,10533,Medusa,Thrill Rides,false,0
2026-10-07T02:30:00Z,2026-10-06T22:30:00-04:00,2026-10-06,22:30,3253,Nitro,Thrill Rides,false,0
2026-10-07T02:30:00Z,2026-10-06T22:30:00-04:00,2026-10-06,22:30,3261,Runaway Train,Thrill Rides,false,0
2026-10-07T02:30:00Z,2026-10-06T22:30:00-04:00,2026-10-06,22:30,3262,Skull Mountain,Thrill Rides,false,0
2026-10-07T02:30:00Z,2026-10-06T22:30:00-04:00,2026-10-06,22:30,3263,SkyScreamer,Thrill Rides,false,0
2026-10-07T02:30:00Z,2026-10-06T22:30:00-04:00,2026-10-06,22:30,3282,Slingshot,Thrill Rides,false,0
2026-10-07T02:30:00Z,2026-10-06T22:30:00-04:00,2026-10-06,22:30,3266,SUPERMAN™: Ultimate Flight,Thrill Rides,false,0
2026-10-07T02:30:00Z,2026-10-06T22:30:00-04:00,2026-10-06,22:30,3271,THE DARK KNIGHT™ Coaster,Thrill Rides,false,0
2026-10-07T02:30:00Z,2026-10-06T22:30:00-04:00,2026-10-06,22:30,14537,THE FLASH™: Vertical Velocity,Thrill Rides,false,0
2026-10-07T02:30:00Z,2026-10-06T22:30:00-04:00,2026-10-06,22:30,3288,THE JOKER™,Thrill Rides,false,0
2026-10-07T02:30:00Z,2026-10-06T22:30:00-04:00,2026-10-06,22:30,3273,Wile E. Coyote Canyon Blaster,Thrill Rides,false,0
2026-10-07T02:30:00Z,2026-10-06T22:30:00-04:00,2026-10-06,22:30,6371,WONDER WOMAN™ Lasso of Truth,Thrill Rides,false,0
2026-10-07T02:30:00Z,2026-10-06T22:30:00-04:00,2026-10-06,22:30,13929,Army of the Dead,Halloween,false,0
2026-10-07T02:30:00Z,2026-10-06T22:30:00-04:00,2026-10-06,22:30,13932,Asylum,Halloween,false,0
2026-10-07T02:30:00Z,2026-10-06T22:30:00-04:00,2026-10-06,22:30,13933,Big Top Terror,Halloween,false,0
2026-10-07T02:30:00Z,2026-10-06T22:30:00-04:00,2026-10-06,22:30,17766,CarnEvil,Halloween,false,0
2026-10-07T02:30:00Z,2026-10-06T22:30:00-04:00,2026-10-06,22:30,17767,Curse of Blackbeard's Bounty,Halloween,false,0
2026-10-07T02:30:00Z,2026-10-06T22:30:00-04:00,2026-10-06,22:30,17768,Deadwood Cabin,Halloween,false,0
2026-10-07T02:30:00Z,2026-10-06T22:30:00-04:00,2026-10-06,22:30,17769,Exile Canyon,Halloween,false,0
2026-10-07T02:30:00Z,2026-10-06T22:30:00-04:00,2026-10-06,22:30,17770,Final Destination,Halloween,false,0
2026-10-07T02:30:00Z,2026-10-06T22:30:00-04:00,2026-10-06,22:30,17771,JASON: Blood Reign,Halloween,false,0
2026-10-07T02:30:00Z,2026-10-06T22:30:00-04:00,2026-10-06,22:30,17772,Plaza De La Muerte,Halloween,false,0
2026-10-07T02:30:00Z,2026-10-06T22:30:00-04:00,2026-10-06,22:30,4005,The Bloody Fountain,Halloween,false,0
2026-10-07T02:30:00Z,2026-10-06T22:30:00-04:00,2026-10-06,22:30,13926,The Conjuring Universe,Halloween,false,0
2026-10-07T02:30:00Z,2026-10-06T22:30:00-04:00,2026-10-06,22:30,17725,The Witch's Reflection,Halloween,false,0
2026-10-07T02:30:00Z,2026-10-06T22:30:00-04:00,2026-10-06,22:30,17720,Trick or Treatin' with Boo,Halloween,false,0
2026-10-07T02:30:00Z,2026-10-06T22:30:00-04:00,2026-10-06,22:30,17773,Twisted Holidays,Halloween,false,0
2026-10-07T02:35:00Z,2026-10-06T22:35:00-04:00,2026-10-06,22:35,3231,Air Jumbo,Family Rides,false,0
2026-10-07T02:35:00Z,2026-10-06T22:35:00-04:00,2026-10-06,22:35,17425,Barrels O’ Fun,Family Rides,false,0
2026-10-07T02:35:00Z,2026-10-06T22:35:00-04:00,2026-10-06,22:35,3270,Buccaneer,Family Rides,false,0
2026-10-07T02:35:00Z,2026-10-06T22:35:00-04:00,2026-10-06,22:35,3237,Carousel,Family Rides,false,0
2026-10-07T02:35:00Z,2026-10-06T22:35:00-04:00,2026-10-06,22:35,3244,Enchanted Teacups,Family Rides,false,0
2026-10-07T02:35:00Z,2026-10-06T22:35:00-04:00,2026-10-06,22:35,3245,Fender Benders,Family Rides,false,0
2026-10-07T02:35:00Z,2026-10-06T22:35:00-04:00,2026-10-06,22:35,17426,Flying Scooters,Family Rides,false,0
2026-10-07T02:35:00Z,2026-10-06T22:35:00-04:00,2026-10-06,22:35,15604,Giant Wheel,Family Rides,false,0
2026-10-07T02:35:00Z,2026-10-06T22:35:00-04:00,2026-10-06,22:35,3236,HARLEY QUINN™ Crazy Train,Family Rides,false,0
2026-10-07T02:35:00Z,2026-10-06T22:35:00-04:00,2026-10-06,22:35,3249,Houdini’s Great Escape,Family Rides,false,0
2026-10-07T02:35:00Z,2026-10-06T22:35:00-04:00,2026-10-06,22:35,17427,Hypno Twister,Family Rides,false,0
2026-10-07T02:35:00Z,2026-10-06T22:35:00-04:00,2026-10-06,22:35,3250,Jolly Roger,Family Rides,false,0
2026-10-07T02:35:00Z,2026-10-06T22:35:00-04:00,2026-10-06,22:35,15829,Roaring Rapids,Family Rides,false,0
2026-10-07T02:35:00Z,2026-10-06T22:35:00-04:00,2026-10-06,22:35,15727,Scrambler,Family Rides,false,0
2026-10-07T02:35:00Z,2026-10-06T22:35:00-04:00,2026-10-06,22:35,3268,Tango,Family Rides,false,0
2026-10-07T02:35:00Z,2026-10-06T22:35:00-04:00,2026-10-06,22:35,17428,Wave Swinger,Family Rides,false,0
2026-10-07T02:35:00Z,2026-10-06T22:35:00-04:00,2026-10-06,22:35,3232,Air Safari,Kids' Rides,false,0
2026-10-07T02:35:00Z,2026-10-06T22:35:00-04:00,2026-10-06,22:35,10461,Barnstormer,Kids' Rides,false,0
2026-10-07T02:35:00Z,2026-10-06T22:35:00-04:00,2026-10-06,22:35,3275,Bugaboo,Kids' Rides,false,0
2026-10-07T02:35:00Z,2026-10-06T22:35:00-04:00,2026-10-06,22:35,3277,Bugs Bunny Camp Carousel,Kids' Rides,false,0
2026-10-07T02:35:00Z,2026-10-06T22:35:00-04:00,2026-10-06,22:35,3279,Bugs Bunny Ranger Pilots,Kids' Rides,false,0
2026-10-07T02:35:00Z,2026-10-06T22:35:00-04:00,2026-10-06,22:35,3240,Daffy Duck Hot Air Balloons,Kids' Rides,false,0
2026-10-07T02:35:00Z,2026-10-06T22:35:00-04:00,2026-10-06,22:35,10077,Lil' Devil Coaster,Kids' Rides,false,0
2026-10-07T02:35:00Z,2026-10-06T22:35:00-04:00,2026-10-06,22:35,15617,Porky Pig Camp Wagons,Kids' Rides,false,0
2026-10-07T02:35:00Z,2026-10-06T22:35:00-04:00,2026-10-06,22:35,3257,Raja’s Rickshaws,Kids' Rides,false,0
2026-10-07T02:35:00Z,2026-10-06T22:35:00-04:00,2026-10-06,22:35,3274,Safari Off-Road Adventure,Kids' Rides,false,0
2026-10-07T02:35:00Z,2026-10-06T22:35:00-04:00,2026-10-06,22:35,3283,Saw Mill Log Flume,Kids' Rides,false,0
2026-10-07T02:35:00Z,2026-10-06T22:35:00-04:00,2026-10-06,22:35,3281,Sky Zooma,Kids' Rides,false,0
2026-10-07T02:35:00Z,2026-10-06T22:35:00-04:00,2026-10-06,22:35,15789,Storm Chaser,Kids' Rides,false,0
2026-10-07T02:35:00Z,2026-10-06T22:35:00-04:00,2026-10-06,22:35,3267,Super Round Up,Kids' Rides,false,0
2026-10-07T02:35:00Z,2026-10-06T22:35:00-04:00,2026-10-06,22:35,15594,Tree Top Hopper,Kids' Rides,false,0
2026-10-07T02:35:00Z,2026-10-06T22:35:00-04:00,2026-10-06,22:35,3233,BATMAN™ The Ride,Thrill Rides,false,0
2026-10-07T02:35:00Z,2026-10-06T22:35:00-04:00,2026-10-06,22:35,3243,El Toro,Thrill Rides,false,0
2026-10-07T02:35:00Z,2026-10-06T22:35:00-04:00,2026-10-06,22:35,8539,Jersey Devil Coaster,Thrill Rides,false,0
2026-10-07T02:35:00Z,2026-10-06T22:35:00-04:00,2026-10-06,22:35,3916,JUSTICE LEAGUE™: Battle for METROPOLIS,Thrill Rides,false,0
2026-10-07T02:35:00Z,2026-10-06T22:35:00-04:00,2026-10-06,22:35,10533,Medusa,Thrill Rides,false,0
2026-10-07T02:35:00Z,2026-10-06T22:35:00-04:00,2026-10-06,22:35,3253,Nitro,Thrill Rides,false,0
2026-10-07T02:35:00Z,2026-10-06T22:35:00-04:00,2026-10-06,22:35,3261,Runaway Train,Thrill Rides,false,0
2026-10-07T02:35:00Z,2026-10-06T22:35:00-04:00,2026-10-06,22:35,3262,Skull Mountain,Thrill Rides,false,0
2026-10-07T02:35:00Z,2026-10-06T22:35:00-04:00,2026-10-06,22:35,3263,SkyScreamer,Thrill Rides,false,0
2026-10-07T02:35:00Z,2026-10-06T22:35:00-04:00,2026-10-06,22:35,3282,Slingshot,Thrill Rides,false,0
2026-10-07T02:35:00Z,2026-10-06T22:35:00-04:00,2026-10-06,22:35,3266,SUPERMAN™: Ultimate Flight,Thrill Rides,false,0
2026-10-07T02:35:00Z,2026-10-06T22:35:00-04:00,2026-10-06,22:35,3271,THE DARK KNIGHT™ Coaster,Thrill Rides,false,0
2026-10-07T02:35:00Z,2026-10-06T22:35:00-04:00,2026-10-06,22:35,14537,THE FLASH™: Vertical Velocity,Thrill Rides,false,0
2026-10-07T02:35:00Z,2026-10-06T22:35:00-04:00,2026-10-06,22:35,3288,THE JOKER™,Thrill Rides,false,0
2026-10-07T02:35:00Z,2026-10-06T22:35:00-04:00,2026-10-06,22:35,3273,Wile E. Coyote Canyon Blaster,Thrill Rides,false,0
2026-10-07T02:35:00Z,2026-10-06T22:35:00-04:00,2026-10-06,22:35,6371,WONDER WOMAN™ Lasso of Truth,Thrill Rides,false,0
2026-10-07T02:35:00Z,2026-10-06T22:35:00-04:00,2026-10-06,22:35,13929,Army of the Dead,Halloween,false,0
2026-10-07T02:35:00Z,2026-10-06T22:35:00-04:00,2026-10-06,22:35,13932,Asylum,Halloween,false,0
2026-10-07T02:35:00Z,2026-10-06T22:35:00-04:00,2026-10-06,22:35,13933,Big Top Terror,Halloween,false,0
2026-10-07T02:35:00Z,2026-10-06T22:35:00-04:00,2026-10-06,22:35,17766,CarnEvil,Halloween,false,0
2026-10-07T02:35:00Z,2026-10-06T22:35:00-04:00,2026-10-06,22:35,17767,Curse of Blackbeard's Bounty,Halloween,false,0
2026-10-07T02:35:00Z,2026-10-06T22:35:00-04:00,2026-10-06,22:35,17768,Deadwood Cabin,Halloween,false,0
2026-10-07T02:35:00Z,2026-10-06T22:35:00-04:00,2026-10-06,22:35,17769,Exile Canyon,Halloween,false,0
2026-10-07T02:35:00Z,2026-10-06T22:35:00-04:00,2026-10-06,22:35,17770,Final Destination,Halloween,false,0
2026-10-07T02:35:00Z,2026-10-06T22:35:00-04:00,2026-10-06,22:35,17771,JASON: Blood Reign,Halloween,false,0
2026-10-07T02:35:00Z,2026-10-06T22:35:00-04:00,2026-10-06,22:35,17772,Plaza De La Muerte,Halloween,false,0
2026-10-07T02:35:00Z,2026-10-06T22:35:00-04:00,2026-10-06,22:35,4005,The Bloody Fountain,Halloween,false,0
2026-10-07T02:35:00Z,2026-10-06T22:35:00-04:00,2026-10-06,22:35,13926,The Conjuring Universe,Halloween,false,0
2026-10-07T02:35:00Z,2026-10-06T22:35:00-04:00,2026-10-06,22:35,17725,The Witch's Reflection,Halloween,false,0
2026-10-07T02:35:00Z,2026-10-06T22:35:00-04:00,2026-10-06,22:35,17720,Trick or Treatin' with Boo,Halloween,false,0
2026-10-07T02:35:00Z,2026-10-06T22:35:00-04:00,2026-10-06,22:35,17773,Twisted Holidays,Halloween,false,0
2026-10-07T02:40:00Z,2026-10-06T22:40:00-04:00,2026-10-06,22:40,3231,Air Jumbo,Family Rides,false,0
2026-10-07T02:40:00Z,2026-10-06T22:40:00-04:00,2026-10-06,22:40,17425,Barrels O’ Fun,Family Rides,false,0
2026-10-07T02:40:00Z,2026-10-06T22:40:00-04:00,2026-10-06,22:40,3270,Buccaneer,Family Rides,false,0
2026-10-07T02:40:00Z,2026-10-06T22:40:00-04:00,2026-10-06,22:40,3237,Carousel,Family Rides,false,0
2026-10-07T02:40:00Z,2026-10-06T22:40:00-04:00,2026-10-06,22:40,3244,Enchanted Teacups,Family Rides,false,0
2026-10-07T02:40:00Z,2026-10-06T22:40:00-04:00,2026-10-06,22:40,3245,Fender Benders,Family Rides,false,0
2026-10-07T02:40:00Z,2026-10-06T22:40:00-04:00,2026-10-06,22:40,17426,Flying Scooters,Family Rides,false,0
2026-10-07T02:40:00Z,2026-10-06T22:40:00-04:00,2026-10-06,22:40,15604,Giant Wheel,Family Rides,false,0
2026-10-07T02:40:00Z,2026-10-06T22:40:00-04:00,2026-10-06,22:40,3236,HARLEY QUINN™ Crazy Train,Family Rides,false,0
2026-10-07T02:40:00Z,2026-10-06T22:40:00-04:00,2026-10-06,22:40,3249,Houdini’s Great Escape,Family Rides,false,0
2026-10-07T02:40:00Z,2026-10-06T22:40:00-04:00,2026-10-06,22:40,17427,Hypno Twister,Family Rides,false,0
2026-10-07T02:40:00Z,2026-10-06T22:40:00-04:00,2026-10-06,22:40,3250,Jolly Roger,Family Rides,false,0
2026-10-07T02:40:00Z,2026-10-06T22:40:00-04:00,2026-10-06,22:40,15829,Roaring Rapids,Family Rides,false,0
2026-10-07T02:40:00Z,2026-10-06T22:40:00-04:00,2026-10-06,22:40,15727,Scrambler,Family Rides,false,0
2026-10-07T02:40:00Z,2026-10-06T22:40:00-04:00,2026-10-06,22:40,3268,Tango,Family Rides,false,0
2026-10-07T02:40:00Z,2026-10-06T22:40:00-04:00,2026-10-06,22:40,17428,Wave Swinger,Family Rides,false,0
2026-10-07T02:40:00Z,2026-10-06T22:40:00-04:00,2026-10-06,22:40,3232,Air Safari,Kids' Rides,false,0
2026-10-07T02:40:00Z,2026-10-06T22:40:00-04:00,2026-10-06,22:40,10461,Barnstormer,Kids' Rides,false,0
2026-10-07T02:40:00Z,2026-10-06T22:40:00-04:00,2026-10-06,22:40,3275,Bugaboo,Kids' Rides,false,0
2026-10-07T02:40:00Z,2026-10-06T22:40:00-04:00,2026-10-06,22:40,3277,Bugs Bunny Camp Carousel,Kids' Rides,false,0
2026-10-07T02:40:00Z,2026-10-06T22:40:00-04:00,2026-10-06,22:40,3279,Bugs Bunny Ranger Pilots,Kids' Rides,false,0
2026-10-07T02:40:00Z,2026-10-06T22:40:00-04:00,2026-10-06,22:40,3240,Daffy Duck Hot Air Balloons,Kids' Rides,false,0
2026-10-07T02:40:00Z,2026-10-06T22:40:00-04:00,2026-10-06,22:40,10077,Lil' Devil Coaster,Kids' Rides,false,0
2026-10-07T02:40:00Z,2026-10-06T22:40:00-04:00,2026-10-06,22:40,15617,Porky Pig Camp Wagons,Kids' Rides,false,0
2026-10-07T02:40:00Z,2026-10-06T22:40:00-04:00,2026-10-06,22:40,3257,Raja’s Rickshaws,Kids' Rides,false,0
2026-10-07T02:40:00Z,2026-10-06T22:40:00-04:00,2026-10-06,22:40,3274,Safari Off-Road Adventure,Kids' Rides,false,0
2026-10-07T02:40:00Z,2026-10-06T22:40:00-04:00,2026-10-06,22:40,3283,Saw Mill Log Flume,Kids' Rides,false,0
2026-10-07T02:40:00Z,2026-10-06T22:40:00-04:00,2026-10-06,22:40,3281,Sky Zooma,Kids' Rides,false,0
2026-10-07T02:40:00Z,2026-10-06T22:40:00-04:00,2026-10-06,22:40,15789,Storm Chaser,Kids' Rides,false,0
2026-10-07T02:40:00Z,2026-10-06T22:40:00-04:00,2026-10-06,22:40,3267,Super Round Up,Kids' Rides,false,0
2026-10-07T02:40:00Z,2026-10-06T22:40:00-04:00,2026-10-06,22:40,15594,Tree Top Hopper,Kids' Rides,false,0
2026-10-07T02:40:00Z,2026-10-06T22:40:00-04:00,2026-10-06,22:40,3233,BATMAN™ The Ride,Thrill Rides,false,0
2026-10-07T02:40:00Z,2026-10-06T22:40:00-04:00,2026-10-06,22:40,3243,El Toro,Thrill Rides,false,0
2026-10-07T02:40:00Z,2026-10-06T22:40:00-04:00,2026-10-06,22:40,8539,Jersey Devil Coaster,Thrill Rides,false,0
2026-10-07T02:40:00Z,2026-10-06T22:40:00-04:00,2026-10-06,22:40,3916,JUSTICE LEAGUE™: Battle for METROPOLIS,Thrill Rides,false,0
2026-10-07T02:40:00Z,2026-10-06T22:40:00-04:00,2026-10-06,22:40,10533,Medusa,Thrill Rides,false,0
2026-10-07T02:40:00Z,2026-10-06T22:40:00-04:00,2026-10-06,22:40,3253,Nitro,Thrill Rides,false,0
2026-10-07T02:40:00Z,2026-10-06T22:40:00-04:00,2026-10-06,22:40,3261,Runaway Train,Thrill Rides,false,0
2026-10-07T02:40:00Z,2026-10-06T22:40:00-04:00,2026-10-06,22:40,3262,Skull Mountain,Thrill Rides,false,0
2026-10-07T02:40:00Z,2026-10-06T22:40:00-04:00,2026-10-06,22:40,3263,SkyScreamer,Thrill Rides,false,0
2026-10-07T02:40:00Z,2026-10-06T22:40:00-04:00,2026-10-06,22:40,3282,Slingshot,Thrill Rides,false,0
2026-10-07T02:40:00Z,2026-10-06T22:40:00-04:00,2026-10-06,22:40,3266,SUPERMAN™: Ultimate Flight,Thrill Rides,false,0
2026-10-07T02:40:00Z,2026-10-06T22:40:00-04:00,2026-10-06,22:40,3271,THE DARK KNIGHT™ Coaster,Thrill Rides,false,0
2026-10-07T02:40:00Z,2026-10-06T22:40:00-04:00,2026-10-06,22:40,14537,THE FLASH™: Vertical Velocity,Thrill Rides,false,0
2026-10-07T02:40:00Z,2026-10-06T22:40:00-04:00,2026-10-06,22:40,3288,THE JOKER™,Thrill Rides,false,0
2026-10-07T02:40:00Z,2026-10-06T22:40:00-04:00,2026-10-06,22:40,3273,Wile E. Coyote Canyon Blaster,Thrill Rides,false,0
2026-10-07T02:40:00Z,2026-10-06T22:40:00-04:00,2026-10-06,22:40,6371,WONDER WOMAN™ Lasso of Truth,Thrill Rides,false,0
2026-10-07T02:40:00Z,2026-10-06T22:40:00-04:00,2026-10-06,22:40,13929,Army of the Dead,Halloween,false,0
2026-10-07T02:40:00Z,2026-10-06T22:40:00-04:00,2026-10-06,22:40,13932,Asylum,Halloween,false,0
2026-10-07T02:40:00Z,2026-10-06T22:40:00-04:00,2026-10-06,22:40,13933,Big Top Terror,Halloween,false,0
2026-10-07T02:40:00Z,2026-10-06T22:40:00-04:00,2026-10-06,22:40,17766,CarnEvil,Halloween,false,0
2026-10-07T02:40:00Z,2026-10-06T22:40:00-04:00,2026-10-06,22:40,17767,Curse of Blackbeard's Bounty,Halloween,false,0
2026-10-07T02:40:00Z,2026-10-06T22:40:00-04:00,2026-10-06,22:40,17768,Deadwood Cabin,Halloween,false,0
2026-10-07T02:40:00Z,2026-10-06T22:40:00-04:00,2026-10-06,22:40,17769,Exile Canyon,Halloween,false,0
2026-10-07T02:40:00Z,2026-10-06T22:40:00-04:00,2026-10-06,22:40,17770,Final Destination,Halloween,false,0
2026-10-07T02:40:00Z,2026-10-06T22:40:00-04:00,2026-10-06,22:40,17771,JASON: Blood Reign,Halloween,false,0
2026-10-07T02:40:00Z,2026-10-06T22:40:00-04:00,2026-10-06,22:40,17772,Plaza De La Muerte,Halloween,false,0
2026-10-07T02:40:00Z,2026-10-06T22:40:00-04:00,2026-10-06,22:40,4005,The Bloody Fountain,Halloween,false,0
2026-10-07T02:40:00Z,2026-10-06T22:40:00-04:00,2026-10-06,22:40,13926,The Conjuring Universe,Halloween,false,0
2026-10-07T02:40:00Z,2026-10-06T22:40:00-04:00,2026-10-06,22:40,17725,The Witch's Reflection,Halloween,false,0
2026-10-07T02:40:00Z,2026-10-06T22:40:00-04:00,2026-10-06,22:40,17720,Trick or Treatin' with Boo,Halloween,false,0
2026-10-07T02:40:00Z,2026-10-06T22:40:00-04:00,2026-10-06,22:40,17773,Twisted Holidays,Halloween,false,0
2026-10-07T02:45:00Z,2026-10-06T22:45:00-04:00,2026-10-06,22:45,3231,Air Jumbo,Family Rides,false,0
2026-10-07T02:45:00Z,2026-10-06T22:45:00-04:00,2026-10-06,22:45,17425,Barrels O’ Fun,Family Rides,false,0
2026-10-07T02:45:00Z,2026-10-06T22:45:00-04:00,2026-10-06,22:45,3270,Buccaneer,Family Rides,false,0
2026-10-07T02:45:00Z,2026-10-06T22:45:00-04:00,2026-10-06,22:45,3237,Carousel,Family Rides,false,0
2026-10-07T02:45:00Z,2026-10-06T22:45:00-04:00,2026-10-06,22:45,3244,Enchanted Teacups,Family Rides,false,0
2026-10-07T02:45:00Z,2026-10-06T22:45:00-04:00,2026-10-06,22:45,3245,Fender Benders,Family Rides,false,0
2026-10-07T02:45:00Z,2026-10-06T22:45:00-04:00,2026-10-06,22:45,17426,Flying Scooters,Family Rides,false,0
2026-10-07T02:45:00Z,2026-10-06T22:45:00-04:00,2026-10-06,22:45,15604,Giant Wheel,Family Rides,false,0
2026-10-07T02:45:00Z,2026-10-06T22:45:00-04:00,2026-10-06,22:45,3236,HARLEY QUINN™ Crazy Train,Family Rides,false,0
2026-10-07T02:45:00Z,2026-10-06T22:45:00-04:00,2026-10-06,22:45,3249,Houdini’s Great Escape,Family Rides,false,0
2026-10-07T02:45:00Z,2026-10-06T22:45:00-04:00,2026-10-06,22:45,17427,Hypno Twister,Family Rides,false,0
2026-10-07T02:45:00Z,2026-10-06T22:45:00-04:00,2026-10-06,22:45,3250,Jolly Roger,Family Rides,false,0
2026-10-07T02:45:00Z,2026-10-06T22:45:00-04:00,2026-10-06,22:45,15829,Roaring Rapids,Family Rides,false,0
2026-10-07T02:45:00Z,2026-10-06T22:45:00-04:00,2026-10-06,22:45,15727,Scrambler,Family Rides,false,0
2026-10-07T02:45:00Z,2026-10-06T22:45:00-04:00,2026-10-06,22:45,3268,Tango,Family Rides,false,0
2026-10-07T02:45:00Z,2026-10-06T22:45:00-04:00,2026-10-06,22:45,17428,Wave Swinger,Family Rides,false,0
2026-10-07T02:45:00Z,2026-10-06T22:45:00-04:00,2026-10-06,22:45,3232,Air Safari,Kids' Rides,false,0
2026-10-07T02:45:00Z,2026-10-06T22:45:00-04:00,2026-10-06,22:45,10461,Barnstormer,Kids' Rides,false,0
2026-10-07T02:45:00Z,2026-10-06T22:45:00-04:00,2026-10-06,22:45,3275,Bugaboo,Kids' Rides,false,0
2026-10-07T02:45:00Z,2026-10-06T22:45:00-04:00,2026-10-06,22:45,3277,Bugs Bunny Camp Carousel,Kids' Rides,false,0
2026-10-07T02:45:00Z,2026-10-06T22:45:00-04:00,2026-10-06,22:45,3279,Bugs Bunny Ranger Pilots,Kids' Rides,false,0
2026-10-07T02:45:00Z,2026-10-06T22:45:00-04:00,2026-10-06,22:45,3240,Daffy Duck Hot Air Balloons,Kids' Rides,false,0
2026-10-07T02:45:00Z,2026-10-06T22:45:00-04:00,2026-10-06,22:45,10077,Lil' Devil Coaster,Kids' Rides,false,0
2026-10-07T02:45:00Z,2026-10-06T22:45:00-04:00,2026-10-06,22:45,15617,Porky Pig Camp Wagons,Kids' Rides,false,0
2026-10-07T02:45:00Z,2026-10-06T22:45:00-04:00,2026-10-06,22:45,3257,Raja’s Rickshaws,Kids' Rides,false,0
2026-10-07T02:45:00Z,2026-10-06T22:45:00-04:00,2026-10-06,22:45,3274,Safari Off-Road Adventure,Kids' Rides,false,0
2026-10-07T02:45:00Z,2026-10-06T22:45:00-04:00,2026-10-06,22:45,3283,Saw Mill Log Flume,Kids' Rides,false,0
2026-10-07T02:45:00Z,2026-10-06T22:45:00-04:00,2026-10-06,22:45,3281,Sky Zooma,Kids' Rides,false,0
2026-10-07T02:45:00Z,2026-10-06T22:45:00-04:00,2026-10-06,22:45,15789,Storm Chaser,Kids' Rides,false,0
2026-10-07T02:45:00Z,2026-10-06T22:45:00-04:00,2026-10-06,22:45,3267,Super Round Up,Kids' Rides,false,0
2026-10-07T02:45:00Z,2026-10-06T22:45:00-04:00,2026-10-06,22:45,15594,Tree Top Hopper,Kids' Rides,false,0
2026-10-07T02:45:00Z,2026-10-06T22:45:00-04:00,2026-10-06,22:45,3233,BATMAN™ The Ride,Thrill Rides,false,0
2026-10-07T02:45:00Z,2026-10-06T22:45:00-04:00,2026-10-06,22:45,3243,El Toro,Thrill Rides,false,0
2026-10-07T02:45:00Z,2026-10-06T22:45:00-04:00,2026-10-06,22:45,8539,Jersey Devil Coaster,Thrill Rides,false,0
2026-10-07T02:45:00Z,2026-10-06T22:45:00-04:00,2026-10-06,22:45,3916,JUSTICE LEAGUE™: Battle for METROPOLIS,Thrill Rides,false,0
2026-10-07T02:45:00Z,2026-10-06T22:45:00-04:00,2026-10-06,22:45,10533,Medusa,Thrill Rides,false,0
2026-10-07T02:45:00Z,2026-10-06T22:45:00-04:00,2026-10-06,22:45,3253,Nitro,Thrill Rides,false,0
2026-10-07T02:45:00Z,2026-10-06T22:45:00-04:00,2026-10-06,22:45,3261,Runaway Train,Thrill Rides,false,0
2026-10-07T02:45:00Z,2026-10-06T22:45:00-04:00,2026-10-06,22:45,3262,Skull Mountain,Thrill Rides,false,0
2026-10-07T02:45:00Z,2026-10-06T22:45:00-04:00,2026-10-06,22:45,3263,SkyScreamer,Thrill Rides,false,0
2026-10-07T02:45:00Z,2026-10-06T22:45:00-04:00,2026-10-06,22:45,3282,Slingshot,Thrill Rides,false,0
2026-10-07T02:45:00Z,2026-10-06T22:45:00-04:00,2026-10-06,22:45,3266,SUPERMAN™: Ultimate Flight,Thrill Rides,false,0
2026-10-07T02:45:00Z,2026-10-06T22:45:00-04:00,2026-10-06,22:45,3271,THE DARK KNIGHT™ Coaster,Thrill Rides,false,0
2026-10-07T02:45:00Z,2026-10-06T22:45:00-04:00,2026-10-06,22:45,14537,THE FLASH™: Vertical Velocity,Thrill Rides,false,0
2026-10-07T02:45:00Z,2026-10-06T22:45:00-04:00,2026-10-06,22:45,3288,THE JOKER™,Thrill Rides,false,0
2026-10-07T02:45:00Z,2026-10-06T22:45:00-04:00,2026-10-06,22:45,3273,Wile E. Coyote Canyon Blaster,Thrill Rides,false,0
2026-10-07T02:45:00Z,2026-10-06T22:45:00-04:00,2026-10-06,22:45,6371,WONDER WOMAN™ Lasso of Truth,Thrill Rides,false,0
2026-10-07T02:45:00Z,2026-10-06T22:45:00-04:00,2026-10-06,22:45,13929,Army of the Dead,Halloween,false,0
2026-10-07T02:45:00Z,2026-10-06T22:45:00-04:00,2026-10-06,22:45,13932,Asylum,Halloween,false,0
2026-10-07T02:45:00Z,2026-10-06T22:45:00-04:00,2026-10-06,22:45,13933,Big Top Terror,Halloween,false,0
2026-10-07T02:45:00Z,2026-10-06T22:45:00-04:00,2026-10-06,22:45,17766,CarnEvil,Halloween,false,0
2026-10-07T02:45:00Z,2026-10-06T22:45:00-04:00,2026-10-06,22:45,17767,Curse of Blackbeard's Bounty,Halloween,false,0
2026-10-07T02:45:00Z,2026-10-06T22:45:00-04:00,2026-10-06,22:45,17768,Deadwood Cabin,Halloween,false,0
2026-10-07T02:45:00Z,2026-10-06T22:45:00-04:00,2026-10-06,22:45,17769,Exile Canyon,Halloween,false,0
2026-10-07T02:45:00Z,2026-10-06T22:45:00-04:00,2026-10-06,22:45,17770,Final Destination,Halloween,false,0
2026-10-07T02:45:00Z,2026-10-06T22:45:00-04:00,2026-10-06,22:45,17771,JASON: Blood Reign,Halloween,false,0
2026-10-07T02:45:00Z,2026-10-06T22:45:00-04:00,2026-10-06,22:45,17772,Plaza De La Muerte,Halloween,false,0
2026-10-07T02:45:00Z,2026-10-06T22:45:00-04:00,2026-10-06,22:45,4005,The Bloody Fountain,Halloween,false,0
2026-10-07T02:45:00Z,2026-10-06T22:45:00-04:00,2026-10-06,22:45,13926,The Conjuring Universe,Halloween,false,0
2026-10-07T02:45:00Z,2026-10-06T22:45:00-04:00,2026-10-06,22:45,17725,The Witch's Reflection,Halloween,false,0
2026-10-07T02:45:00Z,2026-10-06T22:45:00-04:00,2026-10-06,22:45,17720,Trick or Treatin' with Boo,Halloween,false,0
2026-10-07T02:45:00Z,2026-10-06T22:45:00-04:00,2026-10-06,22:45,17773,Twisted Holidays,Halloween,false,0
