ts_utc,ts_local,date_local,time_local,ride_id,ride_name,land,is_open,wait_time
2026-08-26T04:00:00Z,2026-08-26T00:00:00-04:00,2026-08-26,00:00,3231,Air Jumbo,Family Rides,false,0
2026-08-26T04:00:00Z,2026-08-26T00:00:00-04:00,2026-08-26,00:00,17425,Barrels O’ Fun,Family Rides,false,0
2026-08-26T04:00:00Z,2026-08-26T00:00:00-04:00,2026-08-26,00:00,3270,Buccaneer,Family Rides,false,0
2026-08-26T04:00:00Z,2026-08-26T00:00:00-04:00,2026-08-26,00:00,3237,Carousel,Family Rides,false,0
2026-08-26T04:00:00Z,2026-08-26T00:00:00-04:00,2026-08-26,00:00,3244,Enchanted Teacups,Family Rides,false,0
2026-08-26T04:00:00Z,2026-08-26T00:00:00-04:00,2026-08-26,00:00,3245,Fender Benders,Family Rides,false,0
2026-08-26T04:00:00Z,2026-08-26T00:00:00-04:00,2026-08-26,00:00,17426,Flying Scooters,Family Rides,false,0
2026-08-26T04:00:00Z,2026-08-26T00:00:00-04:00,2026-08-26,00:00,15604,Giant Wheel,Family Rides,false,0
2026-08-26T04:00:00Z,2026-08-26T00:00:00-04:00,2026-08-26,00:00,3236,HARLEY QUINN™ Crazy Train,Family Rides,false,0
2026-08-26T04:00:00Z,2026-08-26T00:00:00-04:00,2026-08-26,00:00,3249,Houdini’s Great Escape,Family Rides,false,0
2026-08-26T04:00:00Z,2026-08-26T00:00:00-04:00,2026-08-26,00:00,17427,Hypno Twister,Family Rides,false,0
2026-08-26T04:00:00Z,2026-08-26T00:00:00-04:00,2026-08-26,00:00,3250,Jolly Roger,Family Rides,false,0
2026-08-26T04:00:00Z,2026-08-26T00:00:00-04:00,2026-08-26,00:00,15829,Roaring Rapids,Family Rides,false,0
2026-08-26T04:00:00Z,2026-08-26T00:00:00-04:00,2026-08-26,00:00,15727,Scrambler,Family Rides,false,0
2026-08-26T04:00:00Z,2026-08-26T00:00:00-04:00,2026-08-26,00:00,3268,Tango,Family Rides,false,0
2026-08-26T04:00:00Z,2026-08-26T00:00:00-04:00,2026-08-26,00:00,17428,Wave Swinger,Family Rides,false,0
2026-08-26T04:00:00Z,2026-08-26T00:00:00-04:00,2026-08-26,00:00,3232,Air Safari,Kids' Rides,false,0
2026-08-26T04:00:00Z,2026-08-26T00:00:00-04:00,2026-08-26,00:00,10461,Barnstormer,Kids' Rides,false,0
2026-08-26T04:00:00Z,2026-08-26T00:00:00-04:00,2026-08-26,00:00,3275,Bugaboo,Kids' Rides,false,0
2026-08-26T04:00:00Z,2026-08-26T00:00:00-04:00,2026-08-26,00:00,3277,Bugs Bunny Camp Carousel,Kids' Rides,false,0
2026-08-26T04:00:00Z,2026-08-26T00:00:00-04:00,2026-08-26,00:00,3279,Bugs Bunny Ranger Pilots,Kids' Rides,false,0
2026-08-26T04:00:00Z,2026-08-26T00:00:00-04:00,2026-08-26,00:00,3240,Daffy Duck Hot Air Balloons,Kids' Rides,false,0
2026-08-26T04:00:00Z,2026-08-26T00:00:00-04:00,2026-08-26,00:00,10077,Lil' Devil Coaster,Kids' Rides,false,0
2026-08-26T04:00:00Z,2026-08-26T00:00:00-04:00,2026-08-26,00:00,15617,Porky Pig Camp Wagons,Kids' Rides,false,0
2026-08-26T04:00:00Z,2026-08-26T00:00:00-04:00,2026-08-26,00:00,3257,Raja’s Rickshaws,Kids' Rides,false,0
2026-08-26T04:00:00Z,2026-08-26T00:00:00-04:00,2026-08-26,00:00,3274,Safari Off-Road Adventure,Kids' Rides,false,0
2026-08-26T04:00:00Z,2026-08-26T00:00:00-04:00,2026-08-26,00:00,3283,Saw Mill Log Flume,Kids' Rides,false,0
2026-08-26T04:00:00Z,2026-08-26T00:00:00-04:00,2026-08-26,00:00,3281,Sky Zooma,Kids' Rides,false,0
2026-08-26T04:00:00Z,2026-08-26T00:00:00-04:00,2026-08-26,00:00,15789,Storm Chaser,Kids' Rides,false,0
2026-08-26T04:00:00Z,2026-08-26T00:00:00-04:00,2026-08-26,00:00,3267,Super Round Up,Kids' Rides,false,0
2026-08-26T04:00:00Z,2026-08-26T00:00:00-04:00,2026-08-26,00:00,15594,Tree Top Hopper,Kids' Rides,false,0
2026-08-26T04:00:00Z,2026-08-26T00:00:00-04:00,2026-08-26,00:00,3233,BATMAN™ The Ride,Thrill Rides,false,0
2026-08-26T04:00:00Z,2026-08-26T00:00:00-04:00,2026-08-26,00:00,3243,El Toro,Thrill Rides,false,0
2026-08-26T04:00:00Z,2026-08-26T00:00:00-04:00,2026-08-26,00:00,8539,Jersey Devil Coaster,Thrill Rides,false,0
2026-08-26T04:00:00Z,2026-08-26T00:00:00-04:00,2026-08-26,00:00,3916,JUSTICE LEAGUE™: Battle for METROPOLIS,Thrill Rides,false,0
2026-08-26T04:00:00Z,2026-08-26T00:00:00-04:00,2026-08-26,00:00,10533,Medusa,Thrill Rides,false,0
2026-08-26T04:00:00Z,2026-08-26T00:00:00-04:00,2026-08-26,00:00,3253,Nitro,Thrill Rides,false,0
2026-08-26T04:00:00Z,2026-08-26T00:00:00-04:00,2026-08-26,00:00,3261,Runaway Train,Thrill Rides,false,0
2026-08-26T04:00:00Z,2026-08-26T00:00:00-04:00,2026-08-26,00:00,3262,Skull Mountain,Thrill Rides,false,0
2026-08-26T04:00:00Z,2026-08-26T00:00:00-04:00,2026-08-26,00:00,3263,SkyScreamer,Thrill Rides,false,0
2026-08-26T04:00:00Z,2026-08-26T00:00:00-04:00,2026-08-26,00:00,3282,Slingshot,Thrill Rides,false,0
2026-08-26T04:00:00Z,2026-08-26T00:00:00-04:00,2026-08-26,00:00,3266,SUPERMAN™: Ultimate Flight,Thrill Rides,false,0
2026-08-26T04:00:00Z,2026-08-26T00:00:00-04:00,2026-08-26,00:00,3271,THE DARK KNIGHT™ Coaster,Thrill Rides,false,0
2026-08-26T04:00:00Z,2026-08-26T00:00:00-04:00,2026-08-26,00:00,14537,THE FLASH™: Vertical Velocity,Thrill Rides,false,0
2026-08-26T04:00:00Z,2026-08-26T00:00:00-04:00,2026-08-26,00:00,3288,THE JOKER™,Thrill Rides,false,0
2026-08-26T04:00:00Z,2026-08-26T00:00:00-04:00,2026-08-26,00:00,3273,Wile E. Coyote Canyon Blaster,Thrill Rides,false,0
2026-08-26T04:00:00Z,2026-08-26T00:00:00-04:00,2026-08-26,00:00,6371,WONDER WOMAN™ Lasso of Truth,Thrill Rides,false,0
2026-08-26T04:05:00Z,2026-08-26T00:05:00-04:00,2026-08-26,00:05,3231,Air Jumbo,Family Rides,false,0
2026-08-26T04:05:00Z,2026-08-26T00:05:00-04:00,2026-08-26,00:05,17425,Barrels O’ Fun,Family Rides,false,0
2026-08-26T04:05:00Z,2026-08-26T00:05:00-04:00,2026-08-26,00:05,3270,Buccaneer,Family Rides,false,0
2026-08-26T04:05:00Z,2026-08-26T00:05:00-04:00,2026-08-26,00:05,3237,Carousel,Family Rides,false,0
2026-08-26T04:05:00Z,2026-08-26T00:05:00-04:00,2026-08-26,00:05,3244,Enchanted Teacups,Family Rides,false,0
2026-08-26T04:05:00Z,2026-08-26T00:05:00-04:00,2026-08-26,00:05,3245,Fender Benders,Family Rides,false,0
2026-08-26T04:05:00Z,2026-08-26T00:05:00-04:00,2026-08-26,00:05,17426,Flying Scooters,Family Rides,false,0
2026-08-26T04:05:00Z,2026-08-26T00:05:00-04:00,2026-08-26,00:05,15604,Giant Wheel,Family Rides,false,0
2026-08-26T04:05:00Z,2026-08-26T00:05:00-04:00,2026-08-26,00:05,3236,HARLEY QUINN™ Crazy Train,Family Rides,false,0
2026-08-26T04:05:00Z,2026-08-26T00:05:00-04:00,2026-08-26,00:05,3249,Houdini’s Great Escape,Family Rides,false,0
2026-08-26T04:05:00Z,2026-08-26T00:05:00-04:00,2026-08-26,00:05,17427,Hypno Twister,Family Rides,false,0
2026-08-26T04:05:00Z,2026-08-26T00:05:00-04:00,2026-08-26,00:05,3250,Jolly Roger,Family Rides,false,0
2026-08-26T04:05:00Z,2026-08-26T00:05:00-04:00,2026-08-26,00:05,15829,Roaring Rapids,Family Rides,false,0
2026-08-26T04:05:00Z,2026-08-26T00:05:00-04:00,2026-08-26,00:05,15727,Scrambler,Family Rides,false,0
2026-08-26T04:05:00Z,2026-08-26T00:05:00-04:00,2026-08-26,00:05,3268,Tango,Family Rides,false,0
2026-08-26T04:05:00Z,2026-08-26T00:05:00-04:00,2026-08-26,00:05,17428,Wave Swinger,Family Rides,false,0
2026-08-26T04:05:00Z,2026-08-26T00:05:00-04:00,2026-08-26,00:05,3232,Air Safari,Kids' Rides,false,0
2026-08-26T04:05:00Z,2026-08-26T00:05:00-04:00,2026-08-26,00:05,10461,Barnstormer,Kids' Rides,false,0
2026-08-26T04:05:00Z,2026-08-26T00:05:00-04:00,2026-08-26,00:05,3275,Bugaboo,Kids' Rides,false,0
2026-08-26T04:05:00Z,2026-08-26T00:05:00-04:00,2026-08-26,00:05,3277,Bugs Bunny Camp Carousel,Kids' Rides,false,0
2026-08-26T04:05:00Z,2026-08-26T00:05:00-04:00,2026-08-26,00:05,3279,Bugs Bunny Ranger Pilots,Kids' Rides,false,0
2026-08-26T04:05:00Z,2026-08-26T00:05:00-04:00,2026-08-26,00:05,3240,Daffy Duck Hot Air Balloons,Kids' Rides,false,0
2026-08-26T04:05:00Z,2026-08-26T00:05:00-04:00,2026-08-26,00:05,10077,Lil' Devil Coaster,Kids' Rides,false,0
2026-08-26T04:05:00Z,2026-08-26T00:05:00-04:00,2026-08-26,00:05,15617,Porky Pig Camp Wagons,Kids' Rides,false,0
2026-08-26T04:05:00Z,2026-08-26T00:05:00-04:00,2026-08-26,00:05,3257,Raja’s Rickshaws,Kids' Rides,false,0
2026-08-26T04:05:00Z,2026-08-26T00:05:00-04:00,2026-08-26,00:05,3274,Safari Off-Road Adventure,Kids' Rides,false,0
2026-08-26T04:05:00Z,2026-08-26T00:05:00-04:00,2026-08-26,00:05,3283,Saw Mill Log Flume,Kids' Rides,false,0
2026-08-26T04:05:00Z,2026-08-26T00:05:00-04:00,2026-08-26,00:05,3281,Sky Zooma,Kids' Rides,false,0
2026-08-26T04:05:00Z,2026-08-26T00:05:00-04:00,2026-08-26,00:05,15789,Storm Chaser,Kids' Rides,false,0
2026-08-26T04:05:00Z,2026-08-26T00:05:00-04:00,2026-08-26,00:05,3267,Super Round Up,Kids' Rides,false,0
2026-08-26T04:05:00Z,2026-08-26T00:05:00-04:00,2026-08-26,00:05,15594,Tree Top Hopper,Kids' Rides,false,0
2026-08-26T04:05:00Z,2026-08-26T00:05:00-04:00,2026-08-26,00:05,3233,BATMAN™ The Ride,Thrill Rides,false,0
2026-08-26T04:05:00Z,2026-08-26T00:05:00-04:00,2026-08-26,00:05,3243,El Toro,Thrill Rides,false,0
2026-08-26T04:05:00Z,2026-08-26T00:05:00-04:00,2026-08-26,00:05,8539,Jersey Devil Coaster,Thrill Rides,false,0
2026-08-26T04:05:00Z,2026-08-26T00:05:00-04:00,2026-08-26,00:05,3916,JUSTICE LEAGUE™: Battle for METROPOLIS,Thrill Rides,false,0
2026-08-26T04:05:00Z,2026-08-26T00:05:00-04:00,2026-08-26,00:05,10533,Medusa,Thrill Rides,false,0
2026-08-26T04:05:00Z,2026-08-26T00:05:00-04:00,2026-08-26,00:05,3253,Nitro,Thrill Rides,false,0
2026-08-26T04:05:00Z,2026-08-26T00:05:00-04:00,2026-08-26,00:05,3261,Runaway Train,Thrill Rides,false,0
2026-08-26T04:05:00Z,2026-08-26T00:05:00-04:00,2026-08-26,00:05,3262,Skull Mountain,Thrill Rides,false,0
2026-08-26T04:05:00Z,2026-08-26T00:05:00-04:00,2026-08-26,00:05,3263,SkyScreamer,Thrill Rides,false,0
2026-08-26T04:05:00Z,2026-08-26T00:05:00-04:00,2026-08-26,00:05,3282,Slingshot,Thrill Rides,false,0
2026-08-26T04:05:00Z,2026-08-26T00:05:00-04:00,2026-08-26,00:05,3266,SUPERMAN™: Ultimate Flight,Thrill Rides,false,0
2026-08-26T04:05:00Z,2026-08-26T00:05:00-04:00,2026-08-26,00:05,3271,THE DARK KNIGHT™ Coaster,Thrill Rides,false,0
2026-08-26T04:05:00Z,2026-08-26T00:05:00-04:00,2026-08-26,00:05,14537,THE FLASH™: Vertical Velocity,Thrill Rides,false,0
2026-08-26T04:05:00Z,2026-08-26T00:05:00-04:00,2026-08-26,00:05,3288,THE JOKER™,Thrill Rides,false,0
2026-08-26T04:05:00Z,2026-08-26T00:05:00-04:00,2026-08-26,00:05,3273,Wile E. Coyote Canyon Blaster,Thrill Rides,false,0
2026-08-26T04:05:00Z,2026-08-26T00:05:00-04:00,2026-08-26,00:05,6371,WONDER WOMAN™ Lasso of Truth,Thrill Rides,false,0
2026-08-26T04:10:00Z,2026-08-26T00:10:00-04:00,2026-08-26,00:10,3231,Air Jumbo,Family Rides,false,0
2026-08-26T04:10:00Z,2026-08-26T00:10:00-04:00,2026-08-26,00:10,17425,Barrels O’ Fun,Family Rides,false,0
2026-08-26T04:10:00Z,2026-08-26T00:10:00-04:00,2026-08-26,00:10,3270,Buccaneer,Family Rides,false,0
2026-08-26T04:10:00Z,2026-08-26T00:10:00-04:00,2026-08-26,00:10,3237,Carousel,Family Rides,false,0
2026-08-26T04:10:00Z,2026-08-26T00:10:00-04:00,2026-08-26,00:10,3244,Enchanted Teacups,Family Rides,false,0
2026-08-26T04:10:00Z,2026-08-26T00:10:00-04:00,2026-08-26,00:10,3245,Fender Benders,Family Rides,false,0
2026-08-26T04:10:00Z,2026-08-26T00:10:00-04:00,2026-08-26,00:10,17426,Flying Scooters,Family Rides,false,0
2026-08-26T04:10:00Z,2026-08-26T00:10:00-04:00,2026-08-26,00:10,15604,Giant Wheel,Family Rides,false,0
2026-08-26T04:10:00Z,2026-08-26T00:10:00-04:00,2026-08-26,00:10,3236,HARLEY QUINN™ Crazy Train,Family Rides,false,0
2026-08-26T04:10:00Z,2026-08-26T00:10:00-04:00,2026-08-26,00:10,3249,Houdini’s Great Escape,Family Rides,false,0
2026-08-26T04:10:00Z,2026-08-26T00:10:00-04:00,2026-08-26,00:10,17427,Hypno Twister,Family Rides,false,0
2026-08-26T04:10:00Z,2026-08-26T00:10:00-04:00,2026-08-26,00:10,3250,Jolly Roger,Family Rides,false,0
2026-08-26T04:10:00Z,2026-08-26T00:10:00-04:00,2026-08-26,00:10,15829,Roaring Rapids,Family Rides,false,0
2026-08-26T04:10:00Z,2026-08-26T00:10:00-04:00,2026-08-26,00:10,15727,Scrambler,Family Rides,false,0
2026-08-26T04:10:00Z,2026-08-26T00:10:00-04:00,2026-08-26,00:10,3268,Tango,Family Rides,false,0
2026-08-26T04:10:00Z,2026-08-26T00:10:00-04:00,2026-08-26,00:10,17428,Wave Swinger,Family Rides,false,0
2026-08-26T04:10:00Z,2026-08-26T00:10:00-04:00,2026-08-26,00:10,3232,Air Safari,Kids' Rides,false,0
2026-08-26T04:10:00Z,2026-08-26T00:10:00-04:00,2026-08-26,00:10,10461,Barnstormer,Kids' Rides,false,0
2026-08-26T04:10:00Z,2026-08-26T00:10:00-04:00,2026-08-26,00:10,3275,Bugaboo,Kids' Rides,false,0
2026-08-26T04:10:00Z,2026-08-26T00:10:00-04:00,2026-08-26,00:10,3277,Bugs Bunny Camp Carousel,Kids' Rides,false,0
2026-08-26T04:10:00Z,2026-08-26T00:10:00-04:00,2026-08-26,00:10,3279,Bugs Bunny Ranger Pilots,Kids' Rides,false,0
2026-08-26T04:10:00Z,2026-08-26T00:10:00-04:00,2026-08-26,00:10,3240,Daffy Duck Hot Air Balloons,Kids' Rides,false,0
2026-08-26T04:10:00Z,2026-08-26T00:10:00-04:00,2026-08-26,00:10,10077,Lil' Devil Coaster,Kids' Rides,false,0
2026-08-26T04:10:00Z,2026-08-26T00:10:00-04:00,2026-08-26,00:10,15617,Porky Pig Camp Wagons,Kids' Rides,false,0
2026-08-26T04:10:00Z,2026-08-26T00:10:00-04:00,2026-08-26,00:10,3257,Raja’s Rickshaws,Kids' Rides,false,0
2026-08-26T04:10:00Z,2026-08-26T00:10:00-04:00,2026-08-26,00:10,3274,Safari Off-Road Adventure,Kids' Rides,false,0
2026-08-26T04:10:00Z,2026-08-26T00:10:00-04:00,2026-08-26,00:10,3283,Saw Mill Log Flume,Kids' Rides,false,0
2026-08-26T04:10:00Z,2026-08-26T00:10:00-04:00,2026-08-26,00:10,3281,Sky Zooma,Kids' Rides,false,0
2026-08-26T04:10:00Z,2026-08-26T00:10:00-04:00,2026-08-26,00:10,15789,Storm Chaser,Kids' Rides,false,0
2026-08-26T04:10:00Z,2026-08-26T00:10:00-04:00,2026-08-26,00:10,3267,Super Round Up,Kids' Rides,false,0
2026-08-26T04:10:00Z,2026-08-26T00:10:00-04:00,2026-08-26,00:10,15594,Tree Top Hopper,Kids' Rides,false,0
2026-08-26T04:10:00Z,2026-08-26T00:10:00-04:00,2026-08-26,00:10,3233,BATMAN™ The Ride,Thrill Rides,false,0
2026-08-26T04:10:00Z,2026-08-26T00:10:00-04:00,2026-08-26,00:10,3243,El Toro,Thrill Rides,false,0
2026-08-26T04:10:00Z,2026-08-26T00:10:00-04:00,2026-08-26,00:10,8539,Jersey Devil Coaster,Thrill Rides,false,0
2026-08-26T04:10:00Z,2026-08-26T00:10:00-04:00,2026-08-26,00:10,3916,JUSTICE LEAGUE™: Battle for METROPOLIS,Thrill Rides,false,0
2026-08-26T04:10:00Z,2026-08-26T00:10:00-04:00,2026-08-26,00:10,10533,Medusa,Thrill Rides,false,0
2026-08-26T04:10:00Z,2026-08-26T00:10:00-04:00,2026-08-26,00:10,3253,Nitro,Thrill Rides,false,0
2026-08-26T04:10:00Z,2026-08-26T00:10:00-04:00,2026-08-26,00:10,3261,Runaway Train,Thrill Rides,false,0
2026-08-26T04:10:00Z,2026-08-26T00:10:00-04:00,2026-08-26,00:10,3262,Skull Mountain,Thrill Rides,false,0
2026-08-26T04:10:00Z,2026-08-26T00:10:00-04:00,2026-08-26,00:10,3263,SkyScreamer,Thrill Rides,false,0
2026-08-26T04:10:00Z,2026-08-26T00:10:00-04:00,2026-08-26,00:10,3282,Slingshot,Thrill Rides,false,0
2026-08-26T04:10:00Z,2026-08-26T00:10:00-04:00,2026-08-26,00:10,3266,SUPERMAN™: Ultimate Flight,Thrill Rides,false,0
2026-08-26T04:10:00Z,2026-08-26T00:10:00-04:00,2026-08-26,00:10,3271,THE DARK KNIGHT™ Coaster,Thrill Rides,false,0
2026-08-26T04:10:00Z,2026-08-26T00:10:00-04:00,2026-08-26,00:10,14537,THE FLASH™: Vertical Velocity,Thrill Rides,false,0
2026-08-26T04:10:00Z,2026-08-26T00:10:00-04:00,2026-08-26,00:10,3288,THE JOKER™,Thrill Rides,false,0
2026-08-26T04:10:00Z,2026-08-26T00:10:00-04:00,2026-08-26,00:10,3273,Wile E. Coyote Canyon Blaster,Thrill Rides,false,0
2026-08-26T04:10:00Z,2026-08-26T00:10:00-04:00,2026-08-26,00:10,6371,WONDER WOMAN™ Lasso of Truth,Thrill Rides,false,0
2026-08-26T04:15:00Z,2026-08-26T00:15:00-04:00,2026-08-26,00:15,3231,Air Jumbo,Family Rides,false,0
2026-08-26T04:15:00Z,2026-08-26T00:15:00-04:00,2026-08-26,00:15,17425,Barrels O’ Fun,Family Rides,false,0
2026-08-26T04:15:00Z,2026-08-26T00:15:00-04:00,2026-08-26,00:15,3270,Buccaneer,Family Rides,false,0
2026-08-26T04:15:00Z,2026-08-26T00:15:00-04:00,2026-08-26,00:15,3237,Carousel,Family Rides,false,0
2026-08-26T04:15:00Z,2026-08-26T00:15:00-04:00,2026-08-26,00:15,3244,Enchanted Teacups,Family Rides,false,0
2026-08-26T04:15:00Z,2026-08-26T00:15:00-04:00,2026-08-26,00:15,3245,Fender Benders,Family Rides,false,0
2026-08-26T04:15:00Z,2026-08-26T00:15:00-04:00,2026-08-26,00:15,17426,Flying Scooters,Family Rides,false,0
2026-08-26T04:15:00Z,2026-08-26T00:15:00-04:00,2026-08-26,00:15,15604,Giant Wheel,Family Rides,false,0
2026-08-26T04:15:00Z,2026-08-26T00:15:00-04:00,2026-08-26,00:15,3236,HARLEY QUINN™ Crazy Train,Family Rides,false,0
2026-08-26T04:15:00Z,2026-08-26T00:15:00-04:00,2026-08-26,00:15,3249,Houdini’s Great Escape,Family Rides,false,0
2026-08-26T04:15:00Z,2026-08-26T00:15:00-04:00,2026-08-26,00:15,17427,Hypno Twister,Family Rides,false,0
2026-08-26T04:15:00Z,2026-08-26T00:15:00-04:00,2026-08-26,00:15,3250,Jolly Roger,Family Rides,false,0
2026-08-26T04:15:00Z,2026-08-26T00:15:00-04:00,2026-08-26,00:15,15829,Roaring Rapids,Family Rides,false,0
2026-08-26T04:15:00Z,2026-08-26T00:15:00-04:00,2026-08-26,00:15,15727,Scrambler,Family Rides,false,0
2026-08-26T04:15:00Z,2026-08-26T00:15:00-04:00,2026-08-26,00:15,3268,Tango,Family Rides,false,0
2026-08-26T04:15:00Z,2026-08-26T00:15:00-04:00,2026-08-26,00:15,17428,Wave Swinger,Family Rides,false,0
2026-08-26T04:15:00Z,2026-08-26T00:15:00-04:00,2026-08-26,00:15,3232,Air Safari,Kids' Rides,false,0
2026-08-26T04:15:00Z,2026-08-26T00:15:00-04:00,2026-08-26,00:15,10461,Barnstormer,Kids' Rides,false,0
2026-08-26T04:15:00Z,2026-08-26T00:15:00-04:00,2026-08-26,00:15,3275,Bugaboo,Kids' Rides,false,0
2026-08-26T04:15:00Z,2026-08-26T00:15:00-04:00,2026-08-26,00:15,3277,Bugs Bunny Camp Carousel,Kids' Rides,false,0
2026-08-26T04:15:00Z,2026-08-26T00:15:00-04:00,2026-08-26,00:15,3279,Bugs Bunny Ranger Pilots,Kids' Rides,false,0
2026-08-26T04:15:00Z,2026-08-26T00:15:00-04:00,2026-08-26,00:15,3240,Daffy Duck Hot Air Balloons,Kids' Rides,false,0
2026-08-26T04:15:00Z,2026-08-26T00:15:00-04:00,2026-08-26,00:15,10077,Lil' Devil Coaster,Kids' Rides,false,0
2026-08-26T04:15:00Z,2026-08-26T00:15:00-04:00,2026-08-26,00:15,15617,Porky Pig Camp Wagons,Kids' Rides,false,0
2026-08-26T04:15:00Z,2026-08-26T00:15:00-04:00,2026-08-26,00:15,3257,Raja’s Rickshaws,Kids' Rides,false,0
2026-08-26T04:15:00Z,2026-08-26T00:15:00-04:00,2026-08-26,00:15,3274,Safari Off-Road Adventure,Kids' Rides,false,0
2026-08-26T04:15:00Z,2026-08-26T00:15:00-04:00,2026-08-26,00:15,3283,Saw Mill Log Flume,Kids' Rides,false,0
2026-08-26T04:15:00Z,2026-08-26T00:15:00-04:00,2026-08-26,00:15,3281,Sky Zooma,Kids' Rides,false,0
2026-08-26T04:15:00Z,2026-08-26T00:15:00-04:00,2026-08-26,00:15,15789,Storm Chaser,Kids' Rides,false,0
2026-08-26T04:15:00Z,2026-08-26T00:15:00-04:00,2026-08-26,00:15,3267,Super Round Up,Kids' Rides,false,0
2026-08-26T04:15:00Z,2026-08-26T00:15:00-04:00,2026-08-26,00:15,15594,Tree Top Hopper,Kids' Rides,false,0
2026-08-26T04:15:00Z,2026-08-26T00:15:00-04:00,2026-08-26,00:15,3233,BATMAN™ The Ride,Thrill Rides,false,0
2026-08-26T04:15:00Z,2026-08-26T00:15:00-04:00,2026-08-26,00:15,3243,El Toro,Thrill Rides,false,0
2026-08-26T04:15:00Z,2026-08-26T00:15:00-04:00,2026-08-26,00:15,8539,Jersey Devil Coaster,Thrill Rides,false,0
2026-08-26T04:15:00Z,2026-08-26T00:15:00-04:00,2026-08-26,00:15,3916,JUSTICE LEAGUE™: Battle for METROPOLIS,Thrill Rides,false,0
2026-08-26T04:15:00Z,2026-08-26T00:15:00-04:00,2026-08-26,00:15,10533,Medusa,Thrill Rides,false,0
2026-08-26T04:15:00Z,2026-08-26T00:15:00-04:00,2026-08-26,00:15,3253,Nitro,Thrill Rides,false,0
2026-08-26T04:15:00Z,2026-08-26T00:15:00-04:00,2026-08-26,00:15,3261,Runaway Train,Thrill Rides,false,0
2026-08-26T04:15:00Z,2026-08-26T00:15:00-04:00,2026-08-26,00:15,3262,Skull Mountain,Thrill Rides,false,0
2026-08-26T04:15:00Z,2026-08-26T00:15:00-04:00,2026-08-26,00:15,3263,SkyScreamer,Thrill Rides,false,0
2026-08-26T04:15:00Z,2026-08-26T00:15:00-04:00,2026-08-26,00:15,3282,Slingshot,Thrill Rides,false,0
2026-08-26T04:15:00Z,2026-08-26T00:15:00-04:00,2026-08-26,00:15,3266,SUPERMAN™: Ultimate Flight,Thrill Rides,false,0
2026-08-26T04:15:00Z,2026-08-26T00:15:00-04:00,2026-08-26,00:15,3271,THE DARK KNIGHT™ Coaster,Thrill Rides,false,0
2026-08-26T04:15:00Z,2026-08-26T00:15:00-04:00,2026-08-26,00:15,14537,THE FLASH™: Vertical Velocity,Thrill Rides,false,0
2026-08-26T04:15:00Z,2026-08-26T00:15:00-04:00,2026-08-26,00:15,3288,THE JOKER™,Thrill Rides,false,0
2026-08-26T04:15:00Z,2026-08-26T00:15:00-04:00,2026-08-26,00:15,3273,Wile E. Coyote Canyon Blaster,Thrill Rides,false,0
2026-08-26T04:15:00Z,2026-08-26T00:15:00-04:00,2026-08-26,00:15,6371,WONDER WOMAN™ Lasso of Truth,Thrill Rides,false,0
2026-08-26T04:20:00Z,2026-08-26T00:20:00-04:00,2026-08-26,00:20,3231,Air Jumbo,Family Rides,false,0
2026-08-26T04:20:00Z,2026-08-26T00:20:00-04:00,2026-08-26,00:20,17425,Barrels O’ Fun,Family Rides,false,0
2026-08-26T04:20:00Z,2026-08-26T00:20:00-04:00,2026-08-26,00:20,3270,Buccaneer,Family Rides,false,0
2026-08-26T04:20:00Z,2026-08-26T00:20:00-04:00,2026-08-26,00:20,3237,Carousel,Family Rides,false,0
2026-08-26T04:20:00Z,2026-08-26T00:20:00-04:00,2026-08-26,00:20,3244,Enchanted Teacups,Family Rides,false,0
2026-08-26T04:20:00Z,2026-08-26T00:20:00-04:00,2026-08-26,00:20,3245,Fender Benders,Family Rides,false,0
2026-08-26T04:20:00Z,2026-08-26T00:20:00-04:00,2026-08-26,00:20,17426,Flying Scooters,Family Rides,false,0
2026-08-26T04:20:00Z,2026-08-26T00:20:00-04:00,2026-08-26,00:20,15604,Giant Wheel,Family Rides,false,0
2026-08-26T04:20:00Z,2026-08-26T00:20:00-04:00,2026-08-26,00:20,3236,HARLEY QUINN™ Crazy Train,Family Rides,false,0
2026-08-26T04:20:00Z,2026-08-26T00:20:00-04:00,2026-08-26,00:20,3249,Houdini’s Great Escape,Family Rides,false,0
2026-08-26T04:20:00Z,2026-08-26T00:20:00-04:00,2026-08-26,00:20,17427,Hypno Twister,Family Rides,false,0
2026-08-26T04:20:00Z,2026-08-26T00:20:00-04:00,2026-08-26,00:20,3250,Jolly Roger,Family Rides,false,0
2026-08-26T04:20:00Z,2026-08-26T00:20:00-04:00,2026-08-26,00:20,15829,Roaring Rapids,Family Rides,false,0
2026-08-26T04:20:00Z,2026-08-26T00:20:00-04:00,2026-08-26,00:20,15727,Scrambler,Family Rides,false,0
2026-08-26T04:20:00Z,2026-08-26T00:20:00-04:00,2026-08-26,00:20,3268,Tango,Family Rides,false,0
2026-08-26T04:20:00Z,2026-08-26T00:20:00-04:00,2026-08-26,00:20,17428,Wave Swinger,Family Rides,false,0
2026-08-26T04:20:00Z,2026-08-26T00:20:00-04:00,2026-08-26,00:20,3232,Air Safari,Kids' Rides,false,0
2026-08-26T04:20:00Z,2026-08-26T00:20:00-04:00,2026-08-26,00:20,10461,Barnstormer,Kids' Rides,false,0
2026-08-26T04:20:00Z,2026-08-26T00:20:00-04:00,2026-08-26,00:20,3275,Bugaboo,Kids' Rides,false,0
2026-08-26T04:20:00Z,2026-08-26T00:20:00-04:00,2026-08-26,00:20,3277,Bugs Bunny Camp Carousel,Kids' Rides,false,0
2026-08-26T04:20:00Z,2026-08-26T00:20:00-04:00,2026-08-26,00:20,3279,Bugs Bunny Ranger Pilots,Kids' Rides,false,0
2026-08-26T04:20:00Z,2026-08-26T00:20:00-04:00,2026-08-26,00:20,3240,Daffy Duck Hot Air Balloons,Kids' Rides,false,0
2026-08-26T04:20:00Z,2026-08-26T00:20:00-04:00,2026-08-26,00:20,10077,Lil' Devil Coaster,Kids' Rides,false,0
2026-08-26T04:20:00Z,2026-08-26T00:20:00-04:00,2026-08-26,00:20,15617,Porky Pig Camp Wagons,Kids' Rides,false,0
2026-08-26T04:20:00Z,2026-08-26T00:20:00-04:00,2026-08-26,00:20,3257,Raja’s Rickshaws,Kids' Rides,false,0
2026-08-26T04:20:00Z,2026-08-26T00:20:00-04:00,2026-08-26,00:20,3274,Safari Off-Road Adventure,Kids' Rides,false,0
2026-08-26T04:20:00Z,2026-08-26T00:20:00-04:00,2026-08-26,00:20,3283,Saw Mill Log Flume,Kids' Rides,false,0
2026-08-26T04:20:00Z,2026-08-26T00:20:00-04:00,2026-08-26,00:20,3281,Sky Zooma,Kids' Rides,false,0
2026-08-26T04:20:00Z,2026-08-26T00:20:00-04:00,2026-08-26,00:20,15789,Storm Chaser,Kids' Rides,false,0
2026-08-26T04:20:00Z,2026-08-26T00:20:00-04:00,2026-08-26,00:20,3267,Super Round Up,Kids' Rides,false,0
2026-08-26T04:20:00Z,2026-08-26T00:20:00-04:00,2026-08-26,00:20,15594,Tree Top Hopper,Kids' Rides,false,0
2026-08-26T04:20:00Z,2026-08-26T00:20:00-04:00,2026-08-26,00:20,3233,BATMAN™ The Ride,Thrill Rides,false,0
2026-08-26T04:20:00Z,2026-08-26T00:20:00-04:00,2026-08-26,00:20,3243,El Toro,Thrill Rides,false,0
2026-08-26T04:20:00Z,2026-08-26T00:20:00-04:00,2026-08-26,00:20,8539,Jersey Devil Coaster,Thrill Rides,false,0
2026-08-26T04:20:00Z,2026-08-26T00:20:00-04:00,2026-08-26,00:20,3916,JUSTICE LEAGUE™: Battle for METROPOLIS,Thrill Rides,false,0
2026-08-26T04:20:00Z,2026-08-26T00:20:00-04:00,2026-08-26,00:20,10533,Medusa,Thrill Rides,false,0
2026-08-26T04:20:00Z,2026-08-26T00:20:00-04:00,2026-08-26,00:20,3253,Nitro,Thrill Rides,false,0
2026-08-26T04:20:00Z,2026-08-26T00:20:00-04:00,2026-08-26,00:20,3261,Runaway Train,Thrill Rides,false,0
2026-08-26T04:20:00Z,2026-08-26T00:20:00-04:00,2026-08-26,00:20,3262,Skull Mountain,Thrill Rides,false,0
2026-08-26T04:20:00Z,2026-08-26T00:20:00-04:00,2026-08-26,00:20,3263,SkyScreamer,Thrill Rides,false,0
2026-08-26T04:20:00Z,2026-08-26T00:20:00-04:00,2026-08-26,00:20,3282,Slingshot,Thrill Rides,false,0
2026-08-26T04:20:00Z,2026-08-26T00:20:00-04:00,2026-08-26,00:20,3266,SUPERMAN™: Ultimate Flight,Thrill Rides,false,0
2026-08-26T04:20:00Z,2026-08-26T00:20:00-04:00,2026-08-26,00:20,3271,THE DARK KNIGHT™ Coaster,Thrill Rides,false,0
2026-08-26T04:20:00Z,2026-08-26T00:20:00-04:00,2026-08-26,00:20,14537,THE FLASH™: Vertical Velocity,Thrill Rides,false,0
2026-08-26T04:20:00Z,2026-08-26T00:20:00-04:00,2026-08-26,00:20,3288,THE JOKER™,Thrill Rides,false,0
2026-08-26T04:20:00Z,2026-08-26T00:20:00-04:00,2026-08-26,00:20,3273,Wile E. Coyote Canyon Blaster,Thrill Rides,false,0
2026-08-26T04:20:00Z,2026-08-26T00:20:00-04:00,2026-08-26,00:20,6371,WONDER WOMAN™ Lasso of Truth,Thrill Rides,false,0
2026-08-26T04:25:00Z,2026-08-26T00:25:00-04:00,2026-08-26,00:25,3231,Air Jumbo,Family Rides,false,0
2026-08-26T04:25:00Z,2026-08-26T00:25:00-04:00,2026-08-26,00:25,17425,Barrels O’ Fun,Family Rides,false,0
2026-08-26T04:25:00Z,2026-08-26T00:25:00-04:00,2026-08-26,00:25,3270,Buccaneer,Family Rides,false,0
2026-08-26T04:25:00Z,2026-08-26T00:25:00-04:00,2026-08-26,00:25,3237,Carousel,Family Rides,false,0
2026-08-26T04:25:00Z,2026-08-26T00:25:00-04:00,2026-08-26,00:25,3244,Enchanted Teacups,Family Rides,false,0
2026-08-26T04:25:00Z,2026-08-26T00:25:00-04:00,2026-08-26,00:25,3245,Fender Benders,Family Rides,false,0
2026-08-26T04:25:00Z,2026-08-26T00:25:00-04:00,2026-08-26,00:25,17426,Flying Scooters,Family Rides,false,0
2026-08-26T04:25:00Z,2026-08-26T00:25:00-04:00,2026-08-26,00:25,15604,Giant Wheel,Family Rides,false,0
2026-08-26T04:25:00Z,2026-08-26T00:25:00-04:00,2026-08-26,00:25,3236,HARLEY QUINN™ Crazy Train,Family Rides,false,0
2026-08-26T04:25:00Z,2026-08-26T00:25:00-04:00,2026-08-26,00:25,3249,Houdini’s Great Escape,Family Rides,false,0
2026-08-26T04:25:00Z,2026-08-26T00:25:00-04:00,2026-08-26,00:25,17427,Hypno Twister,Family Rides,false,0
2026-08-26T04:25:00Z,2026-08-26T00:25:00-04:00,2026-08-26,00:25,3250,Jolly Roger,Family Rides,false,0
2026-08-26T04:25:00Z,2026-08-26T00:25:00-04:00,2026-08-26,00:25,15829,Roaring Rapids,Family Rides,false,0
2026-08-26T04:25:00Z,2026-08-26T00:25:00-04:00,2026-08-26,00:25,15727,Scrambler,Family Rides,false,0
2026-08-26T04:25:00Z,2026-08-26T00:25:00-04:00,2026-08-26,00:25,3268,Tango,Family Rides,false,0
2026-08-26T04:25:00Z,2026-08-26T00:25:00-04:00,2026-08-26,00:25,17428,Wave Swinger,Family Rides,false,0
2026-08-26T04:25:00Z,2026-08-26T00:25:00-04:00,2026-08-26,00:25,3232,Air Safari,Kids' Rides,false,0
2026-08-26T04:25:00Z,2026-08-26T00:25:00-04:00,2026-08-26,00:25,10461,Barnstormer,Kids' Rides,false,0
2026-08-26T04:25:00Z,2026-08-26T00:25:00-04:00,2026-08-26,00:25,3275,Bugaboo,Kids' Rides,false,0
2026-08-26T04:25:00Z,2026-08-26T00:25:00-04:00,2026-08-26,00:25,3277,Bugs Bunny Camp Carousel,Kids' Rides,false,0
2026-08-26T04:25:00Z,2026-08-26T00:25:00-04:00,2026-08-26,00:25,3279,Bugs Bunny Ranger Pilots,Kids' Rides,false,0
2026-08-26T04:25:00Z,2026-08-26T00:25:00-04:00,2026-08-26,00:25,3240,Daffy Duck Hot Air Balloons,Kids' Rides,false,0
2026-08-26T04:25:00Z,2026-08-26T00:25:00-04:00,2026-08-26,00:25,10077,Lil' Devil Coaster,Kids' Rides,false,0
2026-08-26T04:25:00Z,2026-08-26T00:25:00-04:00,2026-08-26,00:25,15617,Porky Pig Camp Wagons,Kids' Rides,false,0
2026-08-26T04:25:00Z,2026-08-26T00:25:00-04:00,2026-08-26,00:25,3257,Raja’s Rickshaws,Kids' Rides,false,0
2026-08-26T04:25:00Z,2026-08-26T00:25:00-04:00,2026-08-26,00:25,3274,Safari Off-Road Adventure,Kids' Rides,false,0
2026-08-26T04:25:00Z,2026-08-26T00:25:00-04:00,2026-08-26,00:25,3283,Saw Mill Log Flume,Kids' Rides,false,0
2026-08-26T04:25:00Z,2026-08-26T00:25:00-04:00,2026-08-26,00:25,3281,Sky Zooma,Kids' Rides,false,0
2026-08-26T04:25:00Z,2026-08-26T00:25:00-04:00,2026-08-26,00:25,15789,Storm Chaser,Kids' Rides,false,0
2026-08-26T04:25:00Z,2026-08-26T00:25:00-04:00,2026-08-26,00:25,3267,Super Round Up,Kids' Rides,false,0
2026-08-26T04:25:00Z,2026-08-26T00:25:00-04:00,2026-08-26,00:25,15594,Tree Top Hopper,Kids' Rides,false,0
2026-08-26T04:25:00Z,2026-08-26T00:25:00-04:00,2026-08-26,00:25,3233,BATMAN™ The Ride,Thrill Rides,false,0
2026-08-26T04:25:00Z,2026-08-26T00:25:00-04:00,2026-08-26,00:25,3243,El Toro,Thrill Rides,false,0
2026-08-26T04:25:00Z,2026-08-26T00:25:00-04:00,2026-08-26,00:25,8539,Jersey Devil Coaster,Thrill Rides,false,0
2026-08-26T04:25:00Z,2026-08-26T00:25:00-04:00,2026-08-26,00:25,3916,JUSTICE LEAGUE™: Battle for METROPOLIS,Thrill Rides,false,0
2026-08-26T04:25:00Z,2026-08-26T00:25:00-04:00,2026-08-26,00:25,10533,Medusa,Thrill Rides,false,0
2026-08-26T04:25:00Z,2026-08-26T00:25:00-04:00,2026-08-26,00:25,3253,Nitro,Thrill Rides,false,0
2026-08-26T04:25:00Z,2026-08-26T00:25:00-04:00,2026-08-26,00:25,3261,Runaway Train,Thrill Rides,false,0
2026-08-26T04:25:00Z,2026-08-26T00:25:00-04:00,2026-08-26,00:25,3262,Skull Mountain,Thrill Rides,false,0
2026-08-26T04:25:00Z,2026-08-26T00:25:00-04:00,2026-08-26,00:25,3263,SkyScreamer,Thrill Rides,false,0
2026-08-26T04:25:00Z,2026-08-26T00:25:00-04:00,2026-08-26,00:25,3282,Slingshot,Thrill Rides,false,0
2026-08-26T04:25:00Z,2026-08-26T00:25:00-04:00,2026-08-26,00:25,3266,SUPERMAN™: Ultimate Flight,Thrill Rides,false,0
2026-08-26T04:25:00Z,2026-08-26T00:25:00-04:00,2026-08-26,00:25,3271,THE DARK KNIGHT™ Coaster,Thrill Rides,false,0
2026-08-26T04:25:00Z,2026-08-26T00:25:00-04:00,2026-08-26,00:25,14537,THE FLASH™: Vertical Velocity,Thrill Rides,false,0
2026-08-26T04:25:00Z,2026-08-26T00:25:00-04:00,2026-08-26,00:25,3288,THE JOKER™,Thrill Rides,false,0
2026-08-26T04:25:00Z,2026-08-26T00:25:00-04:00,2026-08-26,00:25,3273,Wile E. Coyote Canyon Blaster,Thrill Rides,false,0
2026-08-26T04:25:00Z,2026-08-26T00:25:00-04:00,2026-08-26,00:25,6371,WONDER WOMAN™ Lasso of Truth,Thrill Rides,false,0
2026-08-26T13:45:00Z,2026-08-26T09:45:00-04:00,2026-08-26,09:45,3231,Air Jumbo,Family Rides,false,0
2026-08-26T13:45:00Z,2026-08-26T09:45:00-04:00,2026-08-26,09:45,17425,Barrels O’ Fun,Family Rides,false,0
2026-08-26T13:45:00Z,2026-08-26T09:45:00-04:00,2026-08-26,09:45,3270,Buccaneer,Family Rides,false,0
2026-08-26T13:45:00Z,2026-08-26T09:45:00-04:00,2026-08-26,09:45,3237,Carousel,Family Rides,false,0
2026-08-26T13:45:00Z,2026-08-26T09:45:00-04:00,2026-08-26,09:45,3244,Enchanted Teacups,Family Rides,false,0
2026-08-26T13:45:00Z,2026-08-26T09:45:00-04:00,2026-08-26,09:45,3245,Fender Benders,Family Rides,false,0
2026-08-26T13:45:00Z,2026-08-26T09:45:00-04:00,2026-08-26,09:45,17426,Flying Scooters,Family Rides,false,0
2026-08-26T13:45:00Z,2026-08-26T09:45:00-04:00,2026-08-26,09:45,15604,Giant Wheel,Family Rides,false,0
2026-08-26T13:45:00Z,2026-08-26T09:45:00-04:00,2026-08-26,09:45,3236,HARLEY QUINN™ Crazy Train,Family Rides,false,0
2026-08-26T13:45:00Z,2026-08-26T09:45:00-04:00,2026-08-26,09:45,3249,Houdini’s Great Escape,Family Rides,false,0
2026-08-26T13:45:00Z,2026-08-26T09:45:00-04:00,2026-08-26,09:45,17427,Hypno Twister,Family Rides,false,0
2026-08-26T13:45:00Z,2026-08-26T09:45:00-04:00,2026-08-26,09:45,3250,Jolly Roger,Family Rides,false,0
2026-08-26T13:45:00Z,2026-08-26T09:45:00-04:00,2026-08-26,09:45,15829,Roaring Rapids,Family Rides,false,0
2026-08-26T13:45:00Z,2026-08-26T09:45:00-04:00,2026-08-26,09:45,15727,Scrambler,Family Rides,false,0
2026-08-26T13:45:00Z,2026-08-26T09:45:00-04:00,2026-08-26,09:45,3268,Tango,Family Rides,false,0
2026-08-26T13:45:00Z,2026-08-26T09:45:00-04:00,2026-08-26,09:45,17428,Wave Swinger,Family Rides,false,0
2026-08-26T13:45:00Z,2026-08-26T09:45:00-04:00,2026-08-26,09:45,3232,Air Safari,Kids' Rides,false,0
2026-08-26T13:45:00Z,2026-08-26T09:45:00-04:00,2026-08-26,09:45,10461,Barnstormer,Kids' Rides,false,0
2026-08-26T13:45:00Z,2026-08-26T09:45:00-04:00,2026-08-26,09:45,3275,Bugaboo,Kids' Rides,false,0
2026-08-26T13:45:00Z,2026-08-26T09:45:00-04:00,2026-08-26,09:45,3277,Bugs Bunny Camp Carousel,Kids' Rides,false,0
2026-08-26T13:45:00Z,2026-08-26T09:45:00-04:00,2026-08-26,09:45,3279,Bugs Bunny Ranger Pilots,Kids' Rides,false,0
2026-08-26T13:45:00Z,2026-08-26T09:45:00-04:00,2026-08-26,09:45,3240,Daffy Duck Hot Air Balloons,Kids' Rides,false,0
2026-08-26T13:45:00Z,2026-08-26T09:45:00-04:00,2026-08-26,09:45,10077,Lil' Devil Coaster,Kids' Rides,false,0
2026-08-26T13:45:00Z,2026-08-26T09:45:00-04:00,2026-08-26,09:45,15617,Porky Pig Camp Wagons,Kids' Rides,false,0
2026-08-26T13:45:00Z,2026-08-26T09:45:00-04:00,2026-08-26,09:45,3257,Raja’s Rickshaws,Kids' Rides,false,0
2026-08-26T13:45:00Z,2026-08-26T09:45:00-04:00,2026-08-26,09:45,3274,Safari Off-Road Adventure,Kids' Rides,false,0
2026-08-26T13:45:00Z,2026-08-26T09:45:00-04:00,2026-08-26,09:45,3283,Saw Mill Log Flume,Kids' Rides,false,0
2026-08-26T13:45:00Z,2026-08-26T09:45:00-04:00,2026-08-26,09:45,3281,Sky Zooma,Kids' Rides,false,0
2026-08-26T13:45:00Z,2026-08-26T09:45:00-04:00,2026-08-26,09:45,15789,Storm Chaser,Kids' Rides,false,0
2026-08-26T13:45:00Z,2026-08-26T09:45:00-04:00,2026-08-26,09:45,3267,Super Round Up,Kids' Rides,false,0
2026-08-26T13:45:00Z,2026-08-26T09:45:00-04:00,2026-08-26,09:45,15594,Tree Top Hopper,Kids' Rides,false,0
2026-08-26T13:45:00Z,2026-08-26T09:45:00-04:00,2026-08-26,09:45,3233,BATMAN™ The Ride,Thrill Rides,false,0
2026-08-26T13:45:00Z,2026-08-26T09:45:00-04:00,2026-08-26,09:45,3243,El Toro,Thrill Rides,false,0
2026-08-26T13:45:00Z,2026-08-26T09:45:00-04:00,2026-08-26,09:45,8539,Jersey Devil Coaster,Thrill Rides,false,0
2026-08-26T13:45:00Z,2026-08-26T09:45:00-04:00,2026-08-26,09:45,3916,JUSTICE LEAGUE™: Battle for METROPOLIS,Thrill Rides,false,0
2026-08-26T13:45:00Z,2026-08-26T09:45:00-04:00,2026-08-26,09:45,10533,Medusa,Thrill Rides,false,0
2026-08-26T13:45:00Z,2026-08-26T09:45:00-04:00,2026-08-26,09:45,3253,Nitro,Thrill Rides,false,0
2026-08-26T13:45:00Z,2026-08-26T09:45:00-04:00,2026-08-26,09:45,3261,Runaway Train,Thrill Rides,false,0
2026-08-26T13:45:00Z,2026-08-26T09:45:00-04:00,2026-08-26,09:45,3262,Skull Mountain,Thrill Rides,false,0
2026-08-26T13:45:00Z,2026-08-26T09:45:00-04:00,2026-08-26,09:45,3263,SkyScreamer,Thrill Rides,false,0
2026-08-26T13:45:00Z,2026-08-26T09:45:00-04:00,2026-08-26,09:45,3282,Slingshot,Thrill Rides,false,0
2026-08-26T13:45:00Z,2026-08-26T09:45:00-04:00,2026-08-26,09:45,3266,SUPERMAN™: Ultimate Flight,Thrill Rides,false,0
2026-08-26T13:45:00Z,2026-08-26T09:45:00-04:00,2026-08-26,09:45,3271,THE DARK KNIGHT™ Coaster,Thrill Rides,false,0
2026-08-26T13:45:00Z,2026-08-26T09:45:00-04:00,2026-08-26,09:45,14537,THE FLASH™: Vertical Velocity,Thrill Rides,false,0
2026-08-26T13:45:00Z,2026-08-26T09:45:00-04:00,2026-08-26,09:45,3288,THE JOKER™,Thrill Rides,false,0
2026-08-26T13:45:00Z,2026-08-26T09:45:00-04:00,2026-08-26,09:45,3273,Wile E. Coyote Canyon Blaster,Thrill Rides,false,0
2026-08-26T13:45:00Z,2026-08-26T09:45:00-04:00,2026-08-26,09:45,6371,WONDER WOMAN™ Lasso of Truth,Thrill Rides,false,0
2026-08-26T13:50:00Z,2026-08-26T09:50:00-04:00,2026-08-26,09:50,3231,Air Jumbo,Family Rides,false,0
2026-08-26T13:50:00Z,2026-08-26T09:50:00-04:00,2026-08-26,09:50,17425,Barrels O’ Fun,Family Rides,false,0
2026-08-26T13:50:00Z,2026-08-26T09:50:00-04:00,2026-08-26,09:50,3270,Buccaneer,Family Rides,false,0
2026-08-26T13:50:00Z,2026-08-26T09:50:00-04:00,2026-08-26,09:50,3237,Carousel,Family Rides,false,0
2026-08-26T13:50:00Z,2026-08-26T09:50:00-04:00,2026-08-26,09:50,3244,Enchanted Teacups,Family Rides,false,0
2026-08-26T13:50:00Z,2026-08-26T09:50:00-04:00,2026-08-26,09:50,3245,Fender Benders,Family Rides,false,0
2026-08-26T13:50:00Z,2026-08-26T09:50:00-04:00,2026-08-26,09:50,17426,Flying Scooters,Family Rides,false,0
2026-08-26T13:50:00Z,2026-08-26T09:50:00-04:00,2026-08-26,09:50,15604,Giant Wheel,Family Rides,false,0
2026-08-26T13:50:00Z,2026-08-26T09:50:00-04:00,2026-08-26,09:50,3236,HARLEY QUINN™ Crazy Train,Family Rides,false,0
2026-08-26T13:50:00Z,2026-08-26T09:50:00-04:00,2026-08-26,09:50,3249,Houdini’s Great Escape,Family Rides,false,0
2026-08-26T13:50:00Z,2026-08-26T09:50:00-04:00,2026-08-26,09:50,17427,Hypno Twister,Family Rides,false,0
2026-08-26T13:50:00Z,2026-08-26T09:50:00-04:00,2026-08-26,09:50,3250,Jolly Roger,Family Rides,false,0
2026-08-26T13:50:00Z,2026-08-26T09:50:00-04:00,2026-08-26,09:50,15829,Roaring Rapids,Family Rides,false,0
2026-08-26T13:50:00Z,2026-08-26T09:50:00-04:00,2026-08-26,09:50,15727,Scrambler,Family Rides,false,0
2026-08-26T13:50:00Z,2026-08-26T09:50:00-04:00,2026-08-26,09:50,3268,Tango,Family Rides,false,0
2026-08-26T13:50:00Z,2026-08-26T09:50:00-04:00,2026-08-26,09:50,17428,Wave Swinger,Family Rides,false,0
2026-08-26T13:50:00Z,2026-08-26T09:50:00-04:00,2026-08-26,09:50,3232,Air Safari,Kids' Rides,false,0
2026-08-26T13:50:00Z,2026-08-26T09:50:00-04:00,2026-08-26,09:50,10461,Barnstormer,Kids' Rides,false,0
2026-08-26T13:50:00Z,2026-08-26T09:50:00-04:00,2026-08-26,09:50,3275,Bugaboo,Kids' Rides,false,0
2026-08-26T13:50:00Z,2026-08-26T09:50:00-04:00,2026-08-26,09:50,3277,Bugs Bunny Camp Carousel,Kids' Rides,false,0
2026-08-26T13:50:00Z,2026-08-26T09:50:00-04:00,2026-08-26,09:50,3279,Bugs Bunny Ranger Pilots,Kids' Rides,false,0
2026-08-26T13:50:00Z,2026-08-26T09:50:00-04:00,2026-08-26,09:50,3240,Daffy Duck Hot Air Balloons,Kids' Rides,false,0
2026-08-26T13:50:00Z,2026-08-26T09:50:00-04:00,2026-08-26,09:50,10077,Lil' Devil Coaster,Kids' Rides,false,0
2026-08-26T13:50:00Z,2026-08-26T09:50:00-04:00,2026-08-26,09:50,15617,Porky Pig Camp Wagons,Kids' Rides,false,0
2026-08-26T13:50:00Z,2026-08-26T09:50:00-04:00,2026-08-26,09:50,3257,Raja’s Rickshaws,Kids' Rides,false,0
2026-08-26T13:50:00Z,2026-08-26T09:50:00-04:00,2026-08-26,09:50,3274,Safari Off-Road Adventure,Kids' Rides,false,0
2026-08-26T13:50:00Z,2026-08-26T09:50:00-04:00,2026-08-26,09:50,3283,Saw Mill Log Flume,Kids' Rides,false,0
2026-08-26T13:50:00Z,2026-08-26T09:50:00-04:00,2026-08-26,09:50,3281,Sky Zooma,Kids' Rides,false,0
2026-08-26T13:50:00Z,2026-08-26T09:50:00-04:00,2026-08-26,09:50,15789,Storm Chaser,Kids' Rides,false,0
2026-08-26T13:50:00Z,2026-08-26T09:50:00-04:00,2026-08-26,09:50,3267,Super Round Up,Kids' Rides,false,0
2026-08-26T13:50:00Z,2026-08-26T09:50:00-04:00,2026-08-26,09:50,15594,Tree Top Hopper,Kids' Rides,false,0
2026-08-26T13:50:00Z,2026-08-26T09:50:00-04:00,2026-08-26,09:50,3233,BATMAN™ The Ride,Thrill Rides,false,0
2026-08-26T13:50:00Z,2026-08-26T09:50:00-04:00,2026-08-26,09:50,3243,El Toro,Thrill Rides,false,0
2026-08-26T13:50:00Z,2026-08-26T09:50:00-04:00,2026-08-26,09:50,8539,Jersey Devil Coaster,Thrill Rides,false,0
2026-08-26T13:50:00Z,2026-08-26T09:50:00-04:00,2026-08-26,09:50,3916,JUSTICE LEAGUE™: Battle for METROPOLIS,Thrill Rides,false,0
2026-08-26T13:50:00Z,2026-08-26T09:50:00-04:00,2026-08-26,09:50,10533,Medusa,Thrill Rides,false,0
2026-08-26T13:50:00Z,2026-08-26T09:50:00-04:00,2026-08-26,09:50,3253,Nitro,Thrill Rides,false,0
2026-08-26T13:50:00Z,2026-08-26T09:50:00-04:00,2026-08-26,09:50,3261,Runaway Train,Thrill Rides,false,0
2026-08-26T13:50:00Z,2026-08-26T09:50:00-04:00,2026-08-26,09:50,3262,Skull Mountain,Thrill Rides,false,0
2026-08-26T13:50:00Z,2026-08-26T09:50:00-04:00,2026-08-26,09:50,3263,SkyScreamer,Thrill Rides,false,0
2026-08-26T13:50:00Z,2026-08-26T09:50:00-04:00,2026-08-26,09:50,3282,Slingshot,Thrill Rides,false,0
2026-08-26T13:50:00Z,2026-08-26T09:50:00-04:00,2026-08-26,09:50,3266,SUPERMAN™: Ultimate Flight,Thrill Rides,false,0
2026-08-26T13:50:00Z,2026-08-26T09:50:00-04:00,2026-08-26,09:50,3271,THE DARK KNIGHT™ Coaster,Thrill Rides,false,0
2026-08-26T13:50:00Z,2026-08-26T09:50:00-04:00,2026-08-26,09:50,14537,THE FLASH™: Vertical Velocity,Thrill Rides,false,0
2026-08-26T13:50:00Z,2026-08-26T09:50:00-04:00,2026-08-26,09:50,3288,THE JOKER™,Thrill Rides,false,0
2026-08-26T13:50:00Z,2026-08-26T09:50:00-04:00,2026-08-26,09:50,3273,Wile E. Coyote Canyon Blaster,Thrill Rides,false,0
2026-08-26T13:50:00Z,2026-08-26T09:50:00-04:00,2026-08-26,09:50,6371,WONDER WOMAN™ Lasso of Truth,Thrill Rides,false,0
2026-08-26T13:55:00Z,2026-08-26T09:55:00-04:00,2026-08-26,09:55,3231,Air Jumbo,Family Rides,false,0
2026-08-26T13:55:00Z,2026-08-26T09:55:00-04:00,2026-08-26,09:55,17425,Barrels O’ Fun,Family Rides,false,0
2026-08-26T13:55:00Z,2026-08-26T09:55:00-04:00,2026-08-26,09:55,3270,Buccaneer,Family Rides,false,0
2026-08-26T13:55:00Z,2026-08-26T09:55:00-04:00,2026-08-26,09:55,3237,Carousel,Family Rides,false,0
2026-08-26T13:55:00Z,2026-08-26T09:55:00-04:00,2026-08-26,09:55,3244,Enchanted Teacups,Family Rides,false,0
2026-08-26T13:55:00Z,2026-08-26T09:55:00-04:00,2026-08-26,09:55,3245,Fender Benders,Family Rides,false,0
2026-08-26T13:55:00Z,2026-08-26T09:55:00-04:00,2026-08-26,09:55,17426,Flying Scooters,Family Rides,false,0
2026-08-26T13:55:00Z,2026-08-26T09:55:00-04:00,2026-08-26,09:55,15604,Giant Wheel,Family Rides,false,0
2026-08-26T13:55:00Z,2026-08-26T09:55:00-04:00,2026-08-26,09:55,3236,HARLEY QUINN™ Crazy Train,Family Rides,false,0
2026-08-26T13:55:00Z,2026-08-26T09:55:00-04:00,2026-08-26,09:55,3249,Houdini’s Great Escape,Family Rides,false,0
2026-08-26T13:55:00Z,2026-08-26T09:55:00-04:00,2026-08-26,09:55,17427,Hypno Twister,Family Rides,false,0
2026-08-26T13:55:00Z,2026-08-26T09:55:00-04:00,2026-08-26,09:55,3250,Jolly Roger,Family Rides,false,0
2026-08-26T13:55:00Z,2026-08-26T09:55:00-04:00,2026-08-26,09:55,15829,Roaring Rapids,Family Rides,false,0
2026-08-26T13:55:00Z,2026-08-26T09:55:00-04:00,2026-08-26,09:55,15727,Scrambler,Family Rides,false,0
2026-08-26T13:55:00Z,2026-08-26T09:55:00-04:00,2026-08-26,09:55,3268,Tango,Family Rides,false,0
2026-08-26T13:55:00Z,2026-08-26T09:55:00-04:00,2026-08-26,09:55,17428,Wave Swinger,Family Rides,false,0
2026-08-26T13:55:00Z,2026-08-26T09:55:00-04:00,2026-08-26,09:55,3232,Air Safari,Kids' Rides,false,0
2026-08-26T13:55:00Z,2026-08-26T09:55:00-04:00,2026-08-26,09:55,10461,Barnstormer,Kids' Rides,false,0
2026-08-26T13:55:00Z,2026-08-26T09:55:00-04:00,2026-08-26,09:55,3275,Bugaboo,Kids' Rides,false,0
2026-08-26T13:55:00Z,2026-08-26T09:55:00-04:00,2026-08-26,09:55,3277,Bugs Bunny Camp Carousel,Kids' Rides,false,0
2026-08-26T13:55:00Z,2026-08-26T09:55:00-04:00,2026-08-26,09:55,3279,Bugs Bunny Ranger Pilots,Kids' Rides,false,0
2026-08-26T13:55:00Z,2026-08-26T09:55:00-04:00,2026-08-26,09:55,3240,Daffy Duck Hot Air Balloons,Kids' Rides,false,0
2026-08-26T13:55:00Z,2026-08-26T09:55:00-04:00,2026-08-26,09:55,10077,Lil' Devil Coaster,Kids' Rides,false,0
2026-08-26T13:55:00Z,2026-08-26T09:55:00-04:00,2026-08-26,09:55,15617,Porky Pig Camp Wagons,Kids' Rides,false,0
2026-08-26T13:55:00Z,2026-08-26T09:55:00-04:00,2026-08-26,09:55,3257,Raja’s Rickshaws,Kids' Rides,false,0
2026-08-26T13:55:00Z,2026-08-26T09:55:00-04:00,2026-08-26,09:55,3274,Safari Off-Road Adventure,Kids' Rides,false,0
2026-08-26T13:55:00Z,2026-08-26T09:55:00-04:00,2026-08-26,09:55,3283,Saw Mill Log Flume,Kids' Rides,false,0
2026-08-26T13:55:00Z,2026-08-26T09:55:00-04:00,2026-08-26,09:55,3281,Sky Zooma,Kids' Rides,false,0
2026-08-26T13:55:00Z,2026-08-26T09:55:00-04:00,2026-08-26,09:55,15789,Storm Chaser,Kids' Rides,false,0
2026-08-26T13:55:00Z,2026-08-26T09:55:00-04:00,2026-08-26,09:55,3267,Super Round Up,Kids' Rides,false,0
2026-08-26T13:55:00Z,2026-08-26T09:55:00-04:00,2026-08-26,09:55,15594,Tree Top Hopper,Kids' Rides,false,0
2026-08-26T13:55:00Z,2026-08-26T09:55:00-04:00,2026-08-26,09:55,3233,BATMAN™ The Ride,Thrill Rides,false,0
2026-08-26T13:55:00Z,2026-08-26T09:55:00-04:00,2026-08-26,09:55,3243,El Toro,Thrill Rides,false,0
2026-08-26T13:55:00Z,2026-08-26T09:55:00-04:00,2026-08-26,09:55,8539,Jersey Devil Coaster,Thrill Rides,false,0
2026-08-26T13:55:00Z,2026-08-26T09:55:00-04:00,2026-08-26,09:55,3916,JUSTICE LEAGUE™: Battle for METROPOLIS,Thrill Rides,false,0
2026-08-26T13:55:00Z,2026-08-26T09:55:00-04:00,2026-08-26,09:55,10533,Medusa,Thrill Rides,false,0
2026-08-26T13:55:00Z,2026-08-26T09:55:00-04:00,2026-08-26,09:55,3253,Nitro,Thrill Rides,false,0
2026-08-26T13:55:00Z,2026-08-26T09:55:00-04:00,2026-08-26,09:55,3261,Runaway Train,Thrill Rides,false,0
2026-08-26T13:55:00Z,2026-08-26T09:55:00-04:00,2026-08-26,09:55,3262,Skull Mountain,Thrill Rides,false,0
2026-08-26T13:55:00Z,2026-08-26T09:55:00-04:00,2026-08-26,09:55,3263,SkyScreamer,Thrill Rides,false,0
2026-08-26T13:55:00Z,2026-08-26T09:55:00-04:00,2026-08-26,09:55,3282,Slingshot,Thrill Rides,false,0
2026-08-26T13:55:00Z,2026-08-26T09:55:00-04:00,2026-08-26,09:55,3266,SUPERMAN™: Ultimate Flight,Thrill Rides,false,0
2026-08-26T13:55:00Z,2026-08-26T09:55:00-04:00,2026-08-26,09:55,3271,THE DARK KNIGHT™ Coaster,Thrill Rides,false,0
2026-08-26T13:55:00Z,2026-08-26T09:55:00-04:00,2026-08-26,09:55,14537,THE FLASH™: Vertical Velocity,Thrill Rides,false,0
2026-08-26T13:55:00Z,2026-08-26T09:55:00-04:00,2026-08-26,09:55,3288,THE JOKER™,Thrill Rides,false,0
2026-08-26T13:55:00Z,2026-08-26T09:55:00-04:00,2026-08-26,09:55,3273,Wile E. Coyote Canyon Blaster,Thrill Rides,false,0
2026-08-26T13:55:00Z,2026-08-26T09:55:00-04:00,2026-08-26,09:55,6371,WONDER WOMAN™ Lasso of Truth,Thrill Rides,false,0
2026-08-26T14:00:00Z,2026-08-26T10:00:00-04:00,2026-08-26,10:00,3231,Air Jumbo,Family Rides,false,0
2026-08-26T14:00:00Z,2026-08-26T10:00:00-04:00,2026-08-26,10:00,17425,Barrels O’ Fun,Family Rides,false,0
2026-08-26T14:00:00Z,2026-08-26T10:00:00-04:00,2026-08-26,10:00,3270,Buccaneer,Family Rides,false,0
2026-08-26T14:00:00Z,2026-08-26T10:00:00-04:00,2026-08-26,10:00,3237,Carousel,Family Rides,false,0
2026-08-26T14:00:00Z,2026-08-26T10:00:00-04:00,2026-08-26,10:00,3244,Enchanted Teacups,Family Rides,false,0
2026-08-26T14:00:00Z,2026-08-26T10:00:00-04:00,2026-08-26,10:00,3245,Fender Benders,Family Rides,false,0
2026-08-26T14:00:00Z,2026-08-26T10:00:00-04:00,2026-08-26,10:00,17426,Flying Scooters,Family Rides,false,0
2026-08-26T14:00:00Z,2026-08-26T10:00:00-04:00,2026-08-26,10:00,15604,Giant Wheel,Family Rides,false,0
2026-08-26T14:00:00Z,2026-08-26T10:00:00-04:00,2026-08-26,10:00,3236,HARLEY QUINN™ Crazy Train,Family Rides,false,0
2026-08-26T14:00:00Z,2026-08-26T10:00:00-04:00,2026-08-26,10:00,3249,Houdini’s Great Escape,Family Rides,false,0
2026-08-26T14:00:00Z,2026-08-26T10:00:00-04:00,2026-08-26,10:00,17427,Hypno Twister,Family Rides,false,0
2026-08-26T14:00:00Z,2026-08-26T10:00:00-04:00,2026-08-26,10:00,3250,Jolly Roger,Family Rides,false,0
2026-08-26T14:00:00Z,2026-08-26T10:00:00-04:00,2026-08-26,10:00,15829,Roaring Rapids,Family Rides,false,0
2026-08-26T14:00:00Z,2026-08-26T10:00:00-04:00,2026-08-26,10:00,15727,Scrambler,Family Rides,false,0
2026-08-26T14:00:00Z,2026-08-26T10:00:00-04:00,2026-08-26,10:00,3268,Tango,Family Rides,false,0
2026-08-26T14:00:00Z,2026-08-26T10:00:00-04:00,2026-08-26,10:00,17428,Wave Swinger,Family Rides,false,0
2026-08-26T14:00:00Z,2026-08-26T10:00:00-04:00,2026-08-26,10:00,3232,Air Safari,Kids' Rides,false,0
2026-08-26T14:00:00Z,2026-08-26T10:00:00-04:00,2026-08-26,10:00,10461,Barnstormer,Kids' Rides,false,0
2026-08-26T14:00:00Z,2026-08-26T10:00:00-04:00,2026-08-26,10:00,3275,Bugaboo,Kids' Rides,false,0
2026-08-26T14:00:00Z,2026-08-26T10:00:00-04:00,2026-08-26,10:00,3277,Bugs Bunny Camp Carousel,Kids' Rides,false,0
2026-08-26T14:00:00Z,2026-08-26T10:00:00-04:00,2026-08-26,10:00,3279,Bugs Bunny Ranger Pilots,Kids' Rides,false,0
2026-08-26T14:00:00Z,2026-08-26T10:00:00-04:00,2026-08-26,10:00,3240,Daffy Duck Hot Air Balloons,Kids' Rides,false,0
2026-08-26T14:00:00Z,2026-08-26T10:00:00-04:00,2026-08-26,10:00,10077,Lil' Devil Coaster,Kids' Rides,false,0
2026-08-26T14:00:00Z,2026-08-26T10:00:00-04:00,2026-08-26,10:00,15617,Porky Pig Camp Wagons,Kids' Rides,false,0
2026-08-26T14:00:00Z,2026-08-26T10:00:00-04:00,2026-08-26,10:00,3257,Raja’s Rickshaws,Kids' Rides,false,0
2026-08-26T14:00:00Z,2026-08-26T10:00:00-04:00,2026-08-26,10:00,3274,Safari Off-Road Adventure,Kids' Rides,false,0
2026-08-26T14:00:00Z,2026-08-26T10:00:00-04:00,2026-08-26,10:00,3283,Saw Mill Log Flume,Kids' Rides,false,0
2026-08-26T14:00:00Z,2026-08-26T10:00:00-04:00,2026-08-26,10:00,3281,Sky Zooma,Kids' Rides,false,0
2026-08-26T14:00:00Z,2026-08-26T10:00:00-04:00,2026-08-26,10:00,15789,Storm Chaser,Kids' Rides,false,0
2026-08-26T14:00:00Z,2026-08-26T10:00:00-04:00,2026-08-26,10:00,3267,Super Round Up,Kids' Rides,false,0
2026-08-26T14:00:00Z,2026-08-26T10:00:00-04:00,2026-08-26,10:00,15594,Tree Top Hopper,Kids' Rides,false,0
2026-08-26T14:00:00Z,2026-08-26T10:00:00-04:00,2026-08-26,10:00,3233,BATMAN™ The Ride,Thrill Rides,false,0
2026-08-26T14:00:00Z,2026-08-26T10:00:00-04:00,2026-08-26,10:00,3243,El Toro,Thrill Rides,false,0
2026-08-26T14:00:00Z,2026-08-26T10:00:00-04:00,2026-08-26,10:00,8539,Jersey Devil Coaster,Thrill Rides,false,0
2026-08-26T14:00:00Z,2026-08-26T10:00:00-04:00,2026-08-26,10:00,3916,JUSTICE LEAGUE™: Battle for METROPOLIS,Thrill Rides,false,0
2026-08-26T14:00:00Z,2026-08-26T10:00:00-04:00,2026-08-26,10:00,10533,Medusa,Thrill Rides,false,0
2026-08-26T14:00:00Z,2026-08-26T10:00:00-04:00,2026-08-26,10:00,3253,Nitro,Thrill Rides,false,0
2026-08-26T14:00:00Z,2026-08-26T10:00:00-04:00,2026-08-26,10:00,3261,Runaway Train,Thrill Rides,false,0
2026-08-26T14:00:00Z,2026-08-26T10:00:00-04:00,2026-08-26,10:00,3262,Skull Mountain,Thrill Rides,false,0
2026-08-26T14:00:00Z,2026-08-26T10:00:00-04:00,2026-08-26,10:00,3263,SkyScreamer,Thrill Rides,false,0
2026-08-26T14:00:00Z,2026-08-26T10:00:00-04:00,2026-08-26,10:00,3282,Slingshot,Thrill Rides,false,0
2026-08-26T14:00:00Z,2026-08-26T10:00:00-04:00,2026-08-26,10:00,3266,SUPERMAN™: Ultimate Flight,Thrill Rides,false,0
2026-08-26T14:00:00Z,2026-08-26T10:00:00-04:00,2026-08-26,10:00,3271,THE DARK KNIGHT™ Coaster,Thrill Rides,false,0
2026-08-26T14:00:00Z,2026-08-26T10:00:00-04:00,2026-08-26,10:00,14537,THE FLASH™: Vertical Velocity,Thrill Rides,false,0
2026-08-26T14:00:00Z,2026-08-26T10:00:00-04:00,2026-08-26,10:00,3288,THE JOKER™,Thrill Rides,false,0
2026-08-26T14:00:00Z,2026-08-26T10:00:00-04:00,2026-08-26,10:00,3273,Wile E. Coyote Canyon Blaster,Thrill Rides,false,0
2026-08-26T14:00:00Z,2026-08-26T10:00:00-04:00,2026-08-26,10:00,6371,WONDER WOMAN™ Lasso of Truth,Thrill Rides,false,0
2026-08-26T14:05:00Z,2026-08-26T10:05:00-04:00,2026-08-26,10:05,3231,Air Jumbo,Family Rides,false,0
2026-08-26T14:05:00Z,2026-08-26T10:05:00-04:00,2026-08-26,10:05,17425,Barrels O’ Fun,Family Rides,false,0
2026-08-26T14:05:00Z,2026-08-26T10:05:00-04:00,2026-08-26,10:05,3270,Buccaneer,Family Rides,false,0
2026-08-26T14:05:00Z,2026-08-26T10:05:00-04:00,2026-08-26,10:05,3237,Carousel,Family Rides,false,0
2026-08-26T14:05:00Z,2026-08-26T10:05:00-04:00,2026-08-26,10:05,3244,Enchanted Teacups,Family Rides,false,0
2026-08-26T14:05:00Z,2026-08-26T10:05:00-04:00,2026-08-26,10:05,3245,Fender Benders,Family Rides,false,0
2026-08-26T14:05:00Z,2026-08-26T10:05:00-04:00,2026-08-26,10:05,17426,Flying Scooters,Family Rides,false,0
2026-08-26T14:05:00Z,2026-08-26T10:05:00-04:00,2026-08-26,10:05,15604,Giant Wheel,Family Rides,false,0
2026-08-26T14:05:00Z,2026-08-26T10:05:00-04:00,2026-08-26,10:05,3236,HARLEY QUINN™ Crazy Train,Family Rides,false,0
2026-08-26T14:05:00Z,2026-08-26T10:05:00-04:00,2026-08-26,10:05,3249,Houdini’s Great Escape,Family Rides,false,0
2026-08-26T14:05:00Z,2026-08-26T10:05:00-04:00,2026-08-26,10:05,17427,Hypno Twister,Family Rides,false,0
2026-08-26T14:05:00Z,2026-08-26T10:05:00-04:00,2026-08-26,10:05,3250,Jolly Roger,Family Rides,false,0
2026-08-26T14:05:00Z,2026-08-26T10:05:00-04:00,2026-08-26,10:05,15829,Roaring Rapids,Family Rides,false,0
2026-08-26T14:05:00Z,2026-08-26T10:05:00-04:00,2026-08-26,10:05,15727,Scrambler,Family Rides,false,0
2026-08-26T14:05:00Z,2026-08-26T10:05:00-04:00,2026-08-26,10:05,3268,Tango,Family Rides,false,0
2026-08-26T14:05:00Z,2026-08-26T10:05:00-04:00,2026-08-26,10:05,17428,Wave Swinger,Family Rides,false,0
2026-08-26T14:05:00Z,2026-08-26T10:05:00-04:00,2026-08-26,10:05,3232,Air Safari,Kids' Rides,false,0
2026-08-26T14:05:00Z,2026-08-26T10:05:00-04:00,2026-08-26,10:05,10461,Barnstormer,Kids' Rides,false,0
2026-08-26T14:05:00Z,2026-08-26T10:05:00-04:00,2026-08-26,10:05,3275,Bugaboo,Kids' Rides,false,0
2026-08-26T14:05:00Z,2026-08-26T10:05:00-04:00,2026-08-26,10:05,3277,Bugs Bunny Camp Carousel,Kids' Rides,false,0
2026-08-26T14:05:00Z,2026-08-26T10:05:00-04:00,2026-08-26,10:05,3279,Bugs Bunny Ranger Pilots,Kids' Rides,false,0
2026-08-26T14:05:00Z,2026-08-26T10:05:00-04:00,2026-08-26,10:05,3240,Daffy Duck Hot Air Balloons,Kids' Rides,false,0
2026-08-26T14:05:00Z,2026-08-26T10:05:00-04:00,2026-08-26,10:05,10077,Lil' Devil Coaster,Kids' Rides,false,0
2026-08-26T14:05:00Z,2026-08-26T10:05:00-04:00,2026-08-26,10:05,15617,Porky Pig Camp Wagons,Kids' Rides,false,0
2026-08-26T14:05:00Z,2026-08-26T10:05:00-04:00,2026-08-26,10:05,3257,Raja’s Rickshaws,Kids' Rides,false,0
2026-08-26T14:05:00Z,2026-08-26T10:05:00-04:00,2026-08-26,10:05,3274,Safari Off-Road Adventure,Kids' Rides,false,0
2026-08-26T14:05:00Z,2026-08-26T10:05:00-04:00,2026-08-26,10:05,3283,Saw Mill Log Flume,Kids' Rides,false,0
2026-08-26T14:05:00Z,2026-08-26T10:05:00-04:00,2026-08-26,10:05,3281,Sky Zooma,Kids' Rides,false,0
2026-08-26T14:05:00Z,2026-08-26T10:05:00-04:00,2026-08-26,10:05,15789,Storm Chaser,Kids' Rides,false,0
2026-08-26T14:05:00Z,2026-08-26T10:05:00-04:00,2026-08-26,10:05,3267,Super Round Up,Kids' Rides,false,0
2026-08-26T14:05:00Z,2026-08-26T10:05:00-04:00,2026-08-26,10:05,15594,Tree Top Hopper,Kids' Rides,false,0
2026-08-26T14:05:00Z,2026-08-26T10:05:00-04:00,2026-08-26,10:05,3233,BATMAN™ The Ride,Thrill Rides,false,0
2026-08-26T14:05:00Z,2026-08-26T10:05:00-04:00,2026-08-26,10:05,3243,El Toro,Thrill Rides,false,0
2026-08-26T14:05:00Z,2026-08-26T10:05:00-04:00,2026-08-26,10:05,8539,Jersey Devil Coaster,Thrill Rides,false,0
2026-08-26T14:05:00Z,2026-08-26T10:05:00-04:00,2026-08-26,10:05,3916,JUSTICE LEAGUE™: Battle for METROPOLIS,Thrill Rides,false,0
2026-08-26T14:05:00Z,2026-08-26T10:05:00-04:00,2026-08-26,10:05,10533,Medusa,Thrill Rides,false,0
2026-08-26T14:05:00Z,2026-08-26T10:05:00-04:00,2026-08-26,10:05,3253,Nitro,Thrill Rides,false,0
2026-08-26T14:05:00Z,2026-08-26T10:05:00-04:00,2026-08-26,10:05,3261,Runaway Train,Thrill Rides,false,0
2026-08-26T14:05:00Z,2026-08-26T10:05:00-04:00,2026-08-26,10:05,3262,Skull Mountain,Thrill Rides,false,0
2026-08-26T14:05:00Z,2026-08-26T10:05:00-04:00,2026-08-26,10:05,3263,SkyScreamer,Thrill Rides,false,0
2026-08-26T14:05:00Z,2026-08-26T10:05:00-04:00,2026-08-26,10:05,3282,Slingshot,Thrill Rides,false,0
2026-08-26T14:05:00Z,2026-08-26T10:05:00-04:00,2026-08-26,10:05,3266,SUPERMAN™: Ultimate Flight,Thrill Rides,false,0
2026-08-26T14:05:00Z,2026-08-26T10:05:00-04:00,2026-08-26,10:05,3271,THE DARK KNIGHT™ Coaster,Thrill Rides,false,0
2026-08-26T14:05:00Z,2026-08-26T10:05:00-04:00,2026-08-26,10:05,14537,THE FLASH™: Vertical Velocity,Thrill Rides,false,0
2026-08-26T14:05:00Z,2026-08-26T10:05:00-04:00,2026-08-26,10:05,3288,THE JOKER™,Thrill Rides,false,0
2026-08-26T14:05:00Z,2026-08-26T10:05:00-04:00,2026-08-26,10:05,3273,Wile E. Coyote Canyon Blaster,Thrill Rides,false,0
2026-08-26T14:05:00Z,2026-08-26T10:05:00-04:00,2026-08-26,10:05,6371,WONDER WOMAN™ Lasso of Truth,Thrill Rides,false,0
2026-08-26T14:10:00Z,2026-08-26T10:10:00-04:00,2026-08-26,10:10,3231,Air Jumbo,Family Rides,false,0
2026-08-26T14:10:00Z,2026-08-26T10:10:00-04:00,2026-08-26,10:10,17425,Barrels O’ Fun,Family Rides,false,0
2026-08-26T14:10:00Z,2026-08-26T10:10:00-04:00,2026-08-26,10:10,3270,Buccaneer,Family Rides,false,0
2026-08-26T14:10:00Z,2026-08-26T10:10:00-04:00,2026-08-26,10:10,3237,Carousel,Family Rides,false,0
2026-08-26T14:10:00Z,2026-08-26T10:10:00-04:00,2026-08-26,10:10,3244,Enchanted Teacups,Family Rides,false,0
2026-08-26T14:10:00Z,2026-08-26T10:10:00-04:00,2026-08-26,10:10,3245,Fender Benders,Family Rides,false,0
2026-08-26T14:10:00Z,2026-08-26T10:10:00-04:00,2026-08-26,10:10,17426,Flying Scooters,Family Rides,false,0
2026-08-26T14:10:00Z,2026-08-26T10:10:00-04:00,2026-08-26,10:10,15604,Giant Wheel,Family Rides,false,0
2026-08-26T14:10:00Z,2026-08-26T10:10:00-04:00,2026-08-26,10:10,3236,HARLEY QUINN™ Crazy Train,Family Rides,false,0
2026-08-26T14:10:00Z,2026-08-26T10:10:00-04:00,2026-08-26,10:10,3249,Houdini’s Great Escape,Family Rides,false,0
2026-08-26T14:10:00Z,2026-08-26T10:10:00-04:00,2026-08-26,10:10,17427,Hypno Twister,Family Rides,false,0
2026-08-26T14:10:00Z,2026-08-26T10:10:00-04:00,2026-08-26,10:10,3250,Jolly Roger,Family Rides,false,0
2026-08-26T14:10:00Z,2026-08-26T10:10:00-04:00,2026-08-26,10:10,15829,Roaring Rapids,Family Rides,false,0
2026-08-26T14:10:00Z,2026-08-26T10:10:00-04:00,2026-08-26,10:10,15727,Scrambler,Family Rides,false,0
2026-08-26T14:10:00Z,2026-08-26T10:10:00-04:00,2026-08-26,10:10,3268,Tango,Family Rides,false,0
2026-08-26T14:10:00Z,2026-08-26T10:10:00-04:00,2026-08-26,10:10,17428,Wave Swinger,Family Rides,false,0
2026-08-26T14:10:00Z,2026-08-26T10:10:00-04:00,2026-08-26,10:10,3232,Air Safari,Kids' Rides,false,0
2026-08-26T14:10:00Z,2026-08-26T10:10:00-04:00,2026-08-26,10:10,10461,Barnstormer,Kids' Rides,false,0
2026-08-26T14:10:00Z,2026-08-26T10:10:00-04:00,2026-08-26,10:10,3275,Bugaboo,Kids' Rides,false,0
2026-08-26T14:10:00Z,2026-08-26T10:10:00-04:00,2026-08-26,10:10,3277,Bugs Bunny Camp Carousel,Kids' Rides,false,0
2026-08-26T14:10:00Z,2026-08-26T10:10:00-04:00,2026-08-26,10:10,3279,Bugs Bunny Ranger Pilots,Kids' Rides,false,0
2026-08-26T14:10:00Z,2026-08-26T10:10:00-04:00,2026-08-26,10:10,3240,Daffy Duck Hot Air Balloons,Kids' Rides,false,0
2026-08-26T14:10:00Z,2026-08-26T10:10:00-04:00,2026-08-26,10:10,10077,Lil' Devil Coaster,Kids' Rides,false,0
2026-08-26T14:10:00Z,2026-08-26T10:10:00-04:00,2026-08-26,10:10,15617,Porky Pig Camp Wagons,Kids' Rides,false,0
2026-08-26T14:10:00Z,2026-08-26T10:10:00-04:00,2026-08-26,10:10,3257,Raja’s Rickshaws,Kids' Rides,false,0
2026-08-26T14:10:00Z,2026-08-26T10:10:00-04:00,2026-08-26,10:10,3274,Safari Off-Road Adventure,Kids' Rides,false,0
2026-08-26T14:10:00Z,2026-08-26T10:10:00-04:00,2026-08-26,10:10,3283,Saw Mill Log Flume,Kids' Rides,false,0
2026-08-26T14:10:00Z,2026-08-26T10:10:00-04:00,2026-08-26,10:10,3281,Sky Zooma,Kids' Rides,false,0
2026-08-26T14:10:00Z,2026-08-26T10:10:00-04:00,2026-08-26,10:10,15789,Storm Chaser,Kids' Rides,false,0
2026-08-26T14:10:00Z,2026-08-26T10:10:00-04:00,2026-08-26,10:10,3267,Super Round Up,Kids' Rides,false,0
2026-08-26T14:10:00Z,2026-08-26T10:10:00-04:00,2026-08-26,10:10,15594,Tree Top Hopper,Kids' Rides,false,0
2026-08-26T14:10:00Z,2026-08-26T10:10:00-04:00,2026-08-26,10:10,3233,BATMAN™ The Ride,Thrill Rides,false,0
2026-08-26T14:10:00Z,2026-08-26T10:10:00-04:00,2026-08-26,10:10,3243,El Toro,Thrill Rides,false,0
2026-08-26T14:10:00Z,2026-08-26T10:10:00-04:00,2026-08-26,10:10,8539,Jersey Devil Coaster,Thrill Rides,false,0
2026-08-26T14:10:00Z,2026-08-26T10:10:00-04:00,2026-08-26,10:10,3916,JUSTICE LEAGUE™: Battle for METROPOLIS,Thrill Rides,false,0
2026-08-26T14:10:00Z,2026-08-26T10:10:00-04:00,2026-08-26,10:10,10533,Medusa,Thrill Rides,false,0
2026-08-26T14:10:00Z,2026-08-26T10:10:00-04:00,2026-08-26,10:10,3253,Nitro,Thrill Rides,false,0
2026-08-26T14:10:00Z,2026-08-26T10:10:00-04:00,2026-08-26,10:10,3261,Runaway Train,Thrill Rides,false,0
2026-08-26T14:10:00Z,2026-08-26T10:10:00-04:00,2026-08-26,10:10,3262,Skull Mountain,Thrill Rides,false,0
2026-08-26T14:10:00Z,2026-08-26T10:10:00-04:00,2026-08-26,10:10,3263,SkyScreamer,Thrill Rides,false,0
2026-08-26T14:10:00Z,2026-08-26T10:10:00-04:00,2026-08-26,10:10,3282,Slingshot,Thrill Rides,false,0
2026-08-26T14:10:00Z,2026-08-26T10:10:00-04:00,2026-08-26,10:10,3266,SUPERMAN™: Ultimate Flight,Thrill Rides,false,0
2026-08-26T14:10:00Z,2026-08-26T10:10:00-04:00,2026-08-26,10:10,3271,THE DARK KNIGHT™ Coaster,Thrill Rides,false,0
2026-08-26T14:10:00Z,2026-08-26T10:10:00-04:00,2026-08-26,10:10,14537,THE FLASH™: Vertical Velocity,Thrill Rides,false,0
2026-08-26T14:10:00Z,2026-08-26T10:10:00-04:00,2026-08-26,10:10,3288,THE JOKER™,Thrill Rides,false,0
2026-08-26T14:10:00Z,2026-08-26T10:10:00-04:00,2026-08-26,10:10,3273,Wile E. Coyote Canyon Blaster,Thrill Rides,false,0
2026-08-26T14:10:00Z,2026-08-26T10:10:00-04:00,2026-08-26,10:10,6371,WONDER WOMAN™ Lasso of Truth,Thrill Rides,false,0
2026-08-26T14:15:00Z,2026-08-26T10:15:00-04:00,2026-08-26,10:15,3231,Air Jumbo,Family Rides,false,0
2026-08-26T14:15:00Z,2026-08-26T10:15:00-04:00,2026-08-26,10:15,17425,Barrels O’ Fun,Family Rides,false,0
2026-08-26T14:15:00Z,2026-08-26T10:15:00-04:00,2026-08-26,10:15,3270,Buccaneer,Family Rides,false,0
2026-08-26T14:15:00Z,2026-08-26T10:15:00-04:00,2026-08-26,10:15,3237,Carousel,Family Rides,false,0
2026-08-26T14:15:00Z,2026-08-26T10:15:00-04:00,2026-08-26,10:15,3244,Enchanted Teacups,Family Rides,false,0
2026-08-26T14:15:00Z,2026-08-26T10:15:00-04:00,2026-08-26,10:15,3245,Fender Benders,Family Rides,false,0
2026-08-26T14:15:00Z,2026-08-26T10:15:00-04:00,2026-08-26,10:15,17426,Flying Scooters,Family Rides,false,0
2026-08-26T14:15:00Z,2026-08-26T10:15:00-04:00,2026-08-26,10:15,15604,Giant Wheel,Family Rides,false,0
2026-08-26T14:15:00Z,2026-08-26T10:15:00-04:00,2026-08-26,10:15,3236,HARLEY QUINN™ Crazy Train,Family Rides,false,0
2026-08-26T14:15:00Z,2026-08-26T10:15:00-04:00,2026-08-26,10:15,3249,Houdini’s Great Escape,Family Rides,false,0
2026-08-26T14:15:00Z,2026-08-26T10:15:00-04:00,2026-08-26,10:15,17427,Hypno Twister,Family Rides,false,0
2026-08-26T14:15:00Z,2026-08-26T10:15:00-04:00,2026-08-26,10:15,3250,Jolly Roger,Family Rides,false,0
2026-08-26T14:15:00Z,2026-08-26T10:15:00-04:00,2026-08-26,10:15,15829,Roaring Rapids,Family Rides,false,0
2026-08-26T14:15:00Z,2026-08-26T10:15:00-04:00,2026-08-26,10:15,15727,Scrambler,Family Rides,false,0
2026-08-26T14:15:00Z,2026-08-26T10:15:00-04:00,2026-08-26,10:15,3268,Tango,Family Rides,false,0
2026-08-26T14:15:00Z,2026-08-26T10:15:00-04:00,2026-08-26,10:15,17428,Wave Swinger,Family Rides,false,0
2026-08-26T14:15:00Z,2026-08-26T10:15:00-04:00,2026-08-26,10:15,3232,Air Safari,Kids' Rides,false,0
2026-08-26T14:15:00Z,2026-08-26T10:15:00-04:00,2026-08-26,10:15,10461,Barnstormer,Kids' Rides,false,0
2026-08-26T14:15:00Z,2026-08-26T10:15:00-04:00,2026-08-26,10:15,3275,Bugaboo,Kids' Rides,false,0
2026-08-26T14:15:00Z,2026-08-26T10:15:00-04:00,2026-08-26,10:15,3277,Bugs Bunny Camp Carousel,Kids' Rides,false,0
2026-08-26T14:15:00Z,2026-08-26T10:15:00-04:00,2026-08-26,10:15,3279,Bugs Bunny Ranger Pilots,Kids' Rides,false,0
2026-08-26T14:15:00Z,2026-08-26T10:15:00-04:00,2026-08-26,10:15,3240,Daffy Duck Hot Air Balloons,Kids' Rides,false,0
2026-08-26T14:15:00Z,2026-08-26T10:15:00-04:00,2026-08-26,10:15,10077,Lil' Devil Coaster,Kids' Rides,false,0
2026-08-26T14:15:00Z,2026-08-26T10:15:00-04:00,2026-08-26,10:15,15617,Porky Pig Camp Wagons,Kids' Rides,false,0
2026-08-26T14:15:00Z,2026-08-26T10:15:00-04:00,2026-08-26,10:15,3257,Raja’s Rickshaws,Kids' Rides,false,0
2026-08-26T14:15:00Z,2026-08-26T10:15:00-04:00,2026-08-26,10:15,3274,Safari Off-Road Adventure,Kids' Rides,false,0
2026-08-26T14:15:00Z,2026-08-26T10:15:00-04:00,2026-08-26,10:15,3283,Saw Mill Log Flume,Kids' Rides,false,0
2026-08-26T14:15:00Z,2026-08-26T10:15:00-04:00,2026-08-26,10:15,3281,Sky Zooma,Kids' Rides,false,0
2026-08-26T14:15:00Z,2026-08-26T10:15:00-04:00,2026-08-26,10:15,15789,Storm Chaser,Kids' Rides,false,0
2026-08-26T14:15:00Z,2026-08-26T10:15:00-04:00,2026-08-26,10:15,3267,Super Round Up,Kids' Rides,false,0
2026-08-26T14:15:00Z,2026-08-26T10:15:00-04:00,2026-08-26,10:15,15594,Tree Top Hopper,Kids' Rides,false,0
2026-08-26T14:15:00Z,2026-08-26T10:15:00-04:00,2026-08-26,10:15,3233,BATMAN™ The Ride,Thrill Rides,false,0
2026-08-26T14:15:00Z,2026-08-26T10:15:00-04:00,2026-08-26,10:15,3243,El Toro,Thrill Rides,false,0
2026-08-26T14:15:00Z,2026-08-26T10:15:00-04:00,2026-08-26,10:15,8539,Jersey Devil Coaster,Thrill Rides,false,0
2026-08-26T14:15:00Z,2026-08-26T10:15:00-04:00,2026-08-26,10:15,3916,JUSTICE LEAGUE™: Battle for METROPOLIS,Thrill Rides,false,0
2026-08-26T14:15:00Z,2026-08-26T10:15:00-04:00,2026-08-26,10:15,10533,Medusa,Thrill Rides,false,0
2026-08-26T14:15:00Z,2026-08-26T10:15:00-04:00,2026-08-26,10:15,3253,Nitro,Thrill Rides,false,0
2026-08-26T14:15:00Z,2026-08-26T10:15:00-04:00,2026-08-26,10:15,3261,Runaway Train,Thrill Rides,false,0
2026-08-26T14:15:00Z,2026-08-26T10:15:00-04:00,2026-08-26,10:15,3262,Skull Mountain,Thrill Rides,false,0
2026-08-26T14:15:00Z,2026-08-26T10:15:00-04:00,2026-08-26,10:15,3263,SkyScreamer,Thrill Rides,false,0
2026-08-26T14:15:00Z,2026-08-26T10:15:00-04:00,2026-08-26,10:15,3282,Slingshot,Thrill Rides,false,0
2026-08-26T14:15:00Z,2026-08-26T10:15:00-04:00,2026-08-26,10:15,3266,SUPERMAN™: Ultimate Flight,Thrill Rides,false,0
2026-08-26T14:15:00Z,2026-08-26T10:15:00-04:00,2026-08-26,10:15,3271,THE DARK KNIGHT™ Coaster,Thrill Rides,false,0
2026-08-26T14:15:00Z,2026-08-26T10:15:00-04:00,2026-08-26,10:15,14537,THE FLASH™: Vertical Velocity,Thrill Rides,false,0
2026-08-26T14:15:00Z,2026-08-26T10:15:00-04:00,2026-08-26,10:15,3288,THE JOKER™,Thrill Rides,false,0
2026-08-26T14:15:00Z,2026-08-26T10:15:00-04:00,2026-08-26,10:15,3273,Wile E. Coyote Canyon Blaster,Thrill Rides,false,0
2026-08-26T14:15:00Z,2026-08-26T10:15:00-04:00,2026-08-26,10:15,6371,WONDER WOMAN™ Lasso of Truth,Thrill Rides,false,0
2026-08-26T14:20:00Z,2026-08-26T10:20:00-04:00,2026-08-26,10:20,3231,Air Jumbo,Family Rides,false,0
2026-08-26T14:20:00Z,2026-08-26T10:20:00-04:00,2026-08-26,10:20,17425,Barrels O’ Fun,Family Rides,false,0
2026-08-26T14:20:00Z,2026-08-26T10:20:00-04:00,2026-08-26,10:20,3270,Buccaneer,Family Rides,false,0
2026-08-26T14:20:00Z,2026-08-26T10:20:00-04:00,2026-08-26,10:20,3237,Carousel,Family Rides,false,0
2026-08-26T14:20:00Z,2026-08-26T10:20:00-04:00,2026-08-26,10:20,3244,Enchanted Teacups,Family Rides,false,0
2026-08-26T14:20:00Z,2026-08-26T10:20:00-04:00,2026-08-26,10:20,3245,Fender Benders,Family Rides,false,0
2026-08-26T14:20:00Z,2026-08-26T10:20:00-04:00,2026-08-26,10:20,17426,Flying Scooters,Family Rides,false,0
2026-08-26T14:20:00Z,2026-08-26T10:20:00-04:00,2026-08-26,10:20,15604,Giant Wheel,Family Rides,false,0
2026-08-26T14:20:00Z,2026-08-26T10:20:00-04:00,2026-08-26,10:20,3236,HARLEY QUINN™ Crazy Train,Family Rides,false,0
2026-08-26T14:20:00Z,2026-08-26T10:20:00-04:00,2026-08-26,10:20,3249,Houdini’s Great Escape,Family Rides,false,0
2026-08-26T14:20:00Z,2026-08-26T10:20:00-04:00,2026-08-26,10:20,17427,Hypno Twister,Family Rides,false,0
2026-08-26T14:20:00Z,2026-08-26T10:20:00-04:00,2026-08-26,10:20,3250,Jolly Roger,Family Rides,false,0
2026-08-26T14:20:00Z,2026-08-26T10:20:00-04:00,2026-08-26,10:20,15829,Roaring Rapids,Family Rides,false,0
2026-08-26T14:20:00Z,2026-08-26T10:20:00-04:00,2026-08-26,10:20,15727,Scrambler,Family Rides,false,0
2026-08-26T14:20:00Z,2026-08-26T10:20:00-04:00,2026-08-26,10:20,3268,Tango,Family Rides,false,0
2026-08-26T14:20:00Z,2026-08-26T10:20:00-04:00,2026-08-26,10:20,17428,Wave Swinger,Family Rides,false,0
2026-08-26T14:20:00Z,2026-08-26T10:20:00-04:00,2026-08-26,10:20,3232,Air Safari,Kids' Rides,false,0
2026-08-26T14:20:00Z,2026-08-26T10:20:00-04:00,2026-08-26,10:20,10461,Barnstormer,Kids' Rides,false,0
2026-08-26T14:20:00Z,2026-08-26T10:20:00-04:00,2026-08-26,10:20,3275,Bugaboo,Kids' Rides,false,0
2026-08-26T14:20:00Z,2026-08-26T10:20:00-04:00,2026-08-26,10:20,3277,Bugs Bunny Camp Carousel,Kids' Rides,false,0
2026-08-26T14:20:00Z,2026-08-26T10:20:00-04:00,2026-08-26,10:20,3279,Bugs Bunny Ranger Pilots,Kids' Rides,false,0
2026-08-26T14:20:00Z,2026-08-26T10:20:00-04:00,2026-08-26,10:20,3240,Daffy Duck Hot Air Balloons,Kids' Rides,false,0
2026-08-26T14:20:00Z,2026-08-26T10:20:00-04:00,2026-08-26,10:20,10077,Lil' Devil Coaster,Kids' Rides,false,0
2026-08-26T14:20:00Z,2026-08-26T10:20:00-04:00,2026-08-26,10:20,15617,Porky Pig Camp Wagons,Kids' Rides,false,0
2026-08-26T14:20:00Z,2026-08-26T10:20:00-04:00,2026-08-26,10:20,3257,Raja’s Rickshaws,Kids' Rides,false,0
2026-08-26T14:20:00Z,2026-08-26T10:20:00-04:00,2026-08-26,10:20,3274,Safari Off-Road Adventure,Kids' Rides,false,0
2026-08-26T14:20:00Z,2026-08-26T10:20:00-04:00,2026-08-26,10:20,3283,Saw Mill Log Flume,Kids' Rides,false,0
2026-08-26T14:20:00Z,2026-08-26T10:20:00-04:00,2026-08-26,10:20,3281,Sky Zooma,Kids' Rides,false,0
2026-08-26T14:20:00Z,2026-08-26T10:20:00-04:00,2026-08-26,10:20,15789,Storm Chaser,Kids' Rides,false,0
2026-08-26T14:20:00Z,2026-08-26T10:20:00-04:00,2026-08-26,10:20,3267,Super Round Up,Kids' Rides,false,0
2026-08-26T14:20:00Z,2026-08-26T10:20:00-04:00,2026-08-26,10:20,15594,Tree Top Hopper,Kids' Rides,false,0
2026-08-26T14:20:00Z,2026-08-26T10:20:00-04:00,2026-08-26,10:20,3233,BATMAN™ The Ride,Thrill Rides,false,0
2026-08-26T14:20:00Z,2026-08-26T10:20:00-04:00,2026-08-26,10:20,3243,El Toro,Thrill Rides,false,0
2026-08-26T14:20:00Z,2026-08-26T10:20:00-04:00,2026-08-26,10:20,8539,Jersey Devil Coaster,Thrill Rides,false,0
2026-08-26T14:20:00Z,2026-08-26T10:20:00-04:00,2026-08-26,10:20,3916,JUSTICE LEAGUE™: Battle for METROPOLIS,Thrill Rides,false,0
2026-08-26T14:20:00Z,2026-08-26T10:20:00-04:00,2026-08-26,10:20,10533,Medusa,Thrill Rides,false,0
2026-08-26T14:20:00Z,2026-08-26T10:20:00-04:00,2026-08-26,10:20,3253,Nitro,Thrill Rides,false,0
2026-08-26T14:20:00Z,2026-08-26T10:20:00-04:00,2026-08-26,10:20,3261,Runaway Train,Thrill Rides,false,0
2026-08-26T14:20:00Z,2026-08-26T10:20:00-04:00,2026-08-26,10:20,3262,Skull Mountain,Thrill Rides,false,0
2026-08-26T14:20:00Z,2026-08-26T10:20:00-04:00,2026-08-26,10:20,3263,SkyScreamer,Thrill Rides,false,0
2026-08-26T14:20:00Z,2026-08-26T10:20:00-04:00,2026-08-26,10:20,3282,Slingshot,Thrill Rides,false,0
2026-08-26T14:20:00Z,2026-08-26T10:20:00-04:00,2026-08-26,10:20,3266,SUPERMAN™: Ultimate Flight,Thrill Rides,false,0
2026-08-26T14:20:00Z,2026-08-26T10:20:00-04:00,2026-08-26,10:20,3271,THE DARK KNIGHT™ Coaster,Thrill Rides,false,0
2026-08-26T14:20:00Z,2026-08-26T10:20:00-04:00,2026-08-26,10:20,14537,THE FLASH™: Vertical Velocity,Thrill Rides,false,0
2026-08-26T14:20:00Z,2026-08-26T10:20:00-04:00,2026-08-26,10:20,3288,THE JOKER™,Thrill Rides,false,0
2026-08-26T14:20:00Z,2026-08-26T10:20:00-04:00,2026-08-26,10:20,3273,Wile E. Coyote Canyon Blaster,Thrill Rides,false,0
2026-08-26T14:20:00Z,2026-08-26T10:20:00-04:00,2026-08-26,10:20,6371,WONDER WOMAN™ Lasso of Truth,Thrill Rides,false,0
2026-08-26T14:25:00Z,2026-08-26T10:25:00-04:00,2026-08-26,10:25,3231,Air Jumbo,Family Rides,false,0
2026-08-26T14:25:00Z,2026-08-26T10:25:00-04:00,2026-08-26,10:25,17425,Barrels O’ Fun,Family Rides,false,0
2026-08-26T14:25:00Z,2026-08-26T10:25:00-04:00,2026-08-26,10:25,3270,Buccaneer,Family Rides,false,0
2026-08-26T14:25:00Z,2026-08-26T10:25:00-04:00,2026-08-26,10:25,3237,Carousel,Family Rides,false,0
2026-08-26T14:25:00Z,2026-08-26T10:25:00-04:00,2026-08-26,10:25,3244,Enchanted Teacups,Family Rides,false,0
2026-08-26T14:25:00Z,2026-08-26T10:25:00-04:00,2026-08-26,10:25,3245,Fender Benders,Family Rides,false,0
2026-08-26T14:25:00Z,2026-08-26T10:25:00-04:00,2026-08-26,10:25,17426,Flying Scooters,Family Rides,false,0
2026-08-26T14:25:00Z,2026-08-26T10:25:00-04:00,2026-08-26,10:25,15604,Giant Wheel,Family Rides,false,0
2026-08-26T14:25:00Z,2026-08-26T10:25:00-04:00,2026-08-26,10:25,3236,HARLEY QUINN™ Crazy Train,Family Rides,false,0
2026-08-26T14:25:00Z,2026-08-26T10:25:00-04:00,2026-08-26,10:25,3249,Houdini’s Great Escape,Family Rides,false,0
2026-08-26T14:25:00Z,2026-08-26T10:25:00-04:00,2026-08-26,10:25,17427,Hypno Twister,Family Rides,false,0
2026-08-26T14:25:00Z,2026-08-26T10:25:00-04:00,2026-08-26,10:25,3250,Jolly Roger,Family Rides,false,0
2026-08-26T14:25:00Z,2026-08-26T10:25:00-04:00,2026-08-26,10:25,15829,Roaring Rapids,Family Rides,false,0
2026-08-26T14:25:00Z,2026-08-26T10:25:00-04:00,2026-08-26,10:25,15727,Scrambler,Family Rides,false,0
2026-08-26T14:25:00Z,2026-08-26T10:25:00-04:00,2026-08-26,10:25,3268,Tango,Family Rides,false,0
2026-08-26T14:25:00Z,2026-08-26T10:25:00-04:00,2026-08-26,10:25,17428,Wave Swinger,Family Rides,false,0
2026-08-26T14:25:00Z,2026-08-26T10:25:00-04:00,2026-08-26,10:25,3232,Air Safari,Kids' Rides,false,0
2026-08-26T14:25:00Z,2026-08-26T10:25:00-04:00,2026-08-26,10:25,10461,Barnstormer,Kids' Rides,false,0
2026-08-26T14:25:00Z,2026-08-26T10:25:00-04:00,2026-08-26,10:25,3275,Bugaboo,Kids' Rides,false,0
2026-08-26T14:25:00Z,2026-08-26T10:25:00-04:00,2026-08-26,10:25,3277,Bugs Bunny Camp Carousel,Kids' Rides,false,0
2026-08-26T14:25:00Z,2026-08-26T10:25:00-04:00,2026-08-26,10:25,3279,Bugs Bunny Ranger Pilots,Kids' Rides,false,0
2026-08-26T14:25:00Z,2026-08-26T10:25:00-04:00,2026-08-26,10:25,3240,Daffy Duck Hot Air Balloons,Kids' Rides,false,0
2026-08-26T14:25:00Z,2026-08-26T10:25:00-04:00,2026-08-26,10:25,10077,Lil' Devil Coaster,Kids' Rides,false,0
2026-08-26T14:25:00Z,2026-08-26T10:25:00-04:00,2026-08-26,10:25,15617,Porky Pig Camp Wagons,Kids' Rides,false,0
2026-08-26T14:25:00Z,2026-08-26T10:25:00-04:00,2026-08-26,10:25,3257,Raja’s Rickshaws,Kids' Rides,false,0
2026-08-26T14:25:00Z,2026-08-26T10:25:00-04:00,2026-08-26,10:25,3274,Safari Off-Road Adventure,Kids' Rides,false,0
2026-08-26T14:25:00Z,2026-08-26T10:25:00-04:00,2026-08-26,10:25,3283,Saw Mill Log Flume,Kids' Rides,false,0
2026-08-26T14:25:00Z,2026-08-26T10:25:00-04:00,2026-08-26,10:25,3281,Sky Zooma,Kids' Rides,false,0
2026-08-26T14:25:00Z,2026-08-26T10:25:00-04:00,2026-08-26,10:25,15789,Storm Chaser,Kids' Rides,false,0
2026-08-26T14:25:00Z,2026-08-26T10:25:00-04:00,2026-08-26,10:25,3267,Super Round Up,Kids' Rides,false,0
2026-08-26T14:25:00Z,2026-08-26T10:25:00-04:00,2026-08-26,10:25,15594,Tree Top Hopper,Kids' Rides,false,0
2026-08-26T14:25:00Z,2026-08-26T10:25:00-04:00,2026-08-26,10:25,3233,BATMAN™ The Ride,Thrill Rides,false,0
2026-08-26T14:25:00Z,2026-08-26T10:25:00-04:00,2026-08-26,10:25,3243,El Toro,Thrill Rides,false,0
2026-08-26T14:25:00Z,2026-08-26T10:25:00-04:00,2026-08-26,10:25,8539,Jersey Devil Coaster,Thrill Rides,false,0
2026-08-26T14:25:00Z,2026-08-26T10:25:00-04:00,2026-08-26,10:25,3916,JUSTICE LEAGUE™: Battle for METROPOLIS,Thrill Rides,false,0
2026-08-26T14:25:00Z,2026-08-26T10:25:00-04:00,2026-08-26,10:25,10533,Medusa,Thrill Rides,false,0
2026-08-26T14:25:00Z,2026-08-26T10:25:00-04:00,2026-08-26,10:25,3253,Nitro,Thrill Rides,false,0
2026-08-26T14:25:00Z,2026-08-26T10:25:00-04:00,2026-08-26,10:25,3261,Runaway Train,Thrill Rides,false,0
2026-08-26T14:25:00Z,2026-08-26T10:25:00-04:00,2026-08-26,10:25,3262,Skull Mountain,Thrill Rides,false,0
2026-08-26T14:25:00Z,2026-08-26T10:25:00-04:00,2026-08-26,10:25,3263,SkyScreamer,Thrill Rides,false,0
2026-08-26T14:25:00Z,2026-08-26T10:25:00-04:00,2026-08-26,10:25,3282,Slingshot,Thrill Rides,false,0
2026-08-26T14:25:00Z,2026-08-26T10:25:00-04:00,2026-08-26,10:25,3266,SUPERMAN™: Ultimate Flight,Thrill Rides,false,0
2026-08-26T14:25:00Z,2026-08-26T10:25:00-04:00,2026-08-26,10:25,3271,THE DARK KNIGHT™ Coaster,Thrill Rides,false,0
2026-08-26T14:25:00Z,2026-08-26T10:25:00-04:00,2026-08-26,10:25,14537,THE FLASH™: Vertical Velocity,Thrill Rides,false,0
2026-08-26T14:25:00Z,2026-08-26T10:25:00-04:00,2026-08-26,10:25,3288,THE JOKER™,Thrill Rides,false,0
2026-08-26T14:25:00Z,2026-08-26T10:25:00-04:00,2026-08-26,10:25,3273,Wile E. Coyote Canyon Blaster,Thrill Rides,false,0
2026-08-26T14:25:00Z,2026-08-26T10:25:00-04:00,2026-08-26,10:25,6371,WONDER WOMAN™ Lasso of Truth,Thrill Rides,false,0
2026-08-26T14:30:00Z,2026-08-26T10:30:00-04:00,2026-08-26,10:30,3231,Air Jumbo,Family Rides,false,0
2026-08-26T14:30:00Z,2026-08-26T10:30:00-04:00,2026-08-26,10:30,17425,Barrels O’ Fun,Family Rides,false,0
2026-08-26T14:30:00Z,2026-08-26T10:30:00-04:00,2026-08-26,10:30,3270,Buccaneer,Family Rides,false,0
2026-08-26T14:30:00Z,2026-08-26T10:30:00-04:00,2026-08-26,10:30,3237,Carousel,Family Rides,false,0
2026-08-26T14:30:00Z,2026-08-26T10:30:00-04:00,2026-08-26,10:30,3244,Enchanted Teacups,Family Rides,false,0
2026-08-26T14:30:00Z,2026-08-26T10:30:00-04:00,2026-08-26,10:30,3245,Fender Benders,Family Rides,false,0
2026-08-26T14:30:00Z,2026-08-26T10:30:00-04:00,2026-08-26,10:30,17426,Flying Scooters,Family Rides,false,0
2026-08-26T14:30:00Z,2026-08-26T10:30:00-04:00,2026-08-26,10:30,15604,Giant Wheel,Family Rides,false,0
2026-08-26T14:30:00Z,2026-08-26T10:30:00-04:00,2026-08-26,10:30,3236,HARLEY QUINN™ Crazy Train,Family Rides,false,0
2026-08-26T14:30:00Z,2026-08-26T10:30:00-04:00,2026-08-26,10:30,3249,Houdini’s Great Escape,Family Rides,false,0
2026-08-26T14:30:00Z,2026-08-26T10:30:00-04:00,2026-08-26,10:30,17427,Hypno Twister,Family Rides,false,0
2026-08-26T14:30:00Z,2026-08-26T10:30:00-04:00,2026-08-26,10:30,3250,Jolly Roger,Family Rides,false,0
2026-08-26T14:30:00Z,2026-08-26T10:30:00-04:00,2026-08-26,10:30,15829,Roaring Rapids,Family Rides,false,0
2026-08-26T14:30:00Z,2026-08-26T10:30:00-04:00,2026-08-26,10:30,15727,Scrambler,Family Rides,false,0
2026-08-26T14:30:00Z,2026-08-26T10:30:00-04:00,2026-08-26,10:30,3268,Tango,Family Rides,false,0
2026-08-26T14:30:00Z,2026-08-26T10:30:00-04:00,2026-08-26,10:30,17428,Wave Swinger,Family Rides,false,0
2026-08-26T14:30:00Z,2026-08-26T10:30:00-04:00,2026-08-26,10:30,3232,Air Safari,Kids' Rides,false,0
2026-08-26T14:30:00Z,2026-08-26T10:30:00-04:00,2026-08-26,10:30,10461,Barnstormer,Kids' Rides,false,0
2026-08-26T14:30:00Z,2026-08-26T10:30:00-04:00,2026-08-26,10:30,3275,Bugaboo,Kids' Rides,false,0
2026-08-26T14:30:00Z,2026-08-26T10:30:00-04:00,2026-08-26,10:30,3277,Bugs Bunny Camp Carousel,Kids' Rides,false,0
2026-08-26T14:30:00Z,2026-08-26T10:30:00-04:00,2026-08-26,10:30,3279,Bugs Bunny Ranger Pilots,Kids' Rides,false,0
2026-08-26T14:30:00Z,2026-08-26T10:30:00-04:00,2026-08-26,10:30,3240,Daffy Duck Hot Air Balloons,Kids' Rides,false,0
2026-08-26T14:30:00Z,2026-08-26T10:30:00-04:00,2026-08-26,10:30,10077,Lil' Devil Coaster,Kids' Rides,false,0
2026-08-26T14:30:00Z,2026-08-26T10:30:00-04:00,2026-08-26,10:30,15617,Porky Pig Camp Wagons,Kids' Rides,false,0
2026-08-26T14:30:00Z,2026-08-26T10:30:00-04:00,2026-08-26,10:30,3257,Raja’s Rickshaws,Kids' Rides,false,0
2026-08-26T14:30:00Z,2026-08-26T10:30:00-04:00,2026-08-26,10:30,3274,Safari Off-Road Adventure,Kids' Rides,false,0
2026-08-26T14:30:00Z,2026-08-26T10:30:00-04:00,2026-08-26,10:30,3283,Saw Mill Log Flume,Kids' Rides,false,0
2026-08-26T14:30:00Z,2026-08-26T10:30:00-04:00,2026-08-26,10:30,3281,Sky Zooma,Kids' Rides,false,0
2026-08-26T14:30:00Z,2026-08-26T10:30:00-04:00,2026-08-26,10:30,15789,Storm Chaser,Kids' Rides,false,0
2026-08-26T14:30:00Z,2026-08-26T10:30:00-04:00,2026-08-26,10:30,3267,Super Round Up,Kids' Rides,false,0
2026-08-26T14:30:00Z,2026-08-26T10:30:00-04:00,2026-08-26,10:30,15594,Tree Top Hopper,Kids' Rides,false,0
2026-08-26T14:30:00Z,2026-08-26T10:30:00-04:00,2026-08-26,10:30,3233,BATMAN™ The Ride,Thrill Rides,false,0
2026-08-26T14:30:00Z,2026-08-26T10:30:00-04:00,2026-08-26,10:30,3243,El Toro,Thrill Rides,false,0
2026-08-26T14:30:00Z,2026-08-26T10:30:00-04:00,2026-08-26,10:30,8539,Jersey Devil Coaster,Thrill Rides,false,0
2026-08-26T14:30:00Z,2026-08-26T10:30:00-04:00,2026-08-26,10:30,3916,JUSTICE LEAGUE™: Battle for METROPOLIS,Thrill Rides,false,0
2026-08-26T14:30:00Z,2026-08-26T10:30:00-04:00,2026-08-26,10:30,10533,Medusa,Thrill Rides,false,0
2026-08-26T14:30:00Z,2026-08-26T10:30:00-04:00,2026-08-26,10:30,3253,Nitro,Thrill Rides,false,0
2026-08-26T14:30:00Z,2026-08-26T10:30:00-04:00,2026-08-26,10:30,3261,Runaway Train,Thrill Rides,false,0
2026-08-26T14:30:00Z,2026-08-26T10:30:00-04:00,2026-08-26,10:30,3262,Skull Mountain,Thrill Rides,false,0
2026-08-26T14:30:00Z,2026-08-26T10:30:00-04:00,2026-08-26,10:30,3263,SkyScreamer,Thrill Rides,false,0
2026-08-26T14:30:00Z,2026-08-26T10:30:00-04:00,2026-08-26,10:30,3282,Slingshot,Thrill Rides,false,0
2026-08-26T14:30:00Z,2026-08-26T10:30:00-04:00,2026-08-26,10:30,3266,SUPERMAN™: Ultimate Flight,Thrill Rides,false,0
2026-08-26T14:30:00Z,2026-08-26T10:30:00-04:00,2026-08-26,10:30,3271,THE DARK KNIGHT™ Coaster,Thrill Rides,false,0
2026-08-26T14:30:00Z,2026-08-26T10:30:00-04:00,2026-08-26,10:30,14537,THE FLASH™: Vertical Velocity,Thrill Rides,false,0
2026-08-26T14:30:00Z,2026-08-26T10:30:00-04:00,2026-08-26,10:30,3288,THE JOKER™,Thrill Rides,false,0
2026-08-26T14:30:00Z,2026-08-26T10:30:00-04:00,2026-08-26,10:30,3273,Wile E. Coyote Canyon Blaster,Thrill Rides,false,0
2026-08-26T14:30:00Z,2026-08-26T10:30:00-04:00,2026-08-26,10:30,6371,WONDER WOMAN™ Lasso of Truth,Thrill Rides,false,0
2026-08-26T14:35:00Z,2026-08-26T10:35:00-04:00,2026-08-26,10:35,3231,Air Jumbo,Family Rides,false,0
2026-08-26T14:35:00Z,2026-08-26T10:35:00-04:00,2026-08-26,10:35,17425,Barrels O’ Fun,Family Rides,false,0
2026-08-26T14:35:00Z,2026-08-26T10:35:00-04:00,2026-08-26,10:35,3270,Buccaneer,Family Rides,false,0
2026-08-26T14:35:00Z,2026-08-26T10:35:00-04:00,2026-08-26,10:35,3237,Carousel,Family Rides,false,0
2026-08-26T14:35:00Z,2026-08-26T10:35:00-04:00,2026-08-26,10:35,3244,Enchanted Teacups,Family Rides,false,0
2026-08-26T14:35:00Z,2026-08-26T10:35:00-04:00,2026-08-26,10:35,3245,Fender Benders,Family Rides,false,0
2026-08-26T14:35:00Z,2026-08-26T10:35:00-04:00,2026-08-26,10:35,17426,Flying Scooters,Family Rides,false,0
2026-08-26T14:35:00Z,2026-08-26T10:35:00-04:00,2026-08-26,10:35,15604,Giant Wheel,Family Rides,false,0
2026-08-26T14:35:00Z,2026-08-26T10:35:00-04:00,2026-08-26,10:35,3236,HARLEY QUINN™ Crazy Train,Family Rides,false,0
2026-08-26T14:35:00Z,2026-08-26T10:35:00-04:00,2026-08-26,10:35,3249,Houdini’s Great Escape,Family Rides,false,0
2026-08-26T14:35:00Z,2026-08-26T10:35:00-04:00,2026-08-26,10:35,17427,Hypno Twister,Family Rides,false,0
2026-08-26T14:35:00Z,2026-08-26T10:35:00-04:00,2026-08-26,10:35,3250,Jolly Roger,Family Rides,false,0
2026-08-26T14:35:00Z,2026-08-26T10:35:00-04:00,2026-08-26,10:35,15829,Roaring Rapids,Family Rides,false,0
2026-08-26T14:35:00Z,2026-08-26T10:35:00-04:00,2026-08-26,10:35,15727,Scrambler,Family Rides,false,0
2026-08-26T14:35:00Z,2026-08-26T10:35:00-04:00,2026-08-26,10:35,3268,Tango,Family Rides,false,0
2026-08-26T14:35:00Z,2026-08-26T10:35:00-04:00,2026-08-26,10:35,17428,Wave Swinger,Family Rides,false,0
2026-08-26T14:35:00Z,2026-08-26T10:35:00-04:00,2026-08-26,10:35,3232,Air Safari,Kids' Rides,false,0
2026-08-26T14:35:00Z,2026-08-26T10:35:00-04:00,2026-08-26,10:35,10461,Barnstormer,Kids' Rides,false,0
2026-08-26T14:35:00Z,2026-08-26T10:35:00-04:00,2026-08-26,10:35,3275,Bugaboo,Kids' Rides,false,0
2026-08-26T14:35:00Z,2026-08-26T10:35:00-04:00,2026-08-26,10:35,3277,Bugs Bunny Camp Carousel,Kids' Rides,false,0
2026-08-26T14:35:00Z,2026-08-26T10:35:00-04:00,2026-08-26,10:35,3279,Bugs Bunny Ranger Pilots,Kids' Rides,false,0
2026-08-26T14:35:00Z,2026-08-26T10:35:00-04:00,2026-08-26,10:35,3240,Daffy Duck Hot Air Balloons,Kids' Rides,false,0
2026-08-26T14:35:00Z,2026-08-26T10:35:00-04:00,2026-08-26,10:35,10077,Lil' Devil Coaster,Kids' Rides,false,0
2026-08-26T14:35:00Z,2026-08-26T10:35:00-04:00,2026-08-26,10:35,15617,Porky Pig Camp Wagons,Kids' Rides,false,0
2026-08-26T14:35:00Z,2026-08-26T10:35:00-04:00,2026-08-26,10:35,3257,Raja’s Rickshaws,Kids' Rides,false,0
2026-08-26T14:35:00Z,2026-08-26T10:35:00-04:00,2026-08-26,10:35,3274,Safari Off-Road Adventure,Kids' Rides,false,0
2026-08-26T14:35:00Z,2026-08-26T10:35:00-04:00,2026-08-26,10:35,3283,Saw Mill Log Flume,Kids' Rides,false,0
2026-08-26T14:35:00Z,2026-08-26T10:35:00-04:00,2026-08-26,10:35,3281,Sky Zooma,Kids' Rides,false,0
2026-08-26T14:35:00Z,2026-08-26T10:35:00-04:00,2026-08-26,10:35,15789,Storm Chaser,Kids' Rides,false,0
2026-08-26T14:35:00Z,2026-08-26T10:35:00-04:00,2026-08-26,10:35,3267,Super Round Up,Kids' Rides,false,0
2026-08-26T14:35:00Z,2026-08-26T10:35:00-04:00,2026-08-26,10:35,15594,Tree Top Hopper,Kids' Rides,false,0
2026-08-26T14:35:00Z,2026-08-26T10:35:00-04:00,2026-08-26,10:35,3233,BATMAN™ The Ride,Thrill Rides,false,0
2026-08-26T14:35:00Z,2026-08-26T10:35:00-04:00,2026-08-26,10:35,3243,El Toro,Thrill Rides,false,0
2026-08-26T14:35:00Z,2026-08-26T10:35:00-04:00,2026-08-26,10:35,8539,Jersey Devil Coaster,Thrill Rides,false,0
2026-08-26T14:35:00Z,2026-08-26T10:35:00-04:00,2026-08-26,10:35,3916,JUSTICE LEAGUE™: Battle for METROPOLIS,Thrill Rides,false,0
2026-08-26T14:35:00Z,2026-08-26T10:35:00-04:00,2026-08-26,10:35,10533,Medusa,Thrill Rides,false,0
2026-08-26T14:35:00Z,2026-08-26T10:35:00-04:00,2026-08-26,10:35,3253,Nitro,Thrill Rides,false,0
2026-08-26T14:35:00Z,2026-08-26T10:35:00-04:00,2026-08-26,10:35,3261,Runaway Train,Thrill Rides,false,0
2026-08-26T14:35:00Z,2026-08-26T10:35:00-04:00,2026-08-26,10:35,3262,Skull Mountain,Thrill Rides,false,0
2026-08-26T14:35:00Z,2026-08-26T10:35:00-04:00,2026-08-26,10:35,3263,SkyScreamer,Thrill Rides,false,0
2026-08-26T14:35:00Z,2026-08-26T10:35:00-04:00,2026-08-26,10:35,3282,Slingshot,Thrill Rides,false,0
2026-08-26T14:35:00Z,2026-08-26T10:35:00-04:00,2026-08-26,10:35,3266,SUPERMAN™: Ultimate Flight,Thrill Rides,false,0
2026-08-26T14:35:00Z,2026-08-26T10:35:00-04:00,2026-08-26,10:35,3271,THE DARK KNIGHT™ Coaster,Thrill Rides,false,0
2026-08-26T14:35:00Z,2026-08-26T10:35:00-04:00,2026-08-26,10:35,14537,THE FLASH™: Vertical Velocity,Thrill Rides,false,0
2026-08-26T14:35:00Z,2026-08-26T10:35:00-04:00,2026-08-26,10:35,3288,THE JOKER™,Thrill Rides,false,0
2026-08-26T14:35:00Z,2026-08-26T10:35:00-04:00,2026-08-26,10:35,3273,Wile E. Coyote Canyon Blaster,Thrill Rides,false,0
2026-08-26T14:35:00Z,2026-08-26T10:35:00-04:00,2026-08-26,10:35,6371,WONDER WOMAN™ Lasso of Truth,Thrill Rides,false,0
2026-08-26T14:40:00Z,2026-08-26T10:40:00-04:00,2026-08-26,10:40,3231,Air Jumbo,Family Rides,false,0
2026-08-26T14:40:00Z,2026-08-26T10:40:00-04:00,2026-08-26,10:40,17425,Barrels O’ Fun,Family Rides,false,0
2026-08-26T14:40:00Z,2026-08-26T10:40:00-04:00,2026-08-26,10:40,3270,Buccaneer,Family Rides,false,0
2026-08-26T14:40:00Z,2026-08-26T10:40:00-04:00,2026-08-26,10:40,3237,Carousel,Family Rides,false,0
2026-08-26T14:40:00Z,2026-08-26T10:40:00-04:00,2026-08-26,10:40,3244,Enchanted Teacups,Family Rides,false,0
2026-08-26T14:40:00Z,2026-08-26T10:40:00-04:00,2026-08-26,10:40,3245,Fender Benders,Family Rides,false,0
2026-08-26T14:40:00Z,2026-08-26T10:40:00-04:00,2026-08-26,10:40,17426,Flying Scooters,Family Rides,false,0
2026-08-26T14:40:00Z,2026-08-26T10:40:00-04:00,2026-08-26,10:40,15604,Giant Wheel,Family Rides,false,0
2026-08-26T14:40:00Z,2026-08-26T10:40:00-04:00,2026-08-26,10:40,3236,HARLEY QUINN™ Crazy Train,Family Rides,false,0
2026-08-26T14:40:00Z,2026-08-26T10:40:00-04:00,2026-08-26,10:40,3249,Houdini’s Great Escape,Family Rides,false,0
2026-08-26T14:40:00Z,2026-08-26T10:40:00-04:00,2026-08-26,10:40,17427,Hypno Twister,Family Rides,false,0
2026-08-26T14:40:00Z,2026-08-26T10:40:00-04:00,2026-08-26,10:40,3250,Jolly Roger,Family Rides,false,0
2026-08-26T14:40:00Z,2026-08-26T10:40:00-04:00,2026-08-26,10:40,15829,Roaring Rapids,Family Rides,false,0
2026-08-26T14:40:00Z,2026-08-26T10:40:00-04:00,2026-08-26,10:40,15727,Scrambler,Family Rides,false,0
2026-08-26T14:40:00Z,2026-08-26T10:40:00-04:00,2026-08-26,10:40,3268,Tango,Family Rides,false,0
2026-08-26T14:40:00Z,2026-08-26T10:40:00-04:00,2026-08-26,10:40,17428,Wave Swinger,Family Rides,false,0
2026-08-26T14:40:00Z,2026-08-26T10:40:00-04:00,2026-08-26,10:40,3232,Air Safari,Kids' Rides,false,0
2026-08-26T14:40:00Z,2026-08-26T10:40:00-04:00,2026-08-26,10:40,10461,Barnstormer,Kids' Rides,false,0
2026-08-26T14:40:00Z,2026-08-26T10:40:00-04:00,2026-08-26,10:40,3275,Bugaboo,Kids' Rides,false,0
2026-08-26T14:40:00Z,2026-08-26T10:40:00-04:00,2026-08-26,10:40,3277,Bugs Bunny Camp Carousel,Kids' Rides,false,0
2026-08-26T14:40:00Z,2026-08-26T10:40:00-04:00,2026-08-26,10:40,3279,Bugs Bunny Ranger Pilots,Kids' Rides,false,0
2026-08-26T14:40:00Z,2026-08-26T10:40:00-04:00,2026-08-26,10:40,3240,Daffy Duck Hot Air Balloons,Kids' Rides,false,0
2026-08-26T14:40:00Z,2026-08-26T10:40:00-04:00,2026-08-26,10:40,10077,Lil' Devil Coaster,Kids' Rides,false,0
2026-08-26T14:40:00Z,2026-08-26T10:40:00-04:00,2026-08-26,10:40,15617,Porky Pig Camp Wagons,Kids' Rides,false,0
2026-08-26T14:40:00Z,2026-08-26T10:40:00-04:00,2026-08-26,10:40,3257,Raja’s Rickshaws,Kids' Rides,false,0
2026-08-26T14:40:00Z,2026-08-26T10:40:00-04:00,2026-08-26,10:40,3274,Safari Off-Road Adventure,Kids' Rides,false,0
2026-08-26T14:40:00Z,2026-08-26T10:40:00-04:00,2026-08-26,10:40,3283,Saw Mill Log Flume,Kids' Rides,false,0
2026-08-26T14:40:00Z,2026-08-26T10:40:00-04:00,2026-08-26,10:40,3281,Sky Zooma,Kids' Rides,false,0
2026-08-26T14:40:00Z,2026-08-26T10:40:00-04:00,2026-08-26,10:40,15789,Storm Chaser,Kids' Rides,false,0
2026-08-26T14:40:00Z,2026-08-26T10:40:00-04:00,2026-08-26,10:40,3267,Super Round Up,Kids' Rides,false,0
2026-08-26T14:40:00Z,2026-08-26T10:40:00-04:00,2026-08-26,10:40,15594,Tree Top Hopper,Kids' Rides,false,0
2026-08-26T14:40:00Z,2026-08-26T10:40:00-04:00,2026-08-26,10:40,3233,BATMAN™ The Ride,Thrill Rides,false,0
2026-08-26T14:40:00Z,2026-08-26T10:40:00-04:00,2026-08-26,10:40,3243,El Toro,Thrill Rides,false,0
2026-08-26T14:40:00Z,2026-08-26T10:40:00-04:00,2026-08-26,10:40,8539,Jersey Devil Coaster,Thrill Rides,false,0
2026-08-26T14:40:00Z,2026-08-26T10:40:00-04:00,2026-08-26,10:40,3916,JUSTICE LEAGUE™: Battle for METROPOLIS,Thrill Rides,false,0
2026-08-26T14:40:00Z,2026-08-26T10:40:00-04:00,2026-08-26,10:40,10533,Medusa,Thrill Rides,false,0
2026-08-26T14:40:00Z,2026-08-26T10:40:00-04:00,2026-08-26,10:40,3253,Nitro,Thrill Rides,false,0
2026-08-26T14:40:00Z,2026-08-26T10:40:00-04:00,2026-08-26,10:40,3261,Runaway Train,Thrill Rides,false,0
2026-08-26T14:40:00Z,2026-08-26T10:40:00-04:00,2026-08-26,10:40,3262,Skull Mountain,Thrill Rides,false,0
2026-08-26T14:40:00Z,2026-08-26T10:40:00-04:00,2026-08-26,10:40,3263,SkyScreamer,Thrill Rides,false,0
2026-08-26T14:40:00Z,2026-08-26T10:40:00-04:00,2026-08-26,10:40,3282,Slingshot,Thrill Rides,false,0
2026-08-26T14:40:00Z,2026-08-26T10:40:00-04:00,2026-08-26,10:40,3266,SUPERMAN™: Ultimate Flight,Thrill Rides,false,0
2026-08-26T14:40:00Z,2026-08-26T10:40:00-04:00,2026-08-26,10:40,3271,THE DARK KNIGHT™ Coaster,Thrill Rides,false,0
2026-08-26T14:40:00Z,2026-08-26T10:40:00-04:00,2026-08-26,10:40,14537,THE FLASH™: Vertical Velocity,Thrill Rides,false,0
2026-08-26T14:40:00Z,2026-08-26T10:40:00-04:00,2026-08-26,10:40,3288,THE JOKER™,Thrill Rides,false,0
2026-08-26T14:40:00Z,2026-08-26T10:40:00-04:00,2026-08-26,10:40,3273,Wile E. Coyote Canyon Blaster,Thrill Rides,false,0
2026-08-26T14:40:00Z,2026-08-26T10:40:00-04:00,2026-08-26,10:40,6371,WONDER WOMAN™ Lasso of Truth,Thrill Rides,false,0
2026-08-26T14:45:00Z,2026-08-26T10:45:00-04:00,2026-08-26,10:45,3231,Air Jumbo,Family Rides,true,0
2026-08-26T14:45:00Z,2026-08-26T10:45:00-04:00,2026-08-26,10:45,17425,Barrels O’ Fun,Family Rides,true,0
2026-08-26T14:45:00Z,2026-08-26T10:45:00-04:00,2026-08-26,10:45,3270,Buccaneer,Family Rides,true,0
2026-08-26T14:45:00Z,2026-08-26T10:45:00-04:00,2026-08-26,10:45,3237,Carousel,Family Rides,true,0
2026-08-26T14:45:00Z,2026-08-26T10:45:00-04:00,2026-08-26,10:45,3244,Enchanted Teacups,Family Rides,true,0
2026-08-26T14:45:00Z,2026-08-26T10:45:00-04:00,2026-08-26,10:45,3245,Fender Benders,Family Rides,true,0
2026-08-26T14:45:00Z,2026-08-26T10:45:00-04:00,2026-08-26,10:45,17426,Flying Scooters,Family Rides,true,0
2026-08-26T14:45:00Z,2026-08-26T10:45:00-04:00,2026-08-26,10:45,15604,Giant Wheel,Family Rides,true,0
2026-08-26T14:45:00Z,2026-08-26T10:45:00-04:00,2026-08-26,10:45,3236,HARLEY QUINN™ Crazy Train,Family Rides,true,0
2026-08-26T14:45:00Z,2026-08-26T10:45:00-04:00,2026-08-26,10:45,3249,Houdini’s Great Escape,Family Rides,true,0
2026-08-26T14:45:00Z,2026-08-26T10:45:00-04:00,2026-08-26,10:45,17427,Hypno Twister,Family Rides,false,0
2026-08-26T14:45:00Z,2026-08-26T10:45:00-04:00,2026-08-26,10:45,3250,Jolly Roger,Family Rides,true,0
2026-08-26T14:45:00Z,2026-08-26T10:45:00-04:00,2026-08-26,10:45,15829,Roaring Rapids,Family Rides,false,0
2026-08-26T14:45:00Z,2026-08-26T10:45:00-04:00,2026-08-26,10:45,15727,Scrambler,Family Rides,true,0
2026-08-26T14:45:00Z,2026-08-26T10:45:00-04:00,2026-08-26,10:45,3268,Tango,Family Rides,true,0
2026-08-26T14:45:00Z,2026-08-26T10:45:00-04:00,2026-08-26,10:45,17428,Wave Swinger,Family Rides,true,0
2026-08-26T14:45:00Z,2026-08-26T10:45:00-04:00,2026-08-26,10:45,3232,Air Safari,Kids' Rides,true,0
2026-08-26T14:45:00Z,2026-08-26T10:45:00-04:00,2026-08-26,10:45,10461,Barnstormer,Kids' Rides,true,0
2026-08-26T14:45:00Z,2026-08-26T10:45:00-04:00,2026-08-26,10:45,3275,Bugaboo,Kids' Rides,true,0
2026-08-26T14:45:00Z,2026-08-26T10:45:00-04:00,2026-08-26,10:45,3277,Bugs Bunny Camp Carousel,Kids' Rides,true,0
2026-08-26T14:45:00Z,2026-08-26T10:45:00-04:00,2026-08-26,10:45,3279,Bugs Bunny Ranger Pilots,Kids' Rides,true,0
2026-08-26T14:45:00Z,2026-08-26T10:45:00-04:00,2026-08-26,10:45,3240,Daffy Duck Hot Air Balloons,Kids' Rides,true,0
2026-08-26T14:45:00Z,2026-08-26T10:45:00-04:00,2026-08-26,10:45,10077,Lil' Devil Coaster,Kids' Rides,true,0
2026-08-26T14:45:00Z,2026-08-26T10:45:00-04:00,2026-08-26,10:45,15617,Porky Pig Camp Wagons,Kids' Rides,true,0
2026-08-26T14:45:00Z,2026-08-26T10:45:00-04:00,2026-08-26,10:45,3257,Raja’s Rickshaws,Kids' Rides,true,0
2026-08-26T14:45:00Z,2026-08-26T10:45:00-04:00,2026-08-26,10:45,3274,Safari Off-Road Adventure,Kids' Rides,false,0
2026-08-26T14:45:00Z,2026-08-26T10:45:00-04:00,2026-08-26,10:45,3283,Saw Mill Log Flume,Kids' Rides,true,0
2026-08-26T14:45:00Z,2026-08-26T10:45:00-04:00,2026-08-26,10:45,3281,Sky Zooma,Kids' Rides,true,0
2026-08-26T14:45:00Z,2026-08-26T10:45:00-04:00,2026-08-26,10:45,15789,Storm Chaser,Kids' Rides,true,0
2026-08-26T14:45:00Z,2026-08-26T10:45:00-04:00,2026-08-26,10:45,3267,Super Round Up,Kids' Rides,true,0
2026-08-26T14:45:00Z,2026-08-26T10:45:00-04:00,2026-08-26,10:45,15594,Tree Top Hopper,Kids' Rides,true,0
2026-08-26T14:45:00Z,2026-08-26T10:45:00-04:00,2026-08-26,10:45,3233,BATMAN™ The Ride,Thrill Rides,true,0
2026-08-26T14:45:00Z,2026-08-26T10:45:00-04:00,2026-08-26,10:45,3243,El Toro,Thrill Rides,true,0
2026-08-26T14:45:00Z,2026-08-26T10:45:00-04:00,2026-08-26,10:45,8539,Jersey Devil Coaster,Thrill Rides,false,0
2026-08-26T14:45:00Z,2026-08-26T10:45:00-04:00,2026-08-26,10:45,3916,JUSTICE LEAGUE™: Battle for METROPOLIS,Thrill Rides,true,0
2026-08-26T14:45:00Z,2026-08-26T10:45:00-04:00,2026-08-26,10:45,10533,Medusa,Thrill Rides,true,0
2026-08-26T14:45:00Z,2026-08-26T10:45:00-04:00,2026-08-26,10:45,3253,Nitro,Thrill Rides,false,0
2026-08-26T14:45:00Z,2026-08-26T10:45:00-04:00,2026-08-26,10:45,3261,Runaway Train,Thrill Rides,false,0
2026-08-26T14:45:00Z,2026-08-26T10:45:00-04:00,2026-08-26,10:45,3262,Skull Mountain,Thrill Rides,true,0
2026-08-26T14:45:00Z,2026-08-26T10:45:00-04:00,2026-08-26,10:45,3263,SkyScreamer,Thrill Rides,true,0
2026-08-26T14:45:00Z,2026-08-26T10:45:00-04:00,2026-08-26,10:45,3282,Slingshot,Thrill Rides,false,0
2026-08-26T14:45:00Z,2026-08-26T10:45:00-04:00,2026-08-26,10:45,3266,SUPERMAN™: Ultimate Flight,Thrill Rides,false,0
2026-08-26T14:45:00Z,2026-08-26T10:45:00-04:00,2026-08-26,10:45,3271,THE DARK KNIGHT™ Coaster,Thrill Rides,false,0
2026-08-26T14:45:00Z,2026-08-26T10:45:00-04:00,2026-08-26,10:45,14537,THE FLASH™: Vertical Velocity,Thrill Rides,true,0
2026-08-26T14:45:00Z,2026-08-26T10:45:00-04:00,2026-08-26,10:45,3288,THE JOKER™,Thrill Rides,true,0
2026-08-26T14:45:00Z,2026-08-26T10:45:00-04:00,2026-08-26,10:45,3273,Wile E. Coyote Canyon Blaster,Thrill Rides,true,0
2026-08-26T14:45:00Z,2026-08-26T10:45:00-04:00,2026-08-26,10:45,6371,WONDER WOMAN™ Lasso of Truth,Thrill Rides,false,0
2026-08-26T14:50:00Z,2026-08-26T10:50:00-04:00,2026-08-26,10:50,3231,Air Jumbo,Family Rides,true,0
2026-08-26T14:50:00Z,2026-08-26T10:50:00-04:00,2026-08-26,10:50,17425,Barrels O’ Fun,Family Rides,true,0
2026-08-26T14:50:00Z,2026-08-26T10:50:00-04:00,2026-08-26,10:50,3270,Buccaneer,Family Rides,true,0
2026-08-26T14:50:00Z,2026-08-26T10:50:00-04:00,2026-08-26,10:50,3237,Carousel,Family Rides,true,0
2026-08-26T14:50:00Z,2026-08-26T10:50:00-04:00,2026-08-26,10:50,3244,Enchanted Teacups,Family Rides,true,0
2026-08-26T14:50:00Z,2026-08-26T10:50:00-04:00,2026-08-26,10:50,3245,Fender Benders,Family Rides,true,0
2026-08-26T14:50:00Z,2026-08-26T10:50:00-04:00,2026-08-26,10:50,17426,Flying Scooters,Family Rides,true,0
2026-08-26T14:50:00Z,2026-08-26T10:50:00-04:00,2026-08-26,10:50,15604,Giant Wheel,Family Rides,true,0
2026-08-26T14:50:00Z,2026-08-26T10:50:00-04:00,2026-08-26,10:50,3236,HARLEY QUINN™ Crazy Train,Family Rides,true,0
2026-08-26T14:50:00Z,2026-08-26T10:50:00-04:00,2026-08-26,10:50,3249,Houdini’s Great Escape,Family Rides,false,0
2026-08-26T14:50:00Z,2026-08-26T10:50:00-04:00,2026-08-26,10:50,17427,Hypno Twister,Family Rides,false,0
2026-08-26T14:50:00Z,2026-08-26T10:50:00-04:00,2026-08-26,10:50,3250,Jolly Roger,Family Rides,true,0
2026-08-26T14:50:00Z,2026-08-26T10:50:00-04:00,2026-08-26,10:50,15829,Roaring Rapids,Family Rides,false,0
2026-08-26T14:50:00Z,2026-08-26T10:50:00-04:00,2026-08-26,10:50,15727,Scrambler,Family Rides,true,0
2026-08-26T14:50:00Z,2026-08-26T10:50:00-04:00,2026-08-26,10:50,3268,Tango,Family Rides,true,0
2026-08-26T14:50:00Z,2026-08-26T10:50:00-04:00,2026-08-26,10:50,17428,Wave Swinger,Family Rides,true,0
2026-08-26T14:50:00Z,2026-08-26T10:50:00-04:00,2026-08-26,10:50,3232,Air Safari,Kids' Rides,true,0
2026-08-26T14:50:00Z,2026-08-26T10:50:00-04:00,2026-08-26,10:50,10461,Barnstormer,Kids' Rides,true,0
2026-08-26T14:50:00Z,2026-08-26T10:50:00-04:00,2026-08-26,10:50,3275,Bugaboo,Kids' Rides,true,0
2026-08-26T14:50:00Z,2026-08-26T10:50:00-04:00,2026-08-26,10:50,3277,Bugs Bunny Camp Carousel,Kids' Rides,true,0
2026-08-26T14:50:00Z,2026-08-26T10:50:00-04:00,2026-08-26,10:50,3279,Bugs Bunny Ranger Pilots,Kids' Rides,true,0
2026-08-26T14:50:00Z,2026-08-26T10:50:00-04:00,2026-08-26,10:50,3240,Daffy Duck Hot Air Balloons,Kids' Rides,true,0
2026-08-26T14:50:00Z,2026-08-26T10:50:00-04:00,2026-08-26,10:50,10077,Lil' Devil Coaster,Kids' Rides,true,0
2026-08-26T14:50:00Z,2026-08-26T10:50:00-04:00,2026-08-26,10:50,15617,Porky Pig Camp Wagons,Kids' Rides,true,0
2026-08-26T14:50:00Z,2026-08-26T10:50:00-04:00,2026-08-26,10:50,3257,Raja’s Rickshaws,Kids' Rides,true,0
2026-08-26T14:50:00Z,2026-08-26T10:50:00-04:00,2026-08-26,10:50,3274,Safari Off-Road Adventure,Kids' Rides,false,0
2026-08-26T14:50:00Z,2026-08-26T10:50:00-04:00,2026-08-26,10:50,3283,Saw Mill Log Flume,Kids' Rides,true,0
2026-08-26T14:50:00Z,2026-08-26T10:50:00-04:00,2026-08-26,10:50,3281,Sky Zooma,Kids' Rides,true,0
2026-08-26T14:50:00Z,2026-08-26T10:50:00-04:00,2026-08-26,10:50,15789,Storm Chaser,Kids' Rides,true,0
2026-08-26T14:50:00Z,2026-08-26T10:50:00-04:00,2026-08-26,10:50,3267,Super Round Up,Kids' Rides,true,0
2026-08-26T14:50:00Z,2026-08-26T10:50:00-04:00,2026-08-26,10:50,15594,Tree Top Hopper,Kids' Rides,true,0
2026-08-26T14:50:00Z,2026-08-26T10:50:00-04:00,2026-08-26,10:50,3233,BATMAN™ The Ride,Thrill Rides,true,0
2026-08-26T14:50:00Z,2026-08-26T10:50:00-04:00,2026-08-26,10:50,3243,El Toro,Thrill Rides,true,0
2026-08-26T14:50:00Z,2026-08-26T10:50:00-04:00,2026-08-26,10:50,8539,Jersey Devil Coaster,Thrill Rides,false,0
2026-08-26T14:50:00Z,2026-08-26T10:50:00-04:00,2026-08-26,10:50,3916,JUSTICE LEAGUE™: Battle for METROPOLIS,Thrill Rides,true,0
2026-08-26T14:50:00Z,2026-08-26T10:50:00-04:00,2026-08-26,10:50,10533,Medusa,Thrill Rides,true,0
2026-08-26T14:50:00Z,2026-08-26T10:50:00-04:00,2026-08-26,10:50,3253,Nitro,Thrill Rides,false,0
2026-08-26T14:50:00Z,2026-08-26T10:50:00-04:00,2026-08-26,10:50,3261,Runaway Train,Thrill Rides,false,0
2026-08-26T14:50:00Z,2026-08-26T10:50:00-04:00,2026-08-26,10:50,3262,Skull Mountain,Thrill Rides,true,0
2026-08-26T14:50:00Z,2026-08-26T10:50:00-04:00,2026-08-26,10:50,3263,SkyScreamer,Thrill Rides,true,0
2026-08-26T14:50:00Z,2026-08-26T10:50:00-04:00,2026-08-26,10:50,3282,Slingshot,Thrill Rides,false,0
2026-08-26T14:50:00Z,2026-08-26T10:50:00-04:00,2026-08-26,10:50,3266,SUPERMAN™: Ultimate Flight,Thrill Rides,false,0
2026-08-26T14:50:00Z,2026-08-26T10:50:00-04:00,2026-08-26,10:50,3271,THE DARK KNIGHT™ Coaster,Thrill Rides,false,0
2026-08-26T14:50:00Z,2026-08-26T10:50:00-04:00,2026-08-26,10:50,14537,THE FLASH™: Vertical Velocity,Thrill Rides,true,0
2026-08-26T14:50:00Z,2026-08-26T10:50:00-04:00,2026-08-26,10:50,3288,THE JOKER™,Thrill Rides,true,0
2026-08-26T14:50:00Z,2026-08-26T10:50:00-04:00,2026-08-26,10:50,3273,Wile E. Coyote Canyon Blaster,Thrill Rides,true,0
2026-08-26T14:50:00Z,2026-08-26T10:50:00-04:00,2026-08-26,10:50,6371,WONDER WOMAN™ Lasso of Truth,Thrill Rides,false,0
2026-08-26T14:55:00Z,2026-08-26T10:55:00-04:00,2026-08-26,10:55,3231,Air Jumbo,Family Rides,true,0
2026-08-26T14:55:00Z,2026-08-26T10:55:00-04:00,2026-08-26,10:55,17425,Barrels O’ Fun,Family Rides,true,0
2026-08-26T14:55:00Z,2026-08-26T10:55:00-04:00,2026-08-26,10:55,3270,Buccaneer,Family Rides,true,0
2026-08-26T14:55:00Z,2026-08-26T10:55:00-04:00,2026-08-26,10:55,3237,Carousel,Family Rides,true,0
2026-08-26T14:55:00Z,2026-08-26T10:55:00-04:00,2026-08-26,10:55,3244,Enchanted Teacups,Family Rides,true,0
2026-08-26T14:55:00Z,2026-08-26T10:55:00-04:00,2026-08-26,10:55,3245,Fender Benders,Family Rides,true,0
2026-08-26T14:55:00Z,2026-08-26T10:55:00-04:00,2026-08-26,10:55,17426,Flying Scooters,Family Rides,true,0
2026-08-26T14:55:00Z,2026-08-26T10:55:00-04:00,2026-08-26,10:55,15604,Giant Wheel,Family Rides,true,0
2026-08-26T14:55:00Z,2026-08-26T10:55:00-04:00,2026-08-26,10:55,3236,HARLEY QUINN™ Crazy Train,Family Rides,true,0
2026-08-26T14:55:00Z,2026-08-26T10:55:00-04:00,2026-08-26,10:55,3249,Houdini’s Great Escape,Family Rides,false,0
2026-08-26T14:55:00Z,2026-08-26T10:55:00-04:00,2026-08-26,10:55,17427,Hypno Twister,Family Rides,false,0
2026-08-26T14:55:00Z,2026-08-26T10:55:00-04:00,2026-08-26,10:55,3250,Jolly Roger,Family Rides,true,0
2026-08-26T14:55:00Z,2026-08-26T10:55:00-04:00,2026-08-26,10:55,15829,Roaring Rapids,Family Rides,false,0
2026-08-26T14:55:00Z,2026-08-26T10:55:00-04:00,2026-08-26,10:55,15727,Scrambler,Family Rides,true,0
2026-08-26T14:55:00Z,2026-08-26T10:55:00-04:00,2026-08-26,10:55,3268,Tango,Family Rides,true,0
2026-08-26T14:55:00Z,2026-08-26T10:55:00-04:00,2026-08-26,10:55,17428,Wave Swinger,Family Rides,true,0
2026-08-26T14:55:00Z,2026-08-26T10:55:00-04:00,2026-08-26,10:55,3232,Air Safari,Kids' Rides,true,0
2026-08-26T14:55:00Z,2026-08-26T10:55:00-04:00,2026-08-26,10:55,10461,Barnstormer,Kids' Rides,true,0
2026-08-26T14:55:00Z,2026-08-26T10:55:00-04:00,2026-08-26,10:55,3275,Bugaboo,Kids' Rides,true,0
2026-08-26T14:55:00Z,2026-08-26T10:55:00-04:00,2026-08-26,10:55,3277,Bugs Bunny Camp Carousel,Kids' Rides,true,0
2026-08-26T14:55:00Z,2026-08-26T10:55:00-04:00,2026-08-26,10:55,3279,Bugs Bunny Ranger Pilots,Kids' Rides,true,0
2026-08-26T14:55:00Z,2026-08-26T10:55:00-04:00,2026-08-26,10:55,3240,Daffy Duck Hot Air Balloons,Kids' Rides,true,0
2026-08-26T14:55:00Z,2026-08-26T10:55:00-04:00,2026-08-26,10:55,10077,Lil' Devil Coaster,Kids' Rides,true,0
2026-08-26T14:55:00Z,2026-08-26T10:55:00-04:00,2026-08-26,10:55,15617,Porky Pig Camp Wagons,Kids' Rides,true,0
2026-08-26T14:55:00Z,2026-08-26T10:55:00-04:00,2026-08-26,10:55,3257,Raja’s Rickshaws,Kids' Rides,true,0
2026-08-26T14:55:00Z,2026-08-26T10:55:00-04:00,2026-08-26,10:55,3274,Safari Off-Road Adventure,Kids' Rides,false,0
2026-08-26T14:55:00Z,2026-08-26T10:55:00-04:00,2026-08-26,10:55,3283,Saw Mill Log Flume,Kids' Rides,true,0
2026-08-26T14:55:00Z,2026-08-26T10:55:00-04:00,2026-08-26,10:55,3281,Sky Zooma,Kids' Rides,true,0
2026-08-26T14:55:00Z,2026-08-26T10:55:00-04:00,2026-08-26,10:55,15789,Storm Chaser,Kids' Rides,true,0
2026-08-26T14:55:00Z,2026-08-26T10:55:00-04:00,2026-08-26,10:55,3267,Super Round Up,Kids' Rides,true,0
2026-08-26T14:55:00Z,2026-08-26T10:55:00-04:00,2026-08-26,10:55,15594,Tree Top Hopper,Kids' Rides,true,0
2026-08-26T14:55:00Z,2026-08-26T10:55:00-04:00,2026-08-26,10:55,3233,BATMAN™ The Ride,Thrill Rides,true,0
2026-08-26T14:55:00Z,2026-08-26T10:55:00-04:00,2026-08-26,10:55,3243,El Toro,Thrill Rides,true,0
2026-08-26T14:55:00Z,2026-08-26T10:55:00-04:00,2026-08-26,10:55,8539,Jersey Devil Coaster,Thrill Rides,false,0
2026-08-26T14:55:00Z,2026-08-26T10:55:00-04:00,2026-08-26,10:55,3916,JUSTICE LEAGUE™: Battle for METROPOLIS,Thrill Rides,true,0
2026-08-26T14:55:00Z,2026-08-26T10:55:00-04:00,2026-08-26,10:55,10533,Medusa,Thrill Rides,true,0
2026-08-26T14:55:00Z,2026-08-26T10:55:00-04:00,2026-08-26,10:55,3253,Nitro,Thrill Rides,false,0
2026-08-26T14:55:00Z,2026-08-26T10:55:00-04:00,2026-08-26,10:55,3261,Runaway Train,Thrill Rides,false,0
2026-08-26T14:55:00Z,2026-08-26T10:55:00-04:00,2026-08-26,10:55,3262,Skull Mountain,Thrill Rides,true,0
2026-08-26T14:55:00Z,2026-08-26T10:55:00-04:00,2026-08-26,10:55,3263,SkyScreamer,Thrill Rides,true,0
2026-08-26T14:55:00Z,2026-08-26T10:55:00-04:00,2026-08-26,10:55,3282,Slingshot,Thrill Rides,false,0
2026-08-26T14:55:00Z,2026-08-26T10:55:00-04:00,2026-08-26,10:55,3266,SUPERMAN™: Ultimate Flight,Thrill Rides,false,0
2026-08-26T14:55:00Z,2026-08-26T10:55:00-04:00,2026-08-26,10:55,3271,THE DARK KNIGHT™ Coaster,Thrill Rides,false,0
2026-08-26T14:55:00Z,2026-08-26T10:55:00-04:00,2026-08-26,10:55,14537,THE FLASH™: Vertical Velocity,Thrill Rides,true,0
2026-08-26T14:55:00Z,2026-08-26T10:55:00-04:00,2026-08-26,10:55,3288,THE JOKER™,Thrill Rides,true,0
2026-08-26T14:55:00Z,2026-08-26T10:55:00-04:00,2026-08-26,10:55,3273,Wile E. Coyote Canyon Blaster,Thrill Rides,true,0
2026-08-26T14:55:00Z,2026-08-26T10:55:00-04:00,2026-08-26,10:55,6371,WONDER WOMAN™ Lasso of Truth,Thrill Rides,false,0
2026-08-26T15:00:00Z,2026-08-26T11:00:00-04:00,2026-08-26,11:00,3231,Air Jumbo,Family Rides,true,0
2026-08-26T15:00:00Z,2026-08-26T11:00:00-04:00,2026-08-26,11:00,17425,Barrels O’ Fun,Family Rides,true,0
2026-08-26T15:00:00Z,2026-08-26T11:00:00-04:00,2026-08-26,11:00,3270,Buccaneer,Family Rides,true,0
2026-08-26T15:00:00Z,2026-08-26T11:00:00-04:00,2026-08-26,11:00,3237,Carousel,Family Rides,true,0
2026-08-26T15:00:00Z,2026-08-26T11:00:00-04:00,2026-08-26,11:00,3244,Enchanted Teacups,Family Rides,true,0
2026-08-26T15:00:00Z,2026-08-26T11:00:00-04:00,2026-08-26,11:00,3245,Fender Benders,Family Rides,true,0
2026-08-26T15:00:00Z,2026-08-26T11:00:00-04:00,2026-08-26,11:00,17426,Flying Scooters,Family Rides,true,0
2026-08-26T15:00:00Z,2026-08-26T11:00:00-04:00,2026-08-26,11:00,15604,Giant Wheel,Family Rides,true,0
2026-08-26T15:00:00Z,2026-08-26T11:00:00-04:00,2026-08-26,11:00,3236,HARLEY QUINN™ Crazy Train,Family Rides,true,0
2026-08-26T15:00:00Z,2026-08-26T11:00:00-04:00,2026-08-26,11:00,3249,Houdini’s Great Escape,Family Rides,false,0
2026-08-26T15:00:00Z,2026-08-26T11:00:00-04:00,2026-08-26,11:00,17427,Hypno Twister,Family Rides,false,0
2026-08-26T15:00:00Z,2026-08-26T11:00:00-04:00,2026-08-26,11:00,3250,Jolly Roger,Family Rides,true,0
2026-08-26T15:00:00Z,2026-08-26T11:00:00-04:00,2026-08-26,11:00,15829,Roaring Rapids,Family Rides,false,0
2026-08-26T15:00:00Z,2026-08-26T11:00:00-04:00,2026-08-26,11:00,15727,Scrambler,Family Rides,true,0
2026-08-26T15:00:00Z,2026-08-26T11:00:00-04:00,2026-08-26,11:00,3268,Tango,Family Rides,true,0
2026-08-26T15:00:00Z,2026-08-26T11:00:00-04:00,2026-08-26,11:00,17428,Wave Swinger,Family Rides,true,0
2026-08-26T15:00:00Z,2026-08-26T11:00:00-04:00,2026-08-26,11:00,3232,Air Safari,Kids' Rides,true,0
2026-08-26T15:00:00Z,2026-08-26T11:00:00-04:00,2026-08-26,11:00,10461,Barnstormer,Kids' Rides,true,0
2026-08-26T15:00:00Z,2026-08-26T11:00:00-04:00,2026-08-26,11:00,3275,Bugaboo,Kids' Rides,true,0
2026-08-26T15:00:00Z,2026-08-26T11:00:00-04:00,2026-08-26,11:00,3277,Bugs Bunny Camp Carousel,Kids' Rides,true,0
2026-08-26T15:00:00Z,2026-08-26T11:00:00-04:00,2026-08-26,11:00,3279,Bugs Bunny Ranger Pilots,Kids' Rides,true,0
2026-08-26T15:00:00Z,2026-08-26T11:00:00-04:00,2026-08-26,11:00,3240,Daffy Duck Hot Air Balloons,Kids' Rides,true,0
2026-08-26T15:00:00Z,2026-08-26T11:00:00-04:00,2026-08-26,11:00,10077,Lil' Devil Coaster,Kids' Rides,true,0
2026-08-26T15:00:00Z,2026-08-26T11:00:00-04:00,2026-08-26,11:00,15617,Porky Pig Camp Wagons,Kids' Rides,true,0
2026-08-26T15:00:00Z,2026-08-26T11:00:00-04:00,2026-08-26,11:00,3257,Raja’s Rickshaws,Kids' Rides,true,0
2026-08-26T15:00:00Z,2026-08-26T11:00:00-04:00,2026-08-26,11:00,3274,Safari Off-Road Adventure,Kids' Rides,false,0
2026-08-26T15:00:00Z,2026-08-26T11:00:00-04:00,2026-08-26,11:00,3283,Saw Mill Log Flume,Kids' Rides,true,0
2026-08-26T15:00:00Z,2026-08-26T11:00:00-04:00,2026-08-26,11:00,3281,Sky Zooma,Kids' Rides,true,0
2026-08-26T15:00:00Z,2026-08-26T11:00:00-04:00,2026-08-26,11:00,15789,Storm Chaser,Kids' Rides,true,0
2026-08-26T15:00:00Z,2026-08-26T11:00:00-04:00,2026-08-26,11:00,3267,Super Round Up,Kids' Rides,true,0
2026-08-26T15:00:00Z,2026-08-26T11:00:00-04:00,2026-08-26,11:00,15594,Tree Top Hopper,Kids' Rides,true,0
2026-08-26T15:00:00Z,2026-08-26T11:00:00-04:00,2026-08-26,11:00,3233,BATMAN™ The Ride,Thrill Rides,true,0
2026-08-26T15:00:00Z,2026-08-26T11:00:00-04:00,2026-08-26,11:00,3243,El Toro,Thrill Rides,true,0
2026-08-26T15:00:00Z,2026-08-26T11:00:00-04:00,2026-08-26,11:00,8539,Jersey Devil Coaster,Thrill Rides,false,0
2026-08-26T15:00:00Z,2026-08-26T11:00:00-04:00,2026-08-26,11:00,3916,JUSTICE LEAGUE™: Battle for METROPOLIS,Thrill Rides,true,0
2026-08-26T15:00:00Z,2026-08-26T11:00:00-04:00,2026-08-26,11:00,10533,Medusa,Thrill Rides,true,0
2026-08-26T15:00:00Z,2026-08-26T11:00:00-04:00,2026-08-26,11:00,3253,Nitro,Thrill Rides,false,0
2026-08-26T15:00:00Z,2026-08-26T11:00:00-04:00,2026-08-26,11:00,3261,Runaway Train,Thrill Rides,false,0
2026-08-26T15:00:00Z,2026-08-26T11:00:00-04:00,2026-08-26,11:00,3262,Skull Mountain,Thrill Rides,true,0
2026-08-26T15:00:00Z,2026-08-26T11:00:00-04:00,2026-08-26,11:00,3263,SkyScreamer,Thrill Rides,true,0
2026-08-26T15:00:00Z,2026-08-26T11:00:00-04:00,2026-08-26,11:00,3282,Slingshot,Thrill Rides,false,0
2026-08-26T15:00:00Z,2026-08-26T11:00:00-04:00,2026-08-26,11:00,3266,SUPERMAN™: Ultimate Flight,Thrill Rides,false,0
2026-08-26T15:00:00Z,2026-08-26T11:00:00-04:00,2026-08-26,11:00,3271,THE DARK KNIGHT™ Coaster,Thrill Rides,false,0
2026-08-26T15:00:00Z,2026-08-26T11:00:00-04:00,2026-08-26,11:00,14537,THE FLASH™: Vertical Velocity,Thrill Rides,true,0
2026-08-26T15:00:00Z,2026-08-26T11:00:00-04:00,2026-08-26,11:00,3288,THE JOKER™,Thrill Rides,true,0
2026-08-26T15:00:00Z,2026-08-26T11:00:00-04:00,2026-08-26,11:00,3273,Wile E. Coyote Canyon Blaster,Thrill Rides,true,0
2026-08-26T15:00:00Z,2026-08-26T11:00:00-04:00,2026-08-26,11:00,6371,WONDER WOMAN™ Lasso of Truth,Thrill Rides,false,0
2026-08-26T15:05:00Z,2026-08-26T11:05:00-04:00,2026-08-26,11:05,3231,Air Jumbo,Family Rides,true,0
2026-08-26T15:05:00Z,2026-08-26T11:05:00-04:00,2026-08-26,11:05,17425,Barrels O’ Fun,Family Rides,true,0
2026-08-26T15:05:00Z,2026-08-26T11:05:00-04:00,2026-08-26,11:05,3270,Buccaneer,Family Rides,true,0
2026-08-26T15:05:00Z,2026-08-26T11:05:00-04:00,2026-08-26,11:05,3237,Carousel,Family Rides,true,0
2026-08-26T15:05:00Z,2026-08-26T11:05:00-04:00,2026-08-26,11:05,3244,Enchanted Teacups,Family Rides,true,0
2026-08-26T15:05:00Z,2026-08-26T11:05:00-04:00,2026-08-26,11:05,3245,Fender Benders,Family Rides,true,0
2026-08-26T15:05:00Z,2026-08-26T11:05:00-04:00,2026-08-26,11:05,17426,Flying Scooters,Family Rides,true,0
2026-08-26T15:05:00Z,2026-08-26T11:05:00-04:00,2026-08-26,11:05,15604,Giant Wheel,Family Rides,true,0
2026-08-26T15:05:00Z,2026-08-26T11:05:00-04:00,2026-08-26,11:05,3236,HARLEY QUINN™ Crazy Train,Family Rides,true,0
2026-08-26T15:05:00Z,2026-08-26T11:05:00-04:00,2026-08-26,11:05,3249,Houdini’s Great Escape,Family Rides,true,0
2026-08-26T15:05:00Z,2026-08-26T11:05:00-04:00,2026-08-26,11:05,17427,Hypno Twister,Family Rides,false,0
2026-08-26T15:05:00Z,2026-08-26T11:05:00-04:00,2026-08-26,11:05,3250,Jolly Roger,Family Rides,true,0
2026-08-26T15:05:00Z,2026-08-26T11:05:00-04:00,2026-08-26,11:05,15829,Roaring Rapids,Family Rides,false,0
2026-08-26T15:05:00Z,2026-08-26T11:05:00-04:00,2026-08-26,11:05,15727,Scrambler,Family Rides,true,0
2026-08-26T15:05:00Z,2026-08-26T11:05:00-04:00,2026-08-26,11:05,3268,Tango,Family Rides,true,0
2026-08-26T15:05:00Z,2026-08-26T11:05:00-04:00,2026-08-26,11:05,17428,Wave Swinger,Family Rides,true,0
2026-08-26T15:05:00Z,2026-08-26T11:05:00-04:00,2026-08-26,11:05,3232,Air Safari,Kids' Rides,true,0
2026-08-26T15:05:00Z,2026-08-26T11:05:00-04:00,2026-08-26,11:05,10461,Barnstormer,Kids' Rides,true,0
2026-08-26T15:05:00Z,2026-08-26T11:05:00-04:00,2026-08-26,11:05,3275,Bugaboo,Kids' Rides,true,0
2026-08-26T15:05:00Z,2026-08-26T11:05:00-04:00,2026-08-26,11:05,3277,Bugs Bunny Camp Carousel,Kids' Rides,true,0
2026-08-26T15:05:00Z,2026-08-26T11:05:00-04:00,2026-08-26,11:05,3279,Bugs Bunny Ranger Pilots,Kids' Rides,true,0
2026-08-26T15:05:00Z,2026-08-26T11:05:00-04:00,2026-08-26,11:05,3240,Daffy Duck Hot Air Balloons,Kids' Rides,true,0
2026-08-26T15:05:00Z,2026-08-26T11:05:00-04:00,2026-08-26,11:05,10077,Lil' Devil Coaster,Kids' Rides,true,0
2026-08-26T15:05:00Z,2026-08-26T11:05:00-04:00,2026-08-26,11:05,15617,Porky Pig Camp Wagons,Kids' Rides,true,0
2026-08-26T15:05:00Z,2026-08-26T11:05:00-04:00,2026-08-26,11:05,3257,Raja’s Rickshaws,Kids' Rides,true,0
2026-08-26T15:05:00Z,2026-08-26T11:05:00-04:00,2026-08-26,11:05,3274,Safari Off-Road Adventure,Kids' Rides,false,0
2026-08-26T15:05:00Z,2026-08-26T11:05:00-04:00,2026-08-26,11:05,3283,Saw Mill Log Flume,Kids' Rides,true,0
2026-08-26T15:05:00Z,2026-08-26T11:05:00-04:00,2026-08-26,11:05,3281,Sky Zooma,Kids' Rides,true,0
2026-08-26T15:05:00Z,2026-08-26T11:05:00-04:00,2026-08-26,11:05,15789,Storm Chaser,Kids' Rides,true,0
2026-08-26T15:05:00Z,2026-08-26T11:05:00-04:00,2026-08-26,11:05,3267,Super Round Up,Kids' Rides,true,0
2026-08-26T15:05:00Z,2026-08-26T11:05:00-04:00,2026-08-26,11:05,15594,Tree Top Hopper,Kids' Rides,true,0
2026-08-26T15:05:00Z,2026-08-26T11:05:00-04:00,2026-08-26,11:05,3233,BATMAN™ The Ride,Thrill Rides,true,0
2026-08-26T15:05:00Z,2026-08-26T11:05:00-04:00,2026-08-26,11:05,3243,El Toro,Thrill Rides,false,0
2026-08-26T15:05:00Z,2026-08-26T11:05:00-04:00,2026-08-26,11:05,8539,Jersey Devil Coaster,Thrill Rides,true,0
2026-08-26T15:05:00Z,2026-08-26T11:05:00-04:00,2026-08-26,11:05,3916,JUSTICE LEAGUE™: Battle for METROPOLIS,Thrill Rides,true,0
2026-08-26T15:05:00Z,2026-08-26T11:05:00-04:00,2026-08-26,11:05,10533,Medusa,Thrill Rides,true,0
2026-08-26T15:05:00Z,2026-08-26T11:05:00-04:00,2026-08-26,11:05,3253,Nitro,Thrill Rides,false,0
2026-08-26T15:05:00Z,2026-08-26T11:05:00-04:00,2026-08-26,11:05,3261,Runaway Train,Thrill Rides,false,0
2026-08-26T15:05:00Z,2026-08-26T11:05:00-04:00,2026-08-26,11:05,3262,Skull Mountain,Thrill Rides,true,0
2026-08-26T15:05:00Z,2026-08-26T11:05:00-04:00,2026-08-26,11:05,3263,SkyScreamer,Thrill Rides,true,0
2026-08-26T15:05:00Z,2026-08-26T11:05:00-04:00,2026-08-26,11:05,3282,Slingshot,Thrill Rides,false,0
2026-08-26T15:05:00Z,2026-08-26T11:05:00-04:00,2026-08-26,11:05,3266,SUPERMAN™: Ultimate Flight,Thrill Rides,true,0
2026-08-26T15:05:00Z,2026-08-26T11:05:00-04:00,2026-08-26,11:05,3271,THE DARK KNIGHT™ Coaster,Thrill Rides,false,0
2026-08-26T15:05:00Z,2026-08-26T11:05:00-04:00,2026-08-26,11:05,14537,THE FLASH™: Vertical Velocity,Thrill Rides,true,45
2026-08-26T15:05:00Z,2026-08-26T11:05:00-04:00,2026-08-26,11:05,3288,THE JOKER™,Thrill Rides,true,0
2026-08-26T15:05:00Z,2026-08-26T11:05:00-04:00,2026-08-26,11:05,3273,Wile E. Coyote Canyon Blaster,Thrill Rides,true,0
2026-08-26T15:05:00Z,2026-08-26T11:05:00-04:00,2026-08-26,11:05,6371,WONDER WOMAN™ Lasso of Truth,Thrill Rides,false,0
2026-08-26T15:10:00Z,2026-08-26T11:10:00-04:00,2026-08-26,11:10,3231,Air Jumbo,Family Rides,true,0
2026-08-26T15:10:00Z,2026-08-26T11:10:00-04:00,2026-08-26,11:10,17425,Barrels O’ Fun,Family Rides,true,0
2026-08-26T15:10:00Z,2026-08-26T11:10:00-04:00,2026-08-26,11:10,3270,Buccaneer,Family Rides,true,0
2026-08-26T15:10:00Z,2026-08-26T11:10:00-04:00,2026-08-26,11:10,3237,Carousel,Family Rides,true,0
2026-08-26T15:10:00Z,2026-08-26T11:10:00-04:00,2026-08-26,11:10,3244,Enchanted Teacups,Family Rides,true,0
2026-08-26T15:10:00Z,2026-08-26T11:10:00-04:00,2026-08-26,11:10,3245,Fender Benders,Family Rides,true,0
2026-08-26T15:10:00Z,2026-08-26T11:10:00-04:00,2026-08-26,11:10,17426,Flying Scooters,Family Rides,true,0
2026-08-26T15:10:00Z,2026-08-26T11:10:00-04:00,2026-08-26,11:10,15604,Giant Wheel,Family Rides,true,0
2026-08-26T15:10:00Z,2026-08-26T11:10:00-04:00,2026-08-26,11:10,3236,HARLEY QUINN™ Crazy Train,Family Rides,true,0
2026-08-26T15:10:00Z,2026-08-26T11:10:00-04:00,2026-08-26,11:10,3249,Houdini’s Great Escape,Family Rides,true,0
2026-08-26T15:10:00Z,2026-08-26T11:10:00-04:00,2026-08-26,11:10,17427,Hypno Twister,Family Rides,false,0
2026-08-26T15:10:00Z,2026-08-26T11:10:00-04:00,2026-08-26,11:10,3250,Jolly Roger,Family Rides,true,0
2026-08-26T15:10:00Z,2026-08-26T11:10:00-04:00,2026-08-26,11:10,15829,Roaring Rapids,Family Rides,false,0
2026-08-26T15:10:00Z,2026-08-26T11:10:00-04:00,2026-08-26,11:10,15727,Scrambler,Family Rides,true,0
2026-08-26T15:10:00Z,2026-08-26T11:10:00-04:00,2026-08-26,11:10,3268,Tango,Family Rides,true,0
2026-08-26T15:10:00Z,2026-08-26T11:10:00-04:00,2026-08-26,11:10,17428,Wave Swinger,Family Rides,true,0
2026-08-26T15:10:00Z,2026-08-26T11:10:00-04:00,2026-08-26,11:10,3232,Air Safari,Kids' Rides,true,0
2026-08-26T15:10:00Z,2026-08-26T11:10:00-04:00,2026-08-26,11:10,10461,Barnstormer,Kids' Rides,true,0
2026-08-26T15:10:00Z,2026-08-26T11:10:00-04:00,2026-08-26,11:10,3275,Bugaboo,Kids' Rides,true,0
2026-08-26T15:10:00Z,2026-08-26T11:10:00-04:00,2026-08-26,11:10,3277,Bugs Bunny Camp Carousel,Kids' Rides,true,0
2026-08-26T15:10:00Z,2026-08-26T11:10:00-04:00,2026-08-26,11:10,3279,Bugs Bunny Ranger Pilots,Kids' Rides,true,0
2026-08-26T15:10:00Z,2026-08-26T11:10:00-04:00,2026-08-26,11:10,3240,Daffy Duck Hot Air Balloons,Kids' Rides,true,0
2026-08-26T15:10:00Z,2026-08-26T11:10:00-04:00,2026-08-26,11:10,10077,Lil' Devil Coaster,Kids' Rides,true,0
2026-08-26T15:10:00Z,2026-08-26T11:10:00-04:00,2026-08-26,11:10,15617,Porky Pig Camp Wagons,Kids' Rides,true,0
2026-08-26T15:10:00Z,2026-08-26T11:10:00-04:00,2026-08-26,11:10,3257,Raja’s Rickshaws,Kids' Rides,true,0
2026-08-26T15:10:00Z,2026-08-26T11:10:00-04:00,2026-08-26,11:10,3274,Safari Off-Road Adventure,Kids' Rides,false,0
2026-08-26T15:10:00Z,2026-08-26T11:10:00-04:00,2026-08-26,11:10,3283,Saw Mill Log Flume,Kids' Rides,true,0
2026-08-26T15:10:00Z,2026-08-26T11:10:00-04:00,2026-08-26,11:10,3281,Sky Zooma,Kids' Rides,true,0
2026-08-26T15:10:00Z,2026-08-26T11:10:00-04:00,2026-08-26,11:10,15789,Storm Chaser,Kids' Rides,true,0
2026-08-26T15:10:00Z,2026-08-26T11:10:00-04:00,2026-08-26,11:10,3267,Super Round Up,Kids' Rides,true,0
2026-08-26T15:10:00Z,2026-08-26T11:10:00-04:00,2026-08-26,11:10,15594,Tree Top Hopper,Kids' Rides,true,0
2026-08-26T15:10:00Z,2026-08-26T11:10:00-04:00,2026-08-26,11:10,3233,BATMAN™ The Ride,Thrill Rides,true,0
2026-08-26T15:10:00Z,2026-08-26T11:10:00-04:00,2026-08-26,11:10,3243,El Toro,Thrill Rides,false,0
2026-08-26T15:10:00Z,2026-08-26T11:10:00-04:00,2026-08-26,11:10,8539,Jersey Devil Coaster,Thrill Rides,true,0
2026-08-26T15:10:00Z,2026-08-26T11:10:00-04:00,2026-08-26,11:10,3916,JUSTICE LEAGUE™: Battle for METROPOLIS,Thrill Rides,true,0
2026-08-26T15:10:00Z,2026-08-26T11:10:00-04:00,2026-08-26,11:10,10533,Medusa,Thrill Rides,true,0
2026-08-26T15:10:00Z,2026-08-26T11:10:00-04:00,2026-08-26,11:10,3253,Nitro,Thrill Rides,false,0
2026-08-26T15:10:00Z,2026-08-26T11:10:00-04:00,2026-08-26,11:10,3261,Runaway Train,Thrill Rides,false,0
2026-08-26T15:10:00Z,2026-08-26T11:10:00-04:00,2026-08-26,11:10,3262,Skull Mountain,Thrill Rides,true,0
2026-08-26T15:10:00Z,2026-08-26T11:10:00-04:00,2026-08-26,11:10,3263,SkyScreamer,Thrill Rides,true,0
2026-08-26T15:10:00Z,2026-08-26T11:10:00-04:00,2026-08-26,11:10,3282,Slingshot,Thrill Rides,false,0
2026-08-26T15:10:00Z,2026-08-26T11:10:00-04:00,2026-08-26,11:10,3266,SUPERMAN™: Ultimate Flight,Thrill Rides,true,0
2026-08-26T15:10:00Z,2026-08-26T11:10:00-04:00,2026-08-26,11:10,3271,THE DARK KNIGHT™ Coaster,Thrill Rides,false,0
2026-08-26T15:10:00Z,2026-08-26T11:10:00-04:00,2026-08-26,11:10,14537,THE FLASH™: Vertical Velocity,Thrill Rides,true,45
2026-08-26T15:10:00Z,2026-08-26T11:10:00-04:00,2026-08-26,11:10,3288,THE JOKER™,Thrill Rides,true,0
2026-08-26T15:10:00Z,2026-08-26T11:10:00-04:00,2026-08-26,11:10,3273,Wile E. Coyote Canyon Blaster,Thrill Rides,true,0
2026-08-26T15:10:00Z,2026-08-26T11:10:00-04:00,2026-08-26,11:10,6371,WONDER WOMAN™ Lasso of Truth,Thrill Rides,false,0
2026-08-26T15:15:00Z,2026-08-26T11:15:00-04:00,2026-08-26,11:15,3231,Air Jumbo,Family Rides,true,0
2026-08-26T15:15:00Z,2026-08-26T11:15:00-04:00,2026-08-26,11:15,17425,Barrels O’ Fun,Family Rides,true,0
2026-08-26T15:15:00Z,2026-08-26T11:15:00-04:00,2026-08-26,11:15,3270,Buccaneer,Family Rides,true,0
2026-08-26T15:15:00Z,2026-08-26T11:15:00-04:00,2026-08-26,11:15,3237,Carousel,Family Rides,true,0
2026-08-26T15:15:00Z,2026-08-26T11:15:00-04:00,2026-08-26,11:15,3244,Enchanted Teacups,Family Rides,true,0
2026-08-26T15:15:00Z,2026-08-26T11:15:00-04:00,2026-08-26,11:15,3245,Fender Benders,Family Rides,true,0
2026-08-26T15:15:00Z,2026-08-26T11:15:00-04:00,2026-08-26,11:15,17426,Flying Scooters,Family Rides,true,0
2026-08-26T15:15:00Z,2026-08-26T11:15:00-04:00,2026-08-26,11:15,15604,Giant Wheel,Family Rides,true,0
2026-08-26T15:15:00Z,2026-08-26T11:15:00-04:00,2026-08-26,11:15,3236,HARLEY QUINN™ Crazy Train,Family Rides,true,0
2026-08-26T15:15:00Z,2026-08-26T11:15:00-04:00,2026-08-26,11:15,3249,Houdini’s Great Escape,Family Rides,true,0
2026-08-26T15:15:00Z,2026-08-26T11:15:00-04:00,2026-08-26,11:15,17427,Hypno Twister,Family Rides,false,0
2026-08-26T15:15:00Z,2026-08-26T11:15:00-04:00,2026-08-26,11:15,3250,Jolly Roger,Family Rides,true,0
2026-08-26T15:15:00Z,2026-08-26T11:15:00-04:00,2026-08-26,11:15,15829,Roaring Rapids,Family Rides,false,0
2026-08-26T15:15:00Z,2026-08-26T11:15:00-04:00,2026-08-26,11:15,15727,Scrambler,Family Rides,true,0
2026-08-26T15:15:00Z,2026-08-26T11:15:00-04:00,2026-08-26,11:15,3268,Tango,Family Rides,true,0
2026-08-26T15:15:00Z,2026-08-26T11:15:00-04:00,2026-08-26,11:15,17428,Wave Swinger,Family Rides,true,0
2026-08-26T15:15:00Z,2026-08-26T11:15:00-04:00,2026-08-26,11:15,3232,Air Safari,Kids' Rides,true,0
2026-08-26T15:15:00Z,2026-08-26T11:15:00-04:00,2026-08-26,11:15,10461,Barnstormer,Kids' Rides,false,0
2026-08-26T15:15:00Z,2026-08-26T11:15:00-04:00,2026-08-26,11:15,3275,Bugaboo,Kids' Rides,true,0
2026-08-26T15:15:00Z,2026-08-26T11:15:00-04:00,2026-08-26,11:15,3277,Bugs Bunny Camp Carousel,Kids' Rides,true,0
2026-08-26T15:15:00Z,2026-08-26T11:15:00-04:00,2026-08-26,11:15,3279,Bugs Bunny Ranger Pilots,Kids' Rides,true,0
2026-08-26T15:15:00Z,2026-08-26T11:15:00-04:00,2026-08-26,11:15,3240,Daffy Duck Hot Air Balloons,Kids' Rides,true,0
2026-08-26T15:15:00Z,2026-08-26T11:15:00-04:00,2026-08-26,11:15,10077,Lil' Devil Coaster,Kids' Rides,true,0
2026-08-26T15:15:00Z,2026-08-26T11:15:00-04:00,2026-08-26,11:15,15617,Porky Pig Camp Wagons,Kids' Rides,true,0
2026-08-26T15:15:00Z,2026-08-26T11:15:00-04:00,2026-08-26,11:15,3257,Raja’s Rickshaws,Kids' Rides,true,0
2026-08-26T15:15:00Z,2026-08-26T11:15:00-04:00,2026-08-26,11:15,3274,Safari Off-Road Adventure,Kids' Rides,false,0
2026-08-26T15:15:00Z,2026-08-26T11:15:00-04:00,2026-08-26,11:15,3283,Saw Mill Log Flume,Kids' Rides,true,0
2026-08-26T15:15:00Z,2026-08-26T11:15:00-04:00,2026-08-26,11:15,3281,Sky Zooma,Kids' Rides,true,0
2026-08-26T15:15:00Z,2026-08-26T11:15:00-04:00,2026-08-26,11:15,15789,Storm Chaser,Kids' Rides,true,0
2026-08-26T15:15:00Z,2026-08-26T11:15:00-04:00,2026-08-26,11:15,3267,Super Round Up,Kids' Rides,true,0
2026-08-26T15:15:00Z,2026-08-26T11:15:00-04:00,2026-08-26,11:15,15594,Tree Top Hopper,Kids' Rides,true,0
2026-08-26T15:15:00Z,2026-08-26T11:15:00-04:00,2026-08-26,11:15,3233,BATMAN™ The Ride,Thrill Rides,true,0
2026-08-26T15:15:00Z,2026-08-26T11:15:00-04:00,2026-08-26,11:15,3243,El Toro,Thrill Rides,true,0
2026-08-26T15:15:00Z,2026-08-26T11:15:00-04:00,2026-08-26,11:15,8539,Jersey Devil Coaster,Thrill Rides,true,0
2026-08-26T15:15:00Z,2026-08-26T11:15:00-04:00,2026-08-26,11:15,3916,JUSTICE LEAGUE™: Battle for METROPOLIS,Thrill Rides,true,0
2026-08-26T15:15:00Z,2026-08-26T11:15:00-04:00,2026-08-26,11:15,10533,Medusa,Thrill Rides,true,0
2026-08-26T15:15:00Z,2026-08-26T11:15:00-04:00,2026-08-26,11:15,3253,Nitro,Thrill Rides,true,0
2026-08-26T15:15:00Z,2026-08-26T11:15:00-04:00,2026-08-26,11:15,3261,Runaway Train,Thrill Rides,false,0
2026-08-26T15:15:00Z,2026-08-26T11:15:00-04:00,2026-08-26,11:15,3262,Skull Mountain,Thrill Rides,true,0
2026-08-26T15:15:00Z,2026-08-26T11:15:00-04:00,2026-08-26,11:15,3263,SkyScreamer,Thrill Rides,true,0
2026-08-26T15:15:00Z,2026-08-26T11:15:00-04:00,2026-08-26,11:15,3282,Slingshot,Thrill Rides,false,0
2026-08-26T15:15:00Z,2026-08-26T11:15:00-04:00,2026-08-26,11:15,3266,SUPERMAN™: Ultimate Flight,Thrill Rides,true,0
2026-08-26T15:15:00Z,2026-08-26T11:15:00-04:00,2026-08-26,11:15,3271,THE DARK KNIGHT™ Coaster,Thrill Rides,true,0
2026-08-26T15:15:00Z,2026-08-26T11:15:00-04:00,2026-08-26,11:15,14537,THE FLASH™: Vertical Velocity,Thrill Rides,true,45
2026-08-26T15:15:00Z,2026-08-26T11:15:00-04:00,2026-08-26,11:15,3288,THE JOKER™,Thrill Rides,true,0
2026-08-26T15:15:00Z,2026-08-26T11:15:00-04:00,2026-08-26,11:15,3273,Wile E. Coyote Canyon Blaster,Thrill Rides,true,0
2026-08-26T15:15:00Z,2026-08-26T11:15:00-04:00,2026-08-26,11:15,6371,WONDER WOMAN™ Lasso of Truth,Thrill Rides,false,0
2026-08-26T15:20:00Z,2026-08-26T11:20:00-04:00,2026-08-26,11:20,3231,Air Jumbo,Family Rides,true,0
2026-08-26T15:20:00Z,2026-08-26T11:20:00-04:00,2026-08-26,11:20,17425,Barrels O’ Fun,Family Rides,true,0
2026-08-26T15:20:00Z,2026-08-26T11:20:00-04:00,2026-08-26,11:20,3270,Buccaneer,Family Rides,true,0
2026-08-26T15:20:00Z,2026-08-26T11:20:00-04:00,2026-08-26,11:20,3237,Carousel,Family Rides,true,0
2026-08-26T15:20:00Z,2026-08-26T11:20:00-04:00,2026-08-26,11:20,3244,Enchanted Teacups,Family Rides,true,0
2026-08-26T15:20:00Z,2026-08-26T11:20:00-04:00,2026-08-26,11:20,3245,Fender Benders,Family Rides,true,0
2026-08-26T15:20:00Z,2026-08-26T11:20:00-04:00,2026-08-26,11:20,17426,Flying Scooters,Family Rides,true,0
2026-08-26T15:20:00Z,2026-08-26T11:20:00-04:00,2026-08-26,11:20,15604,Giant Wheel,Family Rides,true,0
2026-08-26T15:20:00Z,2026-08-26T11:20:00-04:00,2026-08-26,11:20,3236,HARLEY QUINN™ Crazy Train,Family Rides,true,0
2026-08-26T15:20:00Z,2026-08-26T11:20:00-04:00,2026-08-26,11:20,3249,Houdini’s Great Escape,Family Rides,true,0
2026-08-26T15:20:00Z,2026-08-26T11:20:00-04:00,2026-08-26,11:20,17427,Hypno Twister,Family Rides,false,0
2026-08-26T15:20:00Z,2026-08-26T11:20:00-04:00,2026-08-26,11:20,3250,Jolly Roger,Family Rides,true,0
2026-08-26T15:20:00Z,2026-08-26T11:20:00-04:00,2026-08-26,11:20,15829,Roaring Rapids,Family Rides,false,0
2026-08-26T15:20:00Z,2026-08-26T11:20:00-04:00,2026-08-26,11:20,15727,Scrambler,Family Rides,true,0
2026-08-26T15:20:00Z,2026-08-26T11:20:00-04:00,2026-08-26,11:20,3268,Tango,Family Rides,true,0
2026-08-26T15:20:00Z,2026-08-26T11:20:00-04:00,2026-08-26,11:20,17428,Wave Swinger,Family Rides,true,0
2026-08-26T15:20:00Z,2026-08-26T11:20:00-04:00,2026-08-26,11:20,3232,Air Safari,Kids' Rides,true,0
2026-08-26T15:20:00Z,2026-08-26T11:20:00-04:00,2026-08-26,11:20,10461,Barnstormer,Kids' Rides,false,0
2026-08-26T15:20:00Z,2026-08-26T11:20:00-04:00,2026-08-26,11:20,3275,Bugaboo,Kids' Rides,true,0
2026-08-26T15:20:00Z,2026-08-26T11:20:00-04:00,2026-08-26,11:20,3277,Bugs Bunny Camp Carousel,Kids' Rides,true,0
2026-08-26T15:20:00Z,2026-08-26T11:20:00-04:00,2026-08-26,11:20,3279,Bugs Bunny Ranger Pilots,Kids' Rides,true,0
2026-08-26T15:20:00Z,2026-08-26T11:20:00-04:00,2026-08-26,11:20,3240,Daffy Duck Hot Air Balloons,Kids' Rides,true,0
2026-08-26T15:20:00Z,2026-08-26T11:20:00-04:00,2026-08-26,11:20,10077,Lil' Devil Coaster,Kids' Rides,true,0
2026-08-26T15:20:00Z,2026-08-26T11:20:00-04:00,2026-08-26,11:20,15617,Porky Pig Camp Wagons,Kids' Rides,true,0
2026-08-26T15:20:00Z,2026-08-26T11:20:00-04:00,2026-08-26,11:20,3257,Raja’s Rickshaws,Kids' Rides,true,0
2026-08-26T15:20:00Z,2026-08-26T11:20:00-04:00,2026-08-26,11:20,3274,Safari Off-Road Adventure,Kids' Rides,false,0
2026-08-26T15:20:00Z,2026-08-26T11:20:00-04:00,2026-08-26,11:20,3283,Saw Mill Log Flume,Kids' Rides,true,0
2026-08-26T15:20:00Z,2026-08-26T11:20:00-04:00,2026-08-26,11:20,3281,Sky Zooma,Kids' Rides,true,0
2026-08-26T15:20:00Z,2026-08-26T11:20:00-04:00,2026-08-26,11:20,15789,Storm Chaser,Kids' Rides,true,0
2026-08-26T15:20:00Z,2026-08-26T11:20:00-04:00,2026-08-26,11:20,3267,Super Round Up,Kids' Rides,true,0
2026-08-26T15:20:00Z,2026-08-26T11:20:00-04:00,2026-08-26,11:20,15594,Tree Top Hopper,Kids' Rides,true,0
2026-08-26T15:20:00Z,2026-08-26T11:20:00-04:00,2026-08-26,11:20,3233,BATMAN™ The Ride,Thrill Rides,true,0
2026-08-26T15:20:00Z,2026-08-26T11:20:00-04:00,2026-08-26,11:20,3243,El Toro,Thrill Rides,true,0
2026-08-26T15:20:00Z,2026-08-26T11:20:00-04:00,2026-08-26,11:20,8539,Jersey Devil Coaster,Thrill Rides,true,0
2026-08-26T15:20:00Z,2026-08-26T11:20:00-04:00,2026-08-26,11:20,3916,JUSTICE LEAGUE™: Battle for METROPOLIS,Thrill Rides,true,0
2026-08-26T15:20:00Z,2026-08-26T11:20:00-04:00,2026-08-26,11:20,10533,Medusa,Thrill Rides,true,0
2026-08-26T15:20:00Z,2026-08-26T11:20:00-04:00,2026-08-26,11:20,3253,Nitro,Thrill Rides,true,0
2026-08-26T15:20:00Z,2026-08-26T11:20:00-04:00,2026-08-26,11:20,3261,Runaway Train,Thrill Rides,false,0
2026-08-26T15:20:00Z,2026-08-26T11:20:00-04:00,2026-08-26,11:20,3262,Skull Mountain,Thrill Rides,true,0
2026-08-26T15:20:00Z,2026-08-26T11:20:00-04:00,2026-08-26,11:20,3263,SkyScreamer,Thrill Rides,true,0
2026-08-26T15:20:00Z,2026-08-26T11:20:00-04:00,2026-08-26,11:20,3282,Slingshot,Thrill Rides,false,0
2026-08-26T15:20:00Z,2026-08-26T11:20:00-04:00,2026-08-26,11:20,3266,SUPERMAN™: Ultimate Flight,Thrill Rides,true,0
2026-08-26T15:20:00Z,2026-08-26T11:20:00-04:00,2026-08-26,11:20,3271,THE DARK KNIGHT™ Coaster,Thrill Rides,true,0
2026-08-26T15:20:00Z,2026-08-26T11:20:00-04:00,2026-08-26,11:20,14537,THE FLASH™: Vertical Velocity,Thrill Rides,true,45
2026-08-26T15:20:00Z,2026-08-26T11:20:00-04:00,2026-08-26,11:20,3288,THE JOKER™,Thrill Rides,true,0
2026-08-26T15:20:00Z,2026-08-26T11:20:00-04:00,2026-08-26,11:20,3273,Wile E. Coyote Canyon Blaster,Thrill Rides,true,0
2026-08-26T15:20:00Z,2026-08-26T11:20:00-04:00,2026-08-26,11:20,6371,WONDER WOMAN™ Lasso of Truth,Thrill Rides,false,0
2026-08-26T15:25:00Z,2026-08-26T11:25:00-04:00,2026-08-26,11:25,3231,Air Jumbo,Family Rides,true,0
2026-08-26T15:25:00Z,2026-08-26T11:25:00-04:00,2026-08-26,11:25,17425,Barrels O’ Fun,Family Rides,true,0
2026-08-26T15:25:00Z,2026-08-26T11:25:00-04:00,2026-08-26,11:25,3270,Buccaneer,Family Rides,true,0
2026-08-26T15:25:00Z,2026-08-26T11:25:00-04:00,2026-08-26,11:25,3237,Carousel,Family Rides,true,0
2026-08-26T15:25:00Z,2026-08-26T11:25:00-04:00,2026-08-26,11:25,3244,Enchanted Teacups,Family Rides,true,0
2026-08-26T15:25:00Z,2026-08-26T11:25:00-04:00,2026-08-26,11:25,3245,Fender Benders,Family Rides,true,0
2026-08-26T15:25:00Z,2026-08-26T11:25:00-04:00,2026-08-26,11:25,17426,Flying Scooters,Family Rides,true,0
2026-08-26T15:25:00Z,2026-08-26T11:25:00-04:00,2026-08-26,11:25,15604,Giant Wheel,Family Rides,true,0
2026-08-26T15:25:00Z,2026-08-26T11:25:00-04:00,2026-08-26,11:25,3236,HARLEY QUINN™ Crazy Train,Family Rides,true,0
2026-08-26T15:25:00Z,2026-08-26T11:25:00-04:00,2026-08-26,11:25,3249,Houdini’s Great Escape,Family Rides,true,0
2026-08-26T15:25:00Z,2026-08-26T11:25:00-04:00,2026-08-26,11:25,17427,Hypno Twister,Family Rides,false,0
2026-08-26T15:25:00Z,2026-08-26T11:25:00-04:00,2026-08-26,11:25,3250,Jolly Roger,Family Rides,true,0
2026-08-26T15:25:00Z,2026-08-26T11:25:00-04:00,2026-08-26,11:25,15829,Roaring Rapids,Family Rides,false,0
2026-08-26T15:25:00Z,2026-08-26T11:25:00-04:00,2026-08-26,11:25,15727,Scrambler,Family Rides,true,0
2026-08-26T15:25:00Z,2026-08-26T11:25:00-04:00,2026-08-26,11:25,3268,Tango,Family Rides,true,0
2026-08-26T15:25:00Z,2026-08-26T11:25:00-04:00,2026-08-26,11:25,17428,Wave Swinger,Family Rides,true,0
2026-08-26T15:25:00Z,2026-08-26T11:25:00-04:00,2026-08-26,11:25,3232,Air Safari,Kids' Rides,true,0
2026-08-26T15:25:00Z,2026-08-26T11:25:00-04:00,2026-08-26,11:25,10461,Barnstormer,Kids' Rides,true,0
2026-08-26T15:25:00Z,2026-08-26T11:25:00-04:00,2026-08-26,11:25,3275,Bugaboo,Kids' Rides,true,0
2026-08-26T15:25:00Z,2026-08-26T11:25:00-04:00,2026-08-26,11:25,3277,Bugs Bunny Camp Carousel,Kids' Rides,true,0
2026-08-26T15:25:00Z,2026-08-26T11:25:00-04:00,2026-08-26,11:25,3279,Bugs Bunny Ranger Pilots,Kids' Rides,true,0
2026-08-26T15:25:00Z,2026-08-26T11:25:00-04:00,2026-08-26,11:25,3240,Daffy Duck Hot Air Balloons,Kids' Rides,true,0
2026-08-26T15:25:00Z,2026-08-26T11:25:00-04:00,2026-08-26,11:25,10077,Lil' Devil Coaster,Kids' Rides,true,0
2026-08-26T15:25:00Z,2026-08-26T11:25:00-04:00,2026-08-26,11:25,15617,Porky Pig Camp Wagons,Kids' Rides,true,0
2026-08-26T15:25:00Z,2026-08-26T11:25:00-04:00,2026-08-26,11:25,3257,Raja’s Rickshaws,Kids' Rides,true,0
2026-08-26T15:25:00Z,2026-08-26T11:25:00-04:00,2026-08-26,11:25,3274,Safari Off-Road Adventure,Kids' Rides,false,0
2026-08-26T15:25:00Z,2026-08-26T11:25:00-04:00,2026-08-26,11:25,3283,Saw Mill Log Flume,Kids' Rides,true,0
2026-08-26T15:25:00Z,2026-08-26T11:25:00-04:00,2026-08-26,11:25,3281,Sky Zooma,Kids' Rides,true,0
2026-08-26T15:25:00Z,2026-08-26T11:25:00-04:00,2026-08-26,11:25,15789,Storm Chaser,Kids' Rides,true,0
2026-08-26T15:25:00Z,2026-08-26T11:25:00-04:00,2026-08-26,11:25,3267,Super Round Up,Kids' Rides,true,0
2026-08-26T15:25:00Z,2026-08-26T11:25:00-04:00,2026-08-26,11:25,15594,Tree Top Hopper,Kids' Rides,true,0
2026-08-26T15:25:00Z,2026-08-26T11:25:00-04:00,2026-08-26,11:25,3233,BATMAN™ The Ride,Thrill Rides,true,0
2026-08-26T15:25:00Z,2026-08-26T11:25:00-04:00,2026-08-26,11:25,3243,El Toro,Thrill Rides,true,0
2026-08-26T15:25:00Z,2026-08-26T11:25:00-04:00,2026-08-26,11:25,8539,Jersey Devil Coaster,Thrill Rides,true,0
2026-08-26T15:25:00Z,2026-08-26T11:25:00-04:00,2026-08-26,11:25,3916,JUSTICE LEAGUE™: Battle for METROPOLIS,Thrill Rides,true,0
2026-08-26T15:25:00Z,2026-08-26T11:25:00-04:00,2026-08-26,11:25,10533,Medusa,Thrill Rides,true,0
2026-08-26T15:25:00Z,2026-08-26T11:25:00-04:00,2026-08-26,11:25,3253,Nitro,Thrill Rides,true,0
2026-08-26T15:25:00Z,2026-08-26T11:25:00-04:00,2026-08-26,11:25,3261,Runaway Train,Thrill Rides,false,0
2026-08-26T15:25:00Z,2026-08-26T11:25:00-04:00,2026-08-26,11:25,3262,Skull Mountain,Thrill Rides,true,0
2026-08-26T15:25:00Z,2026-08-26T11:25:00-04:00,2026-08-26,11:25,3263,SkyScreamer,Thrill Rides,true,0
2026-08-26T15:25:00Z,2026-08-26T11:25:00-04:00,2026-08-26,11:25,3282,Slingshot,Thrill Rides,false,0
2026-08-26T15:25:00Z,2026-08-26T11:25:00-04:00,2026-08-26,11:25,3266,SUPERMAN™: Ultimate Flight,Thrill Rides,true,0
2026-08-26T15:25:00Z,2026-08-26T11:25:00-04:00,2026-08-26,11:25,3271,THE DARK KNIGHT™ Coaster,Thrill Rides,true,0
2026-08-26T15:25:00Z,2026-08-26T11:25:00-04:00,2026-08-26,11:25,14537,THE FLASH™: Vertical Velocity,Thrill Rides,true,60
2026-08-26T15:25:00Z,2026-08-26T11:25:00-04:00,2026-08-26,11:25,3288,THE JOKER™,Thrill Rides,true,0
2026-08-26T15:25:00Z,2026-08-26T11:25:00-04:00,2026-08-26,11:25,3273,Wile E. Coyote Canyon Blaster,Thrill Rides,true,0
2026-08-26T15:25:00Z,2026-08-26T11:25:00-04:00,2026-08-26,11:25,6371,WONDER WOMAN™ Lasso of Truth,Thrill Rides,false,0
2026-08-26T15:30:00Z,2026-08-26T11:30:00-04:00,2026-08-26,11:30,3231,Air Jumbo,Family Rides,true,0
2026-08-26T15:30:00Z,2026-08-26T11:30:00-04:00,2026-08-26,11:30,17425,Barrels O’ Fun,Family Rides,true,0
2026-08-26T15:30:00Z,2026-08-26T11:30:00-04:00,2026-08-26,11:30,3270,Buccaneer,Family Rides,true,0
2026-08-26T15:30:00Z,2026-08-26T11:30:00-04:00,2026-08-26,11:30,3237,Carousel,Family Rides,true,0
2026-08-26T15:30:00Z,2026-08-26T11:30:00-04:00,2026-08-26,11:30,3244,Enchanted Teacups,Family Rides,true,0
2026-08-26T15:30:00Z,2026-08-26T11:30:00-04:00,2026-08-26,11:30,3245,Fender Benders,Family Rides,true,0
2026-08-26T15:30:00Z,2026-08-26T11:30:00-04:00,2026-08-26,11:30,17426,Flying Scooters,Family Rides,true,0
2026-08-26T15:30:00Z,2026-08-26T11:30:00-04:00,2026-08-26,11:30,15604,Giant Wheel,Family Rides,true,0
2026-08-26T15:30:00Z,2026-08-26T11:30:00-04:00,2026-08-26,11:30,3236,HARLEY QUINN™ Crazy Train,Family Rides,true,0
2026-08-26T15:30:00Z,2026-08-26T11:30:00-04:00,2026-08-26,11:30,3249,Houdini’s Great Escape,Family Rides,true,0
2026-08-26T15:30:00Z,2026-08-26T11:30:00-04:00,2026-08-26,11:30,17427,Hypno Twister,Family Rides,false,0
2026-08-26T15:30:00Z,2026-08-26T11:30:00-04:00,2026-08-26,11:30,3250,Jolly Roger,Family Rides,true,0
2026-08-26T15:30:00Z,2026-08-26T11:30:00-04:00,2026-08-26,11:30,15829,Roaring Rapids,Family Rides,false,0
2026-08-26T15:30:00Z,2026-08-26T11:30:00-04:00,2026-08-26,11:30,15727,Scrambler,Family Rides,true,0
2026-08-26T15:30:00Z,2026-08-26T11:30:00-04:00,2026-08-26,11:30,3268,Tango,Family Rides,true,0
2026-08-26T15:30:00Z,2026-08-26T11:30:00-04:00,2026-08-26,11:30,17428,Wave Swinger,Family Rides,true,0
2026-08-26T15:30:00Z,2026-08-26T11:30:00-04:00,2026-08-26,11:30,3232,Air Safari,Kids' Rides,true,0
2026-08-26T15:30:00Z,2026-08-26T11:30:00-04:00,2026-08-26,11:30,10461,Barnstormer,Kids' Rides,true,0
2026-08-26T15:30:00Z,2026-08-26T11:30:00-04:00,2026-08-26,11:30,3275,Bugaboo,Kids' Rides,true,0
2026-08-26T15:30:00Z,2026-08-26T11:30:00-04:00,2026-08-26,11:30,3277,Bugs Bunny Camp Carousel,Kids' Rides,true,0
2026-08-26T15:30:00Z,2026-08-26T11:30:00-04:00,2026-08-26,11:30,3279,Bugs Bunny Ranger Pilots,Kids' Rides,true,0
2026-08-26T15:30:00Z,2026-08-26T11:30:00-04:00,2026-08-26,11:30,3240,Daffy Duck Hot Air Balloons,Kids' Rides,true,0
2026-08-26T15:30:00Z,2026-08-26T11:30:00-04:00,2026-08-26,11:30,10077,Lil' Devil Coaster,Kids' Rides,true,0
2026-08-26T15:30:00Z,2026-08-26T11:30:00-04:00,2026-08-26,11:30,15617,Porky Pig Camp Wagons,Kids' Rides,true,0
2026-08-26T15:30:00Z,2026-08-26T11:30:00-04:00,2026-08-26,11:30,3257,Raja’s Rickshaws,Kids' Rides,true,0
2026-08-26T15:30:00Z,2026-08-26T11:30:00-04:00,2026-08-26,11:30,3274,Safari Off-Road Adventure,Kids' Rides,false,0
2026-08-26T15:30:00Z,2026-08-26T11:30:00-04:00,2026-08-26,11:30,3283,Saw Mill Log Flume,Kids' Rides,true,0
2026-08-26T15:30:00Z,2026-08-26T11:30:00-04:00,2026-08-26,11:30,3281,Sky Zooma,Kids' Rides,true,0
2026-08-26T15:30:00Z,2026-08-26T11:30:00-04:00,2026-08-26,11:30,15789,Storm Chaser,Kids' Rides,true,0
2026-08-26T15:30:00Z,2026-08-26T11:30:00-04:00,2026-08-26,11:30,3267,Super Round Up,Kids' Rides,true,0
2026-08-26T15:30:00Z,2026-08-26T11:30:00-04:00,2026-08-26,11:30,15594,Tree Top Hopper,Kids' Rides,true,0
2026-08-26T15:30:00Z,2026-08-26T11:30:00-04:00,2026-08-26,11:30,3233,BATMAN™ The Ride,Thrill Rides,true,0
2026-08-26T15:30:00Z,2026-08-26T11:30:00-04:00,2026-08-26,11:30,3243,El Toro,Thrill Rides,true,0
2026-08-26T15:30:00Z,2026-08-26T11:30:00-04:00,2026-08-26,11:30,8539,Jersey Devil Coaster,Thrill Rides,true,0
2026-08-26T15:30:00Z,2026-08-26T11:30:00-04:00,2026-08-26,11:30,3916,JUSTICE LEAGUE™: Battle for METROPOLIS,Thrill Rides,true,0
2026-08-26T15:30:00Z,2026-08-26T11:30:00-04:00,2026-08-26,11:30,10533,Medusa,Thrill Rides,true,0
2026-08-26T15:30:00Z,2026-08-26T11:30:00-04:00,2026-08-26,11:30,3253,Nitro,Thrill Rides,true,0
2026-08-26T15:30:00Z,2026-08-26T11:30:00-04:00,2026-08-26,11:30,3261,Runaway Train,Thrill Rides,false,0
2026-08-26T15:30:00Z,2026-08-26T11:30:00-04:00,2026-08-26,11:30,3262,Skull Mountain,Thrill Rides,true,0
2026-08-26T15:30:00Z,2026-08-26T11:30:00-04:00,2026-08-26,11:30,3263,SkyScreamer,Thrill Rides,true,0
2026-08-26T15:30:00Z,2026-08-26T11:30:00-04:00,2026-08-26,11:30,3282,Slingshot,Thrill Rides,false,0
2026-08-26T15:30:00Z,2026-08-26T11:30:00-04:00,2026-08-26,11:30,3266,SUPERMAN™: Ultimate Flight,Thrill Rides,true,0
2026-08-26T15:30:00Z,2026-08-26T11:30:00-04:00,2026-08-26,11:30,3271,THE DARK KNIGHT™ Coaster,Thrill Rides,true,0
2026-08-26T15:30:00Z,2026-08-26T11:30:00-04:00,2026-08-26,11:30,14537,THE FLASH™: Vertical Velocity,Thrill Rides,true,60
2026-08-26T15:30:00Z,2026-08-26T11:30:00-04:00,2026-08-26,11:30,3288,THE JOKER™,Thrill Rides,true,0
2026-08-26T15:30:00Z,2026-08-26T11:30:00-04:00,2026-08-26,11:30,3273,Wile E. Coyote Canyon Blaster,Thrill Rides,true,0
2026-08-26T15:30:00Z,2026-08-26T11:30:00-04:00,2026-08-26,11:30,6371,WONDER WOMAN™ Lasso of Truth,Thrill Rides,false,0
2026-08-26T15:35:00Z,2026-08-26T11:35:00-04:00,2026-08-26,11:35,3231,Air Jumbo,Family Rides,true,0
2026-08-26T15:35:00Z,2026-08-26T11:35:00-04:00,2026-08-26,11:35,17425,Barrels O’ Fun,Family Rides,false,0
2026-08-26T15:35:00Z,2026-08-26T11:35:00-04:00,2026-08-26,11:35,3270,Buccaneer,Family Rides,true,0
2026-08-26T15:35:00Z,2026-08-26T11:35:00-04:00,2026-08-26,11:35,3237,Carousel,Family Rides,true,0
2026-08-26T15:35:00Z,2026-08-26T11:35:00-04:00,2026-08-26,11:35,3244,Enchanted Teacups,Family Rides,true,0
2026-08-26T15:35:00Z,2026-08-26T11:35:00-04:00,2026-08-26,11:35,3245,Fender Benders,Family Rides,true,0
2026-08-26T15:35:00Z,2026-08-26T11:35:00-04:00,2026-08-26,11:35,17426,Flying Scooters,Family Rides,true,0
2026-08-26T15:35:00Z,2026-08-26T11:35:00-04:00,2026-08-26,11:35,15604,Giant Wheel,Family Rides,true,0
2026-08-26T15:35:00Z,2026-08-26T11:35:00-04:00,2026-08-26,11:35,3236,HARLEY QUINN™ Crazy Train,Family Rides,true,0
2026-08-26T15:35:00Z,2026-08-26T11:35:00-04:00,2026-08-26,11:35,3249,Houdini’s Great Escape,Family Rides,true,0
2026-08-26T15:35:00Z,2026-08-26T11:35:00-04:00,2026-08-26,11:35,17427,Hypno Twister,Family Rides,false,0
2026-08-26T15:35:00Z,2026-08-26T11:35:00-04:00,2026-08-26,11:35,3250,Jolly Roger,Family Rides,true,0
2026-08-26T15:35:00Z,2026-08-26T11:35:00-04:00,2026-08-26,11:35,15829,Roaring Rapids,Family Rides,false,0
2026-08-26T15:35:00Z,2026-08-26T11:35:00-04:00,2026-08-26,11:35,15727,Scrambler,Family Rides,true,0
2026-08-26T15:35:00Z,2026-08-26T11:35:00-04:00,2026-08-26,11:35,3268,Tango,Family Rides,true,0
2026-08-26T15:35:00Z,2026-08-26T11:35:00-04:00,2026-08-26,11:35,17428,Wave Swinger,Family Rides,true,0
2026-08-26T15:35:00Z,2026-08-26T11:35:00-04:00,2026-08-26,11:35,3232,Air Safari,Kids' Rides,true,0
2026-08-26T15:35:00Z,2026-08-26T11:35:00-04:00,2026-08-26,11:35,10461,Barnstormer,Kids' Rides,true,0
2026-08-26T15:35:00Z,2026-08-26T11:35:00-04:00,2026-08-26,11:35,3275,Bugaboo,Kids' Rides,true,0
2026-08-26T15:35:00Z,2026-08-26T11:35:00-04:00,2026-08-26,11:35,3277,Bugs Bunny Camp Carousel,Kids' Rides,true,0
2026-08-26T15:35:00Z,2026-08-26T11:35:00-04:00,2026-08-26,11:35,3279,Bugs Bunny Ranger Pilots,Kids' Rides,true,0
2026-08-26T15:35:00Z,2026-08-26T11:35:00-04:00,2026-08-26,11:35,3240,Daffy Duck Hot Air Balloons,Kids' Rides,true,0
2026-08-26T15:35:00Z,2026-08-26T11:35:00-04:00,2026-08-26,11:35,10077,Lil' Devil Coaster,Kids' Rides,true,0
2026-08-26T15:35:00Z,2026-08-26T11:35:00-04:00,2026-08-26,11:35,15617,Porky Pig Camp Wagons,Kids' Rides,true,0
2026-08-26T15:35:00Z,2026-08-26T11:35:00-04:00,2026-08-26,11:35,3257,Raja’s Rickshaws,Kids' Rides,true,0
2026-08-26T15:35:00Z,2026-08-26T11:35:00-04:00,2026-08-26,11:35,3274,Safari Off-Road Adventure,Kids' Rides,false,0
2026-08-26T15:35:00Z,2026-08-26T11:35:00-04:00,2026-08-26,11:35,3283,Saw Mill Log Flume,Kids' Rides,true,0
2026-08-26T15:35:00Z,2026-08-26T11:35:00-04:00,2026-08-26,11:35,3281,Sky Zooma,Kids' Rides,true,0
2026-08-26T15:35:00Z,2026-08-26T11:35:00-04:00,2026-08-26,11:35,15789,Storm Chaser,Kids' Rides,true,0
2026-08-26T15:35:00Z,2026-08-26T11:35:00-04:00,2026-08-26,11:35,3267,Super Round Up,Kids' Rides,true,0
2026-08-26T15:35:00Z,2026-08-26T11:35:00-04:00,2026-08-26,11:35,15594,Tree Top Hopper,Kids' Rides,true,0
2026-08-26T15:35:00Z,2026-08-26T11:35:00-04:00,2026-08-26,11:35,3233,BATMAN™ The Ride,Thrill Rides,true,0
2026-08-26T15:35:00Z,2026-08-26T11:35:00-04:00,2026-08-26,11:35,3243,El Toro,Thrill Rides,true,0
2026-08-26T15:35:00Z,2026-08-26T11:35:00-04:00,2026-08-26,11:35,8539,Jersey Devil Coaster,Thrill Rides,true,0
2026-08-26T15:35:00Z,2026-08-26T11:35:00-04:00,2026-08-26,11:35,3916,JUSTICE LEAGUE™: Battle for METROPOLIS,Thrill Rides,true,0
2026-08-26T15:35:00Z,2026-08-26T11:35:00-04:00,2026-08-26,11:35,10533,Medusa,Thrill Rides,true,0
2026-08-26T15:35:00Z,2026-08-26T11:35:00-04:00,2026-08-26,11:35,3253,Nitro,Thrill Rides,true,0
2026-08-26T15:35:00Z,2026-08-26T11:35:00-04:00,2026-08-26,11:35,3261,Runaway Train,Thrill Rides,false,0
2026-08-26T15:35:00Z,2026-08-26T11:35:00-04:00,2026-08-26,11:35,3262,Skull Mountain,Thrill Rides,true,0
2026-08-26T15:35:00Z,2026-08-26T11:35:00-04:00,2026-08-26,11:35,3263,SkyScreamer,Thrill Rides,true,0
2026-08-26T15:35:00Z,2026-08-26T11:35:00-04:00,2026-08-26,11:35,3282,Slingshot,Thrill Rides,false,0
2026-08-26T15:35:00Z,2026-08-26T11:35:00-04:00,2026-08-26,11:35,3266,SUPERMAN™: Ultimate Flight,Thrill Rides,true,0
2026-08-26T15:35:00Z,2026-08-26T11:35:00-04:00,2026-08-26,11:35,3271,THE DARK KNIGHT™ Coaster,Thrill Rides,true,0
2026-08-26T15:35:00Z,2026-08-26T11:35:00-04:00,2026-08-26,11:35,14537,THE FLASH™: Vertical Velocity,Thrill Rides,true,75
2026-08-26T15:35:00Z,2026-08-26T11:35:00-04:00,2026-08-26,11:35,3288,THE JOKER™,Thrill Rides,true,0
2026-08-26T15:35:00Z,2026-08-26T11:35:00-04:00,2026-08-26,11:35,3273,Wile E. Coyote Canyon Blaster,Thrill Rides,true,0
2026-08-26T15:35:00Z,2026-08-26T11:35:00-04:00,2026-08-26,11:35,6371,WONDER WOMAN™ Lasso of Truth,Thrill Rides,false,0
2026-08-26T16:05:00Z,2026-08-26T12:05:00-04:00,2026-08-26,12:05,3231,Air Jumbo,Family Rides,true,0
2026-08-26T16:05:00Z,2026-08-26T12:05:00-04:00,2026-08-26,12:05,17425,Barrels O’ Fun,Family Rides,true,0
2026-08-26T16:05:00Z,2026-08-26T12:05:00-04:00,2026-08-26,12:05,3270,Buccaneer,Family Rides,true,0
2026-08-26T16:05:00Z,2026-08-26T12:05:00-04:00,2026-08-26,12:05,3237,Carousel,Family Rides,true,0
2026-08-26T16:05:00Z,2026-08-26T12:05:00-04:00,2026-08-26,12:05,3244,Enchanted Teacups,Family Rides,true,0
2026-08-26T16:05:00Z,2026-08-26T12:05:00-04:00,2026-08-26,12:05,3245,Fender Benders,Family Rides,true,0
2026-08-26T16:05:00Z,2026-08-26T12:05:00-04:00,2026-08-26,12:05,17426,Flying Scooters,Family Rides,true,0
2026-08-26T16:05:00Z,2026-08-26T12:05:00-04:00,2026-08-26,12:05,15604,Giant Wheel,Family Rides,true,0
2026-08-26T16:05:00Z,2026-08-26T12:05:00-04:00,2026-08-26,12:05,3236,HARLEY QUINN™ Crazy Train,Family Rides,true,0
2026-08-26T16:05:00Z,2026-08-26T12:05:00-04:00,2026-08-26,12:05,3249,Houdini’s Great Escape,Family Rides,true,0
2026-08-26T16:05:00Z,2026-08-26T12:05:00-04:00,2026-08-26,12:05,17427,Hypno Twister,Family Rides,false,0
2026-08-26T16:05:00Z,2026-08-26T12:05:00-04:00,2026-08-26,12:05,3250,Jolly Roger,Family Rides,true,0
2026-08-26T16:05:00Z,2026-08-26T12:05:00-04:00,2026-08-26,12:05,15829,Roaring Rapids,Family Rides,false,0
2026-08-26T16:05:00Z,2026-08-26T12:05:00-04:00,2026-08-26,12:05,15727,Scrambler,Family Rides,true,0
2026-08-26T16:05:00Z,2026-08-26T12:05:00-04:00,2026-08-26,12:05,3268,Tango,Family Rides,true,0
2026-08-26T16:05:00Z,2026-08-26T12:05:00-04:00,2026-08-26,12:05,17428,Wave Swinger,Family Rides,true,0
2026-08-26T16:05:00Z,2026-08-26T12:05:00-04:00,2026-08-26,12:05,3232,Air Safari,Kids' Rides,true,0
2026-08-26T16:05:00Z,2026-08-26T12:05:00-04:00,2026-08-26,12:05,10461,Barnstormer,Kids' Rides,true,0
2026-08-26T16:05:00Z,2026-08-26T12:05:00-04:00,2026-08-26,12:05,3275,Bugaboo,Kids' Rides,true,0
2026-08-26T16:05:00Z,2026-08-26T12:05:00-04:00,2026-08-26,12:05,3277,Bugs Bunny Camp Carousel,Kids' Rides,true,0
2026-08-26T16:05:00Z,2026-08-26T12:05:00-04:00,2026-08-26,12:05,3279,Bugs Bunny Ranger Pilots,Kids' Rides,true,0
2026-08-26T16:05:00Z,2026-08-26T12:05:00-04:00,2026-08-26,12:05,3240,Daffy Duck Hot Air Balloons,Kids' Rides,true,0
2026-08-26T16:05:00Z,2026-08-26T12:05:00-04:00,2026-08-26,12:05,10077,Lil' Devil Coaster,Kids' Rides,true,0
2026-08-26T16:05:00Z,2026-08-26T12:05:00-04:00,2026-08-26,12:05,15617,Porky Pig Camp Wagons,Kids' Rides,true,0
2026-08-26T16:05:00Z,2026-08-26T12:05:00-04:00,2026-08-26,12:05,3257,Raja’s Rickshaws,Kids' Rides,true,0
2026-08-26T16:05:00Z,2026-08-26T12:05:00-04:00,2026-08-26,12:05,3274,Safari Off-Road Adventure,Kids' Rides,false,0
2026-08-26T16:05:00Z,2026-08-26T12:05:00-04:00,2026-08-26,12:05,3283,Saw Mill Log Flume,Kids' Rides,true,0
2026-08-26T16:05:00Z,2026-08-26T12:05:00-04:00,2026-08-26,12:05,3281,Sky Zooma,Kids' Rides,true,0
2026-08-26T16:05:00Z,2026-08-26T12:05:00-04:00,2026-08-26,12:05,15789,Storm Chaser,Kids' Rides,true,0
2026-08-26T16:05:00Z,2026-08-26T12:05:00-04:00,2026-08-26,12:05,3267,Super Round Up,Kids' Rides,true,0
2026-08-26T16:05:00Z,2026-08-26T12:05:00-04:00,2026-08-26,12:05,15594,Tree Top Hopper,Kids' Rides,true,0
2026-08-26T16:05:00Z,2026-08-26T12:05:00-04:00,2026-08-26,12:05,3233,BATMAN™ The Ride,Thrill Rides,true,0
2026-08-26T16:05:00Z,2026-08-26T12:05:00-04:00,2026-08-26,12:05,3243,El Toro,Thrill Rides,true,0
2026-08-26T16:05:00Z,2026-08-26T12:05:00-04:00,2026-08-26,12:05,8539,Jersey Devil Coaster,Thrill Rides,true,0
2026-08-26T16:05:00Z,2026-08-26T12:05:00-04:00,2026-08-26,12:05,3916,JUSTICE LEAGUE™: Battle for METROPOLIS,Thrill Rides,true,0
2026-08-26T16:05:00Z,2026-08-26T12:05:00-04:00,2026-08-26,12:05,10533,Medusa,Thrill Rides,true,0
2026-08-26T16:05:00Z,2026-08-26T12:05:00-04:00,2026-08-26,12:05,3253,Nitro,Thrill Rides,true,0
2026-08-26T16:05:00Z,2026-08-26T12:05:00-04:00,2026-08-26,12:05,3261,Runaway Train,Thrill Rides,false,0
2026-08-26T16:05:00Z,2026-08-26T12:05:00-04:00,2026-08-26,12:05,3262,Skull Mountain,Thrill Rides,true,0
2026-08-26T16:05:00Z,2026-08-26T12:05:00-04:00,2026-08-26,12:05,3263,SkyScreamer,Thrill Rides,true,0
2026-08-26T16:05:00Z,2026-08-26T12:05:00-04:00,2026-08-26,12:05,3282,Slingshot,Thrill Rides,false,0
2026-08-26T16:05:00Z,2026-08-26T12:05:00-04:00,2026-08-26,12:05,3266,SUPERMAN™: Ultimate Flight,Thrill Rides,true,0
2026-08-26T16:05:00Z,2026-08-26T12:05:00-04:00,2026-08-26,12:05,3271,THE DARK KNIGHT™ Coaster,Thrill Rides,true,0
2026-08-26T16:05:00Z,2026-08-26T12:05:00-04:00,2026-08-26,12:05,14537,THE FLASH™: Vertical Velocity,Thrill Rides,true,75
2026-08-26T16:05:00Z,2026-08-26T12:05:00-04:00,2026-08-26,12:05,3288,THE JOKER™,Thrill Rides,true,0
2026-08-26T16:05:00Z,2026-08-26T12:05:00-04:00,2026-08-26,12:05,3273,Wile E. Coyote Canyon Blaster,Thrill Rides,true,0
2026-08-26T16:05:00Z,2026-08-26T12:05:00-04:00,2026-08-26,12:05,6371,WONDER WOMAN™ Lasso of Truth,Thrill Rides,false,0
2026-08-26T16:10:00Z,2026-08-26T12:10:00-04:00,2026-08-26,12:10,3231,Air Jumbo,Family Rides,true,0
2026-08-26T16:10:00Z,2026-08-26T12:10:00-04:00,2026-08-26,12:10,17425,Barrels O’ Fun,Family Rides,true,0
2026-08-26T16:10:00Z,2026-08-26T12:10:00-04:00,2026-08-26,12:10,3270,Buccaneer,Family Rides,true,0
2026-08-26T16:10:00Z,2026-08-26T12:10:00-04:00,2026-08-26,12:10,3237,Carousel,Family Rides,true,0
2026-08-26T16:10:00Z,2026-08-26T12:10:00-04:00,2026-08-26,12:10,3244,Enchanted Teacups,Family Rides,true,0
2026-08-26T16:10:00Z,2026-08-26T12:10:00-04:00,2026-08-26,12:10,3245,Fender Benders,Family Rides,true,0
2026-08-26T16:10:00Z,2026-08-26T12:10:00-04:00,2026-08-26,12:10,17426,Flying Scooters,Family Rides,true,0
2026-08-26T16:10:00Z,2026-08-26T12:10:00-04:00,2026-08-26,12:10,15604,Giant Wheel,Family Rides,true,0
2026-08-26T16:10:00Z,2026-08-26T12:10:00-04:00,2026-08-26,12:10,3236,HARLEY QUINN™ Crazy Train,Family Rides,true,0
2026-08-26T16:10:00Z,2026-08-26T12:10:00-04:00,2026-08-26,12:10,3249,Houdini’s Great Escape,Family Rides,true,0
2026-08-26T16:10:00Z,2026-08-26T12:10:00-04:00,2026-08-26,12:10,17427,Hypno Twister,Family Rides,false,0
2026-08-26T16:10:00Z,2026-08-26T12:10:00-04:00,2026-08-26,12:10,3250,Jolly Roger,Family Rides,true,0
2026-08-26T16:10:00Z,2026-08-26T12:10:00-04:00,2026-08-26,12:10,15829,Roaring Rapids,Family Rides,false,0
2026-08-26T16:10:00Z,2026-08-26T12:10:00-04:00,2026-08-26,12:10,15727,Scrambler,Family Rides,true,0
2026-08-26T16:10:00Z,2026-08-26T12:10:00-04:00,2026-08-26,12:10,3268,Tango,Family Rides,true,0
2026-08-26T16:10:00Z,2026-08-26T12:10:00-04:00,2026-08-26,12:10,17428,Wave Swinger,Family Rides,true,0
2026-08-26T16:10:00Z,2026-08-26T12:10:00-04:00,2026-08-26,12:10,3232,Air Safari,Kids' Rides,true,0
2026-08-26T16:10:00Z,2026-08-26T12:10:00-04:00,2026-08-26,12:10,10461,Barnstormer,Kids' Rides,true,0
2026-08-26T16:10:00Z,2026-08-26T12:10:00-04:00,2026-08-26,12:10,3275,Bugaboo,Kids' Rides,true,0
2026-08-26T16:10:00Z,2026-08-26T12:10:00-04:00,2026-08-26,12:10,3277,Bugs Bunny Camp Carousel,Kids' Rides,true,0
2026-08-26T16:10:00Z,2026-08-26T12:10:00-04:00,2026-08-26,12:10,3279,Bugs Bunny Ranger Pilots,Kids' Rides,true,0
2026-08-26T16:10:00Z,2026-08-26T12:10:00-04:00,2026-08-26,12:10,3240,Daffy Duck Hot Air Balloons,Kids' Rides,true,0
2026-08-26T16:10:00Z,2026-08-26T12:10:00-04:00,2026-08-26,12:10,10077,Lil' Devil Coaster,Kids' Rides,true,0
2026-08-26T16:10:00Z,2026-08-26T12:10:00-04:00,2026-08-26,12:10,15617,Porky Pig Camp Wagons,Kids' Rides,true,0
2026-08-26T16:10:00Z,2026-08-26T12:10:00-04:00,2026-08-26,12:10,3257,Raja’s Rickshaws,Kids' Rides,true,0
2026-08-26T16:10:00Z,2026-08-26T12:10:00-04:00,2026-08-26,12:10,3274,Safari Off-Road Adventure,Kids' Rides,false,0
2026-08-26T16:10:00Z,2026-08-26T12:10:00-04:00,2026-08-26,12:10,3283,Saw Mill Log Flume,Kids' Rides,true,0
2026-08-26T16:10:00Z,2026-08-26T12:10:00-04:00,2026-08-26,12:10,3281,Sky Zooma,Kids' Rides,true,0
2026-08-26T16:10:00Z,2026-08-26T12:10:00-04:00,2026-08-26,12:10,15789,Storm Chaser,Kids' Rides,true,0
2026-08-26T16:10:00Z,2026-08-26T12:10:00-04:00,2026-08-26,12:10,3267,Super Round Up,Kids' Rides,true,0
2026-08-26T16:10:00Z,2026-08-26T12:10:00-04:00,2026-08-26,12:10,15594,Tree Top Hopper,Kids' Rides,true,0
2026-08-26T16:10:00Z,2026-08-26T12:10:00-04:00,2026-08-26,12:10,3233,BATMAN™ The Ride,Thrill Rides,true,0
2026-08-26T16:10:00Z,2026-08-26T12:10:00-04:00,2026-08-26,12:10,3243,El Toro,Thrill Rides,true,0
2026-08-26T16:10:00Z,2026-08-26T12:10:00-04:00,2026-08-26,12:10,8539,Jersey Devil Coaster,Thrill Rides,true,0
2026-08-26T16:10:00Z,2026-08-26T12:10:00-04:00,2026-08-26,12:10,3916,JUSTICE LEAGUE™: Battle for METROPOLIS,Thrill Rides,true,0
2026-08-26T16:10:00Z,2026-08-26T12:10:00-04:00,2026-08-26,12:10,10533,Medusa,Thrill Rides,true,0
2026-08-26T16:10:00Z,2026-08-26T12:10:00-04:00,2026-08-26,12:10,3253,Nitro,Thrill Rides,true,0
2026-08-26T16:10:00Z,2026-08-26T12:10:00-04:00,2026-08-26,12:10,3261,Runaway Train,Thrill Rides,false,0
2026-08-26T16:10:00Z,2026-08-26T12:10:00-04:00,2026-08-26,12:10,3262,Skull Mountain,Thrill Rides,true,0
2026-08-26T16:10:00Z,2026-08-26T12:10:00-04:00,2026-08-26,12:10,3263,SkyScreamer,Thrill Rides,true,0
2026-08-26T16:10:00Z,2026-08-26T12:10:00-04:00,2026-08-26,12:10,3282,Slingshot,Thrill Rides,false,0
2026-08-26T16:10:00Z,2026-08-26T12:10:00-04:00,2026-08-26,12:10,3266,SUPERMAN™: Ultimate Flight,Thrill Rides,true,0
2026-08-26T16:10:00Z,2026-08-26T12:10:00-04:00,2026-08-26,12:10,3271,THE DARK KNIGHT™ Coaster,Thrill Rides,true,0
2026-08-26T16:10:00Z,2026-08-26T12:10:00-04:00,2026-08-26,12:10,14537,THE FLASH™: Vertical Velocity,Thrill Rides,true,75
2026-08-26T16:10:00Z,2026-08-26T12:10:00-04:00,2026-08-26,12:10,3288,THE JOKER™,Thrill Rides,true,0
2026-08-26T16:10:00Z,2026-08-26T12:10:00-04:00,2026-08-26,12:10,3273,Wile E. Coyote Canyon Blaster,Thrill Rides,true,0
2026-08-26T16:10:00Z,2026-08-26T12:10:00-04:00,2026-08-26,12:10,6371,WONDER WOMAN™ Lasso of Truth,Thrill Rides,false,0
2026-08-26T16:15:00Z,2026-08-26T12:15:00-04:00,2026-08-26,12:15,3231,Air Jumbo,Family Rides,true,0
2026-08-26T16:15:00Z,2026-08-26T12:15:00-04:00,2026-08-26,12:15,17425,Barrels O’ Fun,Family Rides,true,0
2026-08-26T16:15:00Z,2026-08-26T12:15:00-04:00,2026-08-26,12:15,3270,Buccaneer,Family Rides,true,0
2026-08-26T16:15:00Z,2026-08-26T12:15:00-04:00,2026-08-26,12:15,3237,Carousel,Family Rides,true,0
2026-08-26T16:15:00Z,2026-08-26T12:15:00-04:00,2026-08-26,12:15,3244,Enchanted Teacups,Family Rides,true,0
2026-08-26T16:15:00Z,2026-08-26T12:15:00-04:00,2026-08-26,12:15,3245,Fender Benders,Family Rides,true,0
2026-08-26T16:15:00Z,2026-08-26T12:15:00-04:00,2026-08-26,12:15,17426,Flying Scooters,Family Rides,true,0
2026-08-26T16:15:00Z,2026-08-26T12:15:00-04:00,2026-08-26,12:15,15604,Giant Wheel,Family Rides,true,0
2026-08-26T16:15:00Z,2026-08-26T12:15:00-04:00,2026-08-26,12:15,3236,HARLEY QUINN™ Crazy Train,Family Rides,true,0
2026-08-26T16:15:00Z,2026-08-26T12:15:00-04:00,2026-08-26,12:15,3249,Houdini’s Great Escape,Family Rides,true,0
2026-08-26T16:15:00Z,2026-08-26T12:15:00-04:00,2026-08-26,12:15,17427,Hypno Twister,Family Rides,false,0
2026-08-26T16:15:00Z,2026-08-26T12:15:00-04:00,2026-08-26,12:15,3250,Jolly Roger,Family Rides,true,0
2026-08-26T16:15:00Z,2026-08-26T12:15:00-04:00,2026-08-26,12:15,15829,Roaring Rapids,Family Rides,true,0
2026-08-26T16:15:00Z,2026-08-26T12:15:00-04:00,2026-08-26,12:15,15727,Scrambler,Family Rides,true,0
2026-08-26T16:15:00Z,2026-08-26T12:15:00-04:00,2026-08-26,12:15,3268,Tango,Family Rides,true,0
2026-08-26T16:15:00Z,2026-08-26T12:15:00-04:00,2026-08-26,12:15,17428,Wave Swinger,Family Rides,true,0
2026-08-26T16:15:00Z,2026-08-26T12:15:00-04:00,2026-08-26,12:15,3232,Air Safari,Kids' Rides,true,0
2026-08-26T16:15:00Z,2026-08-26T12:15:00-04:00,2026-08-26,12:15,10461,Barnstormer,Kids' Rides,true,0
2026-08-26T16:15:00Z,2026-08-26T12:15:00-04:00,2026-08-26,12:15,3275,Bugaboo,Kids' Rides,true,0
2026-08-26T16:15:00Z,2026-08-26T12:15:00-04:00,2026-08-26,12:15,3277,Bugs Bunny Camp Carousel,Kids' Rides,true,0
2026-08-26T16:15:00Z,2026-08-26T12:15:00-04:00,2026-08-26,12:15,3279,Bugs Bunny Ranger Pilots,Kids' Rides,true,0
2026-08-26T16:15:00Z,2026-08-26T12:15:00-04:00,2026-08-26,12:15,3240,Daffy Duck Hot Air Balloons,Kids' Rides,true,0
2026-08-26T16:15:00Z,2026-08-26T12:15:00-04:00,2026-08-26,12:15,10077,Lil' Devil Coaster,Kids' Rides,true,0
2026-08-26T16:15:00Z,2026-08-26T12:15:00-04:00,2026-08-26,12:15,15617,Porky Pig Camp Wagons,Kids' Rides,true,0
2026-08-26T16:15:00Z,2026-08-26T12:15:00-04:00,2026-08-26,12:15,3257,Raja’s Rickshaws,Kids' Rides,true,0
2026-08-26T16:15:00Z,2026-08-26T12:15:00-04:00,2026-08-26,12:15,3274,Safari Off-Road Adventure,Kids' Rides,false,0
2026-08-26T16:15:00Z,2026-08-26T12:15:00-04:00,2026-08-26,12:15,3283,Saw Mill Log Flume,Kids' Rides,true,0
2026-08-26T16:15:00Z,2026-08-26T12:15:00-04:00,2026-08-26,12:15,3281,Sky Zooma,Kids' Rides,true,0
2026-08-26T16:15:00Z,2026-08-26T12:15:00-04:00,2026-08-26,12:15,15789,Storm Chaser,Kids' Rides,true,0
2026-08-26T16:15:00Z,2026-08-26T12:15:00-04:00,2026-08-26,12:15,3267,Super Round Up,Kids' Rides,true,0
2026-08-26T16:15:00Z,2026-08-26T12:15:00-04:00,2026-08-26,12:15,15594,Tree Top Hopper,Kids' Rides,true,0
2026-08-26T16:15:00Z,2026-08-26T12:15:00-04:00,2026-08-26,12:15,3233,BATMAN™ The Ride,Thrill Rides,true,0
2026-08-26T16:15:00Z,2026-08-26T12:15:00-04:00,2026-08-26,12:15,3243,El Toro,Thrill Rides,true,0
2026-08-26T16:15:00Z,2026-08-26T12:15:00-04:00,2026-08-26,12:15,8539,Jersey Devil Coaster,Thrill Rides,true,0
2026-08-26T16:15:00Z,2026-08-26T12:15:00-04:00,2026-08-26,12:15,3916,JUSTICE LEAGUE™: Battle for METROPOLIS,Thrill Rides,true,0
2026-08-26T16:15:00Z,2026-08-26T12:15:00-04:00,2026-08-26,12:15,10533,Medusa,Thrill Rides,true,0
2026-08-26T16:15:00Z,2026-08-26T12:15:00-04:00,2026-08-26,12:15,3253,Nitro,Thrill Rides,true,0
2026-08-26T16:15:00Z,2026-08-26T12:15:00-04:00,2026-08-26,12:15,3261,Runaway Train,Thrill Rides,false,0
2026-08-26T16:15:00Z,2026-08-26T12:15:00-04:00,2026-08-26,12:15,3262,Skull Mountain,Thrill Rides,true,0
2026-08-26T16:15:00Z,2026-08-26T12:15:00-04:00,2026-08-26,12:15,3263,SkyScreamer,Thrill Rides,true,0
2026-08-26T16:15:00Z,2026-08-26T12:15:00-04:00,2026-08-26,12:15,3282,Slingshot,Thrill Rides,false,0
2026-08-26T16:15:00Z,2026-08-26T12:15:00-04:00,2026-08-26,12:15,3266,SUPERMAN™: Ultimate Flight,Thrill Rides,true,0
2026-08-26T16:15:00Z,2026-08-26T12:15:00-04:00,2026-08-26,12:15,3271,THE DARK KNIGHT™ Coaster,Thrill Rides,true,0
2026-08-26T16:15:00Z,2026-08-26T12:15:00-04:00,2026-08-26,12:15,14537,THE FLASH™: Vertical Velocity,Thrill Rides,true,60
2026-08-26T16:15:00Z,2026-08-26T12:15:00-04:00,2026-08-26,12:15,3288,THE JOKER™,Thrill Rides,true,0
2026-08-26T16:15:00Z,2026-08-26T12:15:00-04:00,2026-08-26,12:15,3273,Wile E. Coyote Canyon Blaster,Thrill Rides,true,0
2026-08-26T16:15:00Z,2026-08-26T12:15:00-04:00,2026-08-26,12:15,6371,WONDER WOMAN™ Lasso of Truth,Thrill Rides,false,0
2026-08-26T16:20:00Z,2026-08-26T12:20:00-04:00,2026-08-26,12:20,3231,Air Jumbo,Family Rides,true,0
2026-08-26T16:20:00Z,2026-08-26T12:20:00-04:00,2026-08-26,12:20,17425,Barrels O’ Fun,Family Rides,true,0
2026-08-26T16:20:00Z,2026-08-26T12:20:00-04:00,2026-08-26,12:20,3270,Buccaneer,Family Rides,true,0
2026-08-26T16:20:00Z,2026-08-26T12:20:00-04:00,2026-08-26,12:20,3237,Carousel,Family Rides,true,0
2026-08-26T16:20:00Z,2026-08-26T12:20:00-04:00,2026-08-26,12:20,3244,Enchanted Teacups,Family Rides,true,0
2026-08-26T16:20:00Z,2026-08-26T12:20:00-04:00,2026-08-26,12:20,3245,Fender Benders,Family Rides,true,0
2026-08-26T16:20:00Z,2026-08-26T12:20:00-04:00,2026-08-26,12:20,17426,Flying Scooters,Family Rides,true,0
2026-08-26T16:20:00Z,2026-08-26T12:20:00-04:00,2026-08-26,12:20,15604,Giant Wheel,Family Rides,true,0
2026-08-26T16:20:00Z,2026-08-26T12:20:00-04:00,2026-08-26,12:20,3236,HARLEY QUINN™ Crazy Train,Family Rides,true,0
2026-08-26T16:20:00Z,2026-08-26T12:20:00-04:00,2026-08-26,12:20,3249,Houdini’s Great Escape,Family Rides,true,0
2026-08-26T16:20:00Z,2026-08-26T12:20:00-04:00,2026-08-26,12:20,17427,Hypno Twister,Family Rides,false,0
2026-08-26T16:20:00Z,2026-08-26T12:20:00-04:00,2026-08-26,12:20,3250,Jolly Roger,Family Rides,true,0
2026-08-26T16:20:00Z,2026-08-26T12:20:00-04:00,2026-08-26,12:20,15829,Roaring Rapids,Family Rides,true,0
2026-08-26T16:20:00Z,2026-08-26T12:20:00-04:00,2026-08-26,12:20,15727,Scrambler,Family Rides,true,0
2026-08-26T16:20:00Z,2026-08-26T12:20:00-04:00,2026-08-26,12:20,3268,Tango,Family Rides,true,0
2026-08-26T16:20:00Z,2026-08-26T12:20:00-04:00,2026-08-26,12:20,17428,Wave Swinger,Family Rides,true,0
2026-08-26T16:20:00Z,2026-08-26T12:20:00-04:00,2026-08-26,12:20,3232,Air Safari,Kids' Rides,true,0
2026-08-26T16:20:00Z,2026-08-26T12:20:00-04:00,2026-08-26,12:20,10461,Barnstormer,Kids' Rides,true,0
2026-08-26T16:20:00Z,2026-08-26T12:20:00-04:00,2026-08-26,12:20,3275,Bugaboo,Kids' Rides,true,0
2026-08-26T16:20:00Z,2026-08-26T12:20:00-04:00,2026-08-26,12:20,3277,Bugs Bunny Camp Carousel,Kids' Rides,true,0
2026-08-26T16:20:00Z,2026-08-26T12:20:00-04:00,2026-08-26,12:20,3279,Bugs Bunny Ranger Pilots,Kids' Rides,true,0
2026-08-26T16:20:00Z,2026-08-26T12:20:00-04:00,2026-08-26,12:20,3240,Daffy Duck Hot Air Balloons,Kids' Rides,true,0
2026-08-26T16:20:00Z,2026-08-26T12:20:00-04:00,2026-08-26,12:20,10077,Lil' Devil Coaster,Kids' Rides,true,0
2026-08-26T16:20:00Z,2026-08-26T12:20:00-04:00,2026-08-26,12:20,15617,Porky Pig Camp Wagons,Kids' Rides,true,0
2026-08-26T16:20:00Z,2026-08-26T12:20:00-04:00,2026-08-26,12:20,3257,Raja’s Rickshaws,Kids' Rides,true,0
2026-08-26T16:20:00Z,2026-08-26T12:20:00-04:00,2026-08-26,12:20,3274,Safari Off-Road Adventure,Kids' Rides,false,0
2026-08-26T16:20:00Z,2026-08-26T12:20:00-04:00,2026-08-26,12:20,3283,Saw Mill Log Flume,Kids' Rides,true,0
2026-08-26T16:20:00Z,2026-08-26T12:20:00-04:00,2026-08-26,12:20,3281,Sky Zooma,Kids' Rides,true,0
2026-08-26T16:20:00Z,2026-08-26T12:20:00-04:00,2026-08-26,12:20,15789,Storm Chaser,Kids' Rides,true,0
2026-08-26T16:20:00Z,2026-08-26T12:20:00-04:00,2026-08-26,12:20,3267,Super Round Up,Kids' Rides,true,0
2026-08-26T16:20:00Z,2026-08-26T12:20:00-04:00,2026-08-26,12:20,15594,Tree Top Hopper,Kids' Rides,true,0
2026-08-26T16:20:00Z,2026-08-26T12:20:00-04:00,2026-08-26,12:20,3233,BATMAN™ The Ride,Thrill Rides,true,0
2026-08-26T16:20:00Z,2026-08-26T12:20:00-04:00,2026-08-26,12:20,3243,El Toro,Thrill Rides,true,0
2026-08-26T16:20:00Z,2026-08-26T12:20:00-04:00,2026-08-26,12:20,8539,Jersey Devil Coaster,Thrill Rides,true,0
2026-08-26T16:20:00Z,2026-08-26T12:20:00-04:00,2026-08-26,12:20,3916,JUSTICE LEAGUE™: Battle for METROPOLIS,Thrill Rides,true,0
2026-08-26T16:20:00Z,2026-08-26T12:20:00-04:00,2026-08-26,12:20,10533,Medusa,Thrill Rides,true,0
2026-08-26T16:20:00Z,2026-08-26T12:20:00-04:00,2026-08-26,12:20,3253,Nitro,Thrill Rides,true,0
2026-08-26T16:20:00Z,2026-08-26T12:20:00-04:00,2026-08-26,12:20,3261,Runaway Train,Thrill Rides,false,0
2026-08-26T16:20:00Z,2026-08-26T12:20:00-04:00,2026-08-26,12:20,3262,Skull Mountain,Thrill Rides,true,0
2026-08-26T16:20:00Z,2026-08-26T12:20:00-04:00,2026-08-26,12:20,3263,SkyScreamer,Thrill Rides,true,0
2026-08-26T16:20:00Z,2026-08-26T12:20:00-04:00,2026-08-26,12:20,3282,Slingshot,Thrill Rides,false,0
2026-08-26T16:20:00Z,2026-08-26T12:20:00-04:00,2026-08-26,12:20,3266,SUPERMAN™: Ultimate Flight,Thrill Rides,true,0
2026-08-26T16:20:00Z,2026-08-26T12:20:00-04:00,2026-08-26,12:20,3271,THE DARK KNIGHT™ Coaster,Thrill Rides,true,0
2026-08-26T16:20:00Z,2026-08-26T12:20:00-04:00,2026-08-26,12:20,14537,THE FLASH™: Vertical Velocity,Thrill Rides,true,60
2026-08-26T16:20:00Z,2026-08-26T12:20:00-04:00,2026-08-26,12:20,3288,THE JOKER™,Thrill Rides,true,0
2026-08-26T16:20:00Z,2026-08-26T12:20:00-04:00,2026-08-26,12:20,3273,Wile E. Coyote Canyon Blaster,Thrill Rides,true,0
2026-08-26T16:20:00Z,2026-08-26T12:20:00-04:00,2026-08-26,12:20,6371,WONDER WOMAN™ Lasso of Truth,Thrill Rides,false,0
2026-08-26T16:25:00Z,2026-08-26T12:25:00-04:00,2026-08-26,12:25,3231,Air Jumbo,Family Rides,true,0
2026-08-26T16:25:00Z,2026-08-26T12:25:00-04:00,2026-08-26,12:25,17425,Barrels O’ Fun,Family Rides,true,0
2026-08-26T16:25:00Z,2026-08-26T12:25:00-04:00,2026-08-26,12:25,3270,Buccaneer,Family Rides,true,0
2026-08-26T16:25:00Z,2026-08-26T12:25:00-04:00,2026-08-26,12:25,3237,Carousel,Family Rides,true,0
2026-08-26T16:25:00Z,2026-08-26T12:25:00-04:00,2026-08-26,12:25,3244,Enchanted Teacups,Family Rides,true,0
2026-08-26T16:25:00Z,2026-08-26T12:25:00-04:00,2026-08-26,12:25,3245,Fender Benders,Family Rides,true,0
2026-08-26T16:25:00Z,2026-08-26T12:25:00-04:00,2026-08-26,12:25,17426,Flying Scooters,Family Rides,true,0
2026-08-26T16:25:00Z,2026-08-26T12:25:00-04:00,2026-08-26,12:25,15604,Giant Wheel,Family Rides,true,0
2026-08-26T16:25:00Z,2026-08-26T12:25:00-04:00,2026-08-26,12:25,3236,HARLEY QUINN™ Crazy Train,Family Rides,true,0
2026-08-26T16:25:00Z,2026-08-26T12:25:00-04:00,2026-08-26,12:25,3249,Houdini’s Great Escape,Family Rides,true,0
2026-08-26T16:25:00Z,2026-08-26T12:25:00-04:00,2026-08-26,12:25,17427,Hypno Twister,Family Rides,false,0
2026-08-26T16:25:00Z,2026-08-26T12:25:00-04:00,2026-08-26,12:25,3250,Jolly Roger,Family Rides,true,0
2026-08-26T16:25:00Z,2026-08-26T12:25:00-04:00,2026-08-26,12:25,15829,Roaring Rapids,Family Rides,true,0
2026-08-26T16:25:00Z,2026-08-26T12:25:00-04:00,2026-08-26,12:25,15727,Scrambler,Family Rides,true,0
2026-08-26T16:25:00Z,2026-08-26T12:25:00-04:00,2026-08-26,12:25,3268,Tango,Family Rides,true,0
2026-08-26T16:25:00Z,2026-08-26T12:25:00-04:00,2026-08-26,12:25,17428,Wave Swinger,Family Rides,true,0
2026-08-26T16:25:00Z,2026-08-26T12:25:00-04:00,2026-08-26,12:25,3232,Air Safari,Kids' Rides,true,0
2026-08-26T16:25:00Z,2026-08-26T12:25:00-04:00,2026-08-26,12:25,10461,Barnstormer,Kids' Rides,true,0
2026-08-26T16:25:00Z,2026-08-26T12:25:00-04:00,2026-08-26,12:25,3275,Bugaboo,Kids' Rides,true,0
2026-08-26T16:25:00Z,2026-08-26T12:25:00-04:00,2026-08-26,12:25,3277,Bugs Bunny Camp Carousel,Kids' Rides,true,0
2026-08-26T16:25:00Z,2026-08-26T12:25:00-04:00,2026-08-26,12:25,3279,Bugs Bunny Ranger Pilots,Kids' Rides,true,0
2026-08-26T16:25:00Z,2026-08-26T12:25:00-04:00,2026-08-26,12:25,3240,Daffy Duck Hot Air Balloons,Kids' Rides,true,0
2026-08-26T16:25:00Z,2026-08-26T12:25:00-04:00,2026-08-26,12:25,10077,Lil' Devil Coaster,Kids' Rides,true,0
2026-08-26T16:25:00Z,2026-08-26T12:25:00-04:00,2026-08-26,12:25,15617,Porky Pig Camp Wagons,Kids' Rides,true,0
2026-08-26T16:25:00Z,2026-08-26T12:25:00-04:00,2026-08-26,12:25,3257,Raja’s Rickshaws,Kids' Rides,true,0
2026-08-26T16:25:00Z,2026-08-26T12:25:00-04:00,2026-08-26,12:25,3274,Safari Off-Road Adventure,Kids' Rides,false,0
2026-08-26T16:25:00Z,2026-08-26T12:25:00-04:00,2026-08-26,12:25,3283,Saw Mill Log Flume,Kids' Rides,true,0
2026-08-26T16:25:00Z,2026-08-26T12:25:00-04:00,2026-08-26,12:25,3281,Sky Zooma,Kids' Rides,true,0
2026-08-26T16:25:00Z,2026-08-26T12:25:00-04:00,2026-08-26,12:25,15789,Storm Chaser,Kids' Rides,true,0
2026-08-26T16:25:00Z,2026-08-26T12:25:00-04:00,2026-08-26,12:25,3267,Super Round Up,Kids' Rides,true,0
2026-08-26T16:25:00Z,2026-08-26T12:25:00-04:00,2026-08-26,12:25,15594,Tree Top Hopper,Kids' Rides,true,0
2026-08-26T16:25:00Z,2026-08-26T12:25:00-04:00,2026-08-26,12:25,3233,BATMAN™ The Ride,Thrill Rides,true,0
2026-08-26T16:25:00Z,2026-08-26T12:25:00-04:00,2026-08-26,12:25,3243,El Toro,Thrill Rides,true,0
2026-08-26T16:25:00Z,2026-08-26T12:25:00-04:00,2026-08-26,12:25,8539,Jersey Devil Coaster,Thrill Rides,true,0
2026-08-26T16:25:00Z,2026-08-26T12:25:00-04:00,2026-08-26,12:25,3916,JUSTICE LEAGUE™: Battle for METROPOLIS,Thrill Rides,true,0
2026-08-26T16:25:00Z,2026-08-26T12:25:00-04:00,2026-08-26,12:25,10533,Medusa,Thrill Rides,true,0
2026-08-26T16:25:00Z,2026-08-26T12:25:00-04:00,2026-08-26,12:25,3253,Nitro,Thrill Rides,true,0
2026-08-26T16:25:00Z,2026-08-26T12:25:00-04:00,2026-08-26,12:25,3261,Runaway Train,Thrill Rides,false,0
2026-08-26T16:25:00Z,2026-08-26T12:25:00-04:00,2026-08-26,12:25,3262,Skull Mountain,Thrill Rides,true,30
2026-08-26T16:25:00Z,2026-08-26T12:25:00-04:00,2026-08-26,12:25,3263,SkyScreamer,Thrill Rides,true,0
2026-08-26T16:25:00Z,2026-08-26T12:25:00-04:00,2026-08-26,12:25,3282,Slingshot,Thrill Rides,false,0
2026-08-26T16:25:00Z,2026-08-26T12:25:00-04:00,2026-08-26,12:25,3266,SUPERMAN™: Ultimate Flight,Thrill Rides,true,0
2026-08-26T16:25:00Z,2026-08-26T12:25:00-04:00,2026-08-26,12:25,3271,THE DARK KNIGHT™ Coaster,Thrill Rides,true,0
2026-08-26T16:25:00Z,2026-08-26T12:25:00-04:00,2026-08-26,12:25,14537,THE FLASH™: Vertical Velocity,Thrill Rides,true,60
2026-08-26T16:25:00Z,2026-08-26T12:25:00-04:00,2026-08-26,12:25,3288,THE JOKER™,Thrill Rides,true,0
2026-08-26T16:25:00Z,2026-08-26T12:25:00-04:00,2026-08-26,12:25,3273,Wile E. Coyote Canyon Blaster,Thrill Rides,true,0
2026-08-26T16:25:00Z,2026-08-26T12:25:00-04:00,2026-08-26,12:25,6371,WONDER WOMAN™ Lasso of Truth,Thrill Rides,false,0
2026-08-26T16:30:00Z,2026-08-26T12:30:00-04:00,2026-08-26,12:30,3231,Air Jumbo,Family Rides,true,0
2026-08-26T16:30:00Z,2026-08-26T12:30:00-04:00,2026-08-26,12:30,17425,Barrels O’ Fun,Family Rides,true,0
2026-08-26T16:30:00Z,2026-08-26T12:30:00-04:00,2026-08-26,12:30,3270,Buccaneer,Family Rides,true,0
2026-08-26T16:30:00Z,2026-08-26T12:30:00-04:00,2026-08-26,12:30,3237,Carousel,Family Rides,true,0
2026-08-26T16:30:00Z,2026-08-26T12:30:00-04:00,2026-08-26,12:30,3244,Enchanted Teacups,Family Rides,true,0
2026-08-26T16:30:00Z,2026-08-26T12:30:00-04:00,2026-08-26,12:30,3245,Fender Benders,Family Rides,true,0
2026-08-26T16:30:00Z,2026-08-26T12:30:00-04:00,2026-08-26,12:30,17426,Flying Scooters,Family Rides,true,0
2026-08-26T16:30:00Z,2026-08-26T12:30:00-04:00,2026-08-26,12:30,15604,Giant Wheel,Family Rides,true,0
2026-08-26T16:30:00Z,2026-08-26T12:30:00-04:00,2026-08-26,12:30,3236,HARLEY QUINN™ Crazy Train,Family Rides,true,0
2026-08-26T16:30:00Z,2026-08-26T12:30:00-04:00,2026-08-26,12:30,3249,Houdini’s Great Escape,Family Rides,true,0
2026-08-26T16:30:00Z,2026-08-26T12:30:00-04:00,2026-08-26,12:30,17427,Hypno Twister,Family Rides,false,0
2026-08-26T16:30:00Z,2026-08-26T12:30:00-04:00,2026-08-26,12:30,3250,Jolly Roger,Family Rides,true,0
2026-08-26T16:30:00Z,2026-08-26T12:30:00-04:00,2026-08-26,12:30,15829,Roaring Rapids,Family Rides,true,0
2026-08-26T16:30:00Z,2026-08-26T12:30:00-04:00,2026-08-26,12:30,15727,Scrambler,Family Rides,true,0
2026-08-26T16:30:00Z,2026-08-26T12:30:00-04:00,2026-08-26,12:30,3268,Tango,Family Rides,true,0
2026-08-26T16:30:00Z,2026-08-26T12:30:00-04:00,2026-08-26,12:30,17428,Wave Swinger,Family Rides,true,0
2026-08-26T16:30:00Z,2026-08-26T12:30:00-04:00,2026-08-26,12:30,3232,Air Safari,Kids' Rides,true,0
2026-08-26T16:30:00Z,2026-08-26T12:30:00-04:00,2026-08-26,12:30,10461,Barnstormer,Kids' Rides,true,0
2026-08-26T16:30:00Z,2026-08-26T12:30:00-04:00,2026-08-26,12:30,3275,Bugaboo,Kids' Rides,true,0
2026-08-26T16:30:00Z,2026-08-26T12:30:00-04:00,2026-08-26,12:30,3277,Bugs Bunny Camp Carousel,Kids' Rides,true,0
2026-08-26T16:30:00Z,2026-08-26T12:30:00-04:00,2026-08-26,12:30,3279,Bugs Bunny Ranger Pilots,Kids' Rides,true,0
2026-08-26T16:30:00Z,2026-08-26T12:30:00-04:00,2026-08-26,12:30,3240,Daffy Duck Hot Air Balloons,Kids' Rides,true,0
2026-08-26T16:30:00Z,2026-08-26T12:30:00-04:00,2026-08-26,12:30,10077,Lil' Devil Coaster,Kids' Rides,true,0
2026-08-26T16:30:00Z,2026-08-26T12:30:00-04:00,2026-08-26,12:30,15617,Porky Pig Camp Wagons,Kids' Rides,true,0
2026-08-26T16:30:00Z,2026-08-26T12:30:00-04:00,2026-08-26,12:30,3257,Raja’s Rickshaws,Kids' Rides,true,0
2026-08-26T16:30:00Z,2026-08-26T12:30:00-04:00,2026-08-26,12:30,3274,Safari Off-Road Adventure,Kids' Rides,false,0
2026-08-26T16:30:00Z,2026-08-26T12:30:00-04:00,2026-08-26,12:30,3283,Saw Mill Log Flume,Kids' Rides,true,0
2026-08-26T16:30:00Z,2026-08-26T12:30:00-04:00,2026-08-26,12:30,3281,Sky Zooma,Kids' Rides,true,0
2026-08-26T16:30:00Z,2026-08-26T12:30:00-04:00,2026-08-26,12:30,15789,Storm Chaser,Kids' Rides,true,0
2026-08-26T16:30:00Z,2026-08-26T12:30:00-04:00,2026-08-26,12:30,3267,Super Round Up,Kids' Rides,true,0
2026-08-26T16:30:00Z,2026-08-26T12:30:00-04:00,2026-08-26,12:30,15594,Tree Top Hopper,Kids' Rides,true,0
2026-08-26T16:30:00Z,2026-08-26T12:30:00-04:00,2026-08-26,12:30,3233,BATMAN™ The Ride,Thrill Rides,true,0
2026-08-26T16:30:00Z,2026-08-26T12:30:00-04:00,2026-08-26,12:30,3243,El Toro,Thrill Rides,true,0
2026-08-26T16:30:00Z,2026-08-26T12:30:00-04:00,2026-08-26,12:30,8539,Jersey Devil Coaster,Thrill Rides,true,0
2026-08-26T16:30:00Z,2026-08-26T12:30:00-04:00,2026-08-26,12:30,3916,JUSTICE LEAGUE™: Battle for METROPOLIS,Thrill Rides,true,0
2026-08-26T16:30:00Z,2026-08-26T12:30:00-04:00,2026-08-26,12:30,10533,Medusa,Thrill Rides,true,0
2026-08-26T16:30:00Z,2026-08-26T12:30:00-04:00,2026-08-26,12:30,3253,Nitro,Thrill Rides,true,0
2026-08-26T16:30:00Z,2026-08-26T12:30:00-04:00,2026-08-26,12:30,3261,Runaway Train,Thrill Rides,false,0
2026-08-26T16:30:00Z,2026-08-26T12:30:00-04:00,2026-08-26,12:30,3262,Skull Mountain,Thrill Rides,true,30
2026-08-26T16:30:00Z,2026-08-26T12:30:00-04:00,2026-08-26,12:30,3263,SkyScreamer,Thrill Rides,true,0
2026-08-26T16:30:00Z,2026-08-26T12:30:00-04:00,2026-08-26,12:30,3282,Slingshot,Thrill Rides,false,0
2026-08-26T16:30:00Z,2026-08-26T12:30:00-04:00,2026-08-26,12:30,3266,SUPERMAN™: Ultimate Flight,Thrill Rides,true,0
2026-08-26T16:30:00Z,2026-08-26T12:30:00-04:00,2026-08-26,12:30,3271,THE DARK KNIGHT™ Coaster,Thrill Rides,true,0
2026-08-26T16:30:00Z,2026-08-26T12:30:00-04:00,2026-08-26,12:30,14537,THE FLASH™: Vertical Velocity,Thrill Rides,true,60
2026-08-26T16:30:00Z,2026-08-26T12:30:00-04:00,2026-08-26,12:30,3288,THE JOKER™,Thrill Rides,true,0
2026-08-26T16:30:00Z,2026-08-26T12:30:00-04:00,2026-08-26,12:30,3273,Wile E. Coyote Canyon Blaster,Thrill Rides,true,0
2026-08-26T16:30:00Z,2026-08-26T12:30:00-04:00,2026-08-26,12:30,6371,WONDER WOMAN™ Lasso of Truth,Thrill Rides,false,0
2026-08-26T16:35:00Z,2026-08-26T12:35:00-04:00,2026-08-26,12:35,3231,Air Jumbo,Family Rides,true,0
2026-08-26T16:35:00Z,2026-08-26T12:35:00-04:00,2026-08-26,12:35,17425,Barrels O’ Fun,Family Rides,true,0
2026-08-26T16:35:00Z,2026-08-26T12:35:00-04:00,2026-08-26,12:35,3270,Buccaneer,Family Rides,false,0
2026-08-26T16:35:00Z,2026-08-26T12:35:00-04:00,2026-08-26,12:35,3237,Carousel,Family Rides,true,0
2026-08-26T16:35:00Z,2026-08-26T12:35:00-04:00,2026-08-26,12:35,3244,Enchanted Teacups,Family Rides,true,0
2026-08-26T16:35:00Z,2026-08-26T12:35:00-04:00,2026-08-26,12:35,3245,Fender Benders,Family Rides,true,0
2026-08-26T16:35:00Z,2026-08-26T12:35:00-04:00,2026-08-26,12:35,17426,Flying Scooters,Family Rides,true,0
2026-08-26T16:35:00Z,2026-08-26T12:35:00-04:00,2026-08-26,12:35,15604,Giant Wheel,Family Rides,true,0
2026-08-26T16:35:00Z,2026-08-26T12:35:00-04:00,2026-08-26,12:35,3236,HARLEY QUINN™ Crazy Train,Family Rides,true,0
2026-08-26T16:35:00Z,2026-08-26T12:35:00-04:00,2026-08-26,12:35,3249,Houdini’s Great Escape,Family Rides,true,0
2026-08-26T16:35:00Z,2026-08-26T12:35:00-04:00,2026-08-26,12:35,17427,Hypno Twister,Family Rides,false,0
2026-08-26T16:35:00Z,2026-08-26T12:35:00-04:00,2026-08-26,12:35,3250,Jolly Roger,Family Rides,true,0
2026-08-26T16:35:00Z,2026-08-26T12:35:00-04:00,2026-08-26,12:35,15829,Roaring Rapids,Family Rides,true,0
2026-08-26T16:35:00Z,2026-08-26T12:35:00-04:00,2026-08-26,12:35,15727,Scrambler,Family Rides,true,0
2026-08-26T16:35:00Z,2026-08-26T12:35:00-04:00,2026-08-26,12:35,3268,Tango,Family Rides,true,0
2026-08-26T16:35:00Z,2026-08-26T12:35:00-04:00,2026-08-26,12:35,17428,Wave Swinger,Family Rides,true,0
2026-08-26T16:35:00Z,2026-08-26T12:35:00-04:00,2026-08-26,12:35,3232,Air Safari,Kids' Rides,true,0
2026-08-26T16:35:00Z,2026-08-26T12:35:00-04:00,2026-08-26,12:35,10461,Barnstormer,Kids' Rides,true,0
2026-08-26T16:35:00Z,2026-08-26T12:35:00-04:00,2026-08-26,12:35,3275,Bugaboo,Kids' Rides,true,0
2026-08-26T16:35:00Z,2026-08-26T12:35:00-04:00,2026-08-26,12:35,3277,Bugs Bunny Camp Carousel,Kids' Rides,true,0
2026-08-26T16:35:00Z,2026-08-26T12:35:00-04:00,2026-08-26,12:35,3279,Bugs Bunny Ranger Pilots,Kids' Rides,true,0
2026-08-26T16:35:00Z,2026-08-26T12:35:00-04:00,2026-08-26,12:35,3240,Daffy Duck Hot Air Balloons,Kids' Rides,true,0
2026-08-26T16:35:00Z,2026-08-26T12:35:00-04:00,2026-08-26,12:35,10077,Lil' Devil Coaster,Kids' Rides,true,0
2026-08-26T16:35:00Z,2026-08-26T12:35:00-04:00,2026-08-26,12:35,15617,Porky Pig Camp Wagons,Kids' Rides,true,0
2026-08-26T16:35:00Z,2026-08-26T12:35:00-04:00,2026-08-26,12:35,3257,Raja’s Rickshaws,Kids' Rides,true,0
2026-08-26T16:35:00Z,2026-08-26T12:35:00-04:00,2026-08-26,12:35,3274,Safari Off-Road Adventure,Kids' Rides,false,0
2026-08-26T16:35:00Z,2026-08-26T12:35:00-04:00,2026-08-26,12:35,3283,Saw Mill Log Flume,Kids' Rides,true,0
2026-08-26T16:35:00Z,2026-08-26T12:35:00-04:00,2026-08-26,12:35,3281,Sky Zooma,Kids' Rides,true,0
2026-08-26T16:35:00Z,2026-08-26T12:35:00-04:00,2026-08-26,12:35,15789,Storm Chaser,Kids' Rides,true,0
2026-08-26T16:35:00Z,2026-08-26T12:35:00-04:00,2026-08-26,12:35,3267,Super Round Up,Kids' Rides,true,0
2026-08-26T16:35:00Z,2026-08-26T12:35:00-04:00,2026-08-26,12:35,15594,Tree Top Hopper,Kids' Rides,true,0
2026-08-26T16:35:00Z,2026-08-26T12:35:00-04:00,2026-08-26,12:35,3233,BATMAN™ The Ride,Thrill Rides,true,0
2026-08-26T16:35:00Z,2026-08-26T12:35:00-04:00,2026-08-26,12:35,3243,El Toro,Thrill Rides,true,0
2026-08-26T16:35:00Z,2026-08-26T12:35:00-04:00,2026-08-26,12:35,8539,Jersey Devil Coaster,Thrill Rides,true,45
2026-08-26T16:35:00Z,2026-08-26T12:35:00-04:00,2026-08-26,12:35,3916,JUSTICE LEAGUE™: Battle for METROPOLIS,Thrill Rides,true,0
2026-08-26T16:35:00Z,2026-08-26T12:35:00-04:00,2026-08-26,12:35,10533,Medusa,Thrill Rides,true,0
2026-08-26T16:35:00Z,2026-08-26T12:35:00-04:00,2026-08-26,12:35,3253,Nitro,Thrill Rides,true,0
2026-08-26T16:35:00Z,2026-08-26T12:35:00-04:00,2026-08-26,12:35,3261,Runaway Train,Thrill Rides,false,0
2026-08-26T16:35:00Z,2026-08-26T12:35:00-04:00,2026-08-26,12:35,3262,Skull Mountain,Thrill Rides,true,30
2026-08-26T16:35:00Z,2026-08-26T12:35:00-04:00,2026-08-26,12:35,3263,SkyScreamer,Thrill Rides,false,0
2026-08-26T16:35:00Z,2026-08-26T12:35:00-04:00,2026-08-26,12:35,3282,Slingshot,Thrill Rides,false,0
2026-08-26T16:35:00Z,2026-08-26T12:35:00-04:00,2026-08-26,12:35,3266,SUPERMAN™: Ultimate Flight,Thrill Rides,true,0
2026-08-26T16:35:00Z,2026-08-26T12:35:00-04:00,2026-08-26,12:35,3271,THE DARK KNIGHT™ Coaster,Thrill Rides,true,0
2026-08-26T16:35:00Z,2026-08-26T12:35:00-04:00,2026-08-26,12:35,14537,THE FLASH™: Vertical Velocity,Thrill Rides,true,60
2026-08-26T16:35:00Z,2026-08-26T12:35:00-04:00,2026-08-26,12:35,3288,THE JOKER™,Thrill Rides,true,0
2026-08-26T16:35:00Z,2026-08-26T12:35:00-04:00,2026-08-26,12:35,3273,Wile E. Coyote Canyon Blaster,Thrill Rides,true,0
2026-08-26T16:35:00Z,2026-08-26T12:35:00-04:00,2026-08-26,12:35,6371,WONDER WOMAN™ Lasso of Truth,Thrill Rides,false,0
2026-08-26T16:40:00Z,2026-08-26T12:40:00-04:00,2026-08-26,12:40,3231,Air Jumbo,Family Rides,true,0
2026-08-26T16:40:00Z,2026-08-26T12:40:00-04:00,2026-08-26,12:40,17425,Barrels O’ Fun,Family Rides,true,0
2026-08-26T16:40:00Z,2026-08-26T12:40:00-04:00,2026-08-26,12:40,3270,Buccaneer,Family Rides,false,0
2026-08-26T16:40:00Z,2026-08-26T12:40:00-04:00,2026-08-26,12:40,3237,Carousel,Family Rides,true,0
2026-08-26T16:40:00Z,2026-08-26T12:40:00-04:00,2026-08-26,12:40,3244,Enchanted Teacups,Family Rides,true,0
2026-08-26T16:40:00Z,2026-08-26T12:40:00-04:00,2026-08-26,12:40,3245,Fender Benders,Family Rides,true,0
2026-08-26T16:40:00Z,2026-08-26T12:40:00-04:00,2026-08-26,12:40,17426,Flying Scooters,Family Rides,true,0
2026-08-26T16:40:00Z,2026-08-26T12:40:00-04:00,2026-08-26,12:40,15604,Giant Wheel,Family Rides,true,0
2026-08-26T16:40:00Z,2026-08-26T12:40:00-04:00,2026-08-26,12:40,3236,HARLEY QUINN™ Crazy Train,Family Rides,true,0
2026-08-26T16:40:00Z,2026-08-26T12:40:00-04:00,2026-08-26,12:40,3249,Houdini’s Great Escape,Family Rides,true,0
2026-08-26T16:40:00Z,2026-08-26T12:40:00-04:00,2026-08-26,12:40,17427,Hypno Twister,Family Rides,false,0
2026-08-26T16:40:00Z,2026-08-26T12:40:00-04:00,2026-08-26,12:40,3250,Jolly Roger,Family Rides,true,0
2026-08-26T16:40:00Z,2026-08-26T12:40:00-04:00,2026-08-26,12:40,15829,Roaring Rapids,Family Rides,true,0
2026-08-26T16:40:00Z,2026-08-26T12:40:00-04:00,2026-08-26,12:40,15727,Scrambler,Family Rides,true,0
2026-08-26T16:40:00Z,2026-08-26T12:40:00-04:00,2026-08-26,12:40,3268,Tango,Family Rides,true,0
2026-08-26T16:40:00Z,2026-08-26T12:40:00-04:00,2026-08-26,12:40,17428,Wave Swinger,Family Rides,true,0
2026-08-26T16:40:00Z,2026-08-26T12:40:00-04:00,2026-08-26,12:40,3232,Air Safari,Kids' Rides,true,0
2026-08-26T16:40:00Z,2026-08-26T12:40:00-04:00,2026-08-26,12:40,10461,Barnstormer,Kids' Rides,true,0
2026-08-26T16:40:00Z,2026-08-26T12:40:00-04:00,2026-08-26,12:40,3275,Bugaboo,Kids' Rides,true,0
2026-08-26T16:40:00Z,2026-08-26T12:40:00-04:00,2026-08-26,12:40,3277,Bugs Bunny Camp Carousel,Kids' Rides,true,0
2026-08-26T16:40:00Z,2026-08-26T12:40:00-04:00,2026-08-26,12:40,3279,Bugs Bunny Ranger Pilots,Kids' Rides,true,0
2026-08-26T16:40:00Z,2026-08-26T12:40:00-04:00,2026-08-26,12:40,3240,Daffy Duck Hot Air Balloons,Kids' Rides,false,0
2026-08-26T16:40:00Z,2026-08-26T12:40:00-04:00,2026-08-26,12:40,10077,Lil' Devil Coaster,Kids' Rides,true,0
2026-08-26T16:40:00Z,2026-08-26T12:40:00-04:00,2026-08-26,12:40,15617,Porky Pig Camp Wagons,Kids' Rides,true,0
2026-08-26T16:40:00Z,2026-08-26T12:40:00-04:00,2026-08-26,12:40,3257,Raja’s Rickshaws,Kids' Rides,true,0
2026-08-26T16:40:00Z,2026-08-26T12:40:00-04:00,2026-08-26,12:40,3274,Safari Off-Road Adventure,Kids' Rides,false,0
2026-08-26T16:40:00Z,2026-08-26T12:40:00-04:00,2026-08-26,12:40,3283,Saw Mill Log Flume,Kids' Rides,true,0
2026-08-26T16:40:00Z,2026-08-26T12:40:00-04:00,2026-08-26,12:40,3281,Sky Zooma,Kids' Rides,true,0
2026-08-26T16:40:00Z,2026-08-26T12:40:00-04:00,2026-08-26,12:40,15789,Storm Chaser,Kids' Rides,true,0
2026-08-26T16:40:00Z,2026-08-26T12:40:00-04:00,2026-08-26,12:40,3267,Super Round Up,Kids' Rides,true,0
2026-08-26T16:40:00Z,2026-08-26T12:40:00-04:00,2026-08-26,12:40,15594,Tree Top Hopper,Kids' Rides,true,0
2026-08-26T16:40:00Z,2026-08-26T12:40:00-04:00,2026-08-26,12:40,3233,BATMAN™ The Ride,Thrill Rides,true,0
2026-08-26T16:40:00Z,2026-08-26T12:40:00-04:00,2026-08-26,12:40,3243,El Toro,Thrill Rides,true,0
2026-08-26T16:40:00Z,2026-08-26T12:40:00-04:00,2026-08-26,12:40,8539,Jersey Devil Coaster,Thrill Rides,true,45
2026-08-26T16:40:00Z,2026-08-26T12:40:00-04:00,2026-08-26,12:40,3916,JUSTICE LEAGUE™: Battle for METROPOLIS,Thrill Rides,true,0
2026-08-26T16:40:00Z,2026-08-26T12:40:00-04:00,2026-08-26,12:40,10533,Medusa,Thrill Rides,true,0
2026-08-26T16:40:00Z,2026-08-26T12:40:00-04:00,2026-08-26,12:40,3253,Nitro,Thrill Rides,true,0
2026-08-26T16:40:00Z,2026-08-26T12:40:00-04:00,2026-08-26,12:40,3261,Runaway Train,Thrill Rides,false,0
2026-08-26T16:40:00Z,2026-08-26T12:40:00-04:00,2026-08-26,12:40,3262,Skull Mountain,Thrill Rides,true,30
2026-08-26T16:40:00Z,2026-08-26T12:40:00-04:00,2026-08-26,12:40,3263,SkyScreamer,Thrill Rides,false,0
2026-08-26T16:40:00Z,2026-08-26T12:40:00-04:00,2026-08-26,12:40,3282,Slingshot,Thrill Rides,false,0
2026-08-26T16:40:00Z,2026-08-26T12:40:00-04:00,2026-08-26,12:40,3266,SUPERMAN™: Ultimate Flight,Thrill Rides,true,0
2026-08-26T16:40:00Z,2026-08-26T12:40:00-04:00,2026-08-26,12:40,3271,THE DARK KNIGHT™ Coaster,Thrill Rides,true,0
2026-08-26T16:40:00Z,2026-08-26T12:40:00-04:00,2026-08-26,12:40,14537,THE FLASH™: Vertical Velocity,Thrill Rides,true,60
2026-08-26T16:40:00Z,2026-08-26T12:40:00-04:00,2026-08-26,12:40,3288,THE JOKER™,Thrill Rides,true,0
2026-08-26T16:40:00Z,2026-08-26T12:40:00-04:00,2026-08-26,12:40,3273,Wile E. Coyote Canyon Blaster,Thrill Rides,true,0
2026-08-26T16:40:00Z,2026-08-26T12:40:00-04:00,2026-08-26,12:40,6371,WONDER WOMAN™ Lasso of Truth,Thrill Rides,false,0
2026-08-26T16:45:00Z,2026-08-26T12:45:00-04:00,2026-08-26,12:45,3231,Air Jumbo,Family Rides,true,0
2026-08-26T16:45:00Z,2026-08-26T12:45:00-04:00,2026-08-26,12:45,17425,Barrels O’ Fun,Family Rides,true,0
2026-08-26T16:45:00Z,2026-08-26T12:45:00-04:00,2026-08-26,12:45,3270,Buccaneer,Family Rides,false,0
2026-08-26T16:45:00Z,2026-08-26T12:45:00-04:00,2026-08-26,12:45,3237,Carousel,Family Rides,true,0
2026-08-26T16:45:00Z,2026-08-26T12:45:00-04:00,2026-08-26,12:45,3244,Enchanted Teacups,Family Rides,true,0
2026-08-26T16:45:00Z,2026-08-26T12:45:00-04:00,2026-08-26,12:45,3245,Fender Benders,Family Rides,true,0
2026-08-26T16:45:00Z,2026-08-26T12:45:00-04:00,2026-08-26,12:45,17426,Flying Scooters,Family Rides,true,0
2026-08-26T16:45:00Z,2026-08-26T12:45:00-04:00,2026-08-26,12:45,15604,Giant Wheel,Family Rides,true,0
2026-08-26T16:45:00Z,2026-08-26T12:45:00-04:00,2026-08-26,12:45,3236,HARLEY QUINN™ Crazy Train,Family Rides,true,0
2026-08-26T16:45:00Z,2026-08-26T12:45:00-04:00,2026-08-26,12:45,3249,Houdini’s Great Escape,Family Rides,true,0
2026-08-26T16:45:00Z,2026-08-26T12:45:00-04:00,2026-08-26,12:45,17427,Hypno Twister,Family Rides,false,0
2026-08-26T16:45:00Z,2026-08-26T12:45:00-04:00,2026-08-26,12:45,3250,Jolly Roger,Family Rides,true,0
2026-08-26T16:45:00Z,2026-08-26T12:45:00-04:00,2026-08-26,12:45,15829,Roaring Rapids,Family Rides,true,0
2026-08-26T16:45:00Z,2026-08-26T12:45:00-04:00,2026-08-26,12:45,15727,Scrambler,Family Rides,true,0
2026-08-26T16:45:00Z,2026-08-26T12:45:00-04:00,2026-08-26,12:45,3268,Tango,Family Rides,true,0
2026-08-26T16:45:00Z,2026-08-26T12:45:00-04:00,2026-08-26,12:45,17428,Wave Swinger,Family Rides,true,0
2026-08-26T16:45:00Z,2026-08-26T12:45:00-04:00,2026-08-26,12:45,3232,Air Safari,Kids' Rides,true,0
2026-08-26T16:45:00Z,2026-08-26T12:45:00-04:00,2026-08-26,12:45,10461,Barnstormer,Kids' Rides,true,0
2026-08-26T16:45:00Z,2026-08-26T12:45:00-04:00,2026-08-26,12:45,3275,Bugaboo,Kids' Rides,true,0
2026-08-26T16:45:00Z,2026-08-26T12:45:00-04:00,2026-08-26,12:45,3277,Bugs Bunny Camp Carousel,Kids' Rides,true,0
2026-08-26T16:45:00Z,2026-08-26T12:45:00-04:00,2026-08-26,12:45,3279,Bugs Bunny Ranger Pilots,Kids' Rides,true,0
2026-08-26T16:45:00Z,2026-08-26T12:45:00-04:00,2026-08-26,12:45,3240,Daffy Duck Hot Air Balloons,Kids' Rides,false,0
2026-08-26T16:45:00Z,2026-08-26T12:45:00-04:00,2026-08-26,12:45,10077,Lil' Devil Coaster,Kids' Rides,true,0
2026-08-26T16:45:00Z,2026-08-26T12:45:00-04:00,2026-08-26,12:45,15617,Porky Pig Camp Wagons,Kids' Rides,true,0
2026-08-26T16:45:00Z,2026-08-26T12:45:00-04:00,2026-08-26,12:45,3257,Raja’s Rickshaws,Kids' Rides,true,0
2026-08-26T16:45:00Z,2026-08-26T12:45:00-04:00,2026-08-26,12:45,3274,Safari Off-Road Adventure,Kids' Rides,false,0
2026-08-26T16:45:00Z,2026-08-26T12:45:00-04:00,2026-08-26,12:45,3283,Saw Mill Log Flume,Kids' Rides,true,0
2026-08-26T16:45:00Z,2026-08-26T12:45:00-04:00,2026-08-26,12:45,3281,Sky Zooma,Kids' Rides,true,0
2026-08-26T16:45:00Z,2026-08-26T12:45:00-04:00,2026-08-26,12:45,15789,Storm Chaser,Kids' Rides,true,0
2026-08-26T16:45:00Z,2026-08-26T12:45:00-04:00,2026-08-26,12:45,3267,Super Round Up,Kids' Rides,true,0
2026-08-26T16:45:00Z,2026-08-26T12:45:00-04:00,2026-08-26,12:45,15594,Tree Top Hopper,Kids' Rides,true,0
2026-08-26T16:45:00Z,2026-08-26T12:45:00-04:00,2026-08-26,12:45,3233,BATMAN™ The Ride,Thrill Rides,true,0
2026-08-26T16:45:00Z,2026-08-26T12:45:00-04:00,2026-08-26,12:45,3243,El Toro,Thrill Rides,true,0
2026-08-26T16:45:00Z,2026-08-26T12:45:00-04:00,2026-08-26,12:45,8539,Jersey Devil Coaster,Thrill Rides,true,45
2026-08-26T16:45:00Z,2026-08-26T12:45:00-04:00,2026-08-26,12:45,3916,JUSTICE LEAGUE™: Battle for METROPOLIS,Thrill Rides,true,0
2026-08-26T16:45:00Z,2026-08-26T12:45:00-04:00,2026-08-26,12:45,10533,Medusa,Thrill Rides,true,0
2026-08-26T16:45:00Z,2026-08-26T12:45:00-04:00,2026-08-26,12:45,3253,Nitro,Thrill Rides,true,0
2026-08-26T16:45:00Z,2026-08-26T12:45:00-04:00,2026-08-26,12:45,3261,Runaway Train,Thrill Rides,false,0
2026-08-26T16:45:00Z,2026-08-26T12:45:00-04:00,2026-08-26,12:45,3262,Skull Mountain,Thrill Rides,true,30
2026-08-26T16:45:00Z,2026-08-26T12:45:00-04:00,2026-08-26,12:45,3263,SkyScreamer,Thrill Rides,true,0
2026-08-26T16:45:00Z,2026-08-26T12:45:00-04:00,2026-08-26,12:45,3282,Slingshot,Thrill Rides,false,0
2026-08-26T16:45:00Z,2026-08-26T12:45:00-04:00,2026-08-26,12:45,3266,SUPERMAN™: Ultimate Flight,Thrill Rides,true,0
2026-08-26T16:45:00Z,2026-08-26T12:45:00-04:00,2026-08-26,12:45,3271,THE DARK KNIGHT™ Coaster,Thrill Rides,true,0
2026-08-26T16:45:00Z,2026-08-26T12:45:00-04:00,2026-08-26,12:45,14537,THE FLASH™: Vertical Velocity,Thrill Rides,true,60
2026-08-26T16:45:00Z,2026-08-26T12:45:00-04:00,2026-08-26,12:45,3288,THE JOKER™,Thrill Rides,true,30
2026-08-26T16:45:00Z,2026-08-26T12:45:00-04:00,2026-08-26,12:45,3273,Wile E. Coyote Canyon Blaster,Thrill Rides,true,0
2026-08-26T16:45:00Z,2026-08-26T12:45:00-04:00,2026-08-26,12:45,6371,WONDER WOMAN™ Lasso of Truth,Thrill Rides,false,0
2026-08-26T16:50:00Z,2026-08-26T12:50:00-04:00,2026-08-26,12:50,3231,Air Jumbo,Family Rides,true,0
2026-08-26T16:50:00Z,2026-08-26T12:50:00-04:00,2026-08-26,12:50,17425,Barrels O’ Fun,Family Rides,true,0
2026-08-26T16:50:00Z,2026-08-26T12:50:00-04:00,2026-08-26,12:50,3270,Buccaneer,Family Rides,false,0
2026-08-26T16:50:00Z,2026-08-26T12:50:00-04:00,2026-08-26,12:50,3237,Carousel,Family Rides,true,0
2026-08-26T16:50:00Z,2026-08-26T12:50:00-04:00,2026-08-26,12:50,3244,Enchanted Teacups,Family Rides,true,0
2026-08-26T16:50:00Z,2026-08-26T12:50:00-04:00,2026-08-26,12:50,3245,Fender Benders,Family Rides,true,0
2026-08-26T16:50:00Z,2026-08-26T12:50:00-04:00,2026-08-26,12:50,17426,Flying Scooters,Family Rides,true,0
2026-08-26T16:50:00Z,2026-08-26T12:50:00-04:00,2026-08-26,12:50,15604,Giant Wheel,Family Rides,true,0
2026-08-26T16:50:00Z,2026-08-26T12:50:00-04:00,2026-08-26,12:50,3236,HARLEY QUINN™ Crazy Train,Family Rides,true,0
2026-08-26T16:50:00Z,2026-08-26T12:50:00-04:00,2026-08-26,12:50,3249,Houdini’s Great Escape,Family Rides,true,0
2026-08-26T16:50:00Z,2026-08-26T12:50:00-04:00,2026-08-26,12:50,17427,Hypno Twister,Family Rides,false,0
2026-08-26T16:50:00Z,2026-08-26T12:50:00-04:00,2026-08-26,12:50,3250,Jolly Roger,Family Rides,true,0
2026-08-26T16:50:00Z,2026-08-26T12:50:00-04:00,2026-08-26,12:50,15829,Roaring Rapids,Family Rides,true,0
2026-08-26T16:50:00Z,2026-08-26T12:50:00-04:00,2026-08-26,12:50,15727,Scrambler,Family Rides,true,0
2026-08-26T16:50:00Z,2026-08-26T12:50:00-04:00,2026-08-26,12:50,3268,Tango,Family Rides,true,0
2026-08-26T16:50:00Z,2026-08-26T12:50:00-04:00,2026-08-26,12:50,17428,Wave Swinger,Family Rides,true,0
2026-08-26T16:50:00Z,2026-08-26T12:50:00-04:00,2026-08-26,12:50,3232,Air Safari,Kids' Rides,true,0
2026-08-26T16:50:00Z,2026-08-26T12:50:00-04:00,2026-08-26,12:50,10461,Barnstormer,Kids' Rides,true,0
2026-08-26T16:50:00Z,2026-08-26T12:50:00-04:00,2026-08-26,12:50,3275,Bugaboo,Kids' Rides,true,0
2026-08-26T16:50:00Z,2026-08-26T12:50:00-04:00,2026-08-26,12:50,3277,Bugs Bunny Camp Carousel,Kids' Rides,true,0
2026-08-26T16:50:00Z,2026-08-26T12:50:00-04:00,2026-08-26,12:50,3279,Bugs Bunny Ranger Pilots,Kids' Rides,true,0
2026-08-26T16:50:00Z,2026-08-26T12:50:00-04:00,2026-08-26,12:50,3240,Daffy Duck Hot Air Balloons,Kids' Rides,false,0
2026-08-26T16:50:00Z,2026-08-26T12:50:00-04:00,2026-08-26,12:50,10077,Lil' Devil Coaster,Kids' Rides,true,0
2026-08-26T16:50:00Z,2026-08-26T12:50:00-04:00,2026-08-26,12:50,15617,Porky Pig Camp Wagons,Kids' Rides,true,0
2026-08-26T16:50:00Z,2026-08-26T12:50:00-04:00,2026-08-26,12:50,3257,Raja’s Rickshaws,Kids' Rides,true,0
2026-08-26T16:50:00Z,2026-08-26T12:50:00-04:00,2026-08-26,12:50,3274,Safari Off-Road Adventure,Kids' Rides,false,0
2026-08-26T16:50:00Z,2026-08-26T12:50:00-04:00,2026-08-26,12:50,3283,Saw Mill Log Flume,Kids' Rides,true,0
2026-08-26T16:50:00Z,2026-08-26T12:50:00-04:00,2026-08-26,12:50,3281,Sky Zooma,Kids' Rides,true,0
2026-08-26T16:50:00Z,2026-08-26T12:50:00-04:00,2026-08-26,12:50,15789,Storm Chaser,Kids' Rides,true,0
2026-08-26T16:50:00Z,2026-08-26T12:50:00-04:00,2026-08-26,12:50,3267,Super Round Up,Kids' Rides,true,0
2026-08-26T16:50:00Z,2026-08-26T12:50:00-04:00,2026-08-26,12:50,15594,Tree Top Hopper,Kids' Rides,true,0
2026-08-26T16:50:00Z,2026-08-26T12:50:00-04:00,2026-08-26,12:50,3233,BATMAN™ The Ride,Thrill Rides,true,0
2026-08-26T16:50:00Z,2026-08-26T12:50:00-04:00,2026-08-26,12:50,3243,El Toro,Thrill Rides,true,0
2026-08-26T16:50:00Z,2026-08-26T12:50:00-04:00,2026-08-26,12:50,8539,Jersey Devil Coaster,Thrill Rides,true,45
2026-08-26T16:50:00Z,2026-08-26T12:50:00-04:00,2026-08-26,12:50,3916,JUSTICE LEAGUE™: Battle for METROPOLIS,Thrill Rides,true,0
2026-08-26T16:50:00Z,2026-08-26T12:50:00-04:00,2026-08-26,12:50,10533,Medusa,Thrill Rides,true,0
2026-08-26T16:50:00Z,2026-08-26T12:50:00-04:00,2026-08-26,12:50,3253,Nitro,Thrill Rides,true,0
2026-08-26T16:50:00Z,2026-08-26T12:50:00-04:00,2026-08-26,12:50,3261,Runaway Train,Thrill Rides,false,0
2026-08-26T16:50:00Z,2026-08-26T12:50:00-04:00,2026-08-26,12:50,3262,Skull Mountain,Thrill Rides,true,30
2026-08-26T16:50:00Z,2026-08-26T12:50:00-04:00,2026-08-26,12:50,3263,SkyScreamer,Thrill Rides,true,0
2026-08-26T16:50:00Z,2026-08-26T12:50:00-04:00,2026-08-26,12:50,3282,Slingshot,Thrill Rides,false,0
2026-08-26T16:50:00Z,2026-08-26T12:50:00-04:00,2026-08-26,12:50,3266,SUPERMAN™: Ultimate Flight,Thrill Rides,true,0
2026-08-26T16:50:00Z,2026-08-26T12:50:00-04:00,2026-08-26,12:50,3271,THE DARK KNIGHT™ Coaster,Thrill Rides,true,0
2026-08-26T16:50:00Z,2026-08-26T12:50:00-04:00,2026-08-26,12:50,14537,THE FLASH™: Vertical Velocity,Thrill Rides,true,60
2026-08-26T16:50:00Z,2026-08-26T12:50:00-04:00,2026-08-26,12:50,3288,THE JOKER™,Thrill Rides,true,30
2026-08-26T16:50:00Z,2026-08-26T12:50:00-04:00,2026-08-26,12:50,3273,Wile E. Coyote Canyon Blaster,Thrill Rides,true,0
2026-08-26T16:50:00Z,2026-08-26T12:50:00-04:00,2026-08-26,12:50,6371,WONDER WOMAN™ Lasso of Truth,Thrill Rides,false,0
2026-08-26T16:55:00Z,2026-08-26T12:55:00-04:00,2026-08-26,12:55,3231,Air Jumbo,Family Rides,true,0
2026-08-26T16:55:00Z,2026-08-26T12:55:00-04:00,2026-08-26,12:55,17425,Barrels O’ Fun,Family Rides,false,0
2026-08-26T16:55:00Z,2026-08-26T12:55:00-04:00,2026-08-26,12:55,3270,Buccaneer,Family Rides,false,0
2026-08-26T16:55:00Z,2026-08-26T12:55:00-04:00,2026-08-26,12:55,3237,Carousel,Family Rides,true,0
2026-08-26T16:55:00Z,2026-08-26T12:55:00-04:00,2026-08-26,12:55,3244,Enchanted Teacups,Family Rides,true,0
2026-08-26T16:55:00Z,2026-08-26T12:55:00-04:00,2026-08-26,12:55,3245,Fender Benders,Family Rides,true,0
2026-08-26T16:55:00Z,2026-08-26T12:55:00-04:00,2026-08-26,12:55,17426,Flying Scooters,Family Rides,true,0
2026-08-26T16:55:00Z,2026-08-26T12:55:00-04:00,2026-08-26,12:55,15604,Giant Wheel,Family Rides,true,0
2026-08-26T16:55:00Z,2026-08-26T12:55:00-04:00,2026-08-26,12:55,3236,HARLEY QUINN™ Crazy Train,Family Rides,true,20
2026-08-26T16:55:00Z,2026-08-26T12:55:00-04:00,2026-08-26,12:55,3249,Houdini’s Great Escape,Family Rides,true,0
2026-08-26T16:55:00Z,2026-08-26T12:55:00-04:00,2026-08-26,12:55,17427,Hypno Twister,Family Rides,false,0
2026-08-26T16:55:00Z,2026-08-26T12:55:00-04:00,2026-08-26,12:55,3250,Jolly Roger,Family Rides,true,0
2026-08-26T16:55:00Z,2026-08-26T12:55:00-04:00,2026-08-26,12:55,15829,Roaring Rapids,Family Rides,true,0
2026-08-26T16:55:00Z,2026-08-26T12:55:00-04:00,2026-08-26,12:55,15727,Scrambler,Family Rides,true,0
2026-08-26T16:55:00Z,2026-08-26T12:55:00-04:00,2026-08-26,12:55,3268,Tango,Family Rides,true,0
2026-08-26T16:55:00Z,2026-08-26T12:55:00-04:00,2026-08-26,12:55,17428,Wave Swinger,Family Rides,true,0
2026-08-26T16:55:00Z,2026-08-26T12:55:00-04:00,2026-08-26,12:55,3232,Air Safari,Kids' Rides,true,0
2026-08-26T16:55:00Z,2026-08-26T12:55:00-04:00,2026-08-26,12:55,10461,Barnstormer,Kids' Rides,true,0
2026-08-26T16:55:00Z,2026-08-26T12:55:00-04:00,2026-08-26,12:55,3275,Bugaboo,Kids' Rides,true,0
2026-08-26T16:55:00Z,2026-08-26T12:55:00-04:00,2026-08-26,12:55,3277,Bugs Bunny Camp Carousel,Kids' Rides,true,0
2026-08-26T16:55:00Z,2026-08-26T12:55:00-04:00,2026-08-26,12:55,3279,Bugs Bunny Ranger Pilots,Kids' Rides,true,0
2026-08-26T16:55:00Z,2026-08-26T12:55:00-04:00,2026-08-26,12:55,3240,Daffy Duck Hot Air Balloons,Kids' Rides,true,0
2026-08-26T16:55:00Z,2026-08-26T12:55:00-04:00,2026-08-26,12:55,10077,Lil' Devil Coaster,Kids' Rides,true,0
2026-08-26T16:55:00Z,2026-08-26T12:55:00-04:00,2026-08-26,12:55,15617,Porky Pig Camp Wagons,Kids' Rides,true,0
2026-08-26T16:55:00Z,2026-08-26T12:55:00-04:00,2026-08-26,12:55,3257,Raja’s Rickshaws,Kids' Rides,true,0
2026-08-26T16:55:00Z,2026-08-26T12:55:00-04:00,2026-08-26,12:55,3274,Safari Off-Road Adventure,Kids' Rides,false,0
2026-08-26T16:55:00Z,2026-08-26T12:55:00-04:00,2026-08-26,12:55,3283,Saw Mill Log Flume,Kids' Rides,true,0
2026-08-26T16:55:00Z,2026-08-26T12:55:00-04:00,2026-08-26,12:55,3281,Sky Zooma,Kids' Rides,true,0
2026-08-26T16:55:00Z,2026-08-26T12:55:00-04:00,2026-08-26,12:55,15789,Storm Chaser,Kids' Rides,true,0
2026-08-26T16:55:00Z,2026-08-26T12:55:00-04:00,2026-08-26,12:55,3267,Super Round Up,Kids' Rides,true,0
2026-08-26T16:55:00Z,2026-08-26T12:55:00-04:00,2026-08-26,12:55,15594,Tree Top Hopper,Kids' Rides,true,0
2026-08-26T16:55:00Z,2026-08-26T12:55:00-04:00,2026-08-26,12:55,3233,BATMAN™ The Ride,Thrill Rides,true,0
2026-08-26T16:55:00Z,2026-08-26T12:55:00-04:00,2026-08-26,12:55,3243,El Toro,Thrill Rides,true,0
2026-08-26T16:55:00Z,2026-08-26T12:55:00-04:00,2026-08-26,12:55,8539,Jersey Devil Coaster,Thrill Rides,true,45
2026-08-26T16:55:00Z,2026-08-26T12:55:00-04:00,2026-08-26,12:55,3916,JUSTICE LEAGUE™: Battle for METROPOLIS,Thrill Rides,true,0
2026-08-26T16:55:00Z,2026-08-26T12:55:00-04:00,2026-08-26,12:55,10533,Medusa,Thrill Rides,true,0
2026-08-26T16:55:00Z,2026-08-26T12:55:00-04:00,2026-08-26,12:55,3253,Nitro,Thrill Rides,true,0
2026-08-26T16:55:00Z,2026-08-26T12:55:00-04:00,2026-08-26,12:55,3261,Runaway Train,Thrill Rides,false,0
2026-08-26T16:55:00Z,2026-08-26T12:55:00-04:00,2026-08-26,12:55,3262,Skull Mountain,Thrill Rides,true,30
2026-08-26T16:55:00Z,2026-08-26T12:55:00-04:00,2026-08-26,12:55,3263,SkyScreamer,Thrill Rides,true,0
2026-08-26T16:55:00Z,2026-08-26T12:55:00-04:00,2026-08-26,12:55,3282,Slingshot,Thrill Rides,false,0
2026-08-26T16:55:00Z,2026-08-26T12:55:00-04:00,2026-08-26,12:55,3266,SUPERMAN™: Ultimate Flight,Thrill Rides,true,0
2026-08-26T16:55:00Z,2026-08-26T12:55:00-04:00,2026-08-26,12:55,3271,THE DARK KNIGHT™ Coaster,Thrill Rides,true,0
2026-08-26T16:55:00Z,2026-08-26T12:55:00-04:00,2026-08-26,12:55,14537,THE FLASH™: Vertical Velocity,Thrill Rides,true,60
2026-08-26T16:55:00Z,2026-08-26T12:55:00-04:00,2026-08-26,12:55,3288,THE JOKER™,Thrill Rides,true,30
2026-08-26T16:55:00Z,2026-08-26T12:55:00-04:00,2026-08-26,12:55,3273,Wile E. Coyote Canyon Blaster,Thrill Rides,true,0
2026-08-26T16:55:00Z,2026-08-26T12:55:00-04:00,2026-08-26,12:55,6371,WONDER WOMAN™ Lasso of Truth,Thrill Rides,false,0
2026-08-26T17:00:00Z,2026-08-26T13:00:00-04:00,2026-08-26,13:00,3231,Air Jumbo,Family Rides,true,0
2026-08-26T17:00:00Z,2026-08-26T13:00:00-04:00,2026-08-26,13:00,17425,Barrels O’ Fun,Family Rides,false,0
2026-08-26T17:00:00Z,2026-08-26T13:00:00-04:00,2026-08-26,13:00,3270,Buccaneer,Family Rides,false,0
2026-08-26T17:00:00Z,2026-08-26T13:00:00-04:00,2026-08-26,13:00,3237,Carousel,Family Rides,true,0
2026-08-26T17:00:00Z,2026-08-26T13:00:00-04:00,2026-08-26,13:00,3244,Enchanted Teacups,Family Rides,true,0
2026-08-26T17:00:00Z,2026-08-26T13:00:00-04:00,2026-08-26,13:00,3245,Fender Benders,Family Rides,true,0
2026-08-26T17:00:00Z,2026-08-26T13:00:00-04:00,2026-08-26,13:00,17426,Flying Scooters,Family Rides,true,0
2026-08-26T17:00:00Z,2026-08-26T13:00:00-04:00,2026-08-26,13:00,15604,Giant Wheel,Family Rides,true,0
2026-08-26T17:00:00Z,2026-08-26T13:00:00-04:00,2026-08-26,13:00,3236,HARLEY QUINN™ Crazy Train,Family Rides,true,20
2026-08-26T17:00:00Z,2026-08-26T13:00:00-04:00,2026-08-26,13:00,3249,Houdini’s Great Escape,Family Rides,true,0
2026-08-26T17:00:00Z,2026-08-26T13:00:00-04:00,2026-08-26,13:00,17427,Hypno Twister,Family Rides,false,0
2026-08-26T17:00:00Z,2026-08-26T13:00:00-04:00,2026-08-26,13:00,3250,Jolly Roger,Family Rides,true,0
2026-08-26T17:00:00Z,2026-08-26T13:00:00-04:00,2026-08-26,13:00,15829,Roaring Rapids,Family Rides,true,0
2026-08-26T17:00:00Z,2026-08-26T13:00:00-04:00,2026-08-26,13:00,15727,Scrambler,Family Rides,true,0
2026-08-26T17:00:00Z,2026-08-26T13:00:00-04:00,2026-08-26,13:00,3268,Tango,Family Rides,true,0
2026-08-26T17:00:00Z,2026-08-26T13:00:00-04:00,2026-08-26,13:00,17428,Wave Swinger,Family Rides,true,0
2026-08-26T17:00:00Z,2026-08-26T13:00:00-04:00,2026-08-26,13:00,3232,Air Safari,Kids' Rides,true,0
2026-08-26T17:00:00Z,2026-08-26T13:00:00-04:00,2026-08-26,13:00,10461,Barnstormer,Kids' Rides,true,0
2026-08-26T17:00:00Z,2026-08-26T13:00:00-04:00,2026-08-26,13:00,3275,Bugaboo,Kids' Rides,true,0
2026-08-26T17:00:00Z,2026-08-26T13:00:00-04:00,2026-08-26,13:00,3277,Bugs Bunny Camp Carousel,Kids' Rides,true,0
2026-08-26T17:00:00Z,2026-08-26T13:00:00-04:00,2026-08-26,13:00,3279,Bugs Bunny Ranger Pilots,Kids' Rides,true,0
2026-08-26T17:00:00Z,2026-08-26T13:00:00-04:00,2026-08-26,13:00,3240,Daffy Duck Hot Air Balloons,Kids' Rides,true,0
2026-08-26T17:00:00Z,2026-08-26T13:00:00-04:00,2026-08-26,13:00,10077,Lil' Devil Coaster,Kids' Rides,true,0
2026-08-26T17:00:00Z,2026-08-26T13:00:00-04:00,2026-08-26,13:00,15617,Porky Pig Camp Wagons,Kids' Rides,true,0
2026-08-26T17:00:00Z,2026-08-26T13:00:00-04:00,2026-08-26,13:00,3257,Raja’s Rickshaws,Kids' Rides,true,0
2026-08-26T17:00:00Z,2026-08-26T13:00:00-04:00,2026-08-26,13:00,3274,Safari Off-Road Adventure,Kids' Rides,false,0
2026-08-26T17:00:00Z,2026-08-26T13:00:00-04:00,2026-08-26,13:00,3283,Saw Mill Log Flume,Kids' Rides,true,0
2026-08-26T17:00:00Z,2026-08-26T13:00:00-04:00,2026-08-26,13:00,3281,Sky Zooma,Kids' Rides,true,0
2026-08-26T17:00:00Z,2026-08-26T13:00:00-04:00,2026-08-26,13:00,15789,Storm Chaser,Kids' Rides,true,0
2026-08-26T17:00:00Z,2026-08-26T13:00:00-04:00,2026-08-26,13:00,3267,Super Round Up,Kids' Rides,true,0
2026-08-26T17:00:00Z,2026-08-26T13:00:00-04:00,2026-08-26,13:00,15594,Tree Top Hopper,Kids' Rides,true,0
2026-08-26T17:00:00Z,2026-08-26T13:00:00-04:00,2026-08-26,13:00,3233,BATMAN™ The Ride,Thrill Rides,true,0
2026-08-26T17:00:00Z,2026-08-26T13:00:00-04:00,2026-08-26,13:00,3243,El Toro,Thrill Rides,true,0
2026-08-26T17:00:00Z,2026-08-26T13:00:00-04:00,2026-08-26,13:00,8539,Jersey Devil Coaster,Thrill Rides,true,45
2026-08-26T17:00:00Z,2026-08-26T13:00:00-04:00,2026-08-26,13:00,3916,JUSTICE LEAGUE™: Battle for METROPOLIS,Thrill Rides,true,0
2026-08-26T17:00:00Z,2026-08-26T13:00:00-04:00,2026-08-26,13:00,10533,Medusa,Thrill Rides,true,0
2026-08-26T17:00:00Z,2026-08-26T13:00:00-04:00,2026-08-26,13:00,3253,Nitro,Thrill Rides,true,0
2026-08-26T17:00:00Z,2026-08-26T13:00:00-04:00,2026-08-26,13:00,3261,Runaway Train,Thrill Rides,false,0
2026-08-26T17:00:00Z,2026-08-26T13:00:00-04:00,2026-08-26,13:00,3262,Skull Mountain,Thrill Rides,true,30
2026-08-26T17:00:00Z,2026-08-26T13:00:00-04:00,2026-08-26,13:00,3263,SkyScreamer,Thrill Rides,true,0
2026-08-26T17:00:00Z,2026-08-26T13:00:00-04:00,2026-08-26,13:00,3282,Slingshot,Thrill Rides,false,0
2026-08-26T17:00:00Z,2026-08-26T13:00:00-04:00,2026-08-26,13:00,3266,SUPERMAN™: Ultimate Flight,Thrill Rides,true,0
2026-08-26T17:00:00Z,2026-08-26T13:00:00-04:00,2026-08-26,13:00,3271,THE DARK KNIGHT™ Coaster,Thrill Rides,true,0
2026-08-26T17:00:00Z,2026-08-26T13:00:00-04:00,2026-08-26,13:00,14537,THE FLASH™: Vertical Velocity,Thrill Rides,true,60
2026-08-26T17:00:00Z,2026-08-26T13:00:00-04:00,2026-08-26,13:00,3288,THE JOKER™,Thrill Rides,true,30
2026-08-26T17:00:00Z,2026-08-26T13:00:00-04:00,2026-08-26,13:00,3273,Wile E. Coyote Canyon Blaster,Thrill Rides,true,0
2026-08-26T17:00:00Z,2026-08-26T13:00:00-04:00,2026-08-26,13:00,6371,WONDER WOMAN™ Lasso of Truth,Thrill Rides,false,0
2026-08-26T18:10:00Z,2026-08-26T14:10:00-04:00,2026-08-26,14:10,3231,Air Jumbo,Family Rides,true,0
2026-08-26T18:10:00Z,2026-08-26T14:10:00-04:00,2026-08-26,14:10,17425,Barrels O’ Fun,Family Rides,true,0
2026-08-26T18:10:00Z,2026-08-26T14:10:00-04:00,2026-08-26,14:10,3270,Buccaneer,Family Rides,false,0
2026-08-26T18:10:00Z,2026-08-26T14:10:00-04:00,2026-08-26,14:10,3237,Carousel,Family Rides,true,0
2026-08-26T18:10:00Z,2026-08-26T14:10:00-04:00,2026-08-26,14:10,3244,Enchanted Teacups,Family Rides,true,0
2026-08-26T18:10:00Z,2026-08-26T14:10:00-04:00,2026-08-26,14:10,3245,Fender Benders,Family Rides,true,0
2026-08-26T18:10:00Z,2026-08-26T14:10:00-04:00,2026-08-26,14:10,17426,Flying Scooters,Family Rides,true,0
2026-08-26T18:10:00Z,2026-08-26T14:10:00-04:00,2026-08-26,14:10,15604,Giant Wheel,Family Rides,true,0
2026-08-26T18:10:00Z,2026-08-26T14:10:00-04:00,2026-08-26,14:10,3236,HARLEY QUINN™ Crazy Train,Family Rides,true,20
2026-08-26T18:10:00Z,2026-08-26T14:10:00-04:00,2026-08-26,14:10,3249,Houdini’s Great Escape,Family Rides,true,0
2026-08-26T18:10:00Z,2026-08-26T14:10:00-04:00,2026-08-26,14:10,17427,Hypno Twister,Family Rides,false,0
2026-08-26T18:10:00Z,2026-08-26T14:10:00-04:00,2026-08-26,14:10,3250,Jolly Roger,Family Rides,true,0
2026-08-26T18:10:00Z,2026-08-26T14:10:00-04:00,2026-08-26,14:10,15829,Roaring Rapids,Family Rides,true,0
2026-08-26T18:10:00Z,2026-08-26T14:10:00-04:00,2026-08-26,14:10,15727,Scrambler,Family Rides,true,0
2026-08-26T18:10:00Z,2026-08-26T14:10:00-04:00,2026-08-26,14:10,3268,Tango,Family Rides,true,0
2026-08-26T18:10:00Z,2026-08-26T14:10:00-04:00,2026-08-26,14:10,17428,Wave Swinger,Family Rides,true,0
2026-08-26T18:10:00Z,2026-08-26T14:10:00-04:00,2026-08-26,14:10,3232,Air Safari,Kids' Rides,true,0
2026-08-26T18:10:00Z,2026-08-26T14:10:00-04:00,2026-08-26,14:10,10461,Barnstormer,Kids' Rides,true,0
2026-08-26T18:10:00Z,2026-08-26T14:10:00-04:00,2026-08-26,14:10,3275,Bugaboo,Kids' Rides,true,0
2026-08-26T18:10:00Z,2026-08-26T14:10:00-04:00,2026-08-26,14:10,3277,Bugs Bunny Camp Carousel,Kids' Rides,true,0
2026-08-26T18:10:00Z,2026-08-26T14:10:00-04:00,2026-08-26,14:10,3279,Bugs Bunny Ranger Pilots,Kids' Rides,true,0
2026-08-26T18:10:00Z,2026-08-26T14:10:00-04:00,2026-08-26,14:10,3240,Daffy Duck Hot Air Balloons,Kids' Rides,true,0
2026-08-26T18:10:00Z,2026-08-26T14:10:00-04:00,2026-08-26,14:10,10077,Lil' Devil Coaster,Kids' Rides,true,0
2026-08-26T18:10:00Z,2026-08-26T14:10:00-04:00,2026-08-26,14:10,15617,Porky Pig Camp Wagons,Kids' Rides,true,0
2026-08-26T18:10:00Z,2026-08-26T14:10:00-04:00,2026-08-26,14:10,3257,Raja’s Rickshaws,Kids' Rides,true,0
2026-08-26T18:10:00Z,2026-08-26T14:10:00-04:00,2026-08-26,14:10,3274,Safari Off-Road Adventure,Kids' Rides,false,0
2026-08-26T18:10:00Z,2026-08-26T14:10:00-04:00,2026-08-26,14:10,3283,Saw Mill Log Flume,Kids' Rides,true,30
2026-08-26T18:10:00Z,2026-08-26T14:10:00-04:00,2026-08-26,14:10,3281,Sky Zooma,Kids' Rides,true,0
2026-08-26T18:10:00Z,2026-08-26T14:10:00-04:00,2026-08-26,14:10,15789,Storm Chaser,Kids' Rides,true,0
2026-08-26T18:10:00Z,2026-08-26T14:10:00-04:00,2026-08-26,14:10,3267,Super Round Up,Kids' Rides,true,0
2026-08-26T18:10:00Z,2026-08-26T14:10:00-04:00,2026-08-26,14:10,15594,Tree Top Hopper,Kids' Rides,true,0
2026-08-26T18:10:00Z,2026-08-26T14:10:00-04:00,2026-08-26,14:10,3233,BATMAN™ The Ride,Thrill Rides,true,30
2026-08-26T18:10:00Z,2026-08-26T14:10:00-04:00,2026-08-26,14:10,3243,El Toro,Thrill Rides,true,0
2026-08-26T18:10:00Z,2026-08-26T14:10:00-04:00,2026-08-26,14:10,8539,Jersey Devil Coaster,Thrill Rides,true,45
2026-08-26T18:10:00Z,2026-08-26T14:10:00-04:00,2026-08-26,14:10,3916,JUSTICE LEAGUE™: Battle for METROPOLIS,Thrill Rides,true,0
2026-08-26T18:10:00Z,2026-08-26T14:10:00-04:00,2026-08-26,14:10,10533,Medusa,Thrill Rides,true,10
2026-08-26T18:10:00Z,2026-08-26T14:10:00-04:00,2026-08-26,14:10,3253,Nitro,Thrill Rides,true,50
2026-08-26T18:10:00Z,2026-08-26T14:10:00-04:00,2026-08-26,14:10,3261,Runaway Train,Thrill Rides,false,0
2026-08-26T18:10:00Z,2026-08-26T14:10:00-04:00,2026-08-26,14:10,3262,Skull Mountain,Thrill Rides,true,50
2026-08-26T18:10:00Z,2026-08-26T14:10:00-04:00,2026-08-26,14:10,3263,SkyScreamer,Thrill Rides,true,15
2026-08-26T18:10:00Z,2026-08-26T14:10:00-04:00,2026-08-26,14:10,3282,Slingshot,Thrill Rides,false,0
2026-08-26T18:10:00Z,2026-08-26T14:10:00-04:00,2026-08-26,14:10,3266,SUPERMAN™: Ultimate Flight,Thrill Rides,false,0
2026-08-26T18:10:00Z,2026-08-26T14:10:00-04:00,2026-08-26,14:10,3271,THE DARK KNIGHT™ Coaster,Thrill Rides,true,45
2026-08-26T18:10:00Z,2026-08-26T14:10:00-04:00,2026-08-26,14:10,14537,THE FLASH™: Vertical Velocity,Thrill Rides,true,60
2026-08-26T18:10:00Z,2026-08-26T14:10:00-04:00,2026-08-26,14:10,3288,THE JOKER™,Thrill Rides,true,30
2026-08-26T18:10:00Z,2026-08-26T14:10:00-04:00,2026-08-26,14:10,3273,Wile E. Coyote Canyon Blaster,Thrill Rides,true,0
2026-08-26T18:10:00Z,2026-08-26T14:10:00-04:00,2026-08-26,14:10,6371,WONDER WOMAN™ Lasso of Truth,Thrill Rides,false,0
2026-08-26T18:15:00Z,2026-08-26T14:15:00-04:00,2026-08-26,14:15,3231,Air Jumbo,Family Rides,true,0
2026-08-26T18:15:00Z,2026-08-26T14:15:00-04:00,2026-08-26,14:15,17425,Barrels O’ Fun,Family Rides,true,90
2026-08-26T18:15:00Z,2026-08-26T14:15:00-04:00,2026-08-26,14:15,3270,Buccaneer,Family Rides,true,0
2026-08-26T18:15:00Z,2026-08-26T14:15:00-04:00,2026-08-26,14:15,3237,Carousel,Family Rides,true,0
2026-08-26T18:15:00Z,2026-08-26T14:15:00-04:00,2026-08-26,14:15,3244,Enchanted Teacups,Family Rides,true,0
2026-08-26T18:15:00Z,2026-08-26T14:15:00-04:00,2026-08-26,14:15,3245,Fender Benders,Family Rides,true,0
2026-08-26T18:15:00Z,2026-08-26T14:15:00-04:00,2026-08-26,14:15,17426,Flying Scooters,Family Rides,true,0
2026-08-26T18:15:00Z,2026-08-26T14:15:00-04:00,2026-08-26,14:15,15604,Giant Wheel,Family Rides,true,0
2026-08-26T18:15:00Z,2026-08-26T14:15:00-04:00,2026-08-26,14:15,3236,HARLEY QUINN™ Crazy Train,Family Rides,true,20
2026-08-26T18:15:00Z,2026-08-26T14:15:00-04:00,2026-08-26,14:15,3249,Houdini’s Great Escape,Family Rides,true,0
2026-08-26T18:15:00Z,2026-08-26T14:15:00-04:00,2026-08-26,14:15,17427,Hypno Twister,Family Rides,false,0
2026-08-26T18:15:00Z,2026-08-26T14:15:00-04:00,2026-08-26,14:15,3250,Jolly Roger,Family Rides,true,0
2026-08-26T18:15:00Z,2026-08-26T14:15:00-04:00,2026-08-26,14:15,15829,Roaring Rapids,Family Rides,true,0
2026-08-26T18:15:00Z,2026-08-26T14:15:00-04:00,2026-08-26,14:15,15727,Scrambler,Family Rides,true,0
2026-08-26T18:15:00Z,2026-08-26T14:15:00-04:00,2026-08-26,14:15,3268,Tango,Family Rides,true,0
2026-08-26T18:15:00Z,2026-08-26T14:15:00-04:00,2026-08-26,14:15,17428,Wave Swinger,Family Rides,true,0
2026-08-26T18:15:00Z,2026-08-26T14:15:00-04:00,2026-08-26,14:15,3232,Air Safari,Kids' Rides,true,0
2026-08-26T18:15:00Z,2026-08-26T14:15:00-04:00,2026-08-26,14:15,10461,Barnstormer,Kids' Rides,true,0
2026-08-26T18:15:00Z,2026-08-26T14:15:00-04:00,2026-08-26,14:15,3275,Bugaboo,Kids' Rides,true,0
2026-08-26T18:15:00Z,2026-08-26T14:15:00-04:00,2026-08-26,14:15,3277,Bugs Bunny Camp Carousel,Kids' Rides,true,0
2026-08-26T18:15:00Z,2026-08-26T14:15:00-04:00,2026-08-26,14:15,3279,Bugs Bunny Ranger Pilots,Kids' Rides,true,0
2026-08-26T18:15:00Z,2026-08-26T14:15:00-04:00,2026-08-26,14:15,3240,Daffy Duck Hot Air Balloons,Kids' Rides,true,0
2026-08-26T18:15:00Z,2026-08-26T14:15:00-04:00,2026-08-26,14:15,10077,Lil' Devil Coaster,Kids' Rides,true,0
2026-08-26T18:15:00Z,2026-08-26T14:15:00-04:00,2026-08-26,14:15,15617,Porky Pig Camp Wagons,Kids' Rides,true,0
2026-08-26T18:15:00Z,2026-08-26T14:15:00-04:00,2026-08-26,14:15,3257,Raja’s Rickshaws,Kids' Rides,true,0
2026-08-26T18:15:00Z,2026-08-26T14:15:00-04:00,2026-08-26,14:15,3274,Safari Off-Road Adventure,Kids' Rides,false,0
2026-08-26T18:15:00Z,2026-08-26T14:15:00-04:00,2026-08-26,14:15,3283,Saw Mill Log Flume,Kids' Rides,true,30
2026-08-26T18:15:00Z,2026-08-26T14:15:00-04:00,2026-08-26,14:15,3281,Sky Zooma,Kids' Rides,true,0
2026-08-26T18:15:00Z,2026-08-26T14:15:00-04:00,2026-08-26,14:15,15789,Storm Chaser,Kids' Rides,true,0
2026-08-26T18:15:00Z,2026-08-26T14:15:00-04:00,2026-08-26,14:15,3267,Super Round Up,Kids' Rides,true,0
2026-08-26T18:15:00Z,2026-08-26T14:15:00-04:00,2026-08-26,14:15,15594,Tree Top Hopper,Kids' Rides,true,0
2026-08-26T18:15:00Z,2026-08-26T14:15:00-04:00,2026-08-26,14:15,3233,BATMAN™ The Ride,Thrill Rides,true,30
2026-08-26T18:15:00Z,2026-08-26T14:15:00-04:00,2026-08-26,14:15,3243,El Toro,Thrill Rides,true,45
2026-08-26T18:15:00Z,2026-08-26T14:15:00-04:00,2026-08-26,14:15,8539,Jersey Devil Coaster,Thrill Rides,true,60
2026-08-26T18:15:00Z,2026-08-26T14:15:00-04:00,2026-08-26,14:15,3916,JUSTICE LEAGUE™: Battle for METROPOLIS,Thrill Rides,true,0
2026-08-26T18:15:00Z,2026-08-26T14:15:00-04:00,2026-08-26,14:15,10533,Medusa,Thrill Rides,true,10
2026-08-26T18:15:00Z,2026-08-26T14:15:00-04:00,2026-08-26,14:15,3253,Nitro,Thrill Rides,true,50
2026-08-26T18:15:00Z,2026-08-26T14:15:00-04:00,2026-08-26,14:15,3261,Runaway Train,Thrill Rides,false,0
2026-08-26T18:15:00Z,2026-08-26T14:15:00-04:00,2026-08-26,14:15,3262,Skull Mountain,Thrill Rides,true,50
2026-08-26T18:15:00Z,2026-08-26T14:15:00-04:00,2026-08-26,14:15,3263,SkyScreamer,Thrill Rides,true,15
2026-08-26T18:15:00Z,2026-08-26T14:15:00-04:00,2026-08-26,14:15,3282,Slingshot,Thrill Rides,false,0
2026-08-26T18:15:00Z,2026-08-26T14:15:00-04:00,2026-08-26,14:15,3266,SUPERMAN™: Ultimate Flight,Thrill Rides,false,0
2026-08-26T18:15:00Z,2026-08-26T14:15:00-04:00,2026-08-26,14:15,3271,THE DARK KNIGHT™ Coaster,Thrill Rides,true,45
2026-08-26T18:15:00Z,2026-08-26T14:15:00-04:00,2026-08-26,14:15,14537,THE FLASH™: Vertical Velocity,Thrill Rides,true,60
2026-08-26T18:15:00Z,2026-08-26T14:15:00-04:00,2026-08-26,14:15,3288,THE JOKER™,Thrill Rides,true,30
2026-08-26T18:15:00Z,2026-08-26T14:15:00-04:00,2026-08-26,14:15,3273,Wile E. Coyote Canyon Blaster,Thrill Rides,true,0
2026-08-26T18:15:00Z,2026-08-26T14:15:00-04:00,2026-08-26,14:15,6371,WONDER WOMAN™ Lasso of Truth,Thrill Rides,false,0
2026-08-26T18:20:00Z,2026-08-26T14:20:00-04:00,2026-08-26,14:20,3231,Air Jumbo,Family Rides,true,0
2026-08-26T18:20:00Z,2026-08-26T14:20:00-04:00,2026-08-26,14:20,17425,Barrels O’ Fun,Family Rides,true,90
2026-08-26T18:20:00Z,2026-08-26T14:20:00-04:00,2026-08-26,14:20,3270,Buccaneer,Family Rides,true,0
2026-08-26T18:20:00Z,2026-08-26T14:20:00-04:00,2026-08-26,14:20,3237,Carousel,Family Rides,true,0
2026-08-26T18:20:00Z,2026-08-26T14:20:00-04:00,2026-08-26,14:20,3244,Enchanted Teacups,Family Rides,true,0
2026-08-26T18:20:00Z,2026-08-26T14:20:00-04:00,2026-08-26,14:20,3245,Fender Benders,Family Rides,true,0
2026-08-26T18:20:00Z,2026-08-26T14:20:00-04:00,2026-08-26,14:20,17426,Flying Scooters,Family Rides,true,0
2026-08-26T18:20:00Z,2026-08-26T14:20:00-04:00,2026-08-26,14:20,15604,Giant Wheel,Family Rides,true,0
2026-08-26T18:20:00Z,2026-08-26T14:20:00-04:00,2026-08-26,14:20,3236,HARLEY QUINN™ Crazy Train,Family Rides,true,20
2026-08-26T18:20:00Z,2026-08-26T14:20:00-04:00,2026-08-26,14:20,3249,Houdini’s Great Escape,Family Rides,true,0
2026-08-26T18:20:00Z,2026-08-26T14:20:00-04:00,2026-08-26,14:20,17427,Hypno Twister,Family Rides,false,0
2026-08-26T18:20:00Z,2026-08-26T14:20:00-04:00,2026-08-26,14:20,3250,Jolly Roger,Family Rides,true,0
2026-08-26T18:20:00Z,2026-08-26T14:20:00-04:00,2026-08-26,14:20,15829,Roaring Rapids,Family Rides,true,0
2026-08-26T18:20:00Z,2026-08-26T14:20:00-04:00,2026-08-26,14:20,15727,Scrambler,Family Rides,true,0
2026-08-26T18:20:00Z,2026-08-26T14:20:00-04:00,2026-08-26,14:20,3268,Tango,Family Rides,true,0
2026-08-26T18:20:00Z,2026-08-26T14:20:00-04:00,2026-08-26,14:20,17428,Wave Swinger,Family Rides,true,0
2026-08-26T18:20:00Z,2026-08-26T14:20:00-04:00,2026-08-26,14:20,3232,Air Safari,Kids' Rides,true,0
2026-08-26T18:20:00Z,2026-08-26T14:20:00-04:00,2026-08-26,14:20,10461,Barnstormer,Kids' Rides,true,0
2026-08-26T18:20:00Z,2026-08-26T14:20:00-04:00,2026-08-26,14:20,3275,Bugaboo,Kids' Rides,true,0
2026-08-26T18:20:00Z,2026-08-26T14:20:00-04:00,2026-08-26,14:20,3277,Bugs Bunny Camp Carousel,Kids' Rides,true,0
2026-08-26T18:20:00Z,2026-08-26T14:20:00-04:00,2026-08-26,14:20,3279,Bugs Bunny Ranger Pilots,Kids' Rides,true,0
2026-08-26T18:20:00Z,2026-08-26T14:20:00-04:00,2026-08-26,14:20,3240,Daffy Duck Hot Air Balloons,Kids' Rides,true,0
2026-08-26T18:20:00Z,2026-08-26T14:20:00-04:00,2026-08-26,14:20,10077,Lil' Devil Coaster,Kids' Rides,true,0
2026-08-26T18:20:00Z,2026-08-26T14:20:00-04:00,2026-08-26,14:20,15617,Porky Pig Camp Wagons,Kids' Rides,true,0
2026-08-26T18:20:00Z,2026-08-26T14:20:00-04:00,2026-08-26,14:20,3257,Raja’s Rickshaws,Kids' Rides,true,0
2026-08-26T18:20:00Z,2026-08-26T14:20:00-04:00,2026-08-26,14:20,3274,Safari Off-Road Adventure,Kids' Rides,false,0
2026-08-26T18:20:00Z,2026-08-26T14:20:00-04:00,2026-08-26,14:20,3283,Saw Mill Log Flume,Kids' Rides,true,30
2026-08-26T18:20:00Z,2026-08-26T14:20:00-04:00,2026-08-26,14:20,3281,Sky Zooma,Kids' Rides,true,0
2026-08-26T18:20:00Z,2026-08-26T14:20:00-04:00,2026-08-26,14:20,15789,Storm Chaser,Kids' Rides,true,0
2026-08-26T18:20:00Z,2026-08-26T14:20:00-04:00,2026-08-26,14:20,3267,Super Round Up,Kids' Rides,true,0
2026-08-26T18:20:00Z,2026-08-26T14:20:00-04:00,2026-08-26,14:20,15594,Tree Top Hopper,Kids' Rides,true,0
2026-08-26T18:20:00Z,2026-08-26T14:20:00-04:00,2026-08-26,14:20,3233,BATMAN™ The Ride,Thrill Rides,true,30
2026-08-26T18:20:00Z,2026-08-26T14:20:00-04:00,2026-08-26,14:20,3243,El Toro,Thrill Rides,true,45
2026-08-26T18:20:00Z,2026-08-26T14:20:00-04:00,2026-08-26,14:20,8539,Jersey Devil Coaster,Thrill Rides,true,60
2026-08-26T18:20:00Z,2026-08-26T14:20:00-04:00,2026-08-26,14:20,3916,JUSTICE LEAGUE™: Battle for METROPOLIS,Thrill Rides,true,0
2026-08-26T18:20:00Z,2026-08-26T14:20:00-04:00,2026-08-26,14:20,10533,Medusa,Thrill Rides,true,10
2026-08-26T18:20:00Z,2026-08-26T14:20:00-04:00,2026-08-26,14:20,3253,Nitro,Thrill Rides,true,50
2026-08-26T18:20:00Z,2026-08-26T14:20:00-04:00,2026-08-26,14:20,3261,Runaway Train,Thrill Rides,false,0
2026-08-26T18:20:00Z,2026-08-26T14:20:00-04:00,2026-08-26,14:20,3262,Skull Mountain,Thrill Rides,true,50
2026-08-26T18:20:00Z,2026-08-26T14:20:00-04:00,2026-08-26,14:20,3263,SkyScreamer,Thrill Rides,true,15
2026-08-26T18:20:00Z,2026-08-26T14:20:00-04:00,2026-08-26,14:20,3282,Slingshot,Thrill Rides,false,0
2026-08-26T18:20:00Z,2026-08-26T14:20:00-04:00,2026-08-26,14:20,3266,SUPERMAN™: Ultimate Flight,Thrill Rides,false,0
2026-08-26T18:20:00Z,2026-08-26T14:20:00-04:00,2026-08-26,14:20,3271,THE DARK KNIGHT™ Coaster,Thrill Rides,true,45
2026-08-26T18:20:00Z,2026-08-26T14:20:00-04:00,2026-08-26,14:20,14537,THE FLASH™: Vertical Velocity,Thrill Rides,true,60
2026-08-26T18:20:00Z,2026-08-26T14:20:00-04:00,2026-08-26,14:20,3288,THE JOKER™,Thrill Rides,true,30
2026-08-26T18:20:00Z,2026-08-26T14:20:00-04:00,2026-08-26,14:20,3273,Wile E. Coyote Canyon Blaster,Thrill Rides,true,0
2026-08-26T18:20:00Z,2026-08-26T14:20:00-04:00,2026-08-26,14:20,6371,WONDER WOMAN™ Lasso of Truth,Thrill Rides,false,0
2026-08-26T18:25:00Z,2026-08-26T14:25:00-04:00,2026-08-26,14:25,3231,Air Jumbo,Family Rides,true,0
2026-08-26T18:25:00Z,2026-08-26T14:25:00-04:00,2026-08-26,14:25,17425,Barrels O’ Fun,Family Rides,true,90
2026-08-26T18:25:00Z,2026-08-26T14:25:00-04:00,2026-08-26,14:25,3270,Buccaneer,Family Rides,true,0
2026-08-26T18:25:00Z,2026-08-26T14:25:00-04:00,2026-08-26,14:25,3237,Carousel,Family Rides,true,0
2026-08-26T18:25:00Z,2026-08-26T14:25:00-04:00,2026-08-26,14:25,3244,Enchanted Teacups,Family Rides,true,0
2026-08-26T18:25:00Z,2026-08-26T14:25:00-04:00,2026-08-26,14:25,3245,Fender Benders,Family Rides,true,0
2026-08-26T18:25:00Z,2026-08-26T14:25:00-04:00,2026-08-26,14:25,17426,Flying Scooters,Family Rides,true,0
2026-08-26T18:25:00Z,2026-08-26T14:25:00-04:00,2026-08-26,14:25,15604,Giant Wheel,Family Rides,true,0
2026-08-26T18:25:00Z,2026-08-26T14:25:00-04:00,2026-08-26,14:25,3236,HARLEY QUINN™ Crazy Train,Family Rides,true,20
2026-08-26T18:25:00Z,2026-08-26T14:25:00-04:00,2026-08-26,14:25,3249,Houdini’s Great Escape,Family Rides,true,0
2026-08-26T18:25:00Z,2026-08-26T14:25:00-04:00,2026-08-26,14:25,17427,Hypno Twister,Family Rides,false,0
2026-08-26T18:25:00Z,2026-08-26T14:25:00-04:00,2026-08-26,14:25,3250,Jolly Roger,Family Rides,true,0
2026-08-26T18:25:00Z,2026-08-26T14:25:00-04:00,2026-08-26,14:25,15829,Roaring Rapids,Family Rides,true,0
2026-08-26T18:25:00Z,2026-08-26T14:25:00-04:00,2026-08-26,14:25,15727,Scrambler,Family Rides,true,0
2026-08-26T18:25:00Z,2026-08-26T14:25:00-04:00,2026-08-26,14:25,3268,Tango,Family Rides,true,0
2026-08-26T18:25:00Z,2026-08-26T14:25:00-04:00,2026-08-26,14:25,17428,Wave Swinger,Family Rides,true,0
2026-08-26T18:25:00Z,2026-08-26T14:25:00-04:00,2026-08-26,14:25,3232,Air Safari,Kids' Rides,true,0
2026-08-26T18:25:00Z,2026-08-26T14:25:00-04:00,2026-08-26,14:25,10461,Barnstormer,Kids' Rides,true,0
2026-08-26T18:25:00Z,2026-08-26T14:25:00-04:00,2026-08-26,14:25,3275,Bugaboo,Kids' Rides,true,0
2026-08-26T18:25:00Z,2026-08-26T14:25:00-04:00,2026-08-26,14:25,3277,Bugs Bunny Camp Carousel,Kids' Rides,true,0
2026-08-26T18:25:00Z,2026-08-26T14:25:00-04:00,2026-08-26,14:25,3279,Bugs Bunny Ranger Pilots,Kids' Rides,true,0
2026-08-26T18:25:00Z,2026-08-26T14:25:00-04:00,2026-08-26,14:25,3240,Daffy Duck Hot Air Balloons,Kids' Rides,true,0
2026-08-26T18:25:00Z,2026-08-26T14:25:00-04:00,2026-08-26,14:25,10077,Lil' Devil Coaster,Kids' Rides,true,0
2026-08-26T18:25:00Z,2026-08-26T14:25:00-04:00,2026-08-26,14:25,15617,Porky Pig Camp Wagons,Kids' Rides,true,0
2026-08-26T18:25:00Z,2026-08-26T14:25:00-04:00,2026-08-26,14:25,3257,Raja’s Rickshaws,Kids' Rides,true,0
2026-08-26T18:25:00Z,2026-08-26T14:25:00-04:00,2026-08-26,14:25,3274,Safari Off-Road Adventure,Kids' Rides,false,0
2026-08-26T18:25:00Z,2026-08-26T14:25:00-04:00,2026-08-26,14:25,3283,Saw Mill Log Flume,Kids' Rides,true,30
2026-08-26T18:25:00Z,2026-08-26T14:25:00-04:00,2026-08-26,14:25,3281,Sky Zooma,Kids' Rides,true,0
2026-08-26T18:25:00Z,2026-08-26T14:25:00-04:00,2026-08-26,14:25,15789,Storm Chaser,Kids' Rides,true,0
2026-08-26T18:25:00Z,2026-08-26T14:25:00-04:00,2026-08-26,14:25,3267,Super Round Up,Kids' Rides,true,0
2026-08-26T18:25:00Z,2026-08-26T14:25:00-04:00,2026-08-26,14:25,15594,Tree Top Hopper,Kids' Rides,true,0
2026-08-26T18:25:00Z,2026-08-26T14:25:00-04:00,2026-08-26,14:25,3233,BATMAN™ The Ride,Thrill Rides,true,60
2026-08-26T18:25:00Z,2026-08-26T14:25:00-04:00,2026-08-26,14:25,3243,El Toro,Thrill Rides,true,45
2026-08-26T18:25:00Z,2026-08-26T14:25:00-04:00,2026-08-26,14:25,8539,Jersey Devil Coaster,Thrill Rides,true,60
2026-08-26T18:25:00Z,2026-08-26T14:25:00-04:00,2026-08-26,14:25,3916,JUSTICE LEAGUE™: Battle for METROPOLIS,Thrill Rides,true,0
2026-08-26T18:25:00Z,2026-08-26T14:25:00-04:00,2026-08-26,14:25,10533,Medusa,Thrill Rides,true,10
2026-08-26T18:25:00Z,2026-08-26T14:25:00-04:00,2026-08-26,14:25,3253,Nitro,Thrill Rides,true,50
2026-08-26T18:25:00Z,2026-08-26T14:25:00-04:00,2026-08-26,14:25,3261,Runaway Train,Thrill Rides,false,0
2026-08-26T18:25:00Z,2026-08-26T14:25:00-04:00,2026-08-26,14:25,3262,Skull Mountain,Thrill Rides,true,50
2026-08-26T18:25:00Z,2026-08-26T14:25:00-04:00,2026-08-26,14:25,3263,SkyScreamer,Thrill Rides,true,15
2026-08-26T18:25:00Z,2026-08-26T14:25:00-04:00,2026-08-26,14:25,3282,Slingshot,Thrill Rides,false,0
2026-08-26T18:25:00Z,2026-08-26T14:25:00-04:00,2026-08-26,14:25,3266,SUPERMAN™: Ultimate Flight,Thrill Rides,false,0
2026-08-26T18:25:00Z,2026-08-26T14:25:00-04:00,2026-08-26,14:25,3271,THE DARK KNIGHT™ Coaster,Thrill Rides,true,45
2026-08-26T18:25:00Z,2026-08-26T14:25:00-04:00,2026-08-26,14:25,14537,THE FLASH™: Vertical Velocity,Thrill Rides,true,60
2026-08-26T18:25:00Z,2026-08-26T14:25:00-04:00,2026-08-26,14:25,3288,THE JOKER™,Thrill Rides,true,30
2026-08-26T18:25:00Z,2026-08-26T14:25:00-04:00,2026-08-26,14:25,3273,Wile E. Coyote Canyon Blaster,Thrill Rides,true,0
2026-08-26T18:25:00Z,2026-08-26T14:25:00-04:00,2026-08-26,14:25,6371,WONDER WOMAN™ Lasso of Truth,Thrill Rides,false,0
2026-08-26T18:30:00Z,2026-08-26T14:30:00-04:00,2026-08-26,14:30,3231,Air Jumbo,Family Rides,true,0
2026-08-26T18:30:00Z,2026-08-26T14:30:00-04:00,2026-08-26,14:30,17425,Barrels O’ Fun,Family Rides,true,90
2026-08-26T18:30:00Z,2026-08-26T14:30:00-04:00,2026-08-26,14:30,3270,Buccaneer,Family Rides,true,0
2026-08-26T18:30:00Z,2026-08-26T14:30:00-04:00,2026-08-26,14:30,3237,Carousel,Family Rides,true,0
2026-08-26T18:30:00Z,2026-08-26T14:30:00-04:00,2026-08-26,14:30,3244,Enchanted Teacups,Family Rides,true,0
2026-08-26T18:30:00Z,2026-08-26T14:30:00-04:00,2026-08-26,14:30,3245,Fender Benders,Family Rides,true,0
2026-08-26T18:30:00Z,2026-08-26T14:30:00-04:00,2026-08-26,14:30,17426,Flying Scooters,Family Rides,true,0
2026-08-26T18:30:00Z,2026-08-26T14:30:00-04:00,2026-08-26,14:30,15604,Giant Wheel,Family Rides,true,0
2026-08-26T18:30:00Z,2026-08-26T14:30:00-04:00,2026-08-26,14:30,3236,HARLEY QUINN™ Crazy Train,Family Rides,true,20
2026-08-26T18:30:00Z,2026-08-26T14:30:00-04:00,2026-08-26,14:30,3249,Houdini’s Great Escape,Family Rides,true,0
2026-08-26T18:30:00Z,2026-08-26T14:30:00-04:00,2026-08-26,14:30,17427,Hypno Twister,Family Rides,false,0
2026-08-26T18:30:00Z,2026-08-26T14:30:00-04:00,2026-08-26,14:30,3250,Jolly Roger,Family Rides,true,0
2026-08-26T18:30:00Z,2026-08-26T14:30:00-04:00,2026-08-26,14:30,15829,Roaring Rapids,Family Rides,true,0
2026-08-26T18:30:00Z,2026-08-26T14:30:00-04:00,2026-08-26,14:30,15727,Scrambler,Family Rides,true,0
2026-08-26T18:30:00Z,2026-08-26T14:30:00-04:00,2026-08-26,14:30,3268,Tango,Family Rides,true,0
2026-08-26T18:30:00Z,2026-08-26T14:30:00-04:00,2026-08-26,14:30,17428,Wave Swinger,Family Rides,true,0
2026-08-26T18:30:00Z,2026-08-26T14:30:00-04:00,2026-08-26,14:30,3232,Air Safari,Kids' Rides,true,0
2026-08-26T18:30:00Z,2026-08-26T14:30:00-04:00,2026-08-26,14:30,10461,Barnstormer,Kids' Rides,true,0
2026-08-26T18:30:00Z,2026-08-26T14:30:00-04:00,2026-08-26,14:30,3275,Bugaboo,Kids' Rides,true,0
2026-08-26T18:30:00Z,2026-08-26T14:30:00-04:00,2026-08-26,14:30,3277,Bugs Bunny Camp Carousel,Kids' Rides,true,0
2026-08-26T18:30:00Z,2026-08-26T14:30:00-04:00,2026-08-26,14:30,3279,Bugs Bunny Ranger Pilots,Kids' Rides,true,0
2026-08-26T18:30:00Z,2026-08-26T14:30:00-04:00,2026-08-26,14:30,3240,Daffy Duck Hot Air Balloons,Kids' Rides,true,0
2026-08-26T18:30:00Z,2026-08-26T14:30:00-04:00,2026-08-26,14:30,10077,Lil' Devil Coaster,Kids' Rides,true,0
2026-08-26T18:30:00Z,2026-08-26T14:30:00-04:00,2026-08-26,14:30,15617,Porky Pig Camp Wagons,Kids' Rides,true,0
2026-08-26T18:30:00Z,2026-08-26T14:30:00-04:00,2026-08-26,14:30,3257,Raja’s Rickshaws,Kids' Rides,true,0
2026-08-26T18:30:00Z,2026-08-26T14:30:00-04:00,2026-08-26,14:30,3274,Safari Off-Road Adventure,Kids' Rides,false,0
2026-08-26T18:30:00Z,2026-08-26T14:30:00-04:00,2026-08-26,14:30,3283,Saw Mill Log Flume,Kids' Rides,true,30
2026-08-26T18:30:00Z,2026-08-26T14:30:00-04:00,2026-08-26,14:30,3281,Sky Zooma,Kids' Rides,true,0
2026-08-26T18:30:00Z,2026-08-26T14:30:00-04:00,2026-08-26,14:30,15789,Storm Chaser,Kids' Rides,true,0
2026-08-26T18:30:00Z,2026-08-26T14:30:00-04:00,2026-08-26,14:30,3267,Super Round Up,Kids' Rides,true,0
2026-08-26T18:30:00Z,2026-08-26T14:30:00-04:00,2026-08-26,14:30,15594,Tree Top Hopper,Kids' Rides,true,0
2026-08-26T18:30:00Z,2026-08-26T14:30:00-04:00,2026-08-26,14:30,3233,BATMAN™ The Ride,Thrill Rides,true,60
2026-08-26T18:30:00Z,2026-08-26T14:30:00-04:00,2026-08-26,14:30,3243,El Toro,Thrill Rides,true,45
2026-08-26T18:30:00Z,2026-08-26T14:30:00-04:00,2026-08-26,14:30,8539,Jersey Devil Coaster,Thrill Rides,true,60
2026-08-26T18:30:00Z,2026-08-26T14:30:00-04:00,2026-08-26,14:30,3916,JUSTICE LEAGUE™: Battle for METROPOLIS,Thrill Rides,true,0
2026-08-26T18:30:00Z,2026-08-26T14:30:00-04:00,2026-08-26,14:30,10533,Medusa,Thrill Rides,true,10
2026-08-26T18:30:00Z,2026-08-26T14:30:00-04:00,2026-08-26,14:30,3253,Nitro,Thrill Rides,true,50
2026-08-26T18:30:00Z,2026-08-26T14:30:00-04:00,2026-08-26,14:30,3261,Runaway Train,Thrill Rides,false,0
2026-08-26T18:30:00Z,2026-08-26T14:30:00-04:00,2026-08-26,14:30,3262,Skull Mountain,Thrill Rides,true,50
2026-08-26T18:30:00Z,2026-08-26T14:30:00-04:00,2026-08-26,14:30,3263,SkyScreamer,Thrill Rides,true,15
2026-08-26T18:30:00Z,2026-08-26T14:30:00-04:00,2026-08-26,14:30,3282,Slingshot,Thrill Rides,false,0
2026-08-26T18:30:00Z,2026-08-26T14:30:00-04:00,2026-08-26,14:30,3266,SUPERMAN™: Ultimate Flight,Thrill Rides,false,0
2026-08-26T18:30:00Z,2026-08-26T14:30:00-04:00,2026-08-26,14:30,3271,THE DARK KNIGHT™ Coaster,Thrill Rides,true,45
2026-08-26T18:30:00Z,2026-08-26T14:30:00-04:00,2026-08-26,14:30,14537,THE FLASH™: Vertical Velocity,Thrill Rides,true,60
2026-08-26T18:30:00Z,2026-08-26T14:30:00-04:00,2026-08-26,14:30,3288,THE JOKER™,Thrill Rides,true,30
2026-08-26T18:30:00Z,2026-08-26T14:30:00-04:00,2026-08-26,14:30,3273,Wile E. Coyote Canyon Blaster,Thrill Rides,true,0
2026-08-26T18:30:00Z,2026-08-26T14:30:00-04:00,2026-08-26,14:30,6371,WONDER WOMAN™ Lasso of Truth,Thrill Rides,false,0
2026-08-26T18:35:00Z,2026-08-26T14:35:00-04:00,2026-08-26,14:35,3231,Air Jumbo,Family Rides,true,0
2026-08-26T18:35:00Z,2026-08-26T14:35:00-04:00,2026-08-26,14:35,17425,Barrels O’ Fun,Family Rides,true,90
2026-08-26T18:35:00Z,2026-08-26T14:35:00-04:00,2026-08-26,14:35,3270,Buccaneer,Family Rides,true,0
2026-08-26T18:35:00Z,2026-08-26T14:35:00-04:00,2026-08-26,14:35,3237,Carousel,Family Rides,true,0
2026-08-26T18:35:00Z,2026-08-26T14:35:00-04:00,2026-08-26,14:35,3244,Enchanted Teacups,Family Rides,true,0
2026-08-26T18:35:00Z,2026-08-26T14:35:00-04:00,2026-08-26,14:35,3245,Fender Benders,Family Rides,true,0
2026-08-26T18:35:00Z,2026-08-26T14:35:00-04:00,2026-08-26,14:35,17426,Flying Scooters,Family Rides,true,0
2026-08-26T18:35:00Z,2026-08-26T14:35:00-04:00,2026-08-26,14:35,15604,Giant Wheel,Family Rides,true,0
2026-08-26T18:35:00Z,2026-08-26T14:35:00-04:00,2026-08-26,14:35,3236,HARLEY QUINN™ Crazy Train,Family Rides,true,20
2026-08-26T18:35:00Z,2026-08-26T14:35:00-04:00,2026-08-26,14:35,3249,Houdini’s Great Escape,Family Rides,true,0
2026-08-26T18:35:00Z,2026-08-26T14:35:00-04:00,2026-08-26,14:35,17427,Hypno Twister,Family Rides,false,0
2026-08-26T18:35:00Z,2026-08-26T14:35:00-04:00,2026-08-26,14:35,3250,Jolly Roger,Family Rides,true,0
2026-08-26T18:35:00Z,2026-08-26T14:35:00-04:00,2026-08-26,14:35,15829,Roaring Rapids,Family Rides,true,0
2026-08-26T18:35:00Z,2026-08-26T14:35:00-04:00,2026-08-26,14:35,15727,Scrambler,Family Rides,true,0
2026-08-26T18:35:00Z,2026-08-26T14:35:00-04:00,2026-08-26,14:35,3268,Tango,Family Rides,true,0
2026-08-26T18:35:00Z,2026-08-26T14:35:00-04:00,2026-08-26,14:35,17428,Wave Swinger,Family Rides,true,0
2026-08-26T18:35:00Z,2026-08-26T14:35:00-04:00,2026-08-26,14:35,3232,Air Safari,Kids' Rides,true,0
2026-08-26T18:35:00Z,2026-08-26T14:35:00-04:00,2026-08-26,14:35,10461,Barnstormer,Kids' Rides,true,0
2026-08-26T18:35:00Z,2026-08-26T14:35:00-04:00,2026-08-26,14:35,3275,Bugaboo,Kids' Rides,true,0
2026-08-26T18:35:00Z,2026-08-26T14:35:00-04:00,2026-08-26,14:35,3277,Bugs Bunny Camp Carousel,Kids' Rides,true,0
2026-08-26T18:35:00Z,2026-08-26T14:35:00-04:00,2026-08-26,14:35,3279,Bugs Bunny Ranger Pilots,Kids' Rides,true,0
2026-08-26T18:35:00Z,2026-08-26T14:35:00-04:00,2026-08-26,14:35,3240,Daffy Duck Hot Air Balloons,Kids' Rides,true,0
2026-08-26T18:35:00Z,2026-08-26T14:35:00-04:00,2026-08-26,14:35,10077,Lil' Devil Coaster,Kids' Rides,true,0
2026-08-26T18:35:00Z,2026-08-26T14:35:00-04:00,2026-08-26,14:35,15617,Porky Pig Camp Wagons,Kids' Rides,true,0
2026-08-26T18:35:00Z,2026-08-26T14:35:00-04:00,2026-08-26,14:35,3257,Raja’s Rickshaws,Kids' Rides,true,0
2026-08-26T18:35:00Z,2026-08-26T14:35:00-04:00,2026-08-26,14:35,3274,Safari Off-Road Adventure,Kids' Rides,false,0
2026-08-26T18:35:00Z,2026-08-26T14:35:00-04:00,2026-08-26,14:35,3283,Saw Mill Log Flume,Kids' Rides,true,30
2026-08-26T18:35:00Z,2026-08-26T14:35:00-04:00,2026-08-26,14:35,3281,Sky Zooma,Kids' Rides,true,0
2026-08-26T18:35:00Z,2026-08-26T14:35:00-04:00,2026-08-26,14:35,15789,Storm Chaser,Kids' Rides,true,0
2026-08-26T18:35:00Z,2026-08-26T14:35:00-04:00,2026-08-26,14:35,3267,Super Round Up,Kids' Rides,true,0
2026-08-26T18:35:00Z,2026-08-26T14:35:00-04:00,2026-08-26,14:35,15594,Tree Top Hopper,Kids' Rides,true,0
2026-08-26T18:35:00Z,2026-08-26T14:35:00-04:00,2026-08-26,14:35,3233,BATMAN™ The Ride,Thrill Rides,true,60
2026-08-26T18:35:00Z,2026-08-26T14:35:00-04:00,2026-08-26,14:35,3243,El Toro,Thrill Rides,true,30
2026-08-26T18:35:00Z,2026-08-26T14:35:00-04:00,2026-08-26,14:35,8539,Jersey Devil Coaster,Thrill Rides,true,30
2026-08-26T18:35:00Z,2026-08-26T14:35:00-04:00,2026-08-26,14:35,3916,JUSTICE LEAGUE™: Battle for METROPOLIS,Thrill Rides,true,0
2026-08-26T18:35:00Z,2026-08-26T14:35:00-04:00,2026-08-26,14:35,10533,Medusa,Thrill Rides,true,20
2026-08-26T18:35:00Z,2026-08-26T14:35:00-04:00,2026-08-26,14:35,3253,Nitro,Thrill Rides,true,50
2026-08-26T18:35:00Z,2026-08-26T14:35:00-04:00,2026-08-26,14:35,3261,Runaway Train,Thrill Rides,false,0
2026-08-26T18:35:00Z,2026-08-26T14:35:00-04:00,2026-08-26,14:35,3262,Skull Mountain,Thrill Rides,true,30
2026-08-26T18:35:00Z,2026-08-26T14:35:00-04:00,2026-08-26,14:35,3263,SkyScreamer,Thrill Rides,true,15
2026-08-26T18:35:00Z,2026-08-26T14:35:00-04:00,2026-08-26,14:35,3282,Slingshot,Thrill Rides,false,0
2026-08-26T18:35:00Z,2026-08-26T14:35:00-04:00,2026-08-26,14:35,3266,SUPERMAN™: Ultimate Flight,Thrill Rides,false,0
2026-08-26T18:35:00Z,2026-08-26T14:35:00-04:00,2026-08-26,14:35,3271,THE DARK KNIGHT™ Coaster,Thrill Rides,true,45
2026-08-26T18:35:00Z,2026-08-26T14:35:00-04:00,2026-08-26,14:35,14537,THE FLASH™: Vertical Velocity,Thrill Rides,true,60
2026-08-26T18:35:00Z,2026-08-26T14:35:00-04:00,2026-08-26,14:35,3288,THE JOKER™,Thrill Rides,true,30
2026-08-26T18:35:00Z,2026-08-26T14:35:00-04:00,2026-08-26,14:35,3273,Wile E. Coyote Canyon Blaster,Thrill Rides,true,0
2026-08-26T18:35:00Z,2026-08-26T14:35:00-04:00,2026-08-26,14:35,6371,WONDER WOMAN™ Lasso of Truth,Thrill Rides,false,0
2026-08-26T18:40:00Z,2026-08-26T14:40:00-04:00,2026-08-26,14:40,3231,Air Jumbo,Family Rides,true,0
2026-08-26T18:40:00Z,2026-08-26T14:40:00-04:00,2026-08-26,14:40,17425,Barrels O’ Fun,Family Rides,true,90
2026-08-26T18:40:00Z,2026-08-26T14:40:00-04:00,2026-08-26,14:40,3270,Buccaneer,Family Rides,true,0
2026-08-26T18:40:00Z,2026-08-26T14:40:00-04:00,2026-08-26,14:40,3237,Carousel,Family Rides,true,0
2026-08-26T18:40:00Z,2026-08-26T14:40:00-04:00,2026-08-26,14:40,3244,Enchanted Teacups,Family Rides,true,0
2026-08-26T18:40:00Z,2026-08-26T14:40:00-04:00,2026-08-26,14:40,3245,Fender Benders,Family Rides,true,0
2026-08-26T18:40:00Z,2026-08-26T14:40:00-04:00,2026-08-26,14:40,17426,Flying Scooters,Family Rides,true,0
2026-08-26T18:40:00Z,2026-08-26T14:40:00-04:00,2026-08-26,14:40,15604,Giant Wheel,Family Rides,true,0
2026-08-26T18:40:00Z,2026-08-26T14:40:00-04:00,2026-08-26,14:40,3236,HARLEY QUINN™ Crazy Train,Family Rides,true,20
2026-08-26T18:40:00Z,2026-08-26T14:40:00-04:00,2026-08-26,14:40,3249,Houdini’s Great Escape,Family Rides,true,0
2026-08-26T18:40:00Z,2026-08-26T14:40:00-04:00,2026-08-26,14:40,17427,Hypno Twister,Family Rides,false,0
2026-08-26T18:40:00Z,2026-08-26T14:40:00-04:00,2026-08-26,14:40,3250,Jolly Roger,Family Rides,true,0
2026-08-26T18:40:00Z,2026-08-26T14:40:00-04:00,2026-08-26,14:40,15829,Roaring Rapids,Family Rides,true,0
2026-08-26T18:40:00Z,2026-08-26T14:40:00-04:00,2026-08-26,14:40,15727,Scrambler,Family Rides,true,0
2026-08-26T18:40:00Z,2026-08-26T14:40:00-04:00,2026-08-26,14:40,3268,Tango,Family Rides,true,0
2026-08-26T18:40:00Z,2026-08-26T14:40:00-04:00,2026-08-26,14:40,17428,Wave Swinger,Family Rides,true,0
2026-08-26T18:40:00Z,2026-08-26T14:40:00-04:00,2026-08-26,14:40,3232,Air Safari,Kids' Rides,true,0
2026-08-26T18:40:00Z,2026-08-26T14:40:00-04:00,2026-08-26,14:40,10461,Barnstormer,Kids' Rides,true,0
2026-08-26T18:40:00Z,2026-08-26T14:40:00-04:00,2026-08-26,14:40,3275,Bugaboo,Kids' Rides,true,0
2026-08-26T18:40:00Z,2026-08-26T14:40:00-04:00,2026-08-26,14:40,3277,Bugs Bunny Camp Carousel,Kids' Rides,true,0
2026-08-26T18:40:00Z,2026-08-26T14:40:00-04:00,2026-08-26,14:40,3279,Bugs Bunny Ranger Pilots,Kids' Rides,true,0
2026-08-26T18:40:00Z,2026-08-26T14:40:00-04:00,2026-08-26,14:40,3240,Daffy Duck Hot Air Balloons,Kids' Rides,true,0
2026-08-26T18:40:00Z,2026-08-26T14:40:00-04:00,2026-08-26,14:40,10077,Lil' Devil Coaster,Kids' Rides,true,0
2026-08-26T18:40:00Z,2026-08-26T14:40:00-04:00,2026-08-26,14:40,15617,Porky Pig Camp Wagons,Kids' Rides,true,0
2026-08-26T18:40:00Z,2026-08-26T14:40:00-04:00,2026-08-26,14:40,3257,Raja’s Rickshaws,Kids' Rides,true,0
2026-08-26T18:40:00Z,2026-08-26T14:40:00-04:00,2026-08-26,14:40,3274,Safari Off-Road Adventure,Kids' Rides,false,0
2026-08-26T18:40:00Z,2026-08-26T14:40:00-04:00,2026-08-26,14:40,3283,Saw Mill Log Flume,Kids' Rides,true,30
2026-08-26T18:40:00Z,2026-08-26T14:40:00-04:00,2026-08-26,14:40,3281,Sky Zooma,Kids' Rides,true,0
2026-08-26T18:40:00Z,2026-08-26T14:40:00-04:00,2026-08-26,14:40,15789,Storm Chaser,Kids' Rides,true,0
2026-08-26T18:40:00Z,2026-08-26T14:40:00-04:00,2026-08-26,14:40,3267,Super Round Up,Kids' Rides,true,0
2026-08-26T18:40:00Z,2026-08-26T14:40:00-04:00,2026-08-26,14:40,15594,Tree Top Hopper,Kids' Rides,true,0
2026-08-26T18:40:00Z,2026-08-26T14:40:00-04:00,2026-08-26,14:40,3233,BATMAN™ The Ride,Thrill Rides,true,60
2026-08-26T18:40:00Z,2026-08-26T14:40:00-04:00,2026-08-26,14:40,3243,El Toro,Thrill Rides,true,30
2026-08-26T18:40:00Z,2026-08-26T14:40:00-04:00,2026-08-26,14:40,8539,Jersey Devil Coaster,Thrill Rides,true,30
2026-08-26T18:40:00Z,2026-08-26T14:40:00-04:00,2026-08-26,14:40,3916,JUSTICE LEAGUE™: Battle for METROPOLIS,Thrill Rides,true,0
2026-08-26T18:40:00Z,2026-08-26T14:40:00-04:00,2026-08-26,14:40,10533,Medusa,Thrill Rides,true,20
2026-08-26T18:40:00Z,2026-08-26T14:40:00-04:00,2026-08-26,14:40,3253,Nitro,Thrill Rides,true,50
2026-08-26T18:40:00Z,2026-08-26T14:40:00-04:00,2026-08-26,14:40,3261,Runaway Train,Thrill Rides,false,0
2026-08-26T18:40:00Z,2026-08-26T14:40:00-04:00,2026-08-26,14:40,3262,Skull Mountain,Thrill Rides,true,30
2026-08-26T18:40:00Z,2026-08-26T14:40:00-04:00,2026-08-26,14:40,3263,SkyScreamer,Thrill Rides,true,15
2026-08-26T18:40:00Z,2026-08-26T14:40:00-04:00,2026-08-26,14:40,3282,Slingshot,Thrill Rides,false,0
2026-08-26T18:40:00Z,2026-08-26T14:40:00-04:00,2026-08-26,14:40,3266,SUPERMAN™: Ultimate Flight,Thrill Rides,false,0
2026-08-26T18:40:00Z,2026-08-26T14:40:00-04:00,2026-08-26,14:40,3271,THE DARK KNIGHT™ Coaster,Thrill Rides,true,45
2026-08-26T18:40:00Z,2026-08-26T14:40:00-04:00,2026-08-26,14:40,14537,THE FLASH™: Vertical Velocity,Thrill Rides,true,60
2026-08-26T18:40:00Z,2026-08-26T14:40:00-04:00,2026-08-26,14:40,3288,THE JOKER™,Thrill Rides,true,30
2026-08-26T18:40:00Z,2026-08-26T14:40:00-04:00,2026-08-26,14:40,3273,Wile E. Coyote Canyon Blaster,Thrill Rides,true,0
2026-08-26T18:40:00Z,2026-08-26T14:40:00-04:00,2026-08-26,14:40,6371,WONDER WOMAN™ Lasso of Truth,Thrill Rides,false,0
2026-08-26T18:45:00Z,2026-08-26T14:45:00-04:00,2026-08-26,14:45,3231,Air Jumbo,Family Rides,true,0
2026-08-26T18:45:00Z,2026-08-26T14:45:00-04:00,2026-08-26,14:45,17425,Barrels O’ Fun,Family Rides,true,90
2026-08-26T18:45:00Z,2026-08-26T14:45:00-04:00,2026-08-26,14:45,3270,Buccaneer,Family Rides,true,5
2026-08-26T18:45:00Z,2026-08-26T14:45:00-04:00,2026-08-26,14:45,3237,Carousel,Family Rides,true,0
2026-08-26T18:45:00Z,2026-08-26T14:45:00-04:00,2026-08-26,14:45,3244,Enchanted Teacups,Family Rides,true,0
2026-08-26T18:45:00Z,2026-08-26T14:45:00-04:00,2026-08-26,14:45,3245,Fender Benders,Family Rides,true,0
2026-08-26T18:45:00Z,2026-08-26T14:45:00-04:00,2026-08-26,14:45,17426,Flying Scooters,Family Rides,true,0
2026-08-26T18:45:00Z,2026-08-26T14:45:00-04:00,2026-08-26,14:45,15604,Giant Wheel,Family Rides,true,0
2026-08-26T18:45:00Z,2026-08-26T14:45:00-04:00,2026-08-26,14:45,3236,HARLEY QUINN™ Crazy Train,Family Rides,true,20
2026-08-26T18:45:00Z,2026-08-26T14:45:00-04:00,2026-08-26,14:45,3249,Houdini’s Great Escape,Family Rides,true,0
2026-08-26T18:45:00Z,2026-08-26T14:45:00-04:00,2026-08-26,14:45,17427,Hypno Twister,Family Rides,false,0
2026-08-26T18:45:00Z,2026-08-26T14:45:00-04:00,2026-08-26,14:45,3250,Jolly Roger,Family Rides,true,0
2026-08-26T18:45:00Z,2026-08-26T14:45:00-04:00,2026-08-26,14:45,15829,Roaring Rapids,Family Rides,true,5
2026-08-26T18:45:00Z,2026-08-26T14:45:00-04:00,2026-08-26,14:45,15727,Scrambler,Family Rides,true,0
2026-08-26T18:45:00Z,2026-08-26T14:45:00-04:00,2026-08-26,14:45,3268,Tango,Family Rides,true,0
2026-08-26T18:45:00Z,2026-08-26T14:45:00-04:00,2026-08-26,14:45,17428,Wave Swinger,Family Rides,true,0
2026-08-26T18:45:00Z,2026-08-26T14:45:00-04:00,2026-08-26,14:45,3232,Air Safari,Kids' Rides,true,0
2026-08-26T18:45:00Z,2026-08-26T14:45:00-04:00,2026-08-26,14:45,10461,Barnstormer,Kids' Rides,true,0
2026-08-26T18:45:00Z,2026-08-26T14:45:00-04:00,2026-08-26,14:45,3275,Bugaboo,Kids' Rides,true,0
2026-08-26T18:45:00Z,2026-08-26T14:45:00-04:00,2026-08-26,14:45,3277,Bugs Bunny Camp Carousel,Kids' Rides,true,0
2026-08-26T18:45:00Z,2026-08-26T14:45:00-04:00,2026-08-26,14:45,3279,Bugs Bunny Ranger Pilots,Kids' Rides,true,0
2026-08-26T18:45:00Z,2026-08-26T14:45:00-04:00,2026-08-26,14:45,3240,Daffy Duck Hot Air Balloons,Kids' Rides,true,0
2026-08-26T18:45:00Z,2026-08-26T14:45:00-04:00,2026-08-26,14:45,10077,Lil' Devil Coaster,Kids' Rides,true,0
2026-08-26T18:45:00Z,2026-08-26T14:45:00-04:00,2026-08-26,14:45,15617,Porky Pig Camp Wagons,Kids' Rides,true,0
2026-08-26T18:45:00Z,2026-08-26T14:45:00-04:00,2026-08-26,14:45,3257,Raja’s Rickshaws,Kids' Rides,true,0
2026-08-26T18:45:00Z,2026-08-26T14:45:00-04:00,2026-08-26,14:45,3274,Safari Off-Road Adventure,Kids' Rides,false,0
2026-08-26T18:45:00Z,2026-08-26T14:45:00-04:00,2026-08-26,14:45,3283,Saw Mill Log Flume,Kids' Rides,true,30
2026-08-26T18:45:00Z,2026-08-26T14:45:00-04:00,2026-08-26,14:45,3281,Sky Zooma,Kids' Rides,true,0
2026-08-26T18:45:00Z,2026-08-26T14:45:00-04:00,2026-08-26,14:45,15789,Storm Chaser,Kids' Rides,true,0
2026-08-26T18:45:00Z,2026-08-26T14:45:00-04:00,2026-08-26,14:45,3267,Super Round Up,Kids' Rides,true,0
2026-08-26T18:45:00Z,2026-08-26T14:45:00-04:00,2026-08-26,14:45,15594,Tree Top Hopper,Kids' Rides,true,0
2026-08-26T18:45:00Z,2026-08-26T14:45:00-04:00,2026-08-26,14:45,3233,BATMAN™ The Ride,Thrill Rides,true,60
2026-08-26T18:45:00Z,2026-08-26T14:45:00-04:00,2026-08-26,14:45,3243,El Toro,Thrill Rides,true,30
2026-08-26T18:45:00Z,2026-08-26T14:45:00-04:00,2026-08-26,14:45,8539,Jersey Devil Coaster,Thrill Rides,true,30
2026-08-26T18:45:00Z,2026-08-26T14:45:00-04:00,2026-08-26,14:45,3916,JUSTICE LEAGUE™: Battle for METROPOLIS,Thrill Rides,true,0
2026-08-26T18:45:00Z,2026-08-26T14:45:00-04:00,2026-08-26,14:45,10533,Medusa,Thrill Rides,true,20
2026-08-26T18:45:00Z,2026-08-26T14:45:00-04:00,2026-08-26,14:45,3253,Nitro,Thrill Rides,true,50
2026-08-26T18:45:00Z,2026-08-26T14:45:00-04:00,2026-08-26,14:45,3261,Runaway Train,Thrill Rides,false,0
2026-08-26T18:45:00Z,2026-08-26T14:45:00-04:00,2026-08-26,14:45,3262,Skull Mountain,Thrill Rides,true,30
2026-08-26T18:45:00Z,2026-08-26T14:45:00-04:00,2026-08-26,14:45,3263,SkyScreamer,Thrill Rides,false,0
2026-08-26T18:45:00Z,2026-08-26T14:45:00-04:00,2026-08-26,14:45,3282,Slingshot,Thrill Rides,false,0
2026-08-26T18:45:00Z,2026-08-26T14:45:00-04:00,2026-08-26,14:45,3266,SUPERMAN™: Ultimate Flight,Thrill Rides,false,0
2026-08-26T18:45:00Z,2026-08-26T14:45:00-04:00,2026-08-26,14:45,3271,THE DARK KNIGHT™ Coaster,Thrill Rides,true,45
2026-08-26T18:45:00Z,2026-08-26T14:45:00-04:00,2026-08-26,14:45,14537,THE FLASH™: Vertical Velocity,Thrill Rides,true,60
2026-08-26T18:45:00Z,2026-08-26T14:45:00-04:00,2026-08-26,14:45,3288,THE JOKER™,Thrill Rides,true,30
2026-08-26T18:45:00Z,2026-08-26T14:45:00-04:00,2026-08-26,14:45,3273,Wile E. Coyote Canyon Blaster,Thrill Rides,true,0
2026-08-26T18:45:00Z,2026-08-26T14:45:00-04:00,2026-08-26,14:45,6371,WONDER WOMAN™ Lasso of Truth,Thrill Rides,false,0
2026-08-26T18:50:00Z,2026-08-26T14:50:00-04:00,2026-08-26,14:50,3231,Air Jumbo,Family Rides,true,0
2026-08-26T18:50:00Z,2026-08-26T14:50:00-04:00,2026-08-26,14:50,17425,Barrels O’ Fun,Family Rides,true,90
2026-08-26T18:50:00Z,2026-08-26T14:50:00-04:00,2026-08-26,14:50,3270,Buccaneer,Family Rides,true,5
2026-08-26T18:50:00Z,2026-08-26T14:50:00-04:00,2026-08-26,14:50,3237,Carousel,Family Rides,true,0
2026-08-26T18:50:00Z,2026-08-26T14:50:00-04:00,2026-08-26,14:50,3244,Enchanted Teacups,Family Rides,true,0
2026-08-26T18:50:00Z,2026-08-26T14:50:00-04:00,2026-08-26,14:50,3245,Fender Benders,Family Rides,true,0
2026-08-26T18:50:00Z,2026-08-26T14:50:00-04:00,2026-08-26,14:50,17426,Flying Scooters,Family Rides,true,0
2026-08-26T18:50:00Z,2026-08-26T14:50:00-04:00,2026-08-26,14:50,15604,Giant Wheel,Family Rides,true,0
2026-08-26T18:50:00Z,2026-08-26T14:50:00-04:00,2026-08-26,14:50,3236,HARLEY QUINN™ Crazy Train,Family Rides,true,20
2026-08-26T18:50:00Z,2026-08-26T14:50:00-04:00,2026-08-26,14:50,3249,Houdini’s Great Escape,Family Rides,true,0
2026-08-26T18:50:00Z,2026-08-26T14:50:00-04:00,2026-08-26,14:50,17427,Hypno Twister,Family Rides,false,0
2026-08-26T18:50:00Z,2026-08-26T14:50:00-04:00,2026-08-26,14:50,3250,Jolly Roger,Family Rides,true,0
2026-08-26T18:50:00Z,2026-08-26T14:50:00-04:00,2026-08-26,14:50,15829,Roaring Rapids,Family Rides,true,5
2026-08-26T18:50:00Z,2026-08-26T14:50:00-04:00,2026-08-26,14:50,15727,Scrambler,Family Rides,true,0
2026-08-26T18:50:00Z,2026-08-26T14:50:00-04:00,2026-08-26,14:50,3268,Tango,Family Rides,true,0
2026-08-26T18:50:00Z,2026-08-26T14:50:00-04:00,2026-08-26,14:50,17428,Wave Swinger,Family Rides,true,0
2026-08-26T18:50:00Z,2026-08-26T14:50:00-04:00,2026-08-26,14:50,3232,Air Safari,Kids' Rides,true,0
2026-08-26T18:50:00Z,2026-08-26T14:50:00-04:00,2026-08-26,14:50,10461,Barnstormer,Kids' Rides,true,0
2026-08-26T18:50:00Z,2026-08-26T14:50:00-04:00,2026-08-26,14:50,3275,Bugaboo,Kids' Rides,true,0
2026-08-26T18:50:00Z,2026-08-26T14:50:00-04:00,2026-08-26,14:50,3277,Bugs Bunny Camp Carousel,Kids' Rides,true,0
2026-08-26T18:50:00Z,2026-08-26T14:50:00-04:00,2026-08-26,14:50,3279,Bugs Bunny Ranger Pilots,Kids' Rides,true,0
2026-08-26T18:50:00Z,2026-08-26T14:50:00-04:00,2026-08-26,14:50,3240,Daffy Duck Hot Air Balloons,Kids' Rides,true,0
2026-08-26T18:50:00Z,2026-08-26T14:50:00-04:00,2026-08-26,14:50,10077,Lil' Devil Coaster,Kids' Rides,true,0
2026-08-26T18:50:00Z,2026-08-26T14:50:00-04:00,2026-08-26,14:50,15617,Porky Pig Camp Wagons,Kids' Rides,true,0
2026-08-26T18:50:00Z,2026-08-26T14:50:00-04:00,2026-08-26,14:50,3257,Raja’s Rickshaws,Kids' Rides,true,0
2026-08-26T18:50:00Z,2026-08-26T14:50:00-04:00,2026-08-26,14:50,3274,Safari Off-Road Adventure,Kids' Rides,false,0
2026-08-26T18:50:00Z,2026-08-26T14:50:00-04:00,2026-08-26,14:50,3283,Saw Mill Log Flume,Kids' Rides,true,30
2026-08-26T18:50:00Z,2026-08-26T14:50:00-04:00,2026-08-26,14:50,3281,Sky Zooma,Kids' Rides,true,0
2026-08-26T18:50:00Z,2026-08-26T14:50:00-04:00,2026-08-26,14:50,15789,Storm Chaser,Kids' Rides,true,0
2026-08-26T18:50:00Z,2026-08-26T14:50:00-04:00,2026-08-26,14:50,3267,Super Round Up,Kids' Rides,true,0
2026-08-26T18:50:00Z,2026-08-26T14:50:00-04:00,2026-08-26,14:50,15594,Tree Top Hopper,Kids' Rides,true,0
2026-08-26T18:50:00Z,2026-08-26T14:50:00-04:00,2026-08-26,14:50,3233,BATMAN™ The Ride,Thrill Rides,true,60
2026-08-26T18:50:00Z,2026-08-26T14:50:00-04:00,2026-08-26,14:50,3243,El Toro,Thrill Rides,true,30
2026-08-26T18:50:00Z,2026-08-26T14:50:00-04:00,2026-08-26,14:50,8539,Jersey Devil Coaster,Thrill Rides,true,30
2026-08-26T18:50:00Z,2026-08-26T14:50:00-04:00,2026-08-26,14:50,3916,JUSTICE LEAGUE™: Battle for METROPOLIS,Thrill Rides,true,0
2026-08-26T18:50:00Z,2026-08-26T14:50:00-04:00,2026-08-26,14:50,10533,Medusa,Thrill Rides,true,20
2026-08-26T18:50:00Z,2026-08-26T14:50:00-04:00,2026-08-26,14:50,3253,Nitro,Thrill Rides,true,50
2026-08-26T18:50:00Z,2026-08-26T14:50:00-04:00,2026-08-26,14:50,3261,Runaway Train,Thrill Rides,false,0
2026-08-26T18:50:00Z,2026-08-26T14:50:00-04:00,2026-08-26,14:50,3262,Skull Mountain,Thrill Rides,true,30
2026-08-26T18:50:00Z,2026-08-26T14:50:00-04:00,2026-08-26,14:50,3263,SkyScreamer,Thrill Rides,false,0
2026-08-26T18:50:00Z,2026-08-26T14:50:00-04:00,2026-08-26,14:50,3282,Slingshot,Thrill Rides,false,0
2026-08-26T18:50:00Z,2026-08-26T14:50:00-04:00,2026-08-26,14:50,3266,SUPERMAN™: Ultimate Flight,Thrill Rides,false,0
2026-08-26T18:50:00Z,2026-08-26T14:50:00-04:00,2026-08-26,14:50,3271,THE DARK KNIGHT™ Coaster,Thrill Rides,true,45
2026-08-26T18:50:00Z,2026-08-26T14:50:00-04:00,2026-08-26,14:50,14537,THE FLASH™: Vertical Velocity,Thrill Rides,true,60
2026-08-26T18:50:00Z,2026-08-26T14:50:00-04:00,2026-08-26,14:50,3288,THE JOKER™,Thrill Rides,true,30
2026-08-26T18:50:00Z,2026-08-26T14:50:00-04:00,2026-08-26,14:50,3273,Wile E. Coyote Canyon Blaster,Thrill Rides,true,0
2026-08-26T18:50:00Z,2026-08-26T14:50:00-04:00,2026-08-26,14:50,6371,WONDER WOMAN™ Lasso of Truth,Thrill Rides,false,0
2026-08-26T18:55:00Z,2026-08-26T14:55:00-04:00,2026-08-26,14:55,3231,Air Jumbo,Family Rides,true,0
2026-08-26T18:55:00Z,2026-08-26T14:55:00-04:00,2026-08-26,14:55,17425,Barrels O’ Fun,Family Rides,false,0
2026-08-26T18:55:00Z,2026-08-26T14:55:00-04:00,2026-08-26,14:55,3270,Buccaneer,Family Rides,true,10
2026-08-26T18:55:00Z,2026-08-26T14:55:00-04:00,2026-08-26,14:55,3237,Carousel,Family Rides,true,0
2026-08-26T18:55:00Z,2026-08-26T14:55:00-04:00,2026-08-26,14:55,3244,Enchanted Teacups,Family Rides,true,0
2026-08-26T18:55:00Z,2026-08-26T14:55:00-04:00,2026-08-26,14:55,3245,Fender Benders,Family Rides,true,0
2026-08-26T18:55:00Z,2026-08-26T14:55:00-04:00,2026-08-26,14:55,17426,Flying Scooters,Family Rides,true,0
2026-08-26T18:55:00Z,2026-08-26T14:55:00-04:00,2026-08-26,14:55,15604,Giant Wheel,Family Rides,true,0
2026-08-26T18:55:00Z,2026-08-26T14:55:00-04:00,2026-08-26,14:55,3236,HARLEY QUINN™ Crazy Train,Family Rides,true,20
2026-08-26T18:55:00Z,2026-08-26T14:55:00-04:00,2026-08-26,14:55,3249,Houdini’s Great Escape,Family Rides,false,0
2026-08-26T18:55:00Z,2026-08-26T14:55:00-04:00,2026-08-26,14:55,17427,Hypno Twister,Family Rides,false,0
2026-08-26T18:55:00Z,2026-08-26T14:55:00-04:00,2026-08-26,14:55,3250,Jolly Roger,Family Rides,true,0
2026-08-26T18:55:00Z,2026-08-26T14:55:00-04:00,2026-08-26,14:55,15829,Roaring Rapids,Family Rides,true,5
2026-08-26T18:55:00Z,2026-08-26T14:55:00-04:00,2026-08-26,14:55,15727,Scrambler,Family Rides,true,0
2026-08-26T18:55:00Z,2026-08-26T14:55:00-04:00,2026-08-26,14:55,3268,Tango,Family Rides,true,0
2026-08-26T18:55:00Z,2026-08-26T14:55:00-04:00,2026-08-26,14:55,17428,Wave Swinger,Family Rides,true,0
2026-08-26T18:55:00Z,2026-08-26T14:55:00-04:00,2026-08-26,14:55,3232,Air Safari,Kids' Rides,true,0
2026-08-26T18:55:00Z,2026-08-26T14:55:00-04:00,2026-08-26,14:55,10461,Barnstormer,Kids' Rides,true,0
2026-08-26T18:55:00Z,2026-08-26T14:55:00-04:00,2026-08-26,14:55,3275,Bugaboo,Kids' Rides,true,0
2026-08-26T18:55:00Z,2026-08-26T14:55:00-04:00,2026-08-26,14:55,3277,Bugs Bunny Camp Carousel,Kids' Rides,true,0
2026-08-26T18:55:00Z,2026-08-26T14:55:00-04:00,2026-08-26,14:55,3279,Bugs Bunny Ranger Pilots,Kids' Rides,true,0
2026-08-26T18:55:00Z,2026-08-26T14:55:00-04:00,2026-08-26,14:55,3240,Daffy Duck Hot Air Balloons,Kids' Rides,true,0
2026-08-26T18:55:00Z,2026-08-26T14:55:00-04:00,2026-08-26,14:55,10077,Lil' Devil Coaster,Kids' Rides,true,0
2026-08-26T18:55:00Z,2026-08-26T14:55:00-04:00,2026-08-26,14:55,15617,Porky Pig Camp Wagons,Kids' Rides,true,0
2026-08-26T18:55:00Z,2026-08-26T14:55:00-04:00,2026-08-26,14:55,3257,Raja’s Rickshaws,Kids' Rides,true,0
2026-08-26T18:55:00Z,2026-08-26T14:55:00-04:00,2026-08-26,14:55,3274,Safari Off-Road Adventure,Kids' Rides,false,0
2026-08-26T18:55:00Z,2026-08-26T14:55:00-04:00,2026-08-26,14:55,3283,Saw Mill Log Flume,Kids' Rides,true,30
2026-08-26T18:55:00Z,2026-08-26T14:55:00-04:00,2026-08-26,14:55,3281,Sky Zooma,Kids' Rides,true,0
2026-08-26T18:55:00Z,2026-08-26T14:55:00-04:00,2026-08-26,14:55,15789,Storm Chaser,Kids' Rides,true,0
2026-08-26T18:55:00Z,2026-08-26T14:55:00-04:00,2026-08-26,14:55,3267,Super Round Up,Kids' Rides,true,0
2026-08-26T18:55:00Z,2026-08-26T14:55:00-04:00,2026-08-26,14:55,15594,Tree Top Hopper,Kids' Rides,true,0
2026-08-26T18:55:00Z,2026-08-26T14:55:00-04:00,2026-08-26,14:55,3233,BATMAN™ The Ride,Thrill Rides,true,60
2026-08-26T18:55:00Z,2026-08-26T14:55:00-04:00,2026-08-26,14:55,3243,El Toro,Thrill Rides,true,30
2026-08-26T18:55:00Z,2026-08-26T14:55:00-04:00,2026-08-26,14:55,8539,Jersey Devil Coaster,Thrill Rides,true,30
2026-08-26T18:55:00Z,2026-08-26T14:55:00-04:00,2026-08-26,14:55,3916,JUSTICE LEAGUE™: Battle for METROPOLIS,Thrill Rides,true,0
2026-08-26T18:55:00Z,2026-08-26T14:55:00-04:00,2026-08-26,14:55,10533,Medusa,Thrill Rides,true,20
2026-08-26T18:55:00Z,2026-08-26T14:55:00-04:00,2026-08-26,14:55,3253,Nitro,Thrill Rides,true,50
2026-08-26T18:55:00Z,2026-08-26T14:55:00-04:00,2026-08-26,14:55,3261,Runaway Train,Thrill Rides,false,0
2026-08-26T18:55:00Z,2026-08-26T14:55:00-04:00,2026-08-26,14:55,3262,Skull Mountain,Thrill Rides,true,30
2026-08-26T18:55:00Z,2026-08-26T14:55:00-04:00,2026-08-26,14:55,3263,SkyScreamer,Thrill Rides,false,0
2026-08-26T18:55:00Z,2026-08-26T14:55:00-04:00,2026-08-26,14:55,3282,Slingshot,Thrill Rides,false,0
2026-08-26T18:55:00Z,2026-08-26T14:55:00-04:00,2026-08-26,14:55,3266,SUPERMAN™: Ultimate Flight,Thrill Rides,false,0
2026-08-26T18:55:00Z,2026-08-26T14:55:00-04:00,2026-08-26,14:55,3271,THE DARK KNIGHT™ Coaster,Thrill Rides,true,45
2026-08-26T18:55:00Z,2026-08-26T14:55:00-04:00,2026-08-26,14:55,14537,THE FLASH™: Vertical Velocity,Thrill Rides,true,60
2026-08-26T18:55:00Z,2026-08-26T14:55:00-04:00,2026-08-26,14:55,3288,THE JOKER™,Thrill Rides,true,30
2026-08-26T18:55:00Z,2026-08-26T14:55:00-04:00,2026-08-26,14:55,3273,Wile E. Coyote Canyon Blaster,Thrill Rides,true,0
2026-08-26T18:55:00Z,2026-08-26T14:55:00-04:00,2026-08-26,14:55,6371,WONDER WOMAN™ Lasso of Truth,Thrill Rides,false,0
2026-08-26T19:00:00Z,2026-08-26T15:00:00-04:00,2026-08-26,15:00,3231,Air Jumbo,Family Rides,true,0
2026-08-26T19:00:00Z,2026-08-26T15:00:00-04:00,2026-08-26,15:00,17425,Barrels O’ Fun,Family Rides,false,0
2026-08-26T19:00:00Z,2026-08-26T15:00:00-04:00,2026-08-26,15:00,3270,Buccaneer,Family Rides,true,10
2026-08-26T19:00:00Z,2026-08-26T15:00:00-04:00,2026-08-26,15:00,3237,Carousel,Family Rides,true,0
2026-08-26T19:00:00Z,2026-08-26T15:00:00-04:00,2026-08-26,15:00,3244,Enchanted Teacups,Family Rides,true,0
2026-08-26T19:00:00Z,2026-08-26T15:00:00-04:00,2026-08-26,15:00,3245,Fender Benders,Family Rides,true,0
2026-08-26T19:00:00Z,2026-08-26T15:00:00-04:00,2026-08-26,15:00,17426,Flying Scooters,Family Rides,true,0
2026-08-26T19:00:00Z,2026-08-26T15:00:00-04:00,2026-08-26,15:00,15604,Giant Wheel,Family Rides,true,0
2026-08-26T19:00:00Z,2026-08-26T15:00:00-04:00,2026-08-26,15:00,3236,HARLEY QUINN™ Crazy Train,Family Rides,true,20
2026-08-26T19:00:00Z,2026-08-26T15:00:00-04:00,2026-08-26,15:00,3249,Houdini’s Great Escape,Family Rides,false,0
2026-08-26T19:00:00Z,2026-08-26T15:00:00-04:00,2026-08-26,15:00,17427,Hypno Twister,Family Rides,false,0
2026-08-26T19:00:00Z,2026-08-26T15:00:00-04:00,2026-08-26,15:00,3250,Jolly Roger,Family Rides,true,0
2026-08-26T19:00:00Z,2026-08-26T15:00:00-04:00,2026-08-26,15:00,15829,Roaring Rapids,Family Rides,true,5
2026-08-26T19:00:00Z,2026-08-26T15:00:00-04:00,2026-08-26,15:00,15727,Scrambler,Family Rides,true,0
2026-08-26T19:00:00Z,2026-08-26T15:00:00-04:00,2026-08-26,15:00,3268,Tango,Family Rides,true,0
2026-08-26T19:00:00Z,2026-08-26T15:00:00-04:00,2026-08-26,15:00,17428,Wave Swinger,Family Rides,true,0
2026-08-26T19:00:00Z,2026-08-26T15:00:00-04:00,2026-08-26,15:00,3232,Air Safari,Kids' Rides,true,0
2026-08-26T19:00:00Z,2026-08-26T15:00:00-04:00,2026-08-26,15:00,10461,Barnstormer,Kids' Rides,true,0
2026-08-26T19:00:00Z,2026-08-26T15:00:00-04:00,2026-08-26,15:00,3275,Bugaboo,Kids' Rides,true,0
2026-08-26T19:00:00Z,2026-08-26T15:00:00-04:00,2026-08-26,15:00,3277,Bugs Bunny Camp Carousel,Kids' Rides,true,0
2026-08-26T19:00:00Z,2026-08-26T15:00:00-04:00,2026-08-26,15:00,3279,Bugs Bunny Ranger Pilots,Kids' Rides,true,0
2026-08-26T19:00:00Z,2026-08-26T15:00:00-04:00,2026-08-26,15:00,3240,Daffy Duck Hot Air Balloons,Kids' Rides,true,0
2026-08-26T19:00:00Z,2026-08-26T15:00:00-04:00,2026-08-26,15:00,10077,Lil' Devil Coaster,Kids' Rides,true,0
2026-08-26T19:00:00Z,2026-08-26T15:00:00-04:00,2026-08-26,15:00,15617,Porky Pig Camp Wagons,Kids' Rides,true,0
2026-08-26T19:00:00Z,2026-08-26T15:00:00-04:00,2026-08-26,15:00,3257,Raja’s Rickshaws,Kids' Rides,true,0
2026-08-26T19:00:00Z,2026-08-26T15:00:00-04:00,2026-08-26,15:00,3274,Safari Off-Road Adventure,Kids' Rides,false,0
2026-08-26T19:00:00Z,2026-08-26T15:00:00-04:00,2026-08-26,15:00,3283,Saw Mill Log Flume,Kids' Rides,true,30
2026-08-26T19:00:00Z,2026-08-26T15:00:00-04:00,2026-08-26,15:00,3281,Sky Zooma,Kids' Rides,true,0
2026-08-26T19:00:00Z,2026-08-26T15:00:00-04:00,2026-08-26,15:00,15789,Storm Chaser,Kids' Rides,true,0
2026-08-26T19:00:00Z,2026-08-26T15:00:00-04:00,2026-08-26,15:00,3267,Super Round Up,Kids' Rides,true,0
2026-08-26T19:00:00Z,2026-08-26T15:00:00-04:00,2026-08-26,15:00,15594,Tree Top Hopper,Kids' Rides,true,0
2026-08-26T19:00:00Z,2026-08-26T15:00:00-04:00,2026-08-26,15:00,3233,BATMAN™ The Ride,Thrill Rides,true,60
2026-08-26T19:00:00Z,2026-08-26T15:00:00-04:00,2026-08-26,15:00,3243,El Toro,Thrill Rides,true,30
2026-08-26T19:00:00Z,2026-08-26T15:00:00-04:00,2026-08-26,15:00,8539,Jersey Devil Coaster,Thrill Rides,true,30
2026-08-26T19:00:00Z,2026-08-26T15:00:00-04:00,2026-08-26,15:00,3916,JUSTICE LEAGUE™: Battle for METROPOLIS,Thrill Rides,true,0
2026-08-26T19:00:00Z,2026-08-26T15:00:00-04:00,2026-08-26,15:00,10533,Medusa,Thrill Rides,true,20
2026-08-26T19:00:00Z,2026-08-26T15:00:00-04:00,2026-08-26,15:00,3253,Nitro,Thrill Rides,true,50
2026-08-26T19:00:00Z,2026-08-26T15:00:00-04:00,2026-08-26,15:00,3261,Runaway Train,Thrill Rides,false,0
2026-08-26T19:00:00Z,2026-08-26T15:00:00-04:00,2026-08-26,15:00,3262,Skull Mountain,Thrill Rides,true,30
2026-08-26T19:00:00Z,2026-08-26T15:00:00-04:00,2026-08-26,15:00,3263,SkyScreamer,Thrill Rides,false,0
2026-08-26T19:00:00Z,2026-08-26T15:00:00-04:00,2026-08-26,15:00,3282,Slingshot,Thrill Rides,false,0
2026-08-26T19:00:00Z,2026-08-26T15:00:00-04:00,2026-08-26,15:00,3266,SUPERMAN™: Ultimate Flight,Thrill Rides,false,0
2026-08-26T19:00:00Z,2026-08-26T15:00:00-04:00,2026-08-26,15:00,3271,THE DARK KNIGHT™ Coaster,Thrill Rides,true,45
2026-08-26T19:00:00Z,2026-08-26T15:00:00-04:00,2026-08-26,15:00,14537,THE FLASH™: Vertical Velocity,Thrill Rides,true,60
2026-08-26T19:00:00Z,2026-08-26T15:00:00-04:00,2026-08-26,15:00,3288,THE JOKER™,Thrill Rides,true,30
2026-08-26T19:00:00Z,2026-08-26T15:00:00-04:00,2026-08-26,15:00,3273,Wile E. Coyote Canyon Blaster,Thrill Rides,true,0
2026-08-26T19:00:00Z,2026-08-26T15:00:00-04:00,2026-08-26,15:00,6371,WONDER WOMAN™ Lasso of Truth,Thrill Rides,false,0
2026-08-26T19:05:00Z,2026-08-26T15:05:00-04:00,2026-08-26,15:05,3231,Air Jumbo,Family Rides,true,0
2026-08-26T19:05:00Z,2026-08-26T15:05:00-04:00,2026-08-26,15:05,17425,Barrels O’ Fun,Family Rides,false,0
2026-08-26T19:05:00Z,2026-08-26T15:05:00-04:00,2026-08-26,15:05,3270,Buccaneer,Family Rides,true,10
2026-08-26T19:05:00Z,2026-08-26T15:05:00-04:00,2026-08-26,15:05,3237,Carousel,Family Rides,true,0
2026-08-26T19:05:00Z,2026-08-26T15:05:00-04:00,2026-08-26,15:05,3244,Enchanted Teacups,Family Rides,true,0
2026-08-26T19:05:00Z,2026-08-26T15:05:00-04:00,2026-08-26,15:05,3245,Fender Benders,Family Rides,true,0
2026-08-26T19:05:00Z,2026-08-26T15:05:00-04:00,2026-08-26,15:05,17426,Flying Scooters,Family Rides,true,0
2026-08-26T19:05:00Z,2026-08-26T15:05:00-04:00,2026-08-26,15:05,15604,Giant Wheel,Family Rides,true,0
2026-08-26T19:05:00Z,2026-08-26T15:05:00-04:00,2026-08-26,15:05,3236,HARLEY QUINN™ Crazy Train,Family Rides,true,20
2026-08-26T19:05:00Z,2026-08-26T15:05:00-04:00,2026-08-26,15:05,3249,Houdini’s Great Escape,Family Rides,false,0
2026-08-26T19:05:00Z,2026-08-26T15:05:00-04:00,2026-08-26,15:05,17427,Hypno Twister,Family Rides,false,0
2026-08-26T19:05:00Z,2026-08-26T15:05:00-04:00,2026-08-26,15:05,3250,Jolly Roger,Family Rides,true,0
2026-08-26T19:05:00Z,2026-08-26T15:05:00-04:00,2026-08-26,15:05,15829,Roaring Rapids,Family Rides,true,5
2026-08-26T19:05:00Z,2026-08-26T15:05:00-04:00,2026-08-26,15:05,15727,Scrambler,Family Rides,true,0
2026-08-26T19:05:00Z,2026-08-26T15:05:00-04:00,2026-08-26,15:05,3268,Tango,Family Rides,true,0
2026-08-26T19:05:00Z,2026-08-26T15:05:00-04:00,2026-08-26,15:05,17428,Wave Swinger,Family Rides,true,0
2026-08-26T19:05:00Z,2026-08-26T15:05:00-04:00,2026-08-26,15:05,3232,Air Safari,Kids' Rides,true,0
2026-08-26T19:05:00Z,2026-08-26T15:05:00-04:00,2026-08-26,15:05,10461,Barnstormer,Kids' Rides,true,0
2026-08-26T19:05:00Z,2026-08-26T15:05:00-04:00,2026-08-26,15:05,3275,Bugaboo,Kids' Rides,true,0
2026-08-26T19:05:00Z,2026-08-26T15:05:00-04:00,2026-08-26,15:05,3277,Bugs Bunny Camp Carousel,Kids' Rides,true,0
2026-08-26T19:05:00Z,2026-08-26T15:05:00-04:00,2026-08-26,15:05,3279,Bugs Bunny Ranger Pilots,Kids' Rides,true,0
2026-08-26T19:05:00Z,2026-08-26T15:05:00-04:00,2026-08-26,15:05,3240,Daffy Duck Hot Air Balloons,Kids' Rides,true,0
2026-08-26T19:05:00Z,2026-08-26T15:05:00-04:00,2026-08-26,15:05,10077,Lil' Devil Coaster,Kids' Rides,true,0
2026-08-26T19:05:00Z,2026-08-26T15:05:00-04:00,2026-08-26,15:05,15617,Porky Pig Camp Wagons,Kids' Rides,true,0
2026-08-26T19:05:00Z,2026-08-26T15:05:00-04:00,2026-08-26,15:05,3257,Raja’s Rickshaws,Kids' Rides,true,0
2026-08-26T19:05:00Z,2026-08-26T15:05:00-04:00,2026-08-26,15:05,3274,Safari Off-Road Adventure,Kids' Rides,false,0
2026-08-26T19:05:00Z,2026-08-26T15:05:00-04:00,2026-08-26,15:05,3283,Saw Mill Log Flume,Kids' Rides,true,30
2026-08-26T19:05:00Z,2026-08-26T15:05:00-04:00,2026-08-26,15:05,3281,Sky Zooma,Kids' Rides,true,0
2026-08-26T19:05:00Z,2026-08-26T15:05:00-04:00,2026-08-26,15:05,15789,Storm Chaser,Kids' Rides,true,0
2026-08-26T19:05:00Z,2026-08-26T15:05:00-04:00,2026-08-26,15:05,3267,Super Round Up,Kids' Rides,true,0
2026-08-26T19:05:00Z,2026-08-26T15:05:00-04:00,2026-08-26,15:05,15594,Tree Top Hopper,Kids' Rides,true,0
2026-08-26T19:05:00Z,2026-08-26T15:05:00-04:00,2026-08-26,15:05,3233,BATMAN™ The Ride,Thrill Rides,true,60
2026-08-26T19:05:00Z,2026-08-26T15:05:00-04:00,2026-08-26,15:05,3243,El Toro,Thrill Rides,false,0
2026-08-26T19:05:00Z,2026-08-26T15:05:00-04:00,2026-08-26,15:05,8539,Jersey Devil Coaster,Thrill Rides,true,30
2026-08-26T19:05:00Z,2026-08-26T15:05:00-04:00,2026-08-26,15:05,3916,JUSTICE LEAGUE™: Battle for METROPOLIS,Thrill Rides,true,0
2026-08-26T19:05:00Z,2026-08-26T15:05:00-04:00,2026-08-26,15:05,10533,Medusa,Thrill Rides,true,25
2026-08-26T19:05:00Z,2026-08-26T15:05:00-04:00,2026-08-26,15:05,3253,Nitro,Thrill Rides,true,50
2026-08-26T19:05:00Z,2026-08-26T15:05:00-04:00,2026-08-26,15:05,3261,Runaway Train,Thrill Rides,false,0
2026-08-26T19:05:00Z,2026-08-26T15:05:00-04:00,2026-08-26,15:05,3262,Skull Mountain,Thrill Rides,true,30
2026-08-26T19:05:00Z,2026-08-26T15:05:00-04:00,2026-08-26,15:05,3263,SkyScreamer,Thrill Rides,true,15
2026-08-26T19:05:00Z,2026-08-26T15:05:00-04:00,2026-08-26,15:05,3282,Slingshot,Thrill Rides,false,0
2026-08-26T19:05:00Z,2026-08-26T15:05:00-04:00,2026-08-26,15:05,3266,SUPERMAN™: Ultimate Flight,Thrill Rides,false,0
2026-08-26T19:05:00Z,2026-08-26T15:05:00-04:00,2026-08-26,15:05,3271,THE DARK KNIGHT™ Coaster,Thrill Rides,true,45
2026-08-26T19:05:00Z,2026-08-26T15:05:00-04:00,2026-08-26,15:05,14537,THE FLASH™: Vertical Velocity,Thrill Rides,true,60
2026-08-26T19:05:00Z,2026-08-26T15:05:00-04:00,2026-08-26,15:05,3288,THE JOKER™,Thrill Rides,true,30
2026-08-26T19:05:00Z,2026-08-26T15:05:00-04:00,2026-08-26,15:05,3273,Wile E. Coyote Canyon Blaster,Thrill Rides,true,0
2026-08-26T19:05:00Z,2026-08-26T15:05:00-04:00,2026-08-26,15:05,6371,WONDER WOMAN™ Lasso of Truth,Thrill Rides,false,0
2026-08-26T20:20:00Z,2026-08-26T16:20:00-04:00,2026-08-26,16:20,3231,Air Jumbo,Family Rides,true,0
2026-08-26T20:20:00Z,2026-08-26T16:20:00-04:00,2026-08-26,16:20,17425,Barrels O’ Fun,Family Rides,false,0
2026-08-26T20:20:00Z,2026-08-26T16:20:00-04:00,2026-08-26,16:20,3270,Buccaneer,Family Rides,true,10
2026-08-26T20:20:00Z,2026-08-26T16:20:00-04:00,2026-08-26,16:20,3237,Carousel,Family Rides,true,0
2026-08-26T20:20:00Z,2026-08-26T16:20:00-04:00,2026-08-26,16:20,3244,Enchanted Teacups,Family Rides,true,0
2026-08-26T20:20:00Z,2026-08-26T16:20:00-04:00,2026-08-26,16:20,3245,Fender Benders,Family Rides,true,0
2026-08-26T20:20:00Z,2026-08-26T16:20:00-04:00,2026-08-26,16:20,17426,Flying Scooters,Family Rides,true,0
2026-08-26T20:20:00Z,2026-08-26T16:20:00-04:00,2026-08-26,16:20,15604,Giant Wheel,Family Rides,true,0
2026-08-26T20:20:00Z,2026-08-26T16:20:00-04:00,2026-08-26,16:20,3236,HARLEY QUINN™ Crazy Train,Family Rides,true,60
2026-08-26T20:20:00Z,2026-08-26T16:20:00-04:00,2026-08-26,16:20,3249,Houdini’s Great Escape,Family Rides,true,0
2026-08-26T20:20:00Z,2026-08-26T16:20:00-04:00,2026-08-26,16:20,17427,Hypno Twister,Family Rides,false,0
2026-08-26T20:20:00Z,2026-08-26T16:20:00-04:00,2026-08-26,16:20,3250,Jolly Roger,Family Rides,true,0
2026-08-26T20:20:00Z,2026-08-26T16:20:00-04:00,2026-08-26,16:20,15829,Roaring Rapids,Family Rides,true,5
2026-08-26T20:20:00Z,2026-08-26T16:20:00-04:00,2026-08-26,16:20,15727,Scrambler,Family Rides,true,0
2026-08-26T20:20:00Z,2026-08-26T16:20:00-04:00,2026-08-26,16:20,3268,Tango,Family Rides,true,0
2026-08-26T20:20:00Z,2026-08-26T16:20:00-04:00,2026-08-26,16:20,17428,Wave Swinger,Family Rides,true,0
2026-08-26T20:20:00Z,2026-08-26T16:20:00-04:00,2026-08-26,16:20,3232,Air Safari,Kids' Rides,true,0
2026-08-26T20:20:00Z,2026-08-26T16:20:00-04:00,2026-08-26,16:20,10461,Barnstormer,Kids' Rides,true,0
2026-08-26T20:20:00Z,2026-08-26T16:20:00-04:00,2026-08-26,16:20,3275,Bugaboo,Kids' Rides,true,0
2026-08-26T20:20:00Z,2026-08-26T16:20:00-04:00,2026-08-26,16:20,3277,Bugs Bunny Camp Carousel,Kids' Rides,true,0
2026-08-26T20:20:00Z,2026-08-26T16:20:00-04:00,2026-08-26,16:20,3279,Bugs Bunny Ranger Pilots,Kids' Rides,true,0
2026-08-26T20:20:00Z,2026-08-26T16:20:00-04:00,2026-08-26,16:20,3240,Daffy Duck Hot Air Balloons,Kids' Rides,true,0
2026-08-26T20:20:00Z,2026-08-26T16:20:00-04:00,2026-08-26,16:20,10077,Lil' Devil Coaster,Kids' Rides,true,0
2026-08-26T20:20:00Z,2026-08-26T16:20:00-04:00,2026-08-26,16:20,15617,Porky Pig Camp Wagons,Kids' Rides,true,0
2026-08-26T20:20:00Z,2026-08-26T16:20:00-04:00,2026-08-26,16:20,3257,Raja’s Rickshaws,Kids' Rides,true,0
2026-08-26T20:20:00Z,2026-08-26T16:20:00-04:00,2026-08-26,16:20,3274,Safari Off-Road Adventure,Kids' Rides,false,0
2026-08-26T20:20:00Z,2026-08-26T16:20:00-04:00,2026-08-26,16:20,3283,Saw Mill Log Flume,Kids' Rides,true,40
2026-08-26T20:20:00Z,2026-08-26T16:20:00-04:00,2026-08-26,16:20,3281,Sky Zooma,Kids' Rides,true,0
2026-08-26T20:20:00Z,2026-08-26T16:20:00-04:00,2026-08-26,16:20,15789,Storm Chaser,Kids' Rides,true,0
2026-08-26T20:20:00Z,2026-08-26T16:20:00-04:00,2026-08-26,16:20,3267,Super Round Up,Kids' Rides,true,0
2026-08-26T20:20:00Z,2026-08-26T16:20:00-04:00,2026-08-26,16:20,15594,Tree Top Hopper,Kids' Rides,true,0
2026-08-26T20:20:00Z,2026-08-26T16:20:00-04:00,2026-08-26,16:20,3233,BATMAN™ The Ride,Thrill Rides,true,40
2026-08-26T20:20:00Z,2026-08-26T16:20:00-04:00,2026-08-26,16:20,3243,El Toro,Thrill Rides,true,20
2026-08-26T20:20:00Z,2026-08-26T16:20:00-04:00,2026-08-26,16:20,8539,Jersey Devil Coaster,Thrill Rides,true,30
2026-08-26T20:20:00Z,2026-08-26T16:20:00-04:00,2026-08-26,16:20,3916,JUSTICE LEAGUE™: Battle for METROPOLIS,Thrill Rides,true,0
2026-08-26T20:20:00Z,2026-08-26T16:20:00-04:00,2026-08-26,16:20,10533,Medusa,Thrill Rides,true,25
2026-08-26T20:20:00Z,2026-08-26T16:20:00-04:00,2026-08-26,16:20,3253,Nitro,Thrill Rides,true,60
2026-08-26T20:20:00Z,2026-08-26T16:20:00-04:00,2026-08-26,16:20,3261,Runaway Train,Thrill Rides,false,0
2026-08-26T20:20:00Z,2026-08-26T16:20:00-04:00,2026-08-26,16:20,3262,Skull Mountain,Thrill Rides,true,45
2026-08-26T20:20:00Z,2026-08-26T16:20:00-04:00,2026-08-26,16:20,3263,SkyScreamer,Thrill Rides,true,15
2026-08-26T20:20:00Z,2026-08-26T16:20:00-04:00,2026-08-26,16:20,3282,Slingshot,Thrill Rides,false,0
2026-08-26T20:20:00Z,2026-08-26T16:20:00-04:00,2026-08-26,16:20,3266,SUPERMAN™: Ultimate Flight,Thrill Rides,true,30
2026-08-26T20:20:00Z,2026-08-26T16:20:00-04:00,2026-08-26,16:20,3271,THE DARK KNIGHT™ Coaster,Thrill Rides,true,45
2026-08-26T20:20:00Z,2026-08-26T16:20:00-04:00,2026-08-26,16:20,14537,THE FLASH™: Vertical Velocity,Thrill Rides,false,0
2026-08-26T20:20:00Z,2026-08-26T16:20:00-04:00,2026-08-26,16:20,3288,THE JOKER™,Thrill Rides,true,30
2026-08-26T20:20:00Z,2026-08-26T16:20:00-04:00,2026-08-26,16:20,3273,Wile E. Coyote Canyon Blaster,Thrill Rides,true,0
2026-08-26T20:20:00Z,2026-08-26T16:20:00-04:00,2026-08-26,16:20,6371,WONDER WOMAN™ Lasso of Truth,Thrill Rides,false,0
2026-08-26T20:25:00Z,2026-08-26T16:25:00-04:00,2026-08-26,16:25,3231,Air Jumbo,Family Rides,true,0
2026-08-26T20:25:00Z,2026-08-26T16:25:00-04:00,2026-08-26,16:25,17425,Barrels O’ Fun,Family Rides,false,0
2026-08-26T20:25:00Z,2026-08-26T16:25:00-04:00,2026-08-26,16:25,3270,Buccaneer,Family Rides,true,10
2026-08-26T20:25:00Z,2026-08-26T16:25:00-04:00,2026-08-26,16:25,3237,Carousel,Family Rides,true,0
2026-08-26T20:25:00Z,2026-08-26T16:25:00-04:00,2026-08-26,16:25,3244,Enchanted Teacups,Family Rides,true,0
2026-08-26T20:25:00Z,2026-08-26T16:25:00-04:00,2026-08-26,16:25,3245,Fender Benders,Family Rides,true,0
2026-08-26T20:25:00Z,2026-08-26T16:25:00-04:00,2026-08-26,16:25,17426,Flying Scooters,Family Rides,true,0
2026-08-26T20:25:00Z,2026-08-26T16:25:00-04:00,2026-08-26,16:25,15604,Giant Wheel,Family Rides,true,0
2026-08-26T20:25:00Z,2026-08-26T16:25:00-04:00,2026-08-26,16:25,3236,HARLEY QUINN™ Crazy Train,Family Rides,true,60
2026-08-26T20:25:00Z,2026-08-26T16:25:00-04:00,2026-08-26,16:25,3249,Houdini’s Great Escape,Family Rides,true,0
2026-08-26T20:25:00Z,2026-08-26T16:25:00-04:00,2026-08-26,16:25,17427,Hypno Twister,Family Rides,false,0
2026-08-26T20:25:00Z,2026-08-26T16:25:00-04:00,2026-08-26,16:25,3250,Jolly Roger,Family Rides,true,0
2026-08-26T20:25:00Z,2026-08-26T16:25:00-04:00,2026-08-26,16:25,15829,Roaring Rapids,Family Rides,true,5
2026-08-26T20:25:00Z,2026-08-26T16:25:00-04:00,2026-08-26,16:25,15727,Scrambler,Family Rides,true,0
2026-08-26T20:25:00Z,2026-08-26T16:25:00-04:00,2026-08-26,16:25,3268,Tango,Family Rides,true,0
2026-08-26T20:25:00Z,2026-08-26T16:25:00-04:00,2026-08-26,16:25,17428,Wave Swinger,Family Rides,true,0
2026-08-26T20:25:00Z,2026-08-26T16:25:00-04:00,2026-08-26,16:25,3232,Air Safari,Kids' Rides,true,0
2026-08-26T20:25:00Z,2026-08-26T16:25:00-04:00,2026-08-26,16:25,10461,Barnstormer,Kids' Rides,true,0
2026-08-26T20:25:00Z,2026-08-26T16:25:00-04:00,2026-08-26,16:25,3275,Bugaboo,Kids' Rides,true,0
2026-08-26T20:25:00Z,2026-08-26T16:25:00-04:00,2026-08-26,16:25,3277,Bugs Bunny Camp Carousel,Kids' Rides,true,0
2026-08-26T20:25:00Z,2026-08-26T16:25:00-04:00,2026-08-26,16:25,3279,Bugs Bunny Ranger Pilots,Kids' Rides,true,0
2026-08-26T20:25:00Z,2026-08-26T16:25:00-04:00,2026-08-26,16:25,3240,Daffy Duck Hot Air Balloons,Kids' Rides,true,0
2026-08-26T20:25:00Z,2026-08-26T16:25:00-04:00,2026-08-26,16:25,10077,Lil' Devil Coaster,Kids' Rides,true,0
2026-08-26T20:25:00Z,2026-08-26T16:25:00-04:00,2026-08-26,16:25,15617,Porky Pig Camp Wagons,Kids' Rides,true,0
2026-08-26T20:25:00Z,2026-08-26T16:25:00-04:00,2026-08-26,16:25,3257,Raja’s Rickshaws,Kids' Rides,true,0
2026-08-26T20:25:00Z,2026-08-26T16:25:00-04:00,2026-08-26,16:25,3274,Safari Off-Road Adventure,Kids' Rides,false,0
2026-08-26T20:25:00Z,2026-08-26T16:25:00-04:00,2026-08-26,16:25,3283,Saw Mill Log Flume,Kids' Rides,true,40
2026-08-26T20:25:00Z,2026-08-26T16:25:00-04:00,2026-08-26,16:25,3281,Sky Zooma,Kids' Rides,true,0
2026-08-26T20:25:00Z,2026-08-26T16:25:00-04:00,2026-08-26,16:25,15789,Storm Chaser,Kids' Rides,true,0
2026-08-26T20:25:00Z,2026-08-26T16:25:00-04:00,2026-08-26,16:25,3267,Super Round Up,Kids' Rides,true,0
2026-08-26T20:25:00Z,2026-08-26T16:25:00-04:00,2026-08-26,16:25,15594,Tree Top Hopper,Kids' Rides,true,0
2026-08-26T20:25:00Z,2026-08-26T16:25:00-04:00,2026-08-26,16:25,3233,BATMAN™ The Ride,Thrill Rides,true,40
2026-08-26T20:25:00Z,2026-08-26T16:25:00-04:00,2026-08-26,16:25,3243,El Toro,Thrill Rides,true,20
2026-08-26T20:25:00Z,2026-08-26T16:25:00-04:00,2026-08-26,16:25,8539,Jersey Devil Coaster,Thrill Rides,true,30
2026-08-26T20:25:00Z,2026-08-26T16:25:00-04:00,2026-08-26,16:25,3916,JUSTICE LEAGUE™: Battle for METROPOLIS,Thrill Rides,true,0
2026-08-26T20:25:00Z,2026-08-26T16:25:00-04:00,2026-08-26,16:25,10533,Medusa,Thrill Rides,true,25
2026-08-26T20:25:00Z,2026-08-26T16:25:00-04:00,2026-08-26,16:25,3253,Nitro,Thrill Rides,true,60
2026-08-26T20:25:00Z,2026-08-26T16:25:00-04:00,2026-08-26,16:25,3261,Runaway Train,Thrill Rides,false,0
2026-08-26T20:25:00Z,2026-08-26T16:25:00-04:00,2026-08-26,16:25,3262,Skull Mountain,Thrill Rides,true,45
2026-08-26T20:25:00Z,2026-08-26T16:25:00-04:00,2026-08-26,16:25,3263,SkyScreamer,Thrill Rides,true,15
2026-08-26T20:25:00Z,2026-08-26T16:25:00-04:00,2026-08-26,16:25,3282,Slingshot,Thrill Rides,false,0
2026-08-26T20:25:00Z,2026-08-26T16:25:00-04:00,2026-08-26,16:25,3266,SUPERMAN™: Ultimate Flight,Thrill Rides,true,30
2026-08-26T20:25:00Z,2026-08-26T16:25:00-04:00,2026-08-26,16:25,3271,THE DARK KNIGHT™ Coaster,Thrill Rides,true,45
2026-08-26T20:25:00Z,2026-08-26T16:25:00-04:00,2026-08-26,16:25,14537,THE FLASH™: Vertical Velocity,Thrill Rides,false,0
2026-08-26T20:25:00Z,2026-08-26T16:25:00-04:00,2026-08-26,16:25,3288,THE JOKER™,Thrill Rides,true,30
2026-08-26T20:25:00Z,2026-08-26T16:25:00-04:00,2026-08-26,16:25,3273,Wile E. Coyote Canyon Blaster,Thrill Rides,true,0
2026-08-26T20:25:00Z,2026-08-26T16:25:00-04:00,2026-08-26,16:25,6371,WONDER WOMAN™ Lasso of Truth,Thrill Rides,false,0
2026-08-26T20:30:00Z,2026-08-26T16:30:00-04:00,2026-08-26,16:30,3231,Air Jumbo,Family Rides,true,0
2026-08-26T20:30:00Z,2026-08-26T16:30:00-04:00,2026-08-26,16:30,17425,Barrels O’ Fun,Family Rides,false,0
2026-08-26T20:30:00Z,2026-08-26T16:30:00-04:00,2026-08-26,16:30,3270,Buccaneer,Family Rides,true,10
2026-08-26T20:30:00Z,2026-08-26T16:30:00-04:00,2026-08-26,16:30,3237,Carousel,Family Rides,true,0
2026-08-26T20:30:00Z,2026-08-26T16:30:00-04:00,2026-08-26,16:30,3244,Enchanted Teacups,Family Rides,true,0
2026-08-26T20:30:00Z,2026-08-26T16:30:00-04:00,2026-08-26,16:30,3245,Fender Benders,Family Rides,true,0
2026-08-26T20:30:00Z,2026-08-26T16:30:00-04:00,2026-08-26,16:30,17426,Flying Scooters,Family Rides,true,0
2026-08-26T20:30:00Z,2026-08-26T16:30:00-04:00,2026-08-26,16:30,15604,Giant Wheel,Family Rides,true,0
2026-08-26T20:30:00Z,2026-08-26T16:30:00-04:00,2026-08-26,16:30,3236,HARLEY QUINN™ Crazy Train,Family Rides,true,60
2026-08-26T20:30:00Z,2026-08-26T16:30:00-04:00,2026-08-26,16:30,3249,Houdini’s Great Escape,Family Rides,true,0
2026-08-26T20:30:00Z,2026-08-26T16:30:00-04:00,2026-08-26,16:30,17427,Hypno Twister,Family Rides,false,0
2026-08-26T20:30:00Z,2026-08-26T16:30:00-04:00,2026-08-26,16:30,3250,Jolly Roger,Family Rides,true,0
2026-08-26T20:30:00Z,2026-08-26T16:30:00-04:00,2026-08-26,16:30,15829,Roaring Rapids,Family Rides,true,5
2026-08-26T20:30:00Z,2026-08-26T16:30:00-04:00,2026-08-26,16:30,15727,Scrambler,Family Rides,true,0
2026-08-26T20:30:00Z,2026-08-26T16:30:00-04:00,2026-08-26,16:30,3268,Tango,Family Rides,true,0
2026-08-26T20:30:00Z,2026-08-26T16:30:00-04:00,2026-08-26,16:30,17428,Wave Swinger,Family Rides,true,0
2026-08-26T20:30:00Z,2026-08-26T16:30:00-04:00,2026-08-26,16:30,3232,Air Safari,Kids' Rides,true,0
2026-08-26T20:30:00Z,2026-08-26T16:30:00-04:00,2026-08-26,16:30,10461,Barnstormer,Kids' Rides,true,0
2026-08-26T20:30:00Z,2026-08-26T16:30:00-04:00,2026-08-26,16:30,3275,Bugaboo,Kids' Rides,true,0
2026-08-26T20:30:00Z,2026-08-26T16:30:00-04:00,2026-08-26,16:30,3277,Bugs Bunny Camp Carousel,Kids' Rides,true,0
2026-08-26T20:30:00Z,2026-08-26T16:30:00-04:00,2026-08-26,16:30,3279,Bugs Bunny Ranger Pilots,Kids' Rides,true,0
2026-08-26T20:30:00Z,2026-08-26T16:30:00-04:00,2026-08-26,16:30,3240,Daffy Duck Hot Air Balloons,Kids' Rides,true,0
2026-08-26T20:30:00Z,2026-08-26T16:30:00-04:00,2026-08-26,16:30,10077,Lil' Devil Coaster,Kids' Rides,true,0
2026-08-26T20:30:00Z,2026-08-26T16:30:00-04:00,2026-08-26,16:30,15617,Porky Pig Camp Wagons,Kids' Rides,true,0
2026-08-26T20:30:00Z,2026-08-26T16:30:00-04:00,2026-08-26,16:30,3257,Raja’s Rickshaws,Kids' Rides,true,0
2026-08-26T20:30:00Z,2026-08-26T16:30:00-04:00,2026-08-26,16:30,3274,Safari Off-Road Adventure,Kids' Rides,false,0
2026-08-26T20:30:00Z,2026-08-26T16:30:00-04:00,2026-08-26,16:30,3283,Saw Mill Log Flume,Kids' Rides,true,40
2026-08-26T20:30:00Z,2026-08-26T16:30:00-04:00,2026-08-26,16:30,3281,Sky Zooma,Kids' Rides,true,0
2026-08-26T20:30:00Z,2026-08-26T16:30:00-04:00,2026-08-26,16:30,15789,Storm Chaser,Kids' Rides,true,0
2026-08-26T20:30:00Z,2026-08-26T16:30:00-04:00,2026-08-26,16:30,3267,Super Round Up,Kids' Rides,true,0
2026-08-26T20:30:00Z,2026-08-26T16:30:00-04:00,2026-08-26,16:30,15594,Tree Top Hopper,Kids' Rides,true,0
2026-08-26T20:30:00Z,2026-08-26T16:30:00-04:00,2026-08-26,16:30,3233,BATMAN™ The Ride,Thrill Rides,true,40
2026-08-26T20:30:00Z,2026-08-26T16:30:00-04:00,2026-08-26,16:30,3243,El Toro,Thrill Rides,true,20
2026-08-26T20:30:00Z,2026-08-26T16:30:00-04:00,2026-08-26,16:30,8539,Jersey Devil Coaster,Thrill Rides,true,30
2026-08-26T20:30:00Z,2026-08-26T16:30:00-04:00,2026-08-26,16:30,3916,JUSTICE LEAGUE™: Battle for METROPOLIS,Thrill Rides,true,0
2026-08-26T20:30:00Z,2026-08-26T16:30:00-04:00,2026-08-26,16:30,10533,Medusa,Thrill Rides,true,25
2026-08-26T20:30:00Z,2026-08-26T16:30:00-04:00,2026-08-26,16:30,3253,Nitro,Thrill Rides,true,60
2026-08-26T20:30:00Z,2026-08-26T16:30:00-04:00,2026-08-26,16:30,3261,Runaway Train,Thrill Rides,false,0
2026-08-26T20:30:00Z,2026-08-26T16:30:00-04:00,2026-08-26,16:30,3262,Skull Mountain,Thrill Rides,true,45
2026-08-26T20:30:00Z,2026-08-26T16:30:00-04:00,2026-08-26,16:30,3263,SkyScreamer,Thrill Rides,true,15
2026-08-26T20:30:00Z,2026-08-26T16:30:00-04:00,2026-08-26,16:30,3282,Slingshot,Thrill Rides,false,0
2026-08-26T20:30:00Z,2026-08-26T16:30:00-04:00,2026-08-26,16:30,3266,SUPERMAN™: Ultimate Flight,Thrill Rides,true,30
2026-08-26T20:30:00Z,2026-08-26T16:30:00-04:00,2026-08-26,16:30,3271,THE DARK KNIGHT™ Coaster,Thrill Rides,true,45
2026-08-26T20:30:00Z,2026-08-26T16:30:00-04:00,2026-08-26,16:30,14537,THE FLASH™: Vertical Velocity,Thrill Rides,false,0
2026-08-26T20:30:00Z,2026-08-26T16:30:00-04:00,2026-08-26,16:30,3288,THE JOKER™,Thrill Rides,true,30
2026-08-26T20:30:00Z,2026-08-26T16:30:00-04:00,2026-08-26,16:30,3273,Wile E. Coyote Canyon Blaster,Thrill Rides,true,0
2026-08-26T20:30:00Z,2026-08-26T16:30:00-04:00,2026-08-26,16:30,6371,WONDER WOMAN™ Lasso of Truth,Thrill Rides,false,0
2026-08-26T20:35:00Z,2026-08-26T16:35:00-04:00,2026-08-26,16:35,3231,Air Jumbo,Family Rides,true,0
2026-08-26T20:35:00Z,2026-08-26T16:35:00-04:00,2026-08-26,16:35,17425,Barrels O’ Fun,Family Rides,true,45
2026-08-26T20:35:00Z,2026-08-26T16:35:00-04:00,2026-08-26,16:35,3270,Buccaneer,Family Rides,true,10
2026-08-26T20:35:00Z,2026-08-26T16:35:00-04:00,2026-08-26,16:35,3237,Carousel,Family Rides,true,0
2026-08-26T20:35:00Z,2026-08-26T16:35:00-04:00,2026-08-26,16:35,3244,Enchanted Teacups,Family Rides,true,0
2026-08-26T20:35:00Z,2026-08-26T16:35:00-04:00,2026-08-26,16:35,3245,Fender Benders,Family Rides,true,0
2026-08-26T20:35:00Z,2026-08-26T16:35:00-04:00,2026-08-26,16:35,17426,Flying Scooters,Family Rides,true,0
2026-08-26T20:35:00Z,2026-08-26T16:35:00-04:00,2026-08-26,16:35,15604,Giant Wheel,Family Rides,true,0
2026-08-26T20:35:00Z,2026-08-26T16:35:00-04:00,2026-08-26,16:35,3236,HARLEY QUINN™ Crazy Train,Family Rides,true,60
2026-08-26T20:35:00Z,2026-08-26T16:35:00-04:00,2026-08-26,16:35,3249,Houdini’s Great Escape,Family Rides,true,0
2026-08-26T20:35:00Z,2026-08-26T16:35:00-04:00,2026-08-26,16:35,17427,Hypno Twister,Family Rides,false,0
2026-08-26T20:35:00Z,2026-08-26T16:35:00-04:00,2026-08-26,16:35,3250,Jolly Roger,Family Rides,true,0
2026-08-26T20:35:00Z,2026-08-26T16:35:00-04:00,2026-08-26,16:35,15829,Roaring Rapids,Family Rides,true,5
2026-08-26T20:35:00Z,2026-08-26T16:35:00-04:00,2026-08-26,16:35,15727,Scrambler,Family Rides,true,0
2026-08-26T20:35:00Z,2026-08-26T16:35:00-04:00,2026-08-26,16:35,3268,Tango,Family Rides,true,0
2026-08-26T20:35:00Z,2026-08-26T16:35:00-04:00,2026-08-26,16:35,17428,Wave Swinger,Family Rides,true,0
2026-08-26T20:35:00Z,2026-08-26T16:35:00-04:00,2026-08-26,16:35,3232,Air Safari,Kids' Rides,false,0
2026-08-26T20:35:00Z,2026-08-26T16:35:00-04:00,2026-08-26,16:35,10461,Barnstormer,Kids' Rides,true,0
2026-08-26T20:35:00Z,2026-08-26T16:35:00-04:00,2026-08-26,16:35,3275,Bugaboo,Kids' Rides,true,0
2026-08-26T20:35:00Z,2026-08-26T16:35:00-04:00,2026-08-26,16:35,3277,Bugs Bunny Camp Carousel,Kids' Rides,true,0
2026-08-26T20:35:00Z,2026-08-26T16:35:00-04:00,2026-08-26,16:35,3279,Bugs Bunny Ranger Pilots,Kids' Rides,true,0
2026-08-26T20:35:00Z,2026-08-26T16:35:00-04:00,2026-08-26,16:35,3240,Daffy Duck Hot Air Balloons,Kids' Rides,true,0
2026-08-26T20:35:00Z,2026-08-26T16:35:00-04:00,2026-08-26,16:35,10077,Lil' Devil Coaster,Kids' Rides,true,0
2026-08-26T20:35:00Z,2026-08-26T16:35:00-04:00,2026-08-26,16:35,15617,Porky Pig Camp Wagons,Kids' Rides,true,0
2026-08-26T20:35:00Z,2026-08-26T16:35:00-04:00,2026-08-26,16:35,3257,Raja’s Rickshaws,Kids' Rides,true,0
2026-08-26T20:35:00Z,2026-08-26T16:35:00-04:00,2026-08-26,16:35,3274,Safari Off-Road Adventure,Kids' Rides,false,0
2026-08-26T20:35:00Z,2026-08-26T16:35:00-04:00,2026-08-26,16:35,3283,Saw Mill Log Flume,Kids' Rides,true,40
2026-08-26T20:35:00Z,2026-08-26T16:35:00-04:00,2026-08-26,16:35,3281,Sky Zooma,Kids' Rides,true,0
2026-08-26T20:35:00Z,2026-08-26T16:35:00-04:00,2026-08-26,16:35,15789,Storm Chaser,Kids' Rides,true,0
2026-08-26T20:35:00Z,2026-08-26T16:35:00-04:00,2026-08-26,16:35,3267,Super Round Up,Kids' Rides,true,0
2026-08-26T20:35:00Z,2026-08-26T16:35:00-04:00,2026-08-26,16:35,15594,Tree Top Hopper,Kids' Rides,true,0
2026-08-26T20:35:00Z,2026-08-26T16:35:00-04:00,2026-08-26,16:35,3233,BATMAN™ The Ride,Thrill Rides,true,40
2026-08-26T20:35:00Z,2026-08-26T16:35:00-04:00,2026-08-26,16:35,3243,El Toro,Thrill Rides,true,20
2026-08-26T20:35:00Z,2026-08-26T16:35:00-04:00,2026-08-26,16:35,8539,Jersey Devil Coaster,Thrill Rides,false,0
2026-08-26T20:35:00Z,2026-08-26T16:35:00-04:00,2026-08-26,16:35,3916,JUSTICE LEAGUE™: Battle for METROPOLIS,Thrill Rides,true,0
2026-08-26T20:35:00Z,2026-08-26T16:35:00-04:00,2026-08-26,16:35,10533,Medusa,Thrill Rides,true,25
2026-08-26T20:35:00Z,2026-08-26T16:35:00-04:00,2026-08-26,16:35,3253,Nitro,Thrill Rides,true,60
2026-08-26T20:35:00Z,2026-08-26T16:35:00-04:00,2026-08-26,16:35,3261,Runaway Train,Thrill Rides,false,0
2026-08-26T20:35:00Z,2026-08-26T16:35:00-04:00,2026-08-26,16:35,3262,Skull Mountain,Thrill Rides,true,45
2026-08-26T20:35:00Z,2026-08-26T16:35:00-04:00,2026-08-26,16:35,3263,SkyScreamer,Thrill Rides,true,15
2026-08-26T20:35:00Z,2026-08-26T16:35:00-04:00,2026-08-26,16:35,3282,Slingshot,Thrill Rides,false,0
2026-08-26T20:35:00Z,2026-08-26T16:35:00-04:00,2026-08-26,16:35,3266,SUPERMAN™: Ultimate Flight,Thrill Rides,true,30
2026-08-26T20:35:00Z,2026-08-26T16:35:00-04:00,2026-08-26,16:35,3271,THE DARK KNIGHT™ Coaster,Thrill Rides,true,45
2026-08-26T20:35:00Z,2026-08-26T16:35:00-04:00,2026-08-26,16:35,14537,THE FLASH™: Vertical Velocity,Thrill Rides,true,75
2026-08-26T20:35:00Z,2026-08-26T16:35:00-04:00,2026-08-26,16:35,3288,THE JOKER™,Thrill Rides,true,30
2026-08-26T20:35:00Z,2026-08-26T16:35:00-04:00,2026-08-26,16:35,3273,Wile E. Coyote Canyon Blaster,Thrill Rides,true,0
2026-08-26T20:35:00Z,2026-08-26T16:35:00-04:00,2026-08-26,16:35,6371,WONDER WOMAN™ Lasso of Truth,Thrill Rides,false,0
2026-08-26T20:40:00Z,2026-08-26T16:40:00-04:00,2026-08-26,16:40,3231,Air Jumbo,Family Rides,true,0
2026-08-26T20:40:00Z,2026-08-26T16:40:00-04:00,2026-08-26,16:40,17425,Barrels O’ Fun,Family Rides,true,45
2026-08-26T20:40:00Z,2026-08-26T16:40:00-04:00,2026-08-26,16:40,3270,Buccaneer,Family Rides,true,10
2026-08-26T20:40:00Z,2026-08-26T16:40:00-04:00,2026-08-26,16:40,3237,Carousel,Family Rides,true,0
2026-08-26T20:40:00Z,2026-08-26T16:40:00-04:00,2026-08-26,16:40,3244,Enchanted Teacups,Family Rides,true,0
2026-08-26T20:40:00Z,2026-08-26T16:40:00-04:00,2026-08-26,16:40,3245,Fender Benders,Family Rides,true,0
2026-08-26T20:40:00Z,2026-08-26T16:40:00-04:00,2026-08-26,16:40,17426,Flying Scooters,Family Rides,true,0
2026-08-26T20:40:00Z,2026-08-26T16:40:00-04:00,2026-08-26,16:40,15604,Giant Wheel,Family Rides,true,0
2026-08-26T20:40:00Z,2026-08-26T16:40:00-04:00,2026-08-26,16:40,3236,HARLEY QUINN™ Crazy Train,Family Rides,true,60
2026-08-26T20:40:00Z,2026-08-26T16:40:00-04:00,2026-08-26,16:40,3249,Houdini’s Great Escape,Family Rides,true,0
2026-08-26T20:40:00Z,2026-08-26T16:40:00-04:00,2026-08-26,16:40,17427,Hypno Twister,Family Rides,false,0
2026-08-26T20:40:00Z,2026-08-26T16:40:00-04:00,2026-08-26,16:40,3250,Jolly Roger,Family Rides,true,0
2026-08-26T20:40:00Z,2026-08-26T16:40:00-04:00,2026-08-26,16:40,15829,Roaring Rapids,Family Rides,true,5
2026-08-26T20:40:00Z,2026-08-26T16:40:00-04:00,2026-08-26,16:40,15727,Scrambler,Family Rides,true,0
2026-08-26T20:40:00Z,2026-08-26T16:40:00-04:00,2026-08-26,16:40,3268,Tango,Family Rides,true,0
2026-08-26T20:40:00Z,2026-08-26T16:40:00-04:00,2026-08-26,16:40,17428,Wave Swinger,Family Rides,true,0
2026-08-26T20:40:00Z,2026-08-26T16:40:00-04:00,2026-08-26,16:40,3232,Air Safari,Kids' Rides,false,0
2026-08-26T20:40:00Z,2026-08-26T16:40:00-04:00,2026-08-26,16:40,10461,Barnstormer,Kids' Rides,true,0
2026-08-26T20:40:00Z,2026-08-26T16:40:00-04:00,2026-08-26,16:40,3275,Bugaboo,Kids' Rides,true,0
2026-08-26T20:40:00Z,2026-08-26T16:40:00-04:00,2026-08-26,16:40,3277,Bugs Bunny Camp Carousel,Kids' Rides,true,0
2026-08-26T20:40:00Z,2026-08-26T16:40:00-04:00,2026-08-26,16:40,3279,Bugs Bunny Ranger Pilots,Kids' Rides,true,0
2026-08-26T20:40:00Z,2026-08-26T16:40:00-04:00,2026-08-26,16:40,3240,Daffy Duck Hot Air Balloons,Kids' Rides,true,0
2026-08-26T20:40:00Z,2026-08-26T16:40:00-04:00,2026-08-26,16:40,10077,Lil' Devil Coaster,Kids' Rides,true,0
2026-08-26T20:40:00Z,2026-08-26T16:40:00-04:00,2026-08-26,16:40,15617,Porky Pig Camp Wagons,Kids' Rides,true,0
2026-08-26T20:40:00Z,2026-08-26T16:40:00-04:00,2026-08-26,16:40,3257,Raja’s Rickshaws,Kids' Rides,true,0
2026-08-26T20:40:00Z,2026-08-26T16:40:00-04:00,2026-08-26,16:40,3274,Safari Off-Road Adventure,Kids' Rides,false,0
2026-08-26T20:40:00Z,2026-08-26T16:40:00-04:00,2026-08-26,16:40,3283,Saw Mill Log Flume,Kids' Rides,true,40
2026-08-26T20:40:00Z,2026-08-26T16:40:00-04:00,2026-08-26,16:40,3281,Sky Zooma,Kids' Rides,true,0
2026-08-26T20:40:00Z,2026-08-26T16:40:00-04:00,2026-08-26,16:40,15789,Storm Chaser,Kids' Rides,true,0
2026-08-26T20:40:00Z,2026-08-26T16:40:00-04:00,2026-08-26,16:40,3267,Super Round Up,Kids' Rides,true,0
2026-08-26T20:40:00Z,2026-08-26T16:40:00-04:00,2026-08-26,16:40,15594,Tree Top Hopper,Kids' Rides,true,0
2026-08-26T20:40:00Z,2026-08-26T16:40:00-04:00,2026-08-26,16:40,3233,BATMAN™ The Ride,Thrill Rides,true,40
2026-08-26T20:40:00Z,2026-08-26T16:40:00-04:00,2026-08-26,16:40,3243,El Toro,Thrill Rides,true,20
2026-08-26T20:40:00Z,2026-08-26T16:40:00-04:00,2026-08-26,16:40,8539,Jersey Devil Coaster,Thrill Rides,false,0
2026-08-26T20:40:00Z,2026-08-26T16:40:00-04:00,2026-08-26,16:40,3916,JUSTICE LEAGUE™: Battle for METROPOLIS,Thrill Rides,true,0
2026-08-26T20:40:00Z,2026-08-26T16:40:00-04:00,2026-08-26,16:40,10533,Medusa,Thrill Rides,true,25
2026-08-26T20:40:00Z,2026-08-26T16:40:00-04:00,2026-08-26,16:40,3253,Nitro,Thrill Rides,true,60
2026-08-26T20:40:00Z,2026-08-26T16:40:00-04:00,2026-08-26,16:40,3261,Runaway Train,Thrill Rides,false,0
2026-08-26T20:40:00Z,2026-08-26T16:40:00-04:00,2026-08-26,16:40,3262,Skull Mountain,Thrill Rides,true,45
2026-08-26T20:40:00Z,2026-08-26T16:40:00-04:00,2026-08-26,16:40,3263,SkyScreamer,Thrill Rides,true,15
2026-08-26T20:40:00Z,2026-08-26T16:40:00-04:00,2026-08-26,16:40,3282,Slingshot,Thrill Rides,false,0
2026-08-26T20:40:00Z,2026-08-26T16:40:00-04:00,2026-08-26,16:40,3266,SUPERMAN™: Ultimate Flight,Thrill Rides,true,30
2026-08-26T20:40:00Z,2026-08-26T16:40:00-04:00,2026-08-26,16:40,3271,THE DARK KNIGHT™ Coaster,Thrill Rides,true,45
2026-08-26T20:40:00Z,2026-08-26T16:40:00-04:00,2026-08-26,16:40,14537,THE FLASH™: Vertical Velocity,Thrill Rides,true,75
2026-08-26T20:40:00Z,2026-08-26T16:40:00-04:00,2026-08-26,16:40,3288,THE JOKER™,Thrill Rides,true,30
2026-08-26T20:40:00Z,2026-08-26T16:40:00-04:00,2026-08-26,16:40,3273,Wile E. Coyote Canyon Blaster,Thrill Rides,true,0
2026-08-26T20:40:00Z,2026-08-26T16:40:00-04:00,2026-08-26,16:40,6371,WONDER WOMAN™ Lasso of Truth,Thrill Rides,false,0
2026-08-26T20:45:00Z,2026-08-26T16:45:00-04:00,2026-08-26,16:45,3231,Air Jumbo,Family Rides,true,0
2026-08-26T20:45:00Z,2026-08-26T16:45:00-04:00,2026-08-26,16:45,17425,Barrels O’ Fun,Family Rides,true,45
2026-08-26T20:45:00Z,2026-08-26T16:45:00-04:00,2026-08-26,16:45,3270,Buccaneer,Family Rides,true,10
2026-08-26T20:45:00Z,2026-08-26T16:45:00-04:00,2026-08-26,16:45,3237,Carousel,Family Rides,true,0
2026-08-26T20:45:00Z,2026-08-26T16:45:00-04:00,2026-08-26,16:45,3244,Enchanted Teacups,Family Rides,true,0
2026-08-26T20:45:00Z,2026-08-26T16:45:00-04:00,2026-08-26,16:45,3245,Fender Benders,Family Rides,true,0
2026-08-26T20:45:00Z,2026-08-26T16:45:00-04:00,2026-08-26,16:45,17426,Flying Scooters,Family Rides,true,0
2026-08-26T20:45:00Z,2026-08-26T16:45:00-04:00,2026-08-26,16:45,15604,Giant Wheel,Family Rides,true,0
2026-08-26T20:45:00Z,2026-08-26T16:45:00-04:00,2026-08-26,16:45,3236,HARLEY QUINN™ Crazy Train,Family Rides,true,60
2026-08-26T20:45:00Z,2026-08-26T16:45:00-04:00,2026-08-26,16:45,3249,Houdini’s Great Escape,Family Rides,true,0
2026-08-26T20:45:00Z,2026-08-26T16:45:00-04:00,2026-08-26,16:45,17427,Hypno Twister,Family Rides,false,0
2026-08-26T20:45:00Z,2026-08-26T16:45:00-04:00,2026-08-26,16:45,3250,Jolly Roger,Family Rides,true,0
2026-08-26T20:45:00Z,2026-08-26T16:45:00-04:00,2026-08-26,16:45,15829,Roaring Rapids,Family Rides,true,5
2026-08-26T20:45:00Z,2026-08-26T16:45:00-04:00,2026-08-26,16:45,15727,Scrambler,Family Rides,true,0
2026-08-26T20:45:00Z,2026-08-26T16:45:00-04:00,2026-08-26,16:45,3268,Tango,Family Rides,true,0
2026-08-26T20:45:00Z,2026-08-26T16:45:00-04:00,2026-08-26,16:45,17428,Wave Swinger,Family Rides,true,0
2026-08-26T20:45:00Z,2026-08-26T16:45:00-04:00,2026-08-26,16:45,3232,Air Safari,Kids' Rides,false,0
2026-08-26T20:45:00Z,2026-08-26T16:45:00-04:00,2026-08-26,16:45,10461,Barnstormer,Kids' Rides,true,0
2026-08-26T20:45:00Z,2026-08-26T16:45:00-04:00,2026-08-26,16:45,3275,Bugaboo,Kids' Rides,true,0
2026-08-26T20:45:00Z,2026-08-26T16:45:00-04:00,2026-08-26,16:45,3277,Bugs Bunny Camp Carousel,Kids' Rides,true,0
2026-08-26T20:45:00Z,2026-08-26T16:45:00-04:00,2026-08-26,16:45,3279,Bugs Bunny Ranger Pilots,Kids' Rides,true,0
2026-08-26T20:45:00Z,2026-08-26T16:45:00-04:00,2026-08-26,16:45,3240,Daffy Duck Hot Air Balloons,Kids' Rides,false,0
2026-08-26T20:45:00Z,2026-08-26T16:45:00-04:00,2026-08-26,16:45,10077,Lil' Devil Coaster,Kids' Rides,true,0
2026-08-26T20:45:00Z,2026-08-26T16:45:00-04:00,2026-08-26,16:45,15617,Porky Pig Camp Wagons,Kids' Rides,true,0
2026-08-26T20:45:00Z,2026-08-26T16:45:00-04:00,2026-08-26,16:45,3257,Raja’s Rickshaws,Kids' Rides,true,0
2026-08-26T20:45:00Z,2026-08-26T16:45:00-04:00,2026-08-26,16:45,3274,Safari Off-Road Adventure,Kids' Rides,false,0
2026-08-26T20:45:00Z,2026-08-26T16:45:00-04:00,2026-08-26,16:45,3283,Saw Mill Log Flume,Kids' Rides,true,40
2026-08-26T20:45:00Z,2026-08-26T16:45:00-04:00,2026-08-26,16:45,3281,Sky Zooma,Kids' Rides,true,0
2026-08-26T20:45:00Z,2026-08-26T16:45:00-04:00,2026-08-26,16:45,15789,Storm Chaser,Kids' Rides,true,0
2026-08-26T20:45:00Z,2026-08-26T16:45:00-04:00,2026-08-26,16:45,3267,Super Round Up,Kids' Rides,true,0
2026-08-26T20:45:00Z,2026-08-26T16:45:00-04:00,2026-08-26,16:45,15594,Tree Top Hopper,Kids' Rides,true,0
2026-08-26T20:45:00Z,2026-08-26T16:45:00-04:00,2026-08-26,16:45,3233,BATMAN™ The Ride,Thrill Rides,true,40
2026-08-26T20:45:00Z,2026-08-26T16:45:00-04:00,2026-08-26,16:45,3243,El Toro,Thrill Rides,true,30
2026-08-26T20:45:00Z,2026-08-26T16:45:00-04:00,2026-08-26,16:45,8539,Jersey Devil Coaster,Thrill Rides,false,0
2026-08-26T20:45:00Z,2026-08-26T16:45:00-04:00,2026-08-26,16:45,3916,JUSTICE LEAGUE™: Battle for METROPOLIS,Thrill Rides,true,0
2026-08-26T20:45:00Z,2026-08-26T16:45:00-04:00,2026-08-26,16:45,10533,Medusa,Thrill Rides,true,25
2026-08-26T20:45:00Z,2026-08-26T16:45:00-04:00,2026-08-26,16:45,3253,Nitro,Thrill Rides,true,60
2026-08-26T20:45:00Z,2026-08-26T16:45:00-04:00,2026-08-26,16:45,3261,Runaway Train,Thrill Rides,false,0
2026-08-26T20:45:00Z,2026-08-26T16:45:00-04:00,2026-08-26,16:45,3262,Skull Mountain,Thrill Rides,true,45
2026-08-26T20:45:00Z,2026-08-26T16:45:00-04:00,2026-08-26,16:45,3263,SkyScreamer,Thrill Rides,true,15
2026-08-26T20:45:00Z,2026-08-26T16:45:00-04:00,2026-08-26,16:45,3282,Slingshot,Thrill Rides,false,0
2026-08-26T20:45:00Z,2026-08-26T16:45:00-04:00,2026-08-26,16:45,3266,SUPERMAN™: Ultimate Flight,Thrill Rides,true,30
2026-08-26T20:45:00Z,2026-08-26T16:45:00-04:00,2026-08-26,16:45,3271,THE DARK KNIGHT™ Coaster,Thrill Rides,true,45
2026-08-26T20:45:00Z,2026-08-26T16:45:00-04:00,2026-08-26,16:45,14537,THE FLASH™: Vertical Velocity,Thrill Rides,true,75
2026-08-26T20:45:00Z,2026-08-26T16:45:00-04:00,2026-08-26,16:45,3288,THE JOKER™,Thrill Rides,true,30
2026-08-26T20:45:00Z,2026-08-26T16:45:00-04:00,2026-08-26,16:45,3273,Wile E. Coyote Canyon Blaster,Thrill Rides,true,0
2026-08-26T20:45:00Z,2026-08-26T16:45:00-04:00,2026-08-26,16:45,6371,WONDER WOMAN™ Lasso of Truth,Thrill Rides,false,0
2026-08-26T20:50:00Z,2026-08-26T16:50:00-04:00,2026-08-26,16:50,3231,Air Jumbo,Family Rides,true,0
2026-08-26T20:50:00Z,2026-08-26T16:50:00-04:00,2026-08-26,16:50,17425,Barrels O’ Fun,Family Rides,true,45
2026-08-26T20:50:00Z,2026-08-26T16:50:00-04:00,2026-08-26,16:50,3270,Buccaneer,Family Rides,true,10
2026-08-26T20:50:00Z,2026-08-26T16:50:00-04:00,2026-08-26,16:50,3237,Carousel,Family Rides,true,0
2026-08-26T20:50:00Z,2026-08-26T16:50:00-04:00,2026-08-26,16:50,3244,Enchanted Teacups,Family Rides,true,0
2026-08-26T20:50:00Z,2026-08-26T16:50:00-04:00,2026-08-26,16:50,3245,Fender Benders,Family Rides,true,0
2026-08-26T20:50:00Z,2026-08-26T16:50:00-04:00,2026-08-26,16:50,17426,Flying Scooters,Family Rides,true,0
2026-08-26T20:50:00Z,2026-08-26T16:50:00-04:00,2026-08-26,16:50,15604,Giant Wheel,Family Rides,true,0
2026-08-26T20:50:00Z,2026-08-26T16:50:00-04:00,2026-08-26,16:50,3236,HARLEY QUINN™ Crazy Train,Family Rides,true,60
2026-08-26T20:50:00Z,2026-08-26T16:50:00-04:00,2026-08-26,16:50,3249,Houdini’s Great Escape,Family Rides,true,0
2026-08-26T20:50:00Z,2026-08-26T16:50:00-04:00,2026-08-26,16:50,17427,Hypno Twister,Family Rides,false,0
2026-08-26T20:50:00Z,2026-08-26T16:50:00-04:00,2026-08-26,16:50,3250,Jolly Roger,Family Rides,true,0
2026-08-26T20:50:00Z,2026-08-26T16:50:00-04:00,2026-08-26,16:50,15829,Roaring Rapids,Family Rides,true,5
2026-08-26T20:50:00Z,2026-08-26T16:50:00-04:00,2026-08-26,16:50,15727,Scrambler,Family Rides,true,0
2026-08-26T20:50:00Z,2026-08-26T16:50:00-04:00,2026-08-26,16:50,3268,Tango,Family Rides,true,0
2026-08-26T20:50:00Z,2026-08-26T16:50:00-04:00,2026-08-26,16:50,17428,Wave Swinger,Family Rides,true,0
2026-08-26T20:50:00Z,2026-08-26T16:50:00-04:00,2026-08-26,16:50,3232,Air Safari,Kids' Rides,false,0
2026-08-26T20:50:00Z,2026-08-26T16:50:00-04:00,2026-08-26,16:50,10461,Barnstormer,Kids' Rides,true,0
2026-08-26T20:50:00Z,2026-08-26T16:50:00-04:00,2026-08-26,16:50,3275,Bugaboo,Kids' Rides,true,0
2026-08-26T20:50:00Z,2026-08-26T16:50:00-04:00,2026-08-26,16:50,3277,Bugs Bunny Camp Carousel,Kids' Rides,true,0
2026-08-26T20:50:00Z,2026-08-26T16:50:00-04:00,2026-08-26,16:50,3279,Bugs Bunny Ranger Pilots,Kids' Rides,true,0
2026-08-26T20:50:00Z,2026-08-26T16:50:00-04:00,2026-08-26,16:50,3240,Daffy Duck Hot Air Balloons,Kids' Rides,false,0
2026-08-26T20:50:00Z,2026-08-26T16:50:00-04:00,2026-08-26,16:50,10077,Lil' Devil Coaster,Kids' Rides,true,0
2026-08-26T20:50:00Z,2026-08-26T16:50:00-04:00,2026-08-26,16:50,15617,Porky Pig Camp Wagons,Kids' Rides,true,0
2026-08-26T20:50:00Z,2026-08-26T16:50:00-04:00,2026-08-26,16:50,3257,Raja’s Rickshaws,Kids' Rides,true,0
2026-08-26T20:50:00Z,2026-08-26T16:50:00-04:00,2026-08-26,16:50,3274,Safari Off-Road Adventure,Kids' Rides,false,0
2026-08-26T20:50:00Z,2026-08-26T16:50:00-04:00,2026-08-26,16:50,3283,Saw Mill Log Flume,Kids' Rides,true,20
2026-08-26T20:50:00Z,2026-08-26T16:50:00-04:00,2026-08-26,16:50,3281,Sky Zooma,Kids' Rides,true,0
2026-08-26T20:50:00Z,2026-08-26T16:50:00-04:00,2026-08-26,16:50,15789,Storm Chaser,Kids' Rides,true,0
2026-08-26T20:50:00Z,2026-08-26T16:50:00-04:00,2026-08-26,16:50,3267,Super Round Up,Kids' Rides,true,0
2026-08-26T20:50:00Z,2026-08-26T16:50:00-04:00,2026-08-26,16:50,15594,Tree Top Hopper,Kids' Rides,true,0
2026-08-26T20:50:00Z,2026-08-26T16:50:00-04:00,2026-08-26,16:50,3233,BATMAN™ The Ride,Thrill Rides,true,40
2026-08-26T20:50:00Z,2026-08-26T16:50:00-04:00,2026-08-26,16:50,3243,El Toro,Thrill Rides,true,30
2026-08-26T20:50:00Z,2026-08-26T16:50:00-04:00,2026-08-26,16:50,8539,Jersey Devil Coaster,Thrill Rides,false,0
2026-08-26T20:50:00Z,2026-08-26T16:50:00-04:00,2026-08-26,16:50,3916,JUSTICE LEAGUE™: Battle for METROPOLIS,Thrill Rides,true,0
2026-08-26T20:50:00Z,2026-08-26T16:50:00-04:00,2026-08-26,16:50,10533,Medusa,Thrill Rides,true,25
2026-08-26T20:50:00Z,2026-08-26T16:50:00-04:00,2026-08-26,16:50,3253,Nitro,Thrill Rides,true,60
2026-08-26T20:50:00Z,2026-08-26T16:50:00-04:00,2026-08-26,16:50,3261,Runaway Train,Thrill Rides,false,0
2026-08-26T20:50:00Z,2026-08-26T16:50:00-04:00,2026-08-26,16:50,3262,Skull Mountain,Thrill Rides,true,45
2026-08-26T20:50:00Z,2026-08-26T16:50:00-04:00,2026-08-26,16:50,3263,SkyScreamer,Thrill Rides,true,15
2026-08-26T20:50:00Z,2026-08-26T16:50:00-04:00,2026-08-26,16:50,3282,Slingshot,Thrill Rides,false,0
2026-08-26T20:50:00Z,2026-08-26T16:50:00-04:00,2026-08-26,16:50,3266,SUPERMAN™: Ultimate Flight,Thrill Rides,true,30
2026-08-26T20:50:00Z,2026-08-26T16:50:00-04:00,2026-08-26,16:50,3271,THE DARK KNIGHT™ Coaster,Thrill Rides,true,45
2026-08-26T20:50:00Z,2026-08-26T16:50:00-04:00,2026-08-26,16:50,14537,THE FLASH™: Vertical Velocity,Thrill Rides,true,75
2026-08-26T20:50:00Z,2026-08-26T16:50:00-04:00,2026-08-26,16:50,3288,THE JOKER™,Thrill Rides,true,30
2026-08-26T20:50:00Z,2026-08-26T16:50:00-04:00,2026-08-26,16:50,3273,Wile E. Coyote Canyon Blaster,Thrill Rides,true,0
2026-08-26T20:50:00Z,2026-08-26T16:50:00-04:00,2026-08-26,16:50,6371,WONDER WOMAN™ Lasso of Truth,Thrill Rides,false,0
2026-08-26T20:55:00Z,2026-08-26T16:55:00-04:00,2026-08-26,16:55,3231,Air Jumbo,Family Rides,true,0
2026-08-26T20:55:00Z,2026-08-26T16:55:00-04:00,2026-08-26,16:55,17425,Barrels O’ Fun,Family Rides,true,45
2026-08-26T20:55:00Z,2026-08-26T16:55:00-04:00,2026-08-26,16:55,3270,Buccaneer,Family Rides,true,10
2026-08-26T20:55:00Z,2026-08-26T16:55:00-04:00,2026-08-26,16:55,3237,Carousel,Family Rides,true,0
2026-08-26T20:55:00Z,2026-08-26T16:55:00-04:00,2026-08-26,16:55,3244,Enchanted Teacups,Family Rides,true,0
2026-08-26T20:55:00Z,2026-08-26T16:55:00-04:00,2026-08-26,16:55,3245,Fender Benders,Family Rides,true,0
2026-08-26T20:55:00Z,2026-08-26T16:55:00-04:00,2026-08-26,16:55,17426,Flying Scooters,Family Rides,true,0
2026-08-26T20:55:00Z,2026-08-26T16:55:00-04:00,2026-08-26,16:55,15604,Giant Wheel,Family Rides,true,0
2026-08-26T20:55:00Z,2026-08-26T16:55:00-04:00,2026-08-26,16:55,3236,HARLEY QUINN™ Crazy Train,Family Rides,true,60
2026-08-26T20:55:00Z,2026-08-26T16:55:00-04:00,2026-08-26,16:55,3249,Houdini’s Great Escape,Family Rides,true,0
2026-08-26T20:55:00Z,2026-08-26T16:55:00-04:00,2026-08-26,16:55,17427,Hypno Twister,Family Rides,false,0
2026-08-26T20:55:00Z,2026-08-26T16:55:00-04:00,2026-08-26,16:55,3250,Jolly Roger,Family Rides,true,0
2026-08-26T20:55:00Z,2026-08-26T16:55:00-04:00,2026-08-26,16:55,15829,Roaring Rapids,Family Rides,true,5
2026-08-26T20:55:00Z,2026-08-26T16:55:00-04:00,2026-08-26,16:55,15727,Scrambler,Family Rides,true,0
2026-08-26T20:55:00Z,2026-08-26T16:55:00-04:00,2026-08-26,16:55,3268,Tango,Family Rides,true,0
2026-08-26T20:55:00Z,2026-08-26T16:55:00-04:00,2026-08-26,16:55,17428,Wave Swinger,Family Rides,true,0
2026-08-26T20:55:00Z,2026-08-26T16:55:00-04:00,2026-08-26,16:55,3232,Air Safari,Kids' Rides,false,0
2026-08-26T20:55:00Z,2026-08-26T16:55:00-04:00,2026-08-26,16:55,10461,Barnstormer,Kids' Rides,true,0
2026-08-26T20:55:00Z,2026-08-26T16:55:00-04:00,2026-08-26,16:55,3275,Bugaboo,Kids' Rides,true,0
2026-08-26T20:55:00Z,2026-08-26T16:55:00-04:00,2026-08-26,16:55,3277,Bugs Bunny Camp Carousel,Kids' Rides,true,0
2026-08-26T20:55:00Z,2026-08-26T16:55:00-04:00,2026-08-26,16:55,3279,Bugs Bunny Ranger Pilots,Kids' Rides,true,0
2026-08-26T20:55:00Z,2026-08-26T16:55:00-04:00,2026-08-26,16:55,3240,Daffy Duck Hot Air Balloons,Kids' Rides,false,0
2026-08-26T20:55:00Z,2026-08-26T16:55:00-04:00,2026-08-26,16:55,10077,Lil' Devil Coaster,Kids' Rides,true,0
2026-08-26T20:55:00Z,2026-08-26T16:55:00-04:00,2026-08-26,16:55,15617,Porky Pig Camp Wagons,Kids' Rides,true,0
2026-08-26T20:55:00Z,2026-08-26T16:55:00-04:00,2026-08-26,16:55,3257,Raja’s Rickshaws,Kids' Rides,true,0
2026-08-26T20:55:00Z,2026-08-26T16:55:00-04:00,2026-08-26,16:55,3274,Safari Off-Road Adventure,Kids' Rides,false,0
2026-08-26T20:55:00Z,2026-08-26T16:55:00-04:00,2026-08-26,16:55,3283,Saw Mill Log Flume,Kids' Rides,true,20
2026-08-26T20:55:00Z,2026-08-26T16:55:00-04:00,2026-08-26,16:55,3281,Sky Zooma,Kids' Rides,true,0
2026-08-26T20:55:00Z,2026-08-26T16:55:00-04:00,2026-08-26,16:55,15789,Storm Chaser,Kids' Rides,true,0
2026-08-26T20:55:00Z,2026-08-26T16:55:00-04:00,2026-08-26,16:55,3267,Super Round Up,Kids' Rides,true,0
2026-08-26T20:55:00Z,2026-08-26T16:55:00-04:00,2026-08-26,16:55,15594,Tree Top Hopper,Kids' Rides,true,0
2026-08-26T20:55:00Z,2026-08-26T16:55:00-04:00,2026-08-26,16:55,3233,BATMAN™ The Ride,Thrill Rides,true,40
2026-08-26T20:55:00Z,2026-08-26T16:55:00-04:00,2026-08-26,16:55,3243,El Toro,Thrill Rides,true,30
2026-08-26T20:55:00Z,2026-08-26T16:55:00-04:00,2026-08-26,16:55,8539,Jersey Devil Coaster,Thrill Rides,false,0
2026-08-26T20:55:00Z,2026-08-26T16:55:00-04:00,2026-08-26,16:55,3916,JUSTICE LEAGUE™: Battle for METROPOLIS,Thrill Rides,true,0
2026-08-26T20:55:00Z,2026-08-26T16:55:00-04:00,2026-08-26,16:55,10533,Medusa,Thrill Rides,true,25
2026-08-26T20:55:00Z,2026-08-26T16:55:00-04:00,2026-08-26,16:55,3253,Nitro,Thrill Rides,true,60
2026-08-26T20:55:00Z,2026-08-26T16:55:00-04:00,2026-08-26,16:55,3261,Runaway Train,Thrill Rides,false,0
2026-08-26T20:55:00Z,2026-08-26T16:55:00-04:00,2026-08-26,16:55,3262,Skull Mountain,Thrill Rides,true,45
2026-08-26T20:55:00Z,2026-08-26T16:55:00-04:00,2026-08-26,16:55,3263,SkyScreamer,Thrill Rides,true,15
2026-08-26T20:55:00Z,2026-08-26T16:55:00-04:00,2026-08-26,16:55,3282,Slingshot,Thrill Rides,false,0
2026-08-26T20:55:00Z,2026-08-26T16:55:00-04:00,2026-08-26,16:55,3266,SUPERMAN™: Ultimate Flight,Thrill Rides,true,30
2026-08-26T20:55:00Z,2026-08-26T16:55:00-04:00,2026-08-26,16:55,3271,THE DARK KNIGHT™ Coaster,Thrill Rides,true,45
2026-08-26T20:55:00Z,2026-08-26T16:55:00-04:00,2026-08-26,16:55,14537,THE FLASH™: Vertical Velocity,Thrill Rides,true,30
2026-08-26T20:55:00Z,2026-08-26T16:55:00-04:00,2026-08-26,16:55,3288,THE JOKER™,Thrill Rides,true,30
2026-08-26T20:55:00Z,2026-08-26T16:55:00-04:00,2026-08-26,16:55,3273,Wile E. Coyote Canyon Blaster,Thrill Rides,true,0
2026-08-26T20:55:00Z,2026-08-26T16:55:00-04:00,2026-08-26,16:55,6371,WONDER WOMAN™ Lasso of Truth,Thrill Rides,false,0
2026-08-26T21:00:00Z,2026-08-26T17:00:00-04:00,2026-08-26,17:00,3231,Air Jumbo,Family Rides,true,0
2026-08-26T21:00:00Z,2026-08-26T17:00:00-04:00,2026-08-26,17:00,17425,Barrels O’ Fun,Family Rides,true,45
2026-08-26T21:00:00Z,2026-08-26T17:00:00-04:00,2026-08-26,17:00,3270,Buccaneer,Family Rides,true,10
2026-08-26T21:00:00Z,2026-08-26T17:00:00-04:00,2026-08-26,17:00,3237,Carousel,Family Rides,true,0
2026-08-26T21:00:00Z,2026-08-26T17:00:00-04:00,2026-08-26,17:00,3244,Enchanted Teacups,Family Rides,true,0
2026-08-26T21:00:00Z,2026-08-26T17:00:00-04:00,2026-08-26,17:00,3245,Fender Benders,Family Rides,true,0
2026-08-26T21:00:00Z,2026-08-26T17:00:00-04:00,2026-08-26,17:00,17426,Flying Scooters,Family Rides,true,0
2026-08-26T21:00:00Z,2026-08-26T17:00:00-04:00,2026-08-26,17:00,15604,Giant Wheel,Family Rides,true,0
2026-08-26T21:00:00Z,2026-08-26T17:00:00-04:00,2026-08-26,17:00,3236,HARLEY QUINN™ Crazy Train,Family Rides,true,60
2026-08-26T21:00:00Z,2026-08-26T17:00:00-04:00,2026-08-26,17:00,3249,Houdini’s Great Escape,Family Rides,true,0
2026-08-26T21:00:00Z,2026-08-26T17:00:00-04:00,2026-08-26,17:00,17427,Hypno Twister,Family Rides,false,0
2026-08-26T21:00:00Z,2026-08-26T17:00:00-04:00,2026-08-26,17:00,3250,Jolly Roger,Family Rides,true,0
2026-08-26T21:00:00Z,2026-08-26T17:00:00-04:00,2026-08-26,17:00,15829,Roaring Rapids,Family Rides,true,5
2026-08-26T21:00:00Z,2026-08-26T17:00:00-04:00,2026-08-26,17:00,15727,Scrambler,Family Rides,true,0
2026-08-26T21:00:00Z,2026-08-26T17:00:00-04:00,2026-08-26,17:00,3268,Tango,Family Rides,true,0
2026-08-26T21:00:00Z,2026-08-26T17:00:00-04:00,2026-08-26,17:00,17428,Wave Swinger,Family Rides,true,0
2026-08-26T21:00:00Z,2026-08-26T17:00:00-04:00,2026-08-26,17:00,3232,Air Safari,Kids' Rides,false,0
2026-08-26T21:00:00Z,2026-08-26T17:00:00-04:00,2026-08-26,17:00,10461,Barnstormer,Kids' Rides,true,0
2026-08-26T21:00:00Z,2026-08-26T17:00:00-04:00,2026-08-26,17:00,3275,Bugaboo,Kids' Rides,true,0
2026-08-26T21:00:00Z,2026-08-26T17:00:00-04:00,2026-08-26,17:00,3277,Bugs Bunny Camp Carousel,Kids' Rides,true,0
2026-08-26T21:00:00Z,2026-08-26T17:00:00-04:00,2026-08-26,17:00,3279,Bugs Bunny Ranger Pilots,Kids' Rides,true,0
2026-08-26T21:00:00Z,2026-08-26T17:00:00-04:00,2026-08-26,17:00,3240,Daffy Duck Hot Air Balloons,Kids' Rides,false,0
2026-08-26T21:00:00Z,2026-08-26T17:00:00-04:00,2026-08-26,17:00,10077,Lil' Devil Coaster,Kids' Rides,true,0
2026-08-26T21:00:00Z,2026-08-26T17:00:00-04:00,2026-08-26,17:00,15617,Porky Pig Camp Wagons,Kids' Rides,true,0
2026-08-26T21:00:00Z,2026-08-26T17:00:00-04:00,2026-08-26,17:00,3257,Raja’s Rickshaws,Kids' Rides,true,0
2026-08-26T21:00:00Z,2026-08-26T17:00:00-04:00,2026-08-26,17:00,3274,Safari Off-Road Adventure,Kids' Rides,false,0
2026-08-26T21:00:00Z,2026-08-26T17:00:00-04:00,2026-08-26,17:00,3283,Saw Mill Log Flume,Kids' Rides,true,20
2026-08-26T21:00:00Z,2026-08-26T17:00:00-04:00,2026-08-26,17:00,3281,Sky Zooma,Kids' Rides,true,0
2026-08-26T21:00:00Z,2026-08-26T17:00:00-04:00,2026-08-26,17:00,15789,Storm Chaser,Kids' Rides,true,0
2026-08-26T21:00:00Z,2026-08-26T17:00:00-04:00,2026-08-26,17:00,3267,Super Round Up,Kids' Rides,true,0
2026-08-26T21:00:00Z,2026-08-26T17:00:00-04:00,2026-08-26,17:00,15594,Tree Top Hopper,Kids' Rides,true,0
2026-08-26T21:00:00Z,2026-08-26T17:00:00-04:00,2026-08-26,17:00,3233,BATMAN™ The Ride,Thrill Rides,true,40
2026-08-26T21:00:00Z,2026-08-26T17:00:00-04:00,2026-08-26,17:00,3243,El Toro,Thrill Rides,true,30
2026-08-26T21:00:00Z,2026-08-26T17:00:00-04:00,2026-08-26,17:00,8539,Jersey Devil Coaster,Thrill Rides,false,0
2026-08-26T21:00:00Z,2026-08-26T17:00:00-04:00,2026-08-26,17:00,3916,JUSTICE LEAGUE™: Battle for METROPOLIS,Thrill Rides,true,0
2026-08-26T21:00:00Z,2026-08-26T17:00:00-04:00,2026-08-26,17:00,10533,Medusa,Thrill Rides,true,25
2026-08-26T21:00:00Z,2026-08-26T17:00:00-04:00,2026-08-26,17:00,3253,Nitro,Thrill Rides,true,60
2026-08-26T21:00:00Z,2026-08-26T17:00:00-04:00,2026-08-26,17:00,3261,Runaway Train,Thrill Rides,false,0
2026-08-26T21:00:00Z,2026-08-26T17:00:00-04:00,2026-08-26,17:00,3262,Skull Mountain,Thrill Rides,true,45
2026-08-26T21:00:00Z,2026-08-26T17:00:00-04:00,2026-08-26,17:00,3263,SkyScreamer,Thrill Rides,true,15
2026-08-26T21:00:00Z,2026-08-26T17:00:00-04:00,2026-08-26,17:00,3282,Slingshot,Thrill Rides,false,0
2026-08-26T21:00:00Z,2026-08-26T17:00:00-04:00,2026-08-26,17:00,3266,SUPERMAN™: Ultimate Flight,Thrill Rides,true,30
2026-08-26T21:00:00Z,2026-08-26T17:00:00-04:00,2026-08-26,17:00,3271,THE DARK KNIGHT™ Coaster,Thrill Rides,true,45
2026-08-26T21:00:00Z,2026-08-26T17:00:00-04:00,2026-08-26,17:00,14537,THE FLASH™: Vertical Velocity,Thrill Rides,true,30
2026-08-26T21:00:00Z,2026-08-26T17:00:00-04:00,2026-08-26,17:00,3288,THE JOKER™,Thrill Rides,true,30
2026-08-26T21:00:00Z,2026-08-26T17:00:00-04:00,2026-08-26,17:00,3273,Wile E. Coyote Canyon Blaster,Thrill Rides,true,0
2026-08-26T21:00:00Z,2026-08-26T17:00:00-04:00,2026-08-26,17:00,6371,WONDER WOMAN™ Lasso of Truth,Thrill Rides,false,0
2026-08-26T21:05:00Z,2026-08-26T17:05:00-04:00,2026-08-26,17:05,3231,Air Jumbo,Family Rides,true,0
2026-08-26T21:05:00Z,2026-08-26T17:05:00-04:00,2026-08-26,17:05,17425,Barrels O’ Fun,Family Rides,true,45
2026-08-26T21:05:00Z,2026-08-26T17:05:00-04:00,2026-08-26,17:05,3270,Buccaneer,Family Rides,true,10
2026-08-26T21:05:00Z,2026-08-26T17:05:00-04:00,2026-08-26,17:05,3237,Carousel,Family Rides,true,0
2026-08-26T21:05:00Z,2026-08-26T17:05:00-04:00,2026-08-26,17:05,3244,Enchanted Teacups,Family Rides,true,0
2026-08-26T21:05:00Z,2026-08-26T17:05:00-04:00,2026-08-26,17:05,3245,Fender Benders,Family Rides,true,0
2026-08-26T21:05:00Z,2026-08-26T17:05:00-04:00,2026-08-26,17:05,17426,Flying Scooters,Family Rides,true,0
2026-08-26T21:05:00Z,2026-08-26T17:05:00-04:00,2026-08-26,17:05,15604,Giant Wheel,Family Rides,true,0
2026-08-26T21:05:00Z,2026-08-26T17:05:00-04:00,2026-08-26,17:05,3236,HARLEY QUINN™ Crazy Train,Family Rides,false,0
2026-08-26T21:05:00Z,2026-08-26T17:05:00-04:00,2026-08-26,17:05,3249,Houdini’s Great Escape,Family Rides,true,0
2026-08-26T21:05:00Z,2026-08-26T17:05:00-04:00,2026-08-26,17:05,17427,Hypno Twister,Family Rides,false,0
2026-08-26T21:05:00Z,2026-08-26T17:05:00-04:00,2026-08-26,17:05,3250,Jolly Roger,Family Rides,true,0
2026-08-26T21:05:00Z,2026-08-26T17:05:00-04:00,2026-08-26,17:05,15829,Roaring Rapids,Family Rides,true,5
2026-08-26T21:05:00Z,2026-08-26T17:05:00-04:00,2026-08-26,17:05,15727,Scrambler,Family Rides,true,0
2026-08-26T21:05:00Z,2026-08-26T17:05:00-04:00,2026-08-26,17:05,3268,Tango,Family Rides,true,0
2026-08-26T21:05:00Z,2026-08-26T17:05:00-04:00,2026-08-26,17:05,17428,Wave Swinger,Family Rides,true,0
2026-08-26T21:05:00Z,2026-08-26T17:05:00-04:00,2026-08-26,17:05,3232,Air Safari,Kids' Rides,false,0
2026-08-26T21:05:00Z,2026-08-26T17:05:00-04:00,2026-08-26,17:05,10461,Barnstormer,Kids' Rides,true,0
2026-08-26T21:05:00Z,2026-08-26T17:05:00-04:00,2026-08-26,17:05,3275,Bugaboo,Kids' Rides,true,0
2026-08-26T21:05:00Z,2026-08-26T17:05:00-04:00,2026-08-26,17:05,3277,Bugs Bunny Camp Carousel,Kids' Rides,true,0
2026-08-26T21:05:00Z,2026-08-26T17:05:00-04:00,2026-08-26,17:05,3279,Bugs Bunny Ranger Pilots,Kids' Rides,true,0
2026-08-26T21:05:00Z,2026-08-26T17:05:00-04:00,2026-08-26,17:05,3240,Daffy Duck Hot Air Balloons,Kids' Rides,false,0
2026-08-26T21:05:00Z,2026-08-26T17:05:00-04:00,2026-08-26,17:05,10077,Lil' Devil Coaster,Kids' Rides,true,0
2026-08-26T21:05:00Z,2026-08-26T17:05:00-04:00,2026-08-26,17:05,15617,Porky Pig Camp Wagons,Kids' Rides,true,0
2026-08-26T21:05:00Z,2026-08-26T17:05:00-04:00,2026-08-26,17:05,3257,Raja’s Rickshaws,Kids' Rides,true,0
2026-08-26T21:05:00Z,2026-08-26T17:05:00-04:00,2026-08-26,17:05,3274,Safari Off-Road Adventure,Kids' Rides,false,0
2026-08-26T21:05:00Z,2026-08-26T17:05:00-04:00,2026-08-26,17:05,3283,Saw Mill Log Flume,Kids' Rides,true,20
2026-08-26T21:05:00Z,2026-08-26T17:05:00-04:00,2026-08-26,17:05,3281,Sky Zooma,Kids' Rides,true,0
2026-08-26T21:05:00Z,2026-08-26T17:05:00-04:00,2026-08-26,17:05,15789,Storm Chaser,Kids' Rides,true,0
2026-08-26T21:05:00Z,2026-08-26T17:05:00-04:00,2026-08-26,17:05,3267,Super Round Up,Kids' Rides,true,0
2026-08-26T21:05:00Z,2026-08-26T17:05:00-04:00,2026-08-26,17:05,15594,Tree Top Hopper,Kids' Rides,true,0
2026-08-26T21:05:00Z,2026-08-26T17:05:00-04:00,2026-08-26,17:05,3233,BATMAN™ The Ride,Thrill Rides,true,40
2026-08-26T21:05:00Z,2026-08-26T17:05:00-04:00,2026-08-26,17:05,3243,El Toro,Thrill Rides,true,30
2026-08-26T21:05:00Z,2026-08-26T17:05:00-04:00,2026-08-26,17:05,8539,Jersey Devil Coaster,Thrill Rides,true,60
2026-08-26T21:05:00Z,2026-08-26T17:05:00-04:00,2026-08-26,17:05,3916,JUSTICE LEAGUE™: Battle for METROPOLIS,Thrill Rides,true,0
2026-08-26T21:05:00Z,2026-08-26T17:05:00-04:00,2026-08-26,17:05,10533,Medusa,Thrill Rides,true,25
2026-08-26T21:05:00Z,2026-08-26T17:05:00-04:00,2026-08-26,17:05,3253,Nitro,Thrill Rides,true,60
2026-08-26T21:05:00Z,2026-08-26T17:05:00-04:00,2026-08-26,17:05,3261,Runaway Train,Thrill Rides,false,0
2026-08-26T21:05:00Z,2026-08-26T17:05:00-04:00,2026-08-26,17:05,3262,Skull Mountain,Thrill Rides,true,45
2026-08-26T21:05:00Z,2026-08-26T17:05:00-04:00,2026-08-26,17:05,3263,SkyScreamer,Thrill Rides,true,15
2026-08-26T21:05:00Z,2026-08-26T17:05:00-04:00,2026-08-26,17:05,3282,Slingshot,Thrill Rides,false,0
2026-08-26T21:05:00Z,2026-08-26T17:05:00-04:00,2026-08-26,17:05,3266,SUPERMAN™: Ultimate Flight,Thrill Rides,true,30
2026-08-26T21:05:00Z,2026-08-26T17:05:00-04:00,2026-08-26,17:05,3271,THE DARK KNIGHT™ Coaster,Thrill Rides,true,45
2026-08-26T21:05:00Z,2026-08-26T17:05:00-04:00,2026-08-26,17:05,14537,THE FLASH™: Vertical Velocity,Thrill Rides,true,30
2026-08-26T21:05:00Z,2026-08-26T17:05:00-04:00,2026-08-26,17:05,3288,THE JOKER™,Thrill Rides,true,30
2026-08-26T21:05:00Z,2026-08-26T17:05:00-04:00,2026-08-26,17:05,3273,Wile E. Coyote Canyon Blaster,Thrill Rides,true,0
2026-08-26T21:05:00Z,2026-08-26T17:05:00-04:00,2026-08-26,17:05,6371,WONDER WOMAN™ Lasso of Truth,Thrill Rides,false,0
2026-08-26T21:10:00Z,2026-08-26T17:10:00-04:00,2026-08-26,17:10,3231,Air Jumbo,Family Rides,true,0
2026-08-26T21:10:00Z,2026-08-26T17:10:00-04:00,2026-08-26,17:10,17425,Barrels O’ Fun,Family Rides,true,45
2026-08-26T21:10:00Z,2026-08-26T17:10:00-04:00,2026-08-26,17:10,3270,Buccaneer,Family Rides,true,10
2026-08-26T21:10:00Z,2026-08-26T17:10:00-04:00,2026-08-26,17:10,3237,Carousel,Family Rides,true,0
2026-08-26T21:10:00Z,2026-08-26T17:10:00-04:00,2026-08-26,17:10,3244,Enchanted Teacups,Family Rides,true,0
2026-08-26T21:10:00Z,2026-08-26T17:10:00-04:00,2026-08-26,17:10,3245,Fender Benders,Family Rides,true,0
2026-08-26T21:10:00Z,2026-08-26T17:10:00-04:00,2026-08-26,17:10,17426,Flying Scooters,Family Rides,true,0
2026-08-26T21:10:00Z,2026-08-26T17:10:00-04:00,2026-08-26,17:10,15604,Giant Wheel,Family Rides,true,0
2026-08-26T21:10:00Z,2026-08-26T17:10:00-04:00,2026-08-26,17:10,3236,HARLEY QUINN™ Crazy Train,Family Rides,true,60
2026-08-26T21:10:00Z,2026-08-26T17:10:00-04:00,2026-08-26,17:10,3249,Houdini’s Great Escape,Family Rides,true,0
2026-08-26T21:10:00Z,2026-08-26T17:10:00-04:00,2026-08-26,17:10,17427,Hypno Twister,Family Rides,false,0
2026-08-26T21:10:00Z,2026-08-26T17:10:00-04:00,2026-08-26,17:10,3250,Jolly Roger,Family Rides,true,0
2026-08-26T21:10:00Z,2026-08-26T17:10:00-04:00,2026-08-26,17:10,15829,Roaring Rapids,Family Rides,true,5
2026-08-26T21:10:00Z,2026-08-26T17:10:00-04:00,2026-08-26,17:10,15727,Scrambler,Family Rides,true,0
2026-08-26T21:10:00Z,2026-08-26T17:10:00-04:00,2026-08-26,17:10,3268,Tango,Family Rides,true,0
2026-08-26T21:10:00Z,2026-08-26T17:10:00-04:00,2026-08-26,17:10,17428,Wave Swinger,Family Rides,true,0
2026-08-26T21:10:00Z,2026-08-26T17:10:00-04:00,2026-08-26,17:10,3232,Air Safari,Kids' Rides,false,0
2026-08-26T21:10:00Z,2026-08-26T17:10:00-04:00,2026-08-26,17:10,10461,Barnstormer,Kids' Rides,true,0
2026-08-26T21:10:00Z,2026-08-26T17:10:00-04:00,2026-08-26,17:10,3275,Bugaboo,Kids' Rides,true,0
2026-08-26T21:10:00Z,2026-08-26T17:10:00-04:00,2026-08-26,17:10,3277,Bugs Bunny Camp Carousel,Kids' Rides,true,0
2026-08-26T21:10:00Z,2026-08-26T17:10:00-04:00,2026-08-26,17:10,3279,Bugs Bunny Ranger Pilots,Kids' Rides,true,0
2026-08-26T21:10:00Z,2026-08-26T17:10:00-04:00,2026-08-26,17:10,3240,Daffy Duck Hot Air Balloons,Kids' Rides,false,0
2026-08-26T21:10:00Z,2026-08-26T17:10:00-04:00,2026-08-26,17:10,10077,Lil' Devil Coaster,Kids' Rides,true,0
2026-08-26T21:10:00Z,2026-08-26T17:10:00-04:00,2026-08-26,17:10,15617,Porky Pig Camp Wagons,Kids' Rides,true,0
2026-08-26T21:10:00Z,2026-08-26T17:10:00-04:00,2026-08-26,17:10,3257,Raja’s Rickshaws,Kids' Rides,true,0
2026-08-26T21:10:00Z,2026-08-26T17:10:00-04:00,2026-08-26,17:10,3274,Safari Off-Road Adventure,Kids' Rides,false,0
2026-08-26T21:10:00Z,2026-08-26T17:10:00-04:00,2026-08-26,17:10,3283,Saw Mill Log Flume,Kids' Rides,true,20
2026-08-26T21:10:00Z,2026-08-26T17:10:00-04:00,2026-08-26,17:10,3281,Sky Zooma,Kids' Rides,true,0
2026-08-26T21:10:00Z,2026-08-26T17:10:00-04:00,2026-08-26,17:10,15789,Storm Chaser,Kids' Rides,true,0
2026-08-26T21:10:00Z,2026-08-26T17:10:00-04:00,2026-08-26,17:10,3267,Super Round Up,Kids' Rides,true,0
2026-08-26T21:10:00Z,2026-08-26T17:10:00-04:00,2026-08-26,17:10,15594,Tree Top Hopper,Kids' Rides,true,0
2026-08-26T21:10:00Z,2026-08-26T17:10:00-04:00,2026-08-26,17:10,3233,BATMAN™ The Ride,Thrill Rides,true,40
2026-08-26T21:10:00Z,2026-08-26T17:10:00-04:00,2026-08-26,17:10,3243,El Toro,Thrill Rides,true,45
2026-08-26T21:10:00Z,2026-08-26T17:10:00-04:00,2026-08-26,17:10,8539,Jersey Devil Coaster,Thrill Rides,true,60
2026-08-26T21:10:00Z,2026-08-26T17:10:00-04:00,2026-08-26,17:10,3916,JUSTICE LEAGUE™: Battle for METROPOLIS,Thrill Rides,true,0
2026-08-26T21:10:00Z,2026-08-26T17:10:00-04:00,2026-08-26,17:10,10533,Medusa,Thrill Rides,true,25
2026-08-26T21:10:00Z,2026-08-26T17:10:00-04:00,2026-08-26,17:10,3253,Nitro,Thrill Rides,true,60
2026-08-26T21:10:00Z,2026-08-26T17:10:00-04:00,2026-08-26,17:10,3261,Runaway Train,Thrill Rides,false,0
2026-08-26T21:10:00Z,2026-08-26T17:10:00-04:00,2026-08-26,17:10,3262,Skull Mountain,Thrill Rides,true,45
2026-08-26T21:10:00Z,2026-08-26T17:10:00-04:00,2026-08-26,17:10,3263,SkyScreamer,Thrill Rides,true,15
2026-08-26T21:10:00Z,2026-08-26T17:10:00-04:00,2026-08-26,17:10,3282,Slingshot,Thrill Rides,false,0
2026-08-26T21:10:00Z,2026-08-26T17:10:00-04:00,2026-08-26,17:10,3266,SUPERMAN™: Ultimate Flight,Thrill Rides,true,30
2026-08-26T21:10:00Z,2026-08-26T17:10:00-04:00,2026-08-26,17:10,3271,THE DARK KNIGHT™ Coaster,Thrill Rides,true,45
2026-08-26T21:10:00Z,2026-08-26T17:10:00-04:00,2026-08-26,17:10,14537,THE FLASH™: Vertical Velocity,Thrill Rides,true,30
2026-08-26T21:10:00Z,2026-08-26T17:10:00-04:00,2026-08-26,17:10,3288,THE JOKER™,Thrill Rides,true,30
2026-08-26T21:10:00Z,2026-08-26T17:10:00-04:00,2026-08-26,17:10,3273,Wile E. Coyote Canyon Blaster,Thrill Rides,true,0
2026-08-26T21:10:00Z,2026-08-26T17:10:00-04:00,2026-08-26,17:10,6371,WONDER WOMAN™ Lasso of Truth,Thrill Rides,false,0
2026-08-26T21:15:00Z,2026-08-26T17:15:00-04:00,2026-08-26,17:15,3231,Air Jumbo,Family Rides,true,0
2026-08-26T21:15:00Z,2026-08-26T17:15:00-04:00,2026-08-26,17:15,17425,Barrels O’ Fun,Family Rides,true,45
2026-08-26T21:15:00Z,2026-08-26T17:15:00-04:00,2026-08-26,17:15,3270,Buccaneer,Family Rides,true,10
2026-08-26T21:15:00Z,2026-08-26T17:15:00-04:00,2026-08-26,17:15,3237,Carousel,Family Rides,true,0
2026-08-26T21:15:00Z,2026-08-26T17:15:00-04:00,2026-08-26,17:15,3244,Enchanted Teacups,Family Rides,true,0
2026-08-26T21:15:00Z,2026-08-26T17:15:00-04:00,2026-08-26,17:15,3245,Fender Benders,Family Rides,true,0
2026-08-26T21:15:00Z,2026-08-26T17:15:00-04:00,2026-08-26,17:15,17426,Flying Scooters,Family Rides,true,0
2026-08-26T21:15:00Z,2026-08-26T17:15:00-04:00,2026-08-26,17:15,15604,Giant Wheel,Family Rides,true,0
2026-08-26T21:15:00Z,2026-08-26T17:15:00-04:00,2026-08-26,17:15,3236,HARLEY QUINN™ Crazy Train,Family Rides,true,60
2026-08-26T21:15:00Z,2026-08-26T17:15:00-04:00,2026-08-26,17:15,3249,Houdini’s Great Escape,Family Rides,true,0
2026-08-26T21:15:00Z,2026-08-26T17:15:00-04:00,2026-08-26,17:15,17427,Hypno Twister,Family Rides,false,0
2026-08-26T21:15:00Z,2026-08-26T17:15:00-04:00,2026-08-26,17:15,3250,Jolly Roger,Family Rides,true,0
2026-08-26T21:15:00Z,2026-08-26T17:15:00-04:00,2026-08-26,17:15,15829,Roaring Rapids,Family Rides,true,5
2026-08-26T21:15:00Z,2026-08-26T17:15:00-04:00,2026-08-26,17:15,15727,Scrambler,Family Rides,true,0
2026-08-26T21:15:00Z,2026-08-26T17:15:00-04:00,2026-08-26,17:15,3268,Tango,Family Rides,true,0
2026-08-26T21:15:00Z,2026-08-26T17:15:00-04:00,2026-08-26,17:15,17428,Wave Swinger,Family Rides,true,0
2026-08-26T21:15:00Z,2026-08-26T17:15:00-04:00,2026-08-26,17:15,3232,Air Safari,Kids' Rides,false,0
2026-08-26T21:15:00Z,2026-08-26T17:15:00-04:00,2026-08-26,17:15,10461,Barnstormer,Kids' Rides,true,0
2026-08-26T21:15:00Z,2026-08-26T17:15:00-04:00,2026-08-26,17:15,3275,Bugaboo,Kids' Rides,true,0
2026-08-26T21:15:00Z,2026-08-26T17:15:00-04:00,2026-08-26,17:15,3277,Bugs Bunny Camp Carousel,Kids' Rides,true,0
2026-08-26T21:15:00Z,2026-08-26T17:15:00-04:00,2026-08-26,17:15,3279,Bugs Bunny Ranger Pilots,Kids' Rides,true,0
2026-08-26T21:15:00Z,2026-08-26T17:15:00-04:00,2026-08-26,17:15,3240,Daffy Duck Hot Air Balloons,Kids' Rides,false,0
2026-08-26T21:15:00Z,2026-08-26T17:15:00-04:00,2026-08-26,17:15,10077,Lil' Devil Coaster,Kids' Rides,true,0
2026-08-26T21:15:00Z,2026-08-26T17:15:00-04:00,2026-08-26,17:15,15617,Porky Pig Camp Wagons,Kids' Rides,true,0
2026-08-26T21:15:00Z,2026-08-26T17:15:00-04:00,2026-08-26,17:15,3257,Raja’s Rickshaws,Kids' Rides,true,0
2026-08-26T21:15:00Z,2026-08-26T17:15:00-04:00,2026-08-26,17:15,3274,Safari Off-Road Adventure,Kids' Rides,false,0
2026-08-26T21:15:00Z,2026-08-26T17:15:00-04:00,2026-08-26,17:15,3283,Saw Mill Log Flume,Kids' Rides,true,20
2026-08-26T21:15:00Z,2026-08-26T17:15:00-04:00,2026-08-26,17:15,3281,Sky Zooma,Kids' Rides,true,0
2026-08-26T21:15:00Z,2026-08-26T17:15:00-04:00,2026-08-26,17:15,15789,Storm Chaser,Kids' Rides,true,0
2026-08-26T21:15:00Z,2026-08-26T17:15:00-04:00,2026-08-26,17:15,3267,Super Round Up,Kids' Rides,false,0
2026-08-26T21:15:00Z,2026-08-26T17:15:00-04:00,2026-08-26,17:15,15594,Tree Top Hopper,Kids' Rides,true,0
2026-08-26T21:15:00Z,2026-08-26T17:15:00-04:00,2026-08-26,17:15,3233,BATMAN™ The Ride,Thrill Rides,true,40
2026-08-26T21:15:00Z,2026-08-26T17:15:00-04:00,2026-08-26,17:15,3243,El Toro,Thrill Rides,true,45
2026-08-26T21:15:00Z,2026-08-26T17:15:00-04:00,2026-08-26,17:15,8539,Jersey Devil Coaster,Thrill Rides,true,30
2026-08-26T21:15:00Z,2026-08-26T17:15:00-04:00,2026-08-26,17:15,3916,JUSTICE LEAGUE™: Battle for METROPOLIS,Thrill Rides,true,0
2026-08-26T21:15:00Z,2026-08-26T17:15:00-04:00,2026-08-26,17:15,10533,Medusa,Thrill Rides,true,25
2026-08-26T21:15:00Z,2026-08-26T17:15:00-04:00,2026-08-26,17:15,3253,Nitro,Thrill Rides,true,60
2026-08-26T21:15:00Z,2026-08-26T17:15:00-04:00,2026-08-26,17:15,3261,Runaway Train,Thrill Rides,false,0
2026-08-26T21:15:00Z,2026-08-26T17:15:00-04:00,2026-08-26,17:15,3262,Skull Mountain,Thrill Rides,true,45
2026-08-26T21:15:00Z,2026-08-26T17:15:00-04:00,2026-08-26,17:15,3263,SkyScreamer,Thrill Rides,true,15
2026-08-26T21:15:00Z,2026-08-26T17:15:00-04:00,2026-08-26,17:15,3282,Slingshot,Thrill Rides,false,0
2026-08-26T21:15:00Z,2026-08-26T17:15:00-04:00,2026-08-26,17:15,3266,SUPERMAN™: Ultimate Flight,Thrill Rides,true,30
2026-08-26T21:15:00Z,2026-08-26T17:15:00-04:00,2026-08-26,17:15,3271,THE DARK KNIGHT™ Coaster,Thrill Rides,true,45
2026-08-26T21:15:00Z,2026-08-26T17:15:00-04:00,2026-08-26,17:15,14537,THE FLASH™: Vertical Velocity,Thrill Rides,true,30
2026-08-26T21:15:00Z,2026-08-26T17:15:00-04:00,2026-08-26,17:15,3288,THE JOKER™,Thrill Rides,true,30
2026-08-26T21:15:00Z,2026-08-26T17:15:00-04:00,2026-08-26,17:15,3273,Wile E. Coyote Canyon Blaster,Thrill Rides,true,0
2026-08-26T21:15:00Z,2026-08-26T17:15:00-04:00,2026-08-26,17:15,6371,WONDER WOMAN™ Lasso of Truth,Thrill Rides,false,0
2026-08-26T23:50:00Z,2026-08-26T19:50:00-04:00,2026-08-26,19:50,3231,Air Jumbo,Family Rides,true,0
2026-08-26T23:50:00Z,2026-08-26T19:50:00-04:00,2026-08-26,19:50,17425,Barrels O’ Fun,Family Rides,true,45
2026-08-26T23:50:00Z,2026-08-26T19:50:00-04:00,2026-08-26,19:50,3270,Buccaneer,Family Rides,true,10
2026-08-26T23:50:00Z,2026-08-26T19:50:00-04:00,2026-08-26,19:50,3237,Carousel,Family Rides,true,0
2026-08-26T23:50:00Z,2026-08-26T19:50:00-04:00,2026-08-26,19:50,3244,Enchanted Teacups,Family Rides,true,0
2026-08-26T23:50:00Z,2026-08-26T19:50:00-04:00,2026-08-26,19:50,3245,Fender Benders,Family Rides,true,0
2026-08-26T23:50:00Z,2026-08-26T19:50:00-04:00,2026-08-26,19:50,17426,Flying Scooters,Family Rides,true,0
2026-08-26T23:50:00Z,2026-08-26T19:50:00-04:00,2026-08-26,19:50,15604,Giant Wheel,Family Rides,true,0
2026-08-26T23:50:00Z,2026-08-26T19:50:00-04:00,2026-08-26,19:50,3236,HARLEY QUINN™ Crazy Train,Family Rides,true,60
2026-08-26T23:50:00Z,2026-08-26T19:50:00-04:00,2026-08-26,19:50,3249,Houdini’s Great Escape,Family Rides,true,5
2026-08-26T23:50:00Z,2026-08-26T19:50:00-04:00,2026-08-26,19:50,17427,Hypno Twister,Family Rides,true,10
2026-08-26T23:50:00Z,2026-08-26T19:50:00-04:00,2026-08-26,19:50,3250,Jolly Roger,Family Rides,true,0
2026-08-26T23:50:00Z,2026-08-26T19:50:00-04:00,2026-08-26,19:50,15829,Roaring Rapids,Family Rides,true,5
2026-08-26T23:50:00Z,2026-08-26T19:50:00-04:00,2026-08-26,19:50,15727,Scrambler,Family Rides,true,0
2026-08-26T23:50:00Z,2026-08-26T19:50:00-04:00,2026-08-26,19:50,3268,Tango,Family Rides,true,0
2026-08-26T23:50:00Z,2026-08-26T19:50:00-04:00,2026-08-26,19:50,17428,Wave Swinger,Family Rides,true,0
2026-08-26T23:50:00Z,2026-08-26T19:50:00-04:00,2026-08-26,19:50,3232,Air Safari,Kids' Rides,true,0
2026-08-26T23:50:00Z,2026-08-26T19:50:00-04:00,2026-08-26,19:50,10461,Barnstormer,Kids' Rides,true,0
2026-08-26T23:50:00Z,2026-08-26T19:50:00-04:00,2026-08-26,19:50,3275,Bugaboo,Kids' Rides,true,0
2026-08-26T23:50:00Z,2026-08-26T19:50:00-04:00,2026-08-26,19:50,3277,Bugs Bunny Camp Carousel,Kids' Rides,true,0
2026-08-26T23:50:00Z,2026-08-26T19:50:00-04:00,2026-08-26,19:50,3279,Bugs Bunny Ranger Pilots,Kids' Rides,true,0
2026-08-26T23:50:00Z,2026-08-26T19:50:00-04:00,2026-08-26,19:50,3240,Daffy Duck Hot Air Balloons,Kids' Rides,false,0
2026-08-26T23:50:00Z,2026-08-26T19:50:00-04:00,2026-08-26,19:50,10077,Lil' Devil Coaster,Kids' Rides,true,0
2026-08-26T23:50:00Z,2026-08-26T19:50:00-04:00,2026-08-26,19:50,15617,Porky Pig Camp Wagons,Kids' Rides,true,0
2026-08-26T23:50:00Z,2026-08-26T19:50:00-04:00,2026-08-26,19:50,3257,Raja’s Rickshaws,Kids' Rides,true,0
2026-08-26T23:50:00Z,2026-08-26T19:50:00-04:00,2026-08-26,19:50,3274,Safari Off-Road Adventure,Kids' Rides,false,0
2026-08-26T23:50:00Z,2026-08-26T19:50:00-04:00,2026-08-26,19:50,3283,Saw Mill Log Flume,Kids' Rides,true,5
2026-08-26T23:50:00Z,2026-08-26T19:50:00-04:00,2026-08-26,19:50,3281,Sky Zooma,Kids' Rides,true,0
2026-08-26T23:50:00Z,2026-08-26T19:50:00-04:00,2026-08-26,19:50,15789,Storm Chaser,Kids' Rides,true,0
2026-08-26T23:50:00Z,2026-08-26T19:50:00-04:00,2026-08-26,19:50,3267,Super Round Up,Kids' Rides,true,0
2026-08-26T23:50:00Z,2026-08-26T19:50:00-04:00,2026-08-26,19:50,15594,Tree Top Hopper,Kids' Rides,true,0
2026-08-26T23:50:00Z,2026-08-26T19:50:00-04:00,2026-08-26,19:50,3233,BATMAN™ The Ride,Thrill Rides,true,0
2026-08-26T23:50:00Z,2026-08-26T19:50:00-04:00,2026-08-26,19:50,3243,El Toro,Thrill Rides,true,45
2026-08-26T23:50:00Z,2026-08-26T19:50:00-04:00,2026-08-26,19:50,8539,Jersey Devil Coaster,Thrill Rides,true,30
2026-08-26T23:50:00Z,2026-08-26T19:50:00-04:00,2026-08-26,19:50,3916,JUSTICE LEAGUE™: Battle for METROPOLIS,Thrill Rides,true,0
2026-08-26T23:50:00Z,2026-08-26T19:50:00-04:00,2026-08-26,19:50,10533,Medusa,Thrill Rides,true,25
2026-08-26T23:50:00Z,2026-08-26T19:50:00-04:00,2026-08-26,19:50,3253,Nitro,Thrill Rides,true,30
2026-08-26T23:50:00Z,2026-08-26T19:50:00-04:00,2026-08-26,19:50,3261,Runaway Train,Thrill Rides,false,0
2026-08-26T23:50:00Z,2026-08-26T19:50:00-04:00,2026-08-26,19:50,3262,Skull Mountain,Thrill Rides,true,20
2026-08-26T23:50:00Z,2026-08-26T19:50:00-04:00,2026-08-26,19:50,3263,SkyScreamer,Thrill Rides,true,15
2026-08-26T23:50:00Z,2026-08-26T19:50:00-04:00,2026-08-26,19:50,3282,Slingshot,Thrill Rides,false,0
2026-08-26T23:50:00Z,2026-08-26T19:50:00-04:00,2026-08-26,19:50,3266,SUPERMAN™: Ultimate Flight,Thrill Rides,true,90
2026-08-26T23:50:00Z,2026-08-26T19:50:00-04:00,2026-08-26,19:50,3271,THE DARK KNIGHT™ Coaster,Thrill Rides,true,0
2026-08-26T23:50:00Z,2026-08-26T19:50:00-04:00,2026-08-26,19:50,14537,THE FLASH™: Vertical Velocity,Thrill Rides,true,60
2026-08-26T23:50:00Z,2026-08-26T19:50:00-04:00,2026-08-26,19:50,3288,THE JOKER™,Thrill Rides,true,30
2026-08-26T23:50:00Z,2026-08-26T19:50:00-04:00,2026-08-26,19:50,3273,Wile E. Coyote Canyon Blaster,Thrill Rides,true,0
2026-08-26T23:50:00Z,2026-08-26T19:50:00-04:00,2026-08-26,19:50,6371,WONDER WOMAN™ Lasso of Truth,Thrill Rides,false,0
2026-08-26T23:55:00Z,2026-08-26T19:55:00-04:00,2026-08-26,19:55,3231,Air Jumbo,Family Rides,true,0
2026-08-26T23:55:00Z,2026-08-26T19:55:00-04:00,2026-08-26,19:55,17425,Barrels O’ Fun,Family Rides,true,45
2026-08-26T23:55:00Z,2026-08-26T19:55:00-04:00,2026-08-26,19:55,3270,Buccaneer,Family Rides,true,10
2026-08-26T23:55:00Z,2026-08-26T19:55:00-04:00,2026-08-26,19:55,3237,Carousel,Family Rides,true,0
2026-08-26T23:55:00Z,2026-08-26T19:55:00-04:00,2026-08-26,19:55,3244,Enchanted Teacups,Family Rides,true,0
2026-08-26T23:55:00Z,2026-08-26T19:55:00-04:00,2026-08-26,19:55,3245,Fender Benders,Family Rides,true,0
2026-08-26T23:55:00Z,2026-08-26T19:55:00-04:00,2026-08-26,19:55,17426,Flying Scooters,Family Rides,true,0
2026-08-26T23:55:00Z,2026-08-26T19:55:00-04:00,2026-08-26,19:55,15604,Giant Wheel,Family Rides,true,0
2026-08-26T23:55:00Z,2026-08-26T19:55:00-04:00,2026-08-26,19:55,3236,HARLEY QUINN™ Crazy Train,Family Rides,true,60
2026-08-26T23:55:00Z,2026-08-26T19:55:00-04:00,2026-08-26,19:55,3249,Houdini’s Great Escape,Family Rides,true,5
2026-08-26T23:55:00Z,2026-08-26T19:55:00-04:00,2026-08-26,19:55,17427,Hypno Twister,Family Rides,true,10
2026-08-26T23:55:00Z,2026-08-26T19:55:00-04:00,2026-08-26,19:55,3250,Jolly Roger,Family Rides,true,0
2026-08-26T23:55:00Z,2026-08-26T19:55:00-04:00,2026-08-26,19:55,15829,Roaring Rapids,Family Rides,true,5
2026-08-26T23:55:00Z,2026-08-26T19:55:00-04:00,2026-08-26,19:55,15727,Scrambler,Family Rides,true,0
2026-08-26T23:55:00Z,2026-08-26T19:55:00-04:00,2026-08-26,19:55,3268,Tango,Family Rides,true,0
2026-08-26T23:55:00Z,2026-08-26T19:55:00-04:00,2026-08-26,19:55,17428,Wave Swinger,Family Rides,true,0
2026-08-26T23:55:00Z,2026-08-26T19:55:00-04:00,2026-08-26,19:55,3232,Air Safari,Kids' Rides,true,0
2026-08-26T23:55:00Z,2026-08-26T19:55:00-04:00,2026-08-26,19:55,10461,Barnstormer,Kids' Rides,true,0
2026-08-26T23:55:00Z,2026-08-26T19:55:00-04:00,2026-08-26,19:55,3275,Bugaboo,Kids' Rides,true,0
2026-08-26T23:55:00Z,2026-08-26T19:55:00-04:00,2026-08-26,19:55,3277,Bugs Bunny Camp Carousel,Kids' Rides,true,0
2026-08-26T23:55:00Z,2026-08-26T19:55:00-04:00,2026-08-26,19:55,3279,Bugs Bunny Ranger Pilots,Kids' Rides,true,0
2026-08-26T23:55:00Z,2026-08-26T19:55:00-04:00,2026-08-26,19:55,3240,Daffy Duck Hot Air Balloons,Kids' Rides,false,0
2026-08-26T23:55:00Z,2026-08-26T19:55:00-04:00,2026-08-26,19:55,10077,Lil' Devil Coaster,Kids' Rides,true,0
2026-08-26T23:55:00Z,2026-08-26T19:55:00-04:00,2026-08-26,19:55,15617,Porky Pig Camp Wagons,Kids' Rides,true,0
2026-08-26T23:55:00Z,2026-08-26T19:55:00-04:00,2026-08-26,19:55,3257,Raja’s Rickshaws,Kids' Rides,true,0
2026-08-26T23:55:00Z,2026-08-26T19:55:00-04:00,2026-08-26,19:55,3274,Safari Off-Road Adventure,Kids' Rides,false,0
2026-08-26T23:55:00Z,2026-08-26T19:55:00-04:00,2026-08-26,19:55,3283,Saw Mill Log Flume,Kids' Rides,true,5
2026-08-26T23:55:00Z,2026-08-26T19:55:00-04:00,2026-08-26,19:55,3281,Sky Zooma,Kids' Rides,true,0
2026-08-26T23:55:00Z,2026-08-26T19:55:00-04:00,2026-08-26,19:55,15789,Storm Chaser,Kids' Rides,true,0
2026-08-26T23:55:00Z,2026-08-26T19:55:00-04:00,2026-08-26,19:55,3267,Super Round Up,Kids' Rides,true,0
2026-08-26T23:55:00Z,2026-08-26T19:55:00-04:00,2026-08-26,19:55,15594,Tree Top Hopper,Kids' Rides,true,0
2026-08-26T23:55:00Z,2026-08-26T19:55:00-04:00,2026-08-26,19:55,3233,BATMAN™ The Ride,Thrill Rides,true,0
2026-08-26T23:55:00Z,2026-08-26T19:55:00-04:00,2026-08-26,19:55,3243,El Toro,Thrill Rides,true,45
2026-08-26T23:55:00Z,2026-08-26T19:55:00-04:00,2026-08-26,19:55,8539,Jersey Devil Coaster,Thrill Rides,true,30
2026-08-26T23:55:00Z,2026-08-26T19:55:00-04:00,2026-08-26,19:55,3916,JUSTICE LEAGUE™: Battle for METROPOLIS,Thrill Rides,true,0
2026-08-26T23:55:00Z,2026-08-26T19:55:00-04:00,2026-08-26,19:55,10533,Medusa,Thrill Rides,true,25
2026-08-26T23:55:00Z,2026-08-26T19:55:00-04:00,2026-08-26,19:55,3253,Nitro,Thrill Rides,true,30
2026-08-26T23:55:00Z,2026-08-26T19:55:00-04:00,2026-08-26,19:55,3261,Runaway Train,Thrill Rides,false,0
2026-08-26T23:55:00Z,2026-08-26T19:55:00-04:00,2026-08-26,19:55,3262,Skull Mountain,Thrill Rides,true,20
2026-08-26T23:55:00Z,2026-08-26T19:55:00-04:00,2026-08-26,19:55,3263,SkyScreamer,Thrill Rides,true,15
2026-08-26T23:55:00Z,2026-08-26T19:55:00-04:00,2026-08-26,19:55,3282,Slingshot,Thrill Rides,false,0
2026-08-26T23:55:00Z,2026-08-26T19:55:00-04:00,2026-08-26,19:55,3266,SUPERMAN™: Ultimate Flight,Thrill Rides,true,90
2026-08-26T23:55:00Z,2026-08-26T19:55:00-04:00,2026-08-26,19:55,3271,THE DARK KNIGHT™ Coaster,Thrill Rides,true,0
2026-08-26T23:55:00Z,2026-08-26T19:55:00-04:00,2026-08-26,19:55,14537,THE FLASH™: Vertical Velocity,Thrill Rides,true,60
2026-08-26T23:55:00Z,2026-08-26T19:55:00-04:00,2026-08-26,19:55,3288,THE JOKER™,Thrill Rides,true,30
2026-08-26T23:55:00Z,2026-08-26T19:55:00-04:00,2026-08-26,19:55,3273,Wile E. Coyote Canyon Blaster,Thrill Rides,true,0
2026-08-26T23:55:00Z,2026-08-26T19:55:00-04:00,2026-08-26,19:55,6371,WONDER WOMAN™ Lasso of Truth,Thrill Rides,false,0
2026-08-27T00:00:00Z,2026-08-26T20:00:00-04:00,2026-08-26,20:00,3231,Air Jumbo,Family Rides,true,0
2026-08-27T00:00:00Z,2026-08-26T20:00:00-04:00,2026-08-26,20:00,17425,Barrels O’ Fun,Family Rides,true,45
2026-08-27T00:00:00Z,2026-08-26T20:00:00-04:00,2026-08-26,20:00,3270,Buccaneer,Family Rides,true,10
2026-08-27T00:00:00Z,2026-08-26T20:00:00-04:00,2026-08-26,20:00,3237,Carousel,Family Rides,true,0
2026-08-27T00:00:00Z,2026-08-26T20:00:00-04:00,2026-08-26,20:00,3244,Enchanted Teacups,Family Rides,true,0
2026-08-27T00:00:00Z,2026-08-26T20:00:00-04:00,2026-08-26,20:00,3245,Fender Benders,Family Rides,true,0
2026-08-27T00:00:00Z,2026-08-26T20:00:00-04:00,2026-08-26,20:00,17426,Flying Scooters,Family Rides,true,0
2026-08-27T00:00:00Z,2026-08-26T20:00:00-04:00,2026-08-26,20:00,15604,Giant Wheel,Family Rides,true,0
2026-08-27T00:00:00Z,2026-08-26T20:00:00-04:00,2026-08-26,20:00,3236,HARLEY QUINN™ Crazy Train,Family Rides,false,0
2026-08-27T00:00:00Z,2026-08-26T20:00:00-04:00,2026-08-26,20:00,3249,Houdini’s Great Escape,Family Rides,true,5
2026-08-27T00:00:00Z,2026-08-26T20:00:00-04:00,2026-08-26,20:00,17427,Hypno Twister,Family Rides,true,10
2026-08-27T00:00:00Z,2026-08-26T20:00:00-04:00,2026-08-26,20:00,3250,Jolly Roger,Family Rides,true,0
2026-08-27T00:00:00Z,2026-08-26T20:00:00-04:00,2026-08-26,20:00,15829,Roaring Rapids,Family Rides,true,5
2026-08-27T00:00:00Z,2026-08-26T20:00:00-04:00,2026-08-26,20:00,15727,Scrambler,Family Rides,true,0
2026-08-27T00:00:00Z,2026-08-26T20:00:00-04:00,2026-08-26,20:00,3268,Tango,Family Rides,true,0
2026-08-27T00:00:00Z,2026-08-26T20:00:00-04:00,2026-08-26,20:00,17428,Wave Swinger,Family Rides,true,0
2026-08-27T00:00:00Z,2026-08-26T20:00:00-04:00,2026-08-26,20:00,3232,Air Safari,Kids' Rides,true,0
2026-08-27T00:00:00Z,2026-08-26T20:00:00-04:00,2026-08-26,20:00,10461,Barnstormer,Kids' Rides,true,0
2026-08-27T00:00:00Z,2026-08-26T20:00:00-04:00,2026-08-26,20:00,3275,Bugaboo,Kids' Rides,true,0
2026-08-27T00:00:00Z,2026-08-26T20:00:00-04:00,2026-08-26,20:00,3277,Bugs Bunny Camp Carousel,Kids' Rides,true,0
2026-08-27T00:00:00Z,2026-08-26T20:00:00-04:00,2026-08-26,20:00,3279,Bugs Bunny Ranger Pilots,Kids' Rides,true,0
2026-08-27T00:00:00Z,2026-08-26T20:00:00-04:00,2026-08-26,20:00,3240,Daffy Duck Hot Air Balloons,Kids' Rides,true,0
2026-08-27T00:00:00Z,2026-08-26T20:00:00-04:00,2026-08-26,20:00,10077,Lil' Devil Coaster,Kids' Rides,true,0
2026-08-27T00:00:00Z,2026-08-26T20:00:00-04:00,2026-08-26,20:00,15617,Porky Pig Camp Wagons,Kids' Rides,true,0
2026-08-27T00:00:00Z,2026-08-26T20:00:00-04:00,2026-08-26,20:00,3257,Raja’s Rickshaws,Kids' Rides,true,0
2026-08-27T00:00:00Z,2026-08-26T20:00:00-04:00,2026-08-26,20:00,3274,Safari Off-Road Adventure,Kids' Rides,false,0
2026-08-27T00:00:00Z,2026-08-26T20:00:00-04:00,2026-08-26,20:00,3283,Saw Mill Log Flume,Kids' Rides,true,5
2026-08-27T00:00:00Z,2026-08-26T20:00:00-04:00,2026-08-26,20:00,3281,Sky Zooma,Kids' Rides,true,0
2026-08-27T00:00:00Z,2026-08-26T20:00:00-04:00,2026-08-26,20:00,15789,Storm Chaser,Kids' Rides,true,0
2026-08-27T00:00:00Z,2026-08-26T20:00:00-04:00,2026-08-26,20:00,3267,Super Round Up,Kids' Rides,true,0
2026-08-27T00:00:00Z,2026-08-26T20:00:00-04:00,2026-08-26,20:00,15594,Tree Top Hopper,Kids' Rides,true,0
2026-08-27T00:00:00Z,2026-08-26T20:00:00-04:00,2026-08-26,20:00,3233,BATMAN™ The Ride,Thrill Rides,true,0
2026-08-27T00:00:00Z,2026-08-26T20:00:00-04:00,2026-08-26,20:00,3243,El Toro,Thrill Rides,true,45
2026-08-27T00:00:00Z,2026-08-26T20:00:00-04:00,2026-08-26,20:00,8539,Jersey Devil Coaster,Thrill Rides,true,30
2026-08-27T00:00:00Z,2026-08-26T20:00:00-04:00,2026-08-26,20:00,3916,JUSTICE LEAGUE™: Battle for METROPOLIS,Thrill Rides,true,0
2026-08-27T00:00:00Z,2026-08-26T20:00:00-04:00,2026-08-26,20:00,10533,Medusa,Thrill Rides,true,25
2026-08-27T00:00:00Z,2026-08-26T20:00:00-04:00,2026-08-26,20:00,3253,Nitro,Thrill Rides,true,30
2026-08-27T00:00:00Z,2026-08-26T20:00:00-04:00,2026-08-26,20:00,3261,Runaway Train,Thrill Rides,false,0
2026-08-27T00:00:00Z,2026-08-26T20:00:00-04:00,2026-08-26,20:00,3262,Skull Mountain,Thrill Rides,true,20
2026-08-27T00:00:00Z,2026-08-26T20:00:00-04:00,2026-08-26,20:00,3263,SkyScreamer,Thrill Rides,true,15
2026-08-27T00:00:00Z,2026-08-26T20:00:00-04:00,2026-08-26,20:00,3282,Slingshot,Thrill Rides,false,0
2026-08-27T00:00:00Z,2026-08-26T20:00:00-04:00,2026-08-26,20:00,3266,SUPERMAN™: Ultimate Flight,Thrill Rides,true,90
2026-08-27T00:00:00Z,2026-08-26T20:00:00-04:00,2026-08-26,20:00,3271,THE DARK KNIGHT™ Coaster,Thrill Rides,false,0
2026-08-27T00:00:00Z,2026-08-26T20:00:00-04:00,2026-08-26,20:00,14537,THE FLASH™: Vertical Velocity,Thrill Rides,true,60
2026-08-27T00:00:00Z,2026-08-26T20:00:00-04:00,2026-08-26,20:00,3288,THE JOKER™,Thrill Rides,true,30
2026-08-27T00:00:00Z,2026-08-26T20:00:00-04:00,2026-08-26,20:00,3273,Wile E. Coyote Canyon Blaster,Thrill Rides,true,0
2026-08-27T00:00:00Z,2026-08-26T20:00:00-04:00,2026-08-26,20:00,6371,WONDER WOMAN™ Lasso of Truth,Thrill Rides,false,0
2026-08-27T00:05:00Z,2026-08-26T20:05:00-04:00,2026-08-26,20:05,3231,Air Jumbo,Family Rides,true,0
2026-08-27T00:05:00Z,2026-08-26T20:05:00-04:00,2026-08-26,20:05,17425,Barrels O’ Fun,Family Rides,true,45
2026-08-27T00:05:00Z,2026-08-26T20:05:00-04:00,2026-08-26,20:05,3270,Buccaneer,Family Rides,true,10
2026-08-27T00:05:00Z,2026-08-26T20:05:00-04:00,2026-08-26,20:05,3237,Carousel,Family Rides,true,0
2026-08-27T00:05:00Z,2026-08-26T20:05:00-04:00,2026-08-26,20:05,3244,Enchanted Teacups,Family Rides,true,0
2026-08-27T00:05:00Z,2026-08-26T20:05:00-04:00,2026-08-26,20:05,3245,Fender Benders,Family Rides,true,0
2026-08-27T00:05:00Z,2026-08-26T20:05:00-04:00,2026-08-26,20:05,17426,Flying Scooters,Family Rides,true,0
2026-08-27T00:05:00Z,2026-08-26T20:05:00-04:00,2026-08-26,20:05,15604,Giant Wheel,Family Rides,true,0
2026-08-27T00:05:00Z,2026-08-26T20:05:00-04:00,2026-08-26,20:05,3236,HARLEY QUINN™ Crazy Train,Family Rides,false,0
2026-08-27T00:05:00Z,2026-08-26T20:05:00-04:00,2026-08-26,20:05,3249,Houdini’s Great Escape,Family Rides,true,5
2026-08-27T00:05:00Z,2026-08-26T20:05:00-04:00,2026-08-26,20:05,17427,Hypno Twister,Family Rides,true,10
2026-08-27T00:05:00Z,2026-08-26T20:05:00-04:00,2026-08-26,20:05,3250,Jolly Roger,Family Rides,true,0
2026-08-27T00:05:00Z,2026-08-26T20:05:00-04:00,2026-08-26,20:05,15829,Roaring Rapids,Family Rides,true,5
2026-08-27T00:05:00Z,2026-08-26T20:05:00-04:00,2026-08-26,20:05,15727,Scrambler,Family Rides,true,0
2026-08-27T00:05:00Z,2026-08-26T20:05:00-04:00,2026-08-26,20:05,3268,Tango,Family Rides,true,0
2026-08-27T00:05:00Z,2026-08-26T20:05:00-04:00,2026-08-26,20:05,17428,Wave Swinger,Family Rides,true,0
2026-08-27T00:05:00Z,2026-08-26T20:05:00-04:00,2026-08-26,20:05,3232,Air Safari,Kids' Rides,true,0
2026-08-27T00:05:00Z,2026-08-26T20:05:00-04:00,2026-08-26,20:05,10461,Barnstormer,Kids' Rides,true,0
2026-08-27T00:05:00Z,2026-08-26T20:05:00-04:00,2026-08-26,20:05,3275,Bugaboo,Kids' Rides,true,0
2026-08-27T00:05:00Z,2026-08-26T20:05:00-04:00,2026-08-26,20:05,3277,Bugs Bunny Camp Carousel,Kids' Rides,true,0
2026-08-27T00:05:00Z,2026-08-26T20:05:00-04:00,2026-08-26,20:05,3279,Bugs Bunny Ranger Pilots,Kids' Rides,true,0
2026-08-27T00:05:00Z,2026-08-26T20:05:00-04:00,2026-08-26,20:05,3240,Daffy Duck Hot Air Balloons,Kids' Rides,true,0
2026-08-27T00:05:00Z,2026-08-26T20:05:00-04:00,2026-08-26,20:05,10077,Lil' Devil Coaster,Kids' Rides,true,0
2026-08-27T00:05:00Z,2026-08-26T20:05:00-04:00,2026-08-26,20:05,15617,Porky Pig Camp Wagons,Kids' Rides,true,0
2026-08-27T00:05:00Z,2026-08-26T20:05:00-04:00,2026-08-26,20:05,3257,Raja’s Rickshaws,Kids' Rides,true,0
2026-08-27T00:05:00Z,2026-08-26T20:05:00-04:00,2026-08-26,20:05,3274,Safari Off-Road Adventure,Kids' Rides,false,0
2026-08-27T00:05:00Z,2026-08-26T20:05:00-04:00,2026-08-26,20:05,3283,Saw Mill Log Flume,Kids' Rides,true,5
2026-08-27T00:05:00Z,2026-08-26T20:05:00-04:00,2026-08-26,20:05,3281,Sky Zooma,Kids' Rides,true,0
2026-08-27T00:05:00Z,2026-08-26T20:05:00-04:00,2026-08-26,20:05,15789,Storm Chaser,Kids' Rides,true,0
2026-08-27T00:05:00Z,2026-08-26T20:05:00-04:00,2026-08-26,20:05,3267,Super Round Up,Kids' Rides,true,0
2026-08-27T00:05:00Z,2026-08-26T20:05:00-04:00,2026-08-26,20:05,15594,Tree Top Hopper,Kids' Rides,true,0
2026-08-27T00:05:00Z,2026-08-26T20:05:00-04:00,2026-08-26,20:05,3233,BATMAN™ The Ride,Thrill Rides,true,0
2026-08-27T00:05:00Z,2026-08-26T20:05:00-04:00,2026-08-26,20:05,3243,El Toro,Thrill Rides,true,45
2026-08-27T00:05:00Z,2026-08-26T20:05:00-04:00,2026-08-26,20:05,8539,Jersey Devil Coaster,Thrill Rides,true,30
2026-08-27T00:05:00Z,2026-08-26T20:05:00-04:00,2026-08-26,20:05,3916,JUSTICE LEAGUE™: Battle for METROPOLIS,Thrill Rides,true,0
2026-08-27T00:05:00Z,2026-08-26T20:05:00-04:00,2026-08-26,20:05,10533,Medusa,Thrill Rides,true,25
2026-08-27T00:05:00Z,2026-08-26T20:05:00-04:00,2026-08-26,20:05,3253,Nitro,Thrill Rides,true,30
2026-08-27T00:05:00Z,2026-08-26T20:05:00-04:00,2026-08-26,20:05,3261,Runaway Train,Thrill Rides,false,0
2026-08-27T00:05:00Z,2026-08-26T20:05:00-04:00,2026-08-26,20:05,3262,Skull Mountain,Thrill Rides,true,20
2026-08-27T00:05:00Z,2026-08-26T20:05:00-04:00,2026-08-26,20:05,3263,SkyScreamer,Thrill Rides,true,15
2026-08-27T00:05:00Z,2026-08-26T20:05:00-04:00,2026-08-26,20:05,3282,Slingshot,Thrill Rides,false,0
2026-08-27T00:05:00Z,2026-08-26T20:05:00-04:00,2026-08-26,20:05,3266,SUPERMAN™: Ultimate Flight,Thrill Rides,true,90
2026-08-27T00:05:00Z,2026-08-26T20:05:00-04:00,2026-08-26,20:05,3271,THE DARK KNIGHT™ Coaster,Thrill Rides,false,0
2026-08-27T00:05:00Z,2026-08-26T20:05:00-04:00,2026-08-26,20:05,14537,THE FLASH™: Vertical Velocity,Thrill Rides,true,60
2026-08-27T00:05:00Z,2026-08-26T20:05:00-04:00,2026-08-26,20:05,3288,THE JOKER™,Thrill Rides,true,30
2026-08-27T00:05:00Z,2026-08-26T20:05:00-04:00,2026-08-26,20:05,3273,Wile E. Coyote Canyon Blaster,Thrill Rides,true,0
2026-08-27T00:05:00Z,2026-08-26T20:05:00-04:00,2026-08-26,20:05,6371,WONDER WOMAN™ Lasso of Truth,Thrill Rides,false,0
2026-08-27T00:10:00Z,2026-08-26T20:10:00-04:00,2026-08-26,20:10,3231,Air Jumbo,Family Rides,true,0
2026-08-27T00:10:00Z,2026-08-26T20:10:00-04:00,2026-08-26,20:10,17425,Barrels O’ Fun,Family Rides,true,45
2026-08-27T00:10:00Z,2026-08-26T20:10:00-04:00,2026-08-26,20:10,3270,Buccaneer,Family Rides,true,10
2026-08-27T00:10:00Z,2026-08-26T20:10:00-04:00,2026-08-26,20:10,3237,Carousel,Family Rides,true,0
2026-08-27T00:10:00Z,2026-08-26T20:10:00-04:00,2026-08-26,20:10,3244,Enchanted Teacups,Family Rides,true,0
2026-08-27T00:10:00Z,2026-08-26T20:10:00-04:00,2026-08-26,20:10,3245,Fender Benders,Family Rides,true,0
2026-08-27T00:10:00Z,2026-08-26T20:10:00-04:00,2026-08-26,20:10,17426,Flying Scooters,Family Rides,true,0
2026-08-27T00:10:00Z,2026-08-26T20:10:00-04:00,2026-08-26,20:10,15604,Giant Wheel,Family Rides,true,0
2026-08-27T00:10:00Z,2026-08-26T20:10:00-04:00,2026-08-26,20:10,3236,HARLEY QUINN™ Crazy Train,Family Rides,false,0
2026-08-27T00:10:00Z,2026-08-26T20:10:00-04:00,2026-08-26,20:10,3249,Houdini’s Great Escape,Family Rides,true,5
2026-08-27T00:10:00Z,2026-08-26T20:10:00-04:00,2026-08-26,20:10,17427,Hypno Twister,Family Rides,true,10
2026-08-27T00:10:00Z,2026-08-26T20:10:00-04:00,2026-08-26,20:10,3250,Jolly Roger,Family Rides,true,0
2026-08-27T00:10:00Z,2026-08-26T20:10:00-04:00,2026-08-26,20:10,15829,Roaring Rapids,Family Rides,true,5
2026-08-27T00:10:00Z,2026-08-26T20:10:00-04:00,2026-08-26,20:10,15727,Scrambler,Family Rides,true,0
2026-08-27T00:10:00Z,2026-08-26T20:10:00-04:00,2026-08-26,20:10,3268,Tango,Family Rides,true,0
2026-08-27T00:10:00Z,2026-08-26T20:10:00-04:00,2026-08-26,20:10,17428,Wave Swinger,Family Rides,true,0
2026-08-27T00:10:00Z,2026-08-26T20:10:00-04:00,2026-08-26,20:10,3232,Air Safari,Kids' Rides,true,0
2026-08-27T00:10:00Z,2026-08-26T20:10:00-04:00,2026-08-26,20:10,10461,Barnstormer,Kids' Rides,true,0
2026-08-27T00:10:00Z,2026-08-26T20:10:00-04:00,2026-08-26,20:10,3275,Bugaboo,Kids' Rides,true,0
2026-08-27T00:10:00Z,2026-08-26T20:10:00-04:00,2026-08-26,20:10,3277,Bugs Bunny Camp Carousel,Kids' Rides,true,0
2026-08-27T00:10:00Z,2026-08-26T20:10:00-04:00,2026-08-26,20:10,3279,Bugs Bunny Ranger Pilots,Kids' Rides,true,0
2026-08-27T00:10:00Z,2026-08-26T20:10:00-04:00,2026-08-26,20:10,3240,Daffy Duck Hot Air Balloons,Kids' Rides,true,0
2026-08-27T00:10:00Z,2026-08-26T20:10:00-04:00,2026-08-26,20:10,10077,Lil' Devil Coaster,Kids' Rides,true,0
2026-08-27T00:10:00Z,2026-08-26T20:10:00-04:00,2026-08-26,20:10,15617,Porky Pig Camp Wagons,Kids' Rides,true,0
2026-08-27T00:10:00Z,2026-08-26T20:10:00-04:00,2026-08-26,20:10,3257,Raja’s Rickshaws,Kids' Rides,true,0
2026-08-27T00:10:00Z,2026-08-26T20:10:00-04:00,2026-08-26,20:10,3274,Safari Off-Road Adventure,Kids' Rides,false,0
2026-08-27T00:10:00Z,2026-08-26T20:10:00-04:00,2026-08-26,20:10,3283,Saw Mill Log Flume,Kids' Rides,true,5
2026-08-27T00:10:00Z,2026-08-26T20:10:00-04:00,2026-08-26,20:10,3281,Sky Zooma,Kids' Rides,true,0
2026-08-27T00:10:00Z,2026-08-26T20:10:00-04:00,2026-08-26,20:10,15789,Storm Chaser,Kids' Rides,true,0
2026-08-27T00:10:00Z,2026-08-26T20:10:00-04:00,2026-08-26,20:10,3267,Super Round Up,Kids' Rides,true,0
2026-08-27T00:10:00Z,2026-08-26T20:10:00-04:00,2026-08-26,20:10,15594,Tree Top Hopper,Kids' Rides,true,0
2026-08-27T00:10:00Z,2026-08-26T20:10:00-04:00,2026-08-26,20:10,3233,BATMAN™ The Ride,Thrill Rides,true,0
2026-08-27T00:10:00Z,2026-08-26T20:10:00-04:00,2026-08-26,20:10,3243,El Toro,Thrill Rides,true,45
2026-08-27T00:10:00Z,2026-08-26T20:10:00-04:00,2026-08-26,20:10,8539,Jersey Devil Coaster,Thrill Rides,true,30
2026-08-27T00:10:00Z,2026-08-26T20:10:00-04:00,2026-08-26,20:10,3916,JUSTICE LEAGUE™: Battle for METROPOLIS,Thrill Rides,true,0
2026-08-27T00:10:00Z,2026-08-26T20:10:00-04:00,2026-08-26,20:10,10533,Medusa,Thrill Rides,true,25
2026-08-27T00:10:00Z,2026-08-26T20:10:00-04:00,2026-08-26,20:10,3253,Nitro,Thrill Rides,true,30
2026-08-27T00:10:00Z,2026-08-26T20:10:00-04:00,2026-08-26,20:10,3261,Runaway Train,Thrill Rides,false,0
2026-08-27T00:10:00Z,2026-08-26T20:10:00-04:00,2026-08-26,20:10,3262,Skull Mountain,Thrill Rides,true,20
2026-08-27T00:10:00Z,2026-08-26T20:10:00-04:00,2026-08-26,20:10,3263,SkyScreamer,Thrill Rides,true,15
2026-08-27T00:10:00Z,2026-08-26T20:10:00-04:00,2026-08-26,20:10,3282,Slingshot,Thrill Rides,false,0
2026-08-27T00:10:00Z,2026-08-26T20:10:00-04:00,2026-08-26,20:10,3266,SUPERMAN™: Ultimate Flight,Thrill Rides,true,90
2026-08-27T00:10:00Z,2026-08-26T20:10:00-04:00,2026-08-26,20:10,3271,THE DARK KNIGHT™ Coaster,Thrill Rides,true,0
2026-08-27T00:10:00Z,2026-08-26T20:10:00-04:00,2026-08-26,20:10,14537,THE FLASH™: Vertical Velocity,Thrill Rides,true,60
2026-08-27T00:10:00Z,2026-08-26T20:10:00-04:00,2026-08-26,20:10,3288,THE JOKER™,Thrill Rides,true,30
2026-08-27T00:10:00Z,2026-08-26T20:10:00-04:00,2026-08-26,20:10,3273,Wile E. Coyote Canyon Blaster,Thrill Rides,true,0
2026-08-27T00:10:00Z,2026-08-26T20:10:00-04:00,2026-08-26,20:10,6371,WONDER WOMAN™ Lasso of Truth,Thrill Rides,false,0
2026-08-27T00:15:00Z,2026-08-26T20:15:00-04:00,2026-08-26,20:15,3231,Air Jumbo,Family Rides,false,0
2026-08-27T00:15:00Z,2026-08-26T20:15:00-04:00,2026-08-26,20:15,17425,Barrels O’ Fun,Family Rides,false,0
2026-08-27T00:15:00Z,2026-08-26T20:15:00-04:00,2026-08-26,20:15,3270,Buccaneer,Family Rides,false,0
2026-08-27T00:15:00Z,2026-08-26T20:15:00-04:00,2026-08-26,20:15,3237,Carousel,Family Rides,false,0
2026-08-27T00:15:00Z,2026-08-26T20:15:00-04:00,2026-08-26,20:15,3244,Enchanted Teacups,Family Rides,false,0
2026-08-27T00:15:00Z,2026-08-26T20:15:00-04:00,2026-08-26,20:15,3245,Fender Benders,Family Rides,false,0
2026-08-27T00:15:00Z,2026-08-26T20:15:00-04:00,2026-08-26,20:15,17426,Flying Scooters,Family Rides,false,0
2026-08-27T00:15:00Z,2026-08-26T20:15:00-04:00,2026-08-26,20:15,15604,Giant Wheel,Family Rides,false,0
2026-08-27T00:15:00Z,2026-08-26T20:15:00-04:00,2026-08-26,20:15,3236,HARLEY QUINN™ Crazy Train,Family Rides,false,0
2026-08-27T00:15:00Z,2026-08-26T20:15:00-04:00,2026-08-26,20:15,3249,Houdini’s Great Escape,Family Rides,false,0
2026-08-27T00:15:00Z,2026-08-26T20:15:00-04:00,2026-08-26,20:15,17427,Hypno Twister,Family Rides,false,0
2026-08-27T00:15:00Z,2026-08-26T20:15:00-04:00,2026-08-26,20:15,3250,Jolly Roger,Family Rides,false,0
2026-08-27T00:15:00Z,2026-08-26T20:15:00-04:00,2026-08-26,20:15,15829,Roaring Rapids,Family Rides,false,0
2026-08-27T00:15:00Z,2026-08-26T20:15:00-04:00,2026-08-26,20:15,15727,Scrambler,Family Rides,false,0
2026-08-27T00:15:00Z,2026-08-26T20:15:00-04:00,2026-08-26,20:15,3268,Tango,Family Rides,false,0
2026-08-27T00:15:00Z,2026-08-26T20:15:00-04:00,2026-08-26,20:15,17428,Wave Swinger,Family Rides,false,0
2026-08-27T00:15:00Z,2026-08-26T20:15:00-04:00,2026-08-26,20:15,3232,Air Safari,Kids' Rides,false,0
2026-08-27T00:15:00Z,2026-08-26T20:15:00-04:00,2026-08-26,20:15,10461,Barnstormer,Kids' Rides,false,0
2026-08-27T00:15:00Z,2026-08-26T20:15:00-04:00,2026-08-26,20:15,3275,Bugaboo,Kids' Rides,false,0
2026-08-27T00:15:00Z,2026-08-26T20:15:00-04:00,2026-08-26,20:15,3277,Bugs Bunny Camp Carousel,Kids' Rides,false,0
2026-08-27T00:15:00Z,2026-08-26T20:15:00-04:00,2026-08-26,20:15,3279,Bugs Bunny Ranger Pilots,Kids' Rides,false,0
2026-08-27T00:15:00Z,2026-08-26T20:15:00-04:00,2026-08-26,20:15,3240,Daffy Duck Hot Air Balloons,Kids' Rides,false,0
2026-08-27T00:15:00Z,2026-08-26T20:15:00-04:00,2026-08-26,20:15,10077,Lil' Devil Coaster,Kids' Rides,false,0
2026-08-27T00:15:00Z,2026-08-26T20:15:00-04:00,2026-08-26,20:15,15617,Porky Pig Camp Wagons,Kids' Rides,false,0
2026-08-27T00:15:00Z,2026-08-26T20:15:00-04:00,2026-08-26,20:15,3257,Raja’s Rickshaws,Kids' Rides,false,0
2026-08-27T00:15:00Z,2026-08-26T20:15:00-04:00,2026-08-26,20:15,3274,Safari Off-Road Adventure,Kids' Rides,false,0
2026-08-27T00:15:00Z,2026-08-26T20:15:00-04:00,2026-08-26,20:15,3283,Saw Mill Log Flume,Kids' Rides,false,0
2026-08-27T00:15:00Z,2026-08-26T20:15:00-04:00,2026-08-26,20:15,3281,Sky Zooma,Kids' Rides,false,0
2026-08-27T00:15:00Z,2026-08-26T20:15:00-04:00,2026-08-26,20:15,15789,Storm Chaser,Kids' Rides,false,0
2026-08-27T00:15:00Z,2026-08-26T20:15:00-04:00,2026-08-26,20:15,3267,Super Round Up,Kids' Rides,false,0
2026-08-27T00:15:00Z,2026-08-26T20:15:00-04:00,2026-08-26,20:15,15594,Tree Top Hopper,Kids' Rides,false,0
2026-08-27T00:15:00Z,2026-08-26T20:15:00-04:00,2026-08-26,20:15,3233,BATMAN™ The Ride,Thrill Rides,false,0
2026-08-27T00:15:00Z,2026-08-26T20:15:00-04:00,2026-08-26,20:15,3243,El Toro,Thrill Rides,false,0
2026-08-27T00:15:00Z,2026-08-26T20:15:00-04:00,2026-08-26,20:15,8539,Jersey Devil Coaster,Thrill Rides,false,0
2026-08-27T00:15:00Z,2026-08-26T20:15:00-04:00,2026-08-26,20:15,3916,JUSTICE LEAGUE™: Battle for METROPOLIS,Thrill Rides,false,0
2026-08-27T00:15:00Z,2026-08-26T20:15:00-04:00,2026-08-26,20:15,10533,Medusa,Thrill Rides,false,0
2026-08-27T00:15:00Z,2026-08-26T20:15:00-04:00,2026-08-26,20:15,3253,Nitro,Thrill Rides,false,0
2026-08-27T00:15:00Z,2026-08-26T20:15:00-04:00,2026-08-26,20:15,3261,Runaway Train,Thrill Rides,false,0
2026-08-27T00:15:00Z,2026-08-26T20:15:00-04:00,2026-08-26,20:15,3262,Skull Mountain,Thrill Rides,false,0
2026-08-27T00:15:00Z,2026-08-26T20:15:00-04:00,2026-08-26,20:15,3263,SkyScreamer,Thrill Rides,false,0
2026-08-27T00:15:00Z,2026-08-26T20:15:00-04:00,2026-08-26,20:15,3282,Slingshot,Thrill Rides,false,0
2026-08-27T00:15:00Z,2026-08-26T20:15:00-04:00,2026-08-26,20:15,3266,SUPERMAN™: Ultimate Flight,Thrill Rides,false,0
2026-08-27T00:15:00Z,2026-08-26T20:15:00-04:00,2026-08-26,20:15,3271,THE DARK KNIGHT™ Coaster,Thrill Rides,false,0
2026-08-27T00:15:00Z,2026-08-26T20:15:00-04:00,2026-08-26,20:15,14537,THE FLASH™: Vertical Velocity,Thrill Rides,false,0
2026-08-27T00:15:00Z,2026-08-26T20:15:00-04:00,2026-08-26,20:15,3288,THE JOKER™,Thrill Rides,false,0
2026-08-27T00:15:00Z,2026-08-26T20:15:00-04:00,2026-08-26,20:15,3273,Wile E. Coyote Canyon Blaster,Thrill Rides,false,0
2026-08-27T00:15:00Z,2026-08-26T20:15:00-04:00,2026-08-26,20:15,6371,WONDER WOMAN™ Lasso of Truth,Thrill Rides,false,0
2026-08-27T00:20:00Z,2026-08-26T20:20:00-04:00,2026-08-26,20:20,3231,Air Jumbo,Family Rides,false,0
2026-08-27T00:20:00Z,2026-08-26T20:20:00-04:00,2026-08-26,20:20,17425,Barrels O’ Fun,Family Rides,false,0
2026-08-27T00:20:00Z,2026-08-26T20:20:00-04:00,2026-08-26,20:20,3270,Buccaneer,Family Rides,false,0
2026-08-27T00:20:00Z,2026-08-26T20:20:00-04:00,2026-08-26,20:20,3237,Carousel,Family Rides,false,0
2026-08-27T00:20:00Z,2026-08-26T20:20:00-04:00,2026-08-26,20:20,3244,Enchanted Teacups,Family Rides,false,0
2026-08-27T00:20:00Z,2026-08-26T20:20:00-04:00,2026-08-26,20:20,3245,Fender Benders,Family Rides,false,0
2026-08-27T00:20:00Z,2026-08-26T20:20:00-04:00,2026-08-26,20:20,17426,Flying Scooters,Family Rides,false,0
2026-08-27T00:20:00Z,2026-08-26T20:20:00-04:00,2026-08-26,20:20,15604,Giant Wheel,Family Rides,false,0
2026-08-27T00:20:00Z,2026-08-26T20:20:00-04:00,2026-08-26,20:20,3236,HARLEY QUINN™ Crazy Train,Family Rides,false,0
2026-08-27T00:20:00Z,2026-08-26T20:20:00-04:00,2026-08-26,20:20,3249,Houdini’s Great Escape,Family Rides,false,0
2026-08-27T00:20:00Z,2026-08-26T20:20:00-04:00,2026-08-26,20:20,17427,Hypno Twister,Family Rides,false,0
2026-08-27T00:20:00Z,2026-08-26T20:20:00-04:00,2026-08-26,20:20,3250,Jolly Roger,Family Rides,false,0
2026-08-27T00:20:00Z,2026-08-26T20:20:00-04:00,2026-08-26,20:20,15829,Roaring Rapids,Family Rides,false,0
2026-08-27T00:20:00Z,2026-08-26T20:20:00-04:00,2026-08-26,20:20,15727,Scrambler,Family Rides,false,0
2026-08-27T00:20:00Z,2026-08-26T20:20:00-04:00,2026-08-26,20:20,3268,Tango,Family Rides,false,0
2026-08-27T00:20:00Z,2026-08-26T20:20:00-04:00,2026-08-26,20:20,17428,Wave Swinger,Family Rides,false,0
2026-08-27T00:20:00Z,2026-08-26T20:20:00-04:00,2026-08-26,20:20,3232,Air Safari,Kids' Rides,false,0
2026-08-27T00:20:00Z,2026-08-26T20:20:00-04:00,2026-08-26,20:20,10461,Barnstormer,Kids' Rides,false,0
2026-08-27T00:20:00Z,2026-08-26T20:20:00-04:00,2026-08-26,20:20,3275,Bugaboo,Kids' Rides,false,0
2026-08-27T00:20:00Z,2026-08-26T20:20:00-04:00,2026-08-26,20:20,3277,Bugs Bunny Camp Carousel,Kids' Rides,false,0
2026-08-27T00:20:00Z,2026-08-26T20:20:00-04:00,2026-08-26,20:20,3279,Bugs Bunny Ranger Pilots,Kids' Rides,false,0
2026-08-27T00:20:00Z,2026-08-26T20:20:00-04:00,2026-08-26,20:20,3240,Daffy Duck Hot Air Balloons,Kids' Rides,false,0
2026-08-27T00:20:00Z,2026-08-26T20:20:00-04:00,2026-08-26,20:20,10077,Lil' Devil Coaster,Kids' Rides,false,0
2026-08-27T00:20:00Z,2026-08-26T20:20:00-04:00,2026-08-26,20:20,15617,Porky Pig Camp Wagons,Kids' Rides,false,0
2026-08-27T00:20:00Z,2026-08-26T20:20:00-04:00,2026-08-26,20:20,3257,Raja’s Rickshaws,Kids' Rides,false,0
2026-08-27T00:20:00Z,2026-08-26T20:20:00-04:00,2026-08-26,20:20,3274,Safari Off-Road Adventure,Kids' Rides,false,0
2026-08-27T00:20:00Z,2026-08-26T20:20:00-04:00,2026-08-26,20:20,3283,Saw Mill Log Flume,Kids' Rides,false,0
2026-08-27T00:20:00Z,2026-08-26T20:20:00-04:00,2026-08-26,20:20,3281,Sky Zooma,Kids' Rides,false,0
2026-08-27T00:20:00Z,2026-08-26T20:20:00-04:00,2026-08-26,20:20,15789,Storm Chaser,Kids' Rides,false,0
2026-08-27T00:20:00Z,2026-08-26T20:20:00-04:00,2026-08-26,20:20,3267,Super Round Up,Kids' Rides,false,0
2026-08-27T00:20:00Z,2026-08-26T20:20:00-04:00,2026-08-26,20:20,15594,Tree Top Hopper,Kids' Rides,false,0
2026-08-27T00:20:00Z,2026-08-26T20:20:00-04:00,2026-08-26,20:20,3233,BATMAN™ The Ride,Thrill Rides,false,0
2026-08-27T00:20:00Z,2026-08-26T20:20:00-04:00,2026-08-26,20:20,3243,El Toro,Thrill Rides,false,0
2026-08-27T00:20:00Z,2026-08-26T20:20:00-04:00,2026-08-26,20:20,8539,Jersey Devil Coaster,Thrill Rides,false,0
2026-08-27T00:20:00Z,2026-08-26T20:20:00-04:00,2026-08-26,20:20,3916,JUSTICE LEAGUE™: Battle for METROPOLIS,Thrill Rides,false,0
2026-08-27T00:20:00Z,2026-08-26T20:20:00-04:00,2026-08-26,20:20,10533,Medusa,Thrill Rides,false,0
2026-08-27T00:20:00Z,2026-08-26T20:20:00-04:00,2026-08-26,20:20,3253,Nitro,Thrill Rides,false,0
2026-08-27T00:20:00Z,2026-08-26T20:20:00-04:00,2026-08-26,20:20,3261,Runaway Train,Thrill Rides,false,0
2026-08-27T00:20:00Z,2026-08-26T20:20:00-04:00,2026-08-26,20:20,3262,Skull Mountain,Thrill Rides,false,0
2026-08-27T00:20:00Z,2026-08-26T20:20:00-04:00,2026-08-26,20:20,3263,SkyScreamer,Thrill Rides,false,0
2026-08-27T00:20:00Z,2026-08-26T20:20:00-04:00,2026-08-26,20:20,3282,Slingshot,Thrill Rides,false,0
2026-08-27T00:20:00Z,2026-08-26T20:20:00-04:00,2026-08-26,20:20,3266,SUPERMAN™: Ultimate Flight,Thrill Rides,false,0
2026-08-27T00:20:00Z,2026-08-26T20:20:00-04:00,2026-08-26,20:20,3271,THE DARK KNIGHT™ Coaster,Thrill Rides,false,0
2026-08-27T00:20:00Z,2026-08-26T20:20:00-04:00,2026-08-26,20:20,14537,THE FLASH™: Vertical Velocity,Thrill Rides,false,0
2026-08-27T00:20:00Z,2026-08-26T20:20:00-04:00,2026-08-26,20:20,3288,THE JOKER™,Thrill Rides,false,0
2026-08-27T00:20:00Z,2026-08-26T20:20:00-04:00,2026-08-26,20:20,3273,Wile E. Coyote Canyon Blaster,Thrill Rides,false,0
2026-08-27T00:20:00Z,2026-08-26T20:20:00-04:00,2026-08-26,20:20,6371,WONDER WOMAN™ Lasso of Truth,Thrill Rides,false,0
2026-08-27T00:25:00Z,2026-08-26T20:25:00-04:00,2026-08-26,20:25,3231,Air Jumbo,Family Rides,false,0
2026-08-27T00:25:00Z,2026-08-26T20:25:00-04:00,2026-08-26,20:25,17425,Barrels O’ Fun,Family Rides,false,0
2026-08-27T00:25:00Z,2026-08-26T20:25:00-04:00,2026-08-26,20:25,3270,Buccaneer,Family Rides,false,0
2026-08-27T00:25:00Z,2026-08-26T20:25:00-04:00,2026-08-26,20:25,3237,Carousel,Family Rides,false,0
2026-08-27T00:25:00Z,2026-08-26T20:25:00-04:00,2026-08-26,20:25,3244,Enchanted Teacups,Family Rides,false,0
2026-08-27T00:25:00Z,2026-08-26T20:25:00-04:00,2026-08-26,20:25,3245,Fender Benders,Family Rides,false,0
2026-08-27T00:25:00Z,2026-08-26T20:25:00-04:00,2026-08-26,20:25,17426,Flying Scooters,Family Rides,false,0
2026-08-27T00:25:00Z,2026-08-26T20:25:00-04:00,2026-08-26,20:25,15604,Giant Wheel,Family Rides,false,0
2026-08-27T00:25:00Z,2026-08-26T20:25:00-04:00,2026-08-26,20:25,3236,HARLEY QUINN™ Crazy Train,Family Rides,false,0
2026-08-27T00:25:00Z,2026-08-26T20:25:00-04:00,2026-08-26,20:25,3249,Houdini’s Great Escape,Family Rides,false,0
2026-08-27T00:25:00Z,2026-08-26T20:25:00-04:00,2026-08-26,20:25,17427,Hypno Twister,Family Rides,false,0
2026-08-27T00:25:00Z,2026-08-26T20:25:00-04:00,2026-08-26,20:25,3250,Jolly Roger,Family Rides,false,0
2026-08-27T00:25:00Z,2026-08-26T20:25:00-04:00,2026-08-26,20:25,15829,Roaring Rapids,Family Rides,false,0
2026-08-27T00:25:00Z,2026-08-26T20:25:00-04:00,2026-08-26,20:25,15727,Scrambler,Family Rides,false,0
2026-08-27T00:25:00Z,2026-08-26T20:25:00-04:00,2026-08-26,20:25,3268,Tango,Family Rides,false,0
2026-08-27T00:25:00Z,2026-08-26T20:25:00-04:00,2026-08-26,20:25,17428,Wave Swinger,Family Rides,false,0
2026-08-27T00:25:00Z,2026-08-26T20:25:00-04:00,2026-08-26,20:25,3232,Air Safari,Kids' Rides,false,0
2026-08-27T00:25:00Z,2026-08-26T20:25:00-04:00,2026-08-26,20:25,10461,Barnstormer,Kids' Rides,false,0
2026-08-27T00:25:00Z,2026-08-26T20:25:00-04:00,2026-08-26,20:25,3275,Bugaboo,Kids' Rides,false,0
2026-08-27T00:25:00Z,2026-08-26T20:25:00-04:00,2026-08-26,20:25,3277,Bugs Bunny Camp Carousel,Kids' Rides,false,0
2026-08-27T00:25:00Z,2026-08-26T20:25:00-04:00,2026-08-26,20:25,3279,Bugs Bunny Ranger Pilots,Kids' Rides,false,0
2026-08-27T00:25:00Z,2026-08-26T20:25:00-04:00,2026-08-26,20:25,3240,Daffy Duck Hot Air Balloons,Kids' Rides,false,0
2026-08-27T00:25:00Z,2026-08-26T20:25:00-04:00,2026-08-26,20:25,10077,Lil' Devil Coaster,Kids' Rides,false,0
2026-08-27T00:25:00Z,2026-08-26T20:25:00-04:00,2026-08-26,20:25,15617,Porky Pig Camp Wagons,Kids' Rides,false,0
2026-08-27T00:25:00Z,2026-08-26T20:25:00-04:00,2026-08-26,20:25,3257,Raja’s Rickshaws,Kids' Rides,false,0
2026-08-27T00:25:00Z,2026-08-26T20:25:00-04:00,2026-08-26,20:25,3274,Safari Off-Road Adventure,Kids' Rides,false,0
2026-08-27T00:25:00Z,2026-08-26T20:25:00-04:00,2026-08-26,20:25,3283,Saw Mill Log Flume,Kids' Rides,false,0
2026-08-27T00:25:00Z,2026-08-26T20:25:00-04:00,2026-08-26,20:25,3281,Sky Zooma,Kids' Rides,false,0
2026-08-27T00:25:00Z,2026-08-26T20:25:00-04:00,2026-08-26,20:25,15789,Storm Chaser,Kids' Rides,false,0
2026-08-27T00:25:00Z,2026-08-26T20:25:00-04:00,2026-08-26,20:25,3267,Super Round Up,Kids' Rides,false,0
2026-08-27T00:25:00Z,2026-08-26T20:25:00-04:00,2026-08-26,20:25,15594,Tree Top Hopper,Kids' Rides,false,0
2026-08-27T00:25:00Z,2026-08-26T20:25:00-04:00,2026-08-26,20:25,3233,BATMAN™ The Ride,Thrill Rides,false,0
2026-08-27T00:25:00Z,2026-08-26T20:25:00-04:00,2026-08-26,20:25,3243,El Toro,Thrill Rides,false,0
2026-08-27T00:25:00Z,2026-08-26T20:25:00-04:00,2026-08-26,20:25,8539,Jersey Devil Coaster,Thrill Rides,false,0
2026-08-27T00:25:00Z,2026-08-26T20:25:00-04:00,2026-08-26,20:25,3916,JUSTICE LEAGUE™: Battle for METROPOLIS,Thrill Rides,false,0
2026-08-27T00:25:00Z,2026-08-26T20:25:00-04:00,2026-08-26,20:25,10533,Medusa,Thrill Rides,false,0
2026-08-27T00:25:00Z,2026-08-26T20:25:00-04:00,2026-08-26,20:25,3253,Nitro,Thrill Rides,false,0
2026-08-27T00:25:00Z,2026-08-26T20:25:00-04:00,2026-08-26,20:25,3261,Runaway Train,Thrill Rides,false,0
2026-08-27T00:25:00Z,2026-08-26T20:25:00-04:00,2026-08-26,20:25,3262,Skull Mountain,Thrill Rides,false,0
2026-08-27T00:25:00Z,2026-08-26T20:25:00-04:00,2026-08-26,20:25,3263,SkyScreamer,Thrill Rides,false,0
2026-08-27T00:25:00Z,2026-08-26T20:25:00-04:00,2026-08-26,20:25,3282,Slingshot,Thrill Rides,false,0
2026-08-27T00:25:00Z,2026-08-26T20:25:00-04:00,2026-08-26,20:25,3266,SUPERMAN™: Ultimate Flight,Thrill Rides,false,0
2026-08-27T00:25:00Z,2026-08-26T20:25:00-04:00,2026-08-26,20:25,3271,THE DARK KNIGHT™ Coaster,Thrill Rides,false,0
2026-08-27T00:25:00Z,2026-08-26T20:25:00-04:00,2026-08-26,20:25,14537,THE FLASH™: Vertical Velocity,Thrill Rides,false,0
2026-08-27T00:25:00Z,2026-08-26T20:25:00-04:00,2026-08-26,20:25,3288,THE JOKER™,Thrill Rides,false,0
2026-08-27T00:25:00Z,2026-08-26T20:25:00-04:00,2026-08-26,20:25,3273,Wile E. Coyote Canyon Blaster,Thrill Rides,false,0
2026-08-27T00:25:00Z,2026-08-26T20:25:00-04:00,2026-08-26,20:25,6371,WONDER WOMAN™ Lasso of Truth,Thrill Rides,false,0
2026-08-27T00:30:00Z,2026-08-26T20:30:00-04:00,2026-08-26,20:30,3231,Air Jumbo,Family Rides,false,0
2026-08-27T00:30:00Z,2026-08-26T20:30:00-04:00,2026-08-26,20:30,17425,Barrels O’ Fun,Family Rides,false,0
2026-08-27T00:30:00Z,2026-08-26T20:30:00-04:00,2026-08-26,20:30,3270,Buccaneer,Family Rides,false,0
2026-08-27T00:30:00Z,2026-08-26T20:30:00-04:00,2026-08-26,20:30,3237,Carousel,Family Rides,false,0
2026-08-27T00:30:00Z,2026-08-26T20:30:00-04:00,2026-08-26,20:30,3244,Enchanted Teacups,Family Rides,false,0
2026-08-27T00:30:00Z,2026-08-26T20:30:00-04:00,2026-08-26,20:30,3245,Fender Benders,Family Rides,false,0
2026-08-27T00:30:00Z,2026-08-26T20:30:00-04:00,2026-08-26,20:30,17426,Flying Scooters,Family Rides,false,0
2026-08-27T00:30:00Z,2026-08-26T20:30:00-04:00,2026-08-26,20:30,15604,Giant Wheel,Family Rides,false,0
2026-08-27T00:30:00Z,2026-08-26T20:30:00-04:00,2026-08-26,20:30,3236,HARLEY QUINN™ Crazy Train,Family Rides,false,0
2026-08-27T00:30:00Z,2026-08-26T20:30:00-04:00,2026-08-26,20:30,3249,Houdini’s Great Escape,Family Rides,false,0
2026-08-27T00:30:00Z,2026-08-26T20:30:00-04:00,2026-08-26,20:30,17427,Hypno Twister,Family Rides,false,0
2026-08-27T00:30:00Z,2026-08-26T20:30:00-04:00,2026-08-26,20:30,3250,Jolly Roger,Family Rides,false,0
2026-08-27T00:30:00Z,2026-08-26T20:30:00-04:00,2026-08-26,20:30,15829,Roaring Rapids,Family Rides,false,0
2026-08-27T00:30:00Z,2026-08-26T20:30:00-04:00,2026-08-26,20:30,15727,Scrambler,Family Rides,false,0
2026-08-27T00:30:00Z,2026-08-26T20:30:00-04:00,2026-08-26,20:30,3268,Tango,Family Rides,false,0
2026-08-27T00:30:00Z,2026-08-26T20:30:00-04:00,2026-08-26,20:30,17428,Wave Swinger,Family Rides,false,0
2026-08-27T00:30:00Z,2026-08-26T20:30:00-04:00,2026-08-26,20:30,3232,Air Safari,Kids' Rides,false,0
2026-08-27T00:30:00Z,2026-08-26T20:30:00-04:00,2026-08-26,20:30,10461,Barnstormer,Kids' Rides,false,0
2026-08-27T00:30:00Z,2026-08-26T20:30:00-04:00,2026-08-26,20:30,3275,Bugaboo,Kids' Rides,false,0
2026-08-27T00:30:00Z,2026-08-26T20:30:00-04:00,2026-08-26,20:30,3277,Bugs Bunny Camp Carousel,Kids' Rides,false,0
2026-08-27T00:30:00Z,2026-08-26T20:30:00-04:00,2026-08-26,20:30,3279,Bugs Bunny Ranger Pilots,Kids' Rides,false,0
2026-08-27T00:30:00Z,2026-08-26T20:30:00-04:00,2026-08-26,20:30,3240,Daffy Duck Hot Air Balloons,Kids' Rides,false,0
2026-08-27T00:30:00Z,2026-08-26T20:30:00-04:00,2026-08-26,20:30,10077,Lil' Devil Coaster,Kids' Rides,false,0
2026-08-27T00:30:00Z,2026-08-26T20:30:00-04:00,2026-08-26,20:30,15617,Porky Pig Camp Wagons,Kids' Rides,false,0
2026-08-27T00:30:00Z,2026-08-26T20:30:00-04:00,2026-08-26,20:30,3257,Raja’s Rickshaws,Kids' Rides,false,0
2026-08-27T00:30:00Z,2026-08-26T20:30:00-04:00,2026-08-26,20:30,3274,Safari Off-Road Adventure,Kids' Rides,false,0
2026-08-27T00:30:00Z,2026-08-26T20:30:00-04:00,2026-08-26,20:30,3283,Saw Mill Log Flume,Kids' Rides,false,0
2026-08-27T00:30:00Z,2026-08-26T20:30:00-04:00,2026-08-26,20:30,3281,Sky Zooma,Kids' Rides,false,0
2026-08-27T00:30:00Z,2026-08-26T20:30:00-04:00,2026-08-26,20:30,15789,Storm Chaser,Kids' Rides,false,0
2026-08-27T00:30:00Z,2026-08-26T20:30:00-04:00,2026-08-26,20:30,3267,Super Round Up,Kids' Rides,false,0
2026-08-27T00:30:00Z,2026-08-26T20:30:00-04:00,2026-08-26,20:30,15594,Tree Top Hopper,Kids' Rides,false,0
2026-08-27T00:30:00Z,2026-08-26T20:30:00-04:00,2026-08-26,20:30,3233,BATMAN™ The Ride,Thrill Rides,false,0
2026-08-27T00:30:00Z,2026-08-26T20:30:00-04:00,2026-08-26,20:30,3243,El Toro,Thrill Rides,false,0
2026-08-27T00:30:00Z,2026-08-26T20:30:00-04:00,2026-08-26,20:30,8539,Jersey Devil Coaster,Thrill Rides,false,0
2026-08-27T00:30:00Z,2026-08-26T20:30:00-04:00,2026-08-26,20:30,3916,JUSTICE LEAGUE™: Battle for METROPOLIS,Thrill Rides,false,0
2026-08-27T00:30:00Z,2026-08-26T20:30:00-04:00,2026-08-26,20:30,10533,Medusa,Thrill Rides,false,0
2026-08-27T00:30:00Z,2026-08-26T20:30:00-04:00,2026-08-26,20:30,3253,Nitro,Thrill Rides,false,0
2026-08-27T00:30:00Z,2026-08-26T20:30:00-04:00,2026-08-26,20:30,3261,Runaway Train,Thrill Rides,false,0
2026-08-27T00:30:00Z,2026-08-26T20:30:00-04:00,2026-08-26,20:30,3262,Skull Mountain,Thrill Rides,false,0
2026-08-27T00:30:00Z,2026-08-26T20:30:00-04:00,2026-08-26,20:30,3263,SkyScreamer,Thrill Rides,false,0
2026-08-27T00:30:00Z,2026-08-26T20:30:00-04:00,2026-08-26,20:30,3282,Slingshot,Thrill Rides,false,0
2026-08-27T00:30:00Z,2026-08-26T20:30:00-04:00,2026-08-26,20:30,3266,SUPERMAN™: Ultimate Flight,Thrill Rides,false,0
2026-08-27T00:30:00Z,2026-08-26T20:30:00-04:00,2026-08-26,20:30,3271,THE DARK KNIGHT™ Coaster,Thrill Rides,false,0
2026-08-27T00:30:00Z,2026-08-26T20:30:00-04:00,2026-08-26,20:30,14537,THE FLASH™: Vertical Velocity,Thrill Rides,false,0
2026-08-27T00:30:00Z,2026-08-26T20:30:00-04:00,2026-08-26,20:30,3288,THE JOKER™,Thrill Rides,false,0
2026-08-27T00:30:00Z,2026-08-26T20:30:00-04:00,2026-08-26,20:30,3273,Wile E. Coyote Canyon Blaster,Thrill Rides,false,0
2026-08-27T00:30:00Z,2026-08-26T20:30:00-04:00,2026-08-26,20:30,6371,WONDER WOMAN™ Lasso of Truth,Thrill Rides,false,0
2026-08-27T00:35:00Z,2026-08-26T20:35:00-04:00,2026-08-26,20:35,3231,Air Jumbo,Family Rides,false,0
2026-08-27T00:35:00Z,2026-08-26T20:35:00-04:00,2026-08-26,20:35,17425,Barrels O’ Fun,Family Rides,false,0
2026-08-27T00:35:00Z,2026-08-26T20:35:00-04:00,2026-08-26,20:35,3270,Buccaneer,Family Rides,false,0
2026-08-27T00:35:00Z,2026-08-26T20:35:00-04:00,2026-08-26,20:35,3237,Carousel,Family Rides,false,0
2026-08-27T00:35:00Z,2026-08-26T20:35:00-04:00,2026-08-26,20:35,3244,Enchanted Teacups,Family Rides,false,0
2026-08-27T00:35:00Z,2026-08-26T20:35:00-04:00,2026-08-26,20:35,3245,Fender Benders,Family Rides,false,0
2026-08-27T00:35:00Z,2026-08-26T20:35:00-04:00,2026-08-26,20:35,17426,Flying Scooters,Family Rides,false,0
2026-08-27T00:35:00Z,2026-08-26T20:35:00-04:00,2026-08-26,20:35,15604,Giant Wheel,Family Rides,false,0
2026-08-27T00:35:00Z,2026-08-26T20:35:00-04:00,2026-08-26,20:35,3236,HARLEY QUINN™ Crazy Train,Family Rides,false,0
2026-08-27T00:35:00Z,2026-08-26T20:35:00-04:00,2026-08-26,20:35,3249,Houdini’s Great Escape,Family Rides,false,0
2026-08-27T00:35:00Z,2026-08-26T20:35:00-04:00,2026-08-26,20:35,17427,Hypno Twister,Family Rides,false,0
2026-08-27T00:35:00Z,2026-08-26T20:35:00-04:00,2026-08-26,20:35,3250,Jolly Roger,Family Rides,false,0
2026-08-27T00:35:00Z,2026-08-26T20:35:00-04:00,2026-08-26,20:35,15829,Roaring Rapids,Family Rides,false,0
2026-08-27T00:35:00Z,2026-08-26T20:35:00-04:00,2026-08-26,20:35,15727,Scrambler,Family Rides,false,0
2026-08-27T00:35:00Z,2026-08-26T20:35:00-04:00,2026-08-26,20:35,3268,Tango,Family Rides,false,0
2026-08-27T00:35:00Z,2026-08-26T20:35:00-04:00,2026-08-26,20:35,17428,Wave Swinger,Family Rides,false,0
2026-08-27T00:35:00Z,2026-08-26T20:35:00-04:00,2026-08-26,20:35,3232,Air Safari,Kids' Rides,false,0
2026-08-27T00:35:00Z,2026-08-26T20:35:00-04:00,2026-08-26,20:35,10461,Barnstormer,Kids' Rides,false,0
2026-08-27T00:35:00Z,2026-08-26T20:35:00-04:00,2026-08-26,20:35,3275,Bugaboo,Kids' Rides,false,0
2026-08-27T00:35:00Z,2026-08-26T20:35:00-04:00,2026-08-26,20:35,3277,Bugs Bunny Camp Carousel,Kids' Rides,false,0
2026-08-27T00:35:00Z,2026-08-26T20:35:00-04:00,2026-08-26,20:35,3279,Bugs Bunny Ranger Pilots,Kids' Rides,false,0
2026-08-27T00:35:00Z,2026-08-26T20:35:00-04:00,2026-08-26,20:35,3240,Daffy Duck Hot Air Balloons,Kids' Rides,false,0
2026-08-27T00:35:00Z,2026-08-26T20:35:00-04:00,2026-08-26,20:35,10077,Lil' Devil Coaster,Kids' Rides,false,0
2026-08-27T00:35:00Z,2026-08-26T20:35:00-04:00,2026-08-26,20:35,15617,Porky Pig Camp Wagons,Kids' Rides,false,0
2026-08-27T00:35:00Z,2026-08-26T20:35:00-04:00,2026-08-26,20:35,3257,Raja’s Rickshaws,Kids' Rides,false,0
2026-08-27T00:35:00Z,2026-08-26T20:35:00-04:00,2026-08-26,20:35,3274,Safari Off-Road Adventure,Kids' Rides,false,0
2026-08-27T00:35:00Z,2026-08-26T20:35:00-04:00,2026-08-26,20:35,3283,Saw Mill Log Flume,Kids' Rides,false,0
2026-08-27T00:35:00Z,2026-08-26T20:35:00-04:00,2026-08-26,20:35,3281,Sky Zooma,Kids' Rides,false,0
2026-08-27T00:35:00Z,2026-08-26T20:35:00-04:00,2026-08-26,20:35,15789,Storm Chaser,Kids' Rides,false,0
2026-08-27T00:35:00Z,2026-08-26T20:35:00-04:00,2026-08-26,20:35,3267,Super Round Up,Kids' Rides,false,0
2026-08-27T00:35:00Z,2026-08-26T20:35:00-04:00,2026-08-26,20:35,15594,Tree Top Hopper,Kids' Rides,false,0
2026-08-27T00:35:00Z,2026-08-26T20:35:00-04:00,2026-08-26,20:35,3233,BATMAN™ The Ride,Thrill Rides,false,0
2026-08-27T00:35:00Z,2026-08-26T20:35:00-04:00,2026-08-26,20:35,3243,El Toro,Thrill Rides,false,0
2026-08-27T00:35:00Z,2026-08-26T20:35:00-04:00,2026-08-26,20:35,8539,Jersey Devil Coaster,Thrill Rides,false,0
2026-08-27T00:35:00Z,2026-08-26T20:35:00-04:00,2026-08-26,20:35,3916,JUSTICE LEAGUE™: Battle for METROPOLIS,Thrill Rides,false,0
2026-08-27T00:35:00Z,2026-08-26T20:35:00-04:00,2026-08-26,20:35,10533,Medusa,Thrill Rides,false,0
2026-08-27T00:35:00Z,2026-08-26T20:35:00-04:00,2026-08-26,20:35,3253,Nitro,Thrill Rides,false,0
2026-08-27T00:35:00Z,2026-08-26T20:35:00-04:00,2026-08-26,20:35,3261,Runaway Train,Thrill Rides,false,0
2026-08-27T00:35:00Z,2026-08-26T20:35:00-04:00,2026-08-26,20:35,3262,Skull Mountain,Thrill Rides,false,0
2026-08-27T00:35:00Z,2026-08-26T20:35:00-04:00,2026-08-26,20:35,3263,SkyScreamer,Thrill Rides,false,0
2026-08-27T00:35:00Z,2026-08-26T20:35:00-04:00,2026-08-26,20:35,3282,Slingshot,Thrill Rides,false,0
2026-08-27T00:35:00Z,2026-08-26T20:35:00-04:00,2026-08-26,20:35,3266,SUPERMAN™: Ultimate Flight,Thrill Rides,false,0
2026-08-27T00:35:00Z,2026-08-26T20:35:00-04:00,2026-08-26,20:35,3271,THE DARK KNIGHT™ Coaster,Thrill Rides,false,0
2026-08-27T00:35:00Z,2026-08-26T20:35:00-04:00,2026-08-26,20:35,14537,THE FLASH™: Vertical Velocity,Thrill Rides,false,0
2026-08-27T00:35:00Z,2026-08-26T20:35:00-04:00,2026-08-26,20:35,3288,THE JOKER™,Thrill Rides,false,0
2026-08-27T00:35:00Z,2026-08-26T20:35:00-04:00,2026-08-26,20:35,3273,Wile E. Coyote Canyon Blaster,Thrill Rides,false,0
2026-08-27T00:35:00Z,2026-08-26T20:35:00-04:00,2026-08-26,20:35,6371,WONDER WOMAN™ Lasso of Truth,Thrill Rides,false,0
2026-08-27T00:40:00Z,2026-08-26T20:40:00-04:00,2026-08-26,20:40,3231,Air Jumbo,Family Rides,false,0
2026-08-27T00:40:00Z,2026-08-26T20:40:00-04:00,2026-08-26,20:40,17425,Barrels O’ Fun,Family Rides,false,0
2026-08-27T00:40:00Z,2026-08-26T20:40:00-04:00,2026-08-26,20:40,3270,Buccaneer,Family Rides,false,0
2026-08-27T00:40:00Z,2026-08-26T20:40:00-04:00,2026-08-26,20:40,3237,Carousel,Family Rides,false,0
2026-08-27T00:40:00Z,2026-08-26T20:40:00-04:00,2026-08-26,20:40,3244,Enchanted Teacups,Family Rides,false,0
2026-08-27T00:40:00Z,2026-08-26T20:40:00-04:00,2026-08-26,20:40,3245,Fender Benders,Family Rides,false,0
2026-08-27T00:40:00Z,2026-08-26T20:40:00-04:00,2026-08-26,20:40,17426,Flying Scooters,Family Rides,false,0
2026-08-27T00:40:00Z,2026-08-26T20:40:00-04:00,2026-08-26,20:40,15604,Giant Wheel,Family Rides,false,0
2026-08-27T00:40:00Z,2026-08-26T20:40:00-04:00,2026-08-26,20:40,3236,HARLEY QUINN™ Crazy Train,Family Rides,false,0
2026-08-27T00:40:00Z,2026-08-26T20:40:00-04:00,2026-08-26,20:40,3249,Houdini’s Great Escape,Family Rides,false,0
2026-08-27T00:40:00Z,2026-08-26T20:40:00-04:00,2026-08-26,20:40,17427,Hypno Twister,Family Rides,false,0
2026-08-27T00:40:00Z,2026-08-26T20:40:00-04:00,2026-08-26,20:40,3250,Jolly Roger,Family Rides,false,0
2026-08-27T00:40:00Z,2026-08-26T20:40:00-04:00,2026-08-26,20:40,15829,Roaring Rapids,Family Rides,false,0
2026-08-27T00:40:00Z,2026-08-26T20:40:00-04:00,2026-08-26,20:40,15727,Scrambler,Family Rides,false,0
2026-08-27T00:40:00Z,2026-08-26T20:40:00-04:00,2026-08-26,20:40,3268,Tango,Family Rides,false,0
2026-08-27T00:40:00Z,2026-08-26T20:40:00-04:00,2026-08-26,20:40,17428,Wave Swinger,Family Rides,false,0
2026-08-27T00:40:00Z,2026-08-26T20:40:00-04:00,2026-08-26,20:40,3232,Air Safari,Kids' Rides,false,0
2026-08-27T00:40:00Z,2026-08-26T20:40:00-04:00,2026-08-26,20:40,10461,Barnstormer,Kids' Rides,false,0
2026-08-27T00:40:00Z,2026-08-26T20:40:00-04:00,2026-08-26,20:40,3275,Bugaboo,Kids' Rides,false,0
2026-08-27T00:40:00Z,2026-08-26T20:40:00-04:00,2026-08-26,20:40,3277,Bugs Bunny Camp Carousel,Kids' Rides,false,0
2026-08-27T00:40:00Z,2026-08-26T20:40:00-04:00,2026-08-26,20:40,3279,Bugs Bunny Ranger Pilots,Kids' Rides,false,0
2026-08-27T00:40:00Z,2026-08-26T20:40:00-04:00,2026-08-26,20:40,3240,Daffy Duck Hot Air Balloons,Kids' Rides,false,0
2026-08-27T00:40:00Z,2026-08-26T20:40:00-04:00,2026-08-26,20:40,10077,Lil' Devil Coaster,Kids' Rides,false,0
2026-08-27T00:40:00Z,2026-08-26T20:40:00-04:00,2026-08-26,20:40,15617,Porky Pig Camp Wagons,Kids' Rides,false,0
2026-08-27T00:40:00Z,2026-08-26T20:40:00-04:00,2026-08-26,20:40,3257,Raja’s Rickshaws,Kids' Rides,false,0
2026-08-27T00:40:00Z,2026-08-26T20:40:00-04:00,2026-08-26,20:40,3274,Safari Off-Road Adventure,Kids' Rides,false,0
2026-08-27T00:40:00Z,2026-08-26T20:40:00-04:00,2026-08-26,20:40,3283,Saw Mill Log Flume,Kids' Rides,false,0
2026-08-27T00:40:00Z,2026-08-26T20:40:00-04:00,2026-08-26,20:40,3281,Sky Zooma,Kids' Rides,false,0
2026-08-27T00:40:00Z,2026-08-26T20:40:00-04:00,2026-08-26,20:40,15789,Storm Chaser,Kids' Rides,false,0
2026-08-27T00:40:00Z,2026-08-26T20:40:00-04:00,2026-08-26,20:40,3267,Super Round Up,Kids' Rides,false,0
2026-08-27T00:40:00Z,2026-08-26T20:40:00-04:00,2026-08-26,20:40,15594,Tree Top Hopper,Kids' Rides,false,0
2026-08-27T00:40:00Z,2026-08-26T20:40:00-04:00,2026-08-26,20:40,3233,BATMAN™ The Ride,Thrill Rides,false,0
2026-08-27T00:40:00Z,2026-08-26T20:40:00-04:00,2026-08-26,20:40,3243,El Toro,Thrill Rides,false,0
2026-08-27T00:40:00Z,2026-08-26T20:40:00-04:00,2026-08-26,20:40,8539,Jersey Devil Coaster,Thrill Rides,false,0
2026-08-27T00:40:00Z,2026-08-26T20:40:00-04:00,2026-08-26,20:40,3916,JUSTICE LEAGUE™: Battle for METROPOLIS,Thrill Rides,false,0
2026-08-27T00:40:00Z,2026-08-26T20:40:00-04:00,2026-08-26,20:40,10533,Medusa,Thrill Rides,false,0
2026-08-27T00:40:00Z,2026-08-26T20:40:00-04:00,2026-08-26,20:40,3253,Nitro,Thrill Rides,false,0
2026-08-27T00:40:00Z,2026-08-26T20:40:00-04:00,2026-08-26,20:40,3261,Runaway Train,Thrill Rides,false,0
2026-08-27T00:40:00Z,2026-08-26T20:40:00-04:00,2026-08-26,20:40,3262,Skull Mountain,Thrill Rides,false,0
2026-08-27T00:40:00Z,2026-08-26T20:40:00-04:00,2026-08-26,20:40,3263,SkyScreamer,Thrill Rides,false,0
2026-08-27T00:40:00Z,2026-08-26T20:40:00-04:00,2026-08-26,20:40,3282,Slingshot,Thrill Rides,false,0
2026-08-27T00:40:00Z,2026-08-26T20:40:00-04:00,2026-08-26,20:40,3266,SUPERMAN™: Ultimate Flight,Thrill Rides,false,0
2026-08-27T00:40:00Z,2026-08-26T20:40:00-04:00,2026-08-26,20:40,3271,THE DARK KNIGHT™ Coaster,Thrill Rides,false,0
2026-08-27T00:40:00Z,2026-08-26T20:40:00-04:00,2026-08-26,20:40,14537,THE FLASH™: Vertical Velocity,Thrill Rides,false,0
2026-08-27T00:40:00Z,2026-08-26T20:40:00-04:00,2026-08-26,20:40,3288,THE JOKER™,Thrill Rides,false,0
2026-08-27T00:40:00Z,2026-08-26T20:40:00-04:00,2026-08-26,20:40,3273,Wile E. Coyote Canyon Blaster,Thrill Rides,false,0
2026-08-27T00:40:00Z,2026-08-26T20:40:00-04:00,2026-08-26,20:40,6371,WONDER WOMAN™ Lasso of Truth,Thrill Rides,false,0
2026-08-27T00:45:00Z,2026-08-26T20:45:00-04:00,2026-08-26,20:45,3231,Air Jumbo,Family Rides,false,0
2026-08-27T00:45:00Z,2026-08-26T20:45:00-04:00,2026-08-26,20:45,17425,Barrels O’ Fun,Family Rides,false,0
2026-08-27T00:45:00Z,2026-08-26T20:45:00-04:00,2026-08-26,20:45,3270,Buccaneer,Family Rides,false,0
2026-08-27T00:45:00Z,2026-08-26T20:45:00-04:00,2026-08-26,20:45,3237,Carousel,Family Rides,false,0
2026-08-27T00:45:00Z,2026-08-26T20:45:00-04:00,2026-08-26,20:45,3244,Enchanted Teacups,Family Rides,false,0
2026-08-27T00:45:00Z,2026-08-26T20:45:00-04:00,2026-08-26,20:45,3245,Fender Benders,Family Rides,false,0
2026-08-27T00:45:00Z,2026-08-26T20:45:00-04:00,2026-08-26,20:45,17426,Flying Scooters,Family Rides,false,0
2026-08-27T00:45:00Z,2026-08-26T20:45:00-04:00,2026-08-26,20:45,15604,Giant Wheel,Family Rides,false,0
2026-08-27T00:45:00Z,2026-08-26T20:45:00-04:00,2026-08-26,20:45,3236,HARLEY QUINN™ Crazy Train,Family Rides,false,0
2026-08-27T00:45:00Z,2026-08-26T20:45:00-04:00,2026-08-26,20:45,3249,Houdini’s Great Escape,Family Rides,false,0
2026-08-27T00:45:00Z,2026-08-26T20:45:00-04:00,2026-08-26,20:45,17427,Hypno Twister,Family Rides,false,0
2026-08-27T00:45:00Z,2026-08-26T20:45:00-04:00,2026-08-26,20:45,3250,Jolly Roger,Family Rides,false,0
2026-08-27T00:45:00Z,2026-08-26T20:45:00-04:00,2026-08-26,20:45,15829,Roaring Rapids,Family Rides,false,0
2026-08-27T00:45:00Z,2026-08-26T20:45:00-04:00,2026-08-26,20:45,15727,Scrambler,Family Rides,false,0
2026-08-27T00:45:00Z,2026-08-26T20:45:00-04:00,2026-08-26,20:45,3268,Tango,Family Rides,false,0
2026-08-27T00:45:00Z,2026-08-26T20:45:00-04:00,2026-08-26,20:45,17428,Wave Swinger,Family Rides,false,0
2026-08-27T00:45:00Z,2026-08-26T20:45:00-04:00,2026-08-26,20:45,3232,Air Safari,Kids' Rides,false,0
2026-08-27T00:45:00Z,2026-08-26T20:45:00-04:00,2026-08-26,20:45,10461,Barnstormer,Kids' Rides,false,0
2026-08-27T00:45:00Z,2026-08-26T20:45:00-04:00,2026-08-26,20:45,3275,Bugaboo,Kids' Rides,false,0
2026-08-27T00:45:00Z,2026-08-26T20:45:00-04:00,2026-08-26,20:45,3277,Bugs Bunny Camp Carousel,Kids' Rides,false,0
2026-08-27T00:45:00Z,2026-08-26T20:45:00-04:00,2026-08-26,20:45,3279,Bugs Bunny Ranger Pilots,Kids' Rides,false,0
2026-08-27T00:45:00Z,2026-08-26T20:45:00-04:00,2026-08-26,20:45,3240,Daffy Duck Hot Air Balloons,Kids' Rides,false,0
2026-08-27T00:45:00Z,2026-08-26T20:45:00-04:00,2026-08-26,20:45,10077,Lil' Devil Coaster,Kids' Rides,false,0
2026-08-27T00:45:00Z,2026-08-26T20:45:00-04:00,2026-08-26,20:45,15617,Porky Pig Camp Wagons,Kids' Rides,false,0
2026-08-27T00:45:00Z,2026-08-26T20:45:00-04:00,2026-08-26,20:45,3257,Raja’s Rickshaws,Kids' Rides,false,0
2026-08-27T00:45:00Z,2026-08-26T20:45:00-04:00,2026-08-26,20:45,3274,Safari Off-Road Adventure,Kids' Rides,false,0
2026-08-27T00:45:00Z,2026-08-26T20:45:00-04:00,2026-08-26,20:45,3283,Saw Mill Log Flume,Kids' Rides,false,0
2026-08-27T00:45:00Z,2026-08-26T20:45:00-04:00,2026-08-26,20:45,3281,Sky Zooma,Kids' Rides,false,0
2026-08-27T00:45:00Z,2026-08-26T20:45:00-04:00,2026-08-26,20:45,15789,Storm Chaser,Kids' Rides,false,0
2026-08-27T00:45:00Z,2026-08-26T20:45:00-04:00,2026-08-26,20:45,3267,Super Round Up,Kids' Rides,false,0
2026-08-27T00:45:00Z,2026-08-26T20:45:00-04:00,2026-08-26,20:45,15594,Tree Top Hopper,Kids' Rides,false,0
2026-08-27T00:45:00Z,2026-08-26T20:45:00-04:00,2026-08-26,20:45,3233,BATMAN™ The Ride,Thrill Rides,false,0
2026-08-27T00:45:00Z,2026-08-26T20:45:00-04:00,2026-08-26,20:45,3243,El Toro,Thrill Rides,false,0
2026-08-27T00:45:00Z,2026-08-26T20:45:00-04:00,2026-08-26,20:45,8539,Jersey Devil Coaster,Thrill Rides,false,0
2026-08-27T00:45:00Z,2026-08-26T20:45:00-04:00,2026-08-26,20:45,3916,JUSTICE LEAGUE™: Battle for METROPOLIS,Thrill Rides,false,0
2026-08-27T00:45:00Z,2026-08-26T20:45:00-04:00,2026-08-26,20:45,10533,Medusa,Thrill Rides,false,0
2026-08-27T00:45:00Z,2026-08-26T20:45:00-04:00,2026-08-26,20:45,3253,Nitro,Thrill Rides,false,0
2026-08-27T00:45:00Z,2026-08-26T20:45:00-04:00,2026-08-26,20:45,3261,Runaway Train,Thrill Rides,false,0
2026-08-27T00:45:00Z,2026-08-26T20:45:00-04:00,2026-08-26,20:45,3262,Skull Mountain,Thrill Rides,false,0
2026-08-27T00:45:00Z,2026-08-26T20:45:00-04:00,2026-08-26,20:45,3263,SkyScreamer,Thrill Rides,false,0
2026-08-27T00:45:00Z,2026-08-26T20:45:00-04:00,2026-08-26,20:45,3282,Slingshot,Thrill Rides,false,0
2026-08-27T00:45:00Z,2026-08-26T20:45:00-04:00,2026-08-26,20:45,3266,SUPERMAN™: Ultimate Flight,Thrill Rides,false,0
2026-08-27T00:45:00Z,2026-08-26T20:45:00-04:00,2026-08-26,20:45,3271,THE DARK KNIGHT™ Coaster,Thrill Rides,false,0
2026-08-27T00:45:00Z,2026-08-26T20:45:00-04:00,2026-08-26,20:45,14537,THE FLASH™: Vertical Velocity,Thrill Rides,false,0
2026-08-27T00:45:00Z,2026-08-26T20:45:00-04:00,2026-08-26,20:45,3288,THE JOKER™,Thrill Rides,false,0
2026-08-27T00:45:00Z,2026-08-26T20:45:00-04:00,2026-08-26,20:45,3273,Wile E. Coyote Canyon Blaster,Thrill Rides,false,0
2026-08-27T00:45:00Z,2026-08-26T20:45:00-04:00,2026-08-26,20:45,6371,WONDER WOMAN™ Lasso of Truth,Thrill Rides,false,0
