ts_utc,ts_local,date_local,time_local,ride_id,ride_name,land,is_open,wait_time
2026-09-01T06:55:00Z,2026-09-01T02:55:00-04:00,2026-09-01,02:55,3231,Air Jumbo,Family Rides,false,0
2026-09-01T06:55:00Z,2026-09-01T02:55:00-04:00,2026-09-01,02:55,17425,Barrels O’ Fun,Family Rides,false,0
2026-09-01T06:55:00Z,2026-09-01T02:55:00-04:00,2026-09-01,02:55,3270,Buccaneer,Family Rides,false,0
2026-09-01T06:55:00Z,2026-09-01T02:55:00-04:00,2026-09-01,02:55,3237,Carousel,Family Rides,false,0
2026-09-01T06:55:00Z,2026-09-01T02:55:00-04:00,2026-09-01,02:55,3244,Enchanted Teacups,Family Rides,false,0
2026-09-01T06:55:00Z,2026-09-01T02:55:00-04:00,2026-09-01,02:55,3245,Fender Benders,Family Rides,false,0
2026-09-01T06:55:00Z,2026-09-01T02:55:00-04:00,2026-09-01,02:55,17426,Flying Scooters,Family Rides,false,0
2026-09-01T06:55:00Z,2026-09-01T02:55:00-04:00,2026-09-01,02:55,15604,Giant Wheel,Family Rides,false,0
2026-09-01T06:55:00Z,2026-09-01T02:55:00-04:00,2026-09-01,02:55,3236,HARLEY QUINN™ Crazy Train,Family Rides,false,0
2026-09-01T06:55:00Z,2026-09-01T02:55:00-04:00,2026-09-01,02:55,3249,Houdini’s Great Escape,Family Rides,false,0
2026-09-01T06:55:00Z,2026-09-01T02:55:00-04:00,2026-09-01,02:55,17427,Hypno Twister,Family Rides,false,0
2026-09-01T06:55:00Z,2026-09-01T02:55:00-04:00,2026-09-01,02:55,3250,Jolly Roger,Family Rides,false,0
2026-09-01T06:55:00Z,2026-09-01T02:55:00-04:00,2026-09-01,02:55,15829,Roaring Rapids,Family Rides,false,0
2026-09-01T06:55:00Z,2026-09-01T02:55:00-04:00,2026-09-01,02:55,15727,Scrambler,Family Rides,false,0
2026-09-01T06:55:00Z,2026-09-01T02:55:00-04:00,2026-09-01,02:55,3268,Tango,Family Rides,false,0
2026-09-01T06:55:00Z,2026-09-01T02:55:00-04:00,2026-09-01,02:55,17428,Wave Swinger,Family Rides,false,0
2026-09-01T06:55:00Z,2026-09-01T02:55:00-04:00,2026-09-01,02:55,3232,Air Safari,Kids' Rides,false,0
2026-09-01T06:55:00Z,2026-09-01T02:55:00-04:00,2026-09-01,02:55,10461,Barnstormer,Kids' Rides,false,0
2026-09-01T06:55:00Z,2026-09-01T02:55:00-04:00,2026-09-01,02:55,3275,Bugaboo,Kids' Rides,false,0
2026-09-01T06:55:00Z,2026-09-01T02:55:00-04:00,2026-09-01,02:55,3277,Bugs Bunny Camp Carousel,Kids' Rides,false,0
2026-09-01T06:55:00Z,2026-09-01T02:55:00-04:00,2026-09-01,02:55,3279,Bugs Bunny Ranger Pilots,Kids' Rides,false,0
2026-09-01T06:55:00Z,2026-09-01T02:55:00-04:00,2026-09-01,02:55,3240,Daffy Duck Hot Air Balloons,Kids' Rides,false,0
2026-09-01T06:55:00Z,2026-09-01T02:55:00-04:00,2026-09-01,02:55,10077,Lil' Devil Coaster,Kids' Rides,false,0
2026-09-01T06:55:00Z,2026-09-01T02:55:00-04:00,2026-09-01,02:55,15617,Porky Pig Camp Wagons,Kids' Rides,false,0
2026-09-01T06:55:00Z,2026-09-01T02:55:00-04:00,2026-09-01,02:55,3257,Raja’s Rickshaws,Kids' Rides,false,0
2026-09-01T06:55:00Z,2026-09-01T02:55:00-04:00,2026-09-01,02:55,3274,Safari Off-Road Adventure,Kids' Rides,false,0
2026-09-01T06:55:00Z,2026-09-01T02:55:00-04:00,2026-09-01,02:55,3283,Saw Mill Log Flume,Kids' Rides,false,0
2026-09-01T06:55:00Z,2026-09-01T02:55:00-04:00,2026-09-01,02:55,3281,Sky Zooma,Kids' Rides,false,0
2026-09-01T06:55:00Z,2026-09-01T02:55:00-04:00,2026-09-01,02:55,15789,Storm Chaser,Kids' Rides,false,0
2026-09-01T06:55:00Z,2026-09-01T02:55:00-04:00,2026-09-01,02:55,3267,Super Round Up,Kids' Rides,false,0
2026-09-01T06:55:00Z,2026-09-01T02:55:00-04:00,2026-09-01,02:55,15594,Tree Top Hopper,Kids' Rides,false,0
2026-09-01T06:55:00Z,2026-09-01T02:55:00-04:00,2026-09-01,02:55,3233,BATMAN™ The Ride,Thrill Rides,false,0
2026-09-01T06:55:00Z,2026-09-01T02:55:00-04:00,2026-09-01,02:55,3243,El Toro,Thrill Rides,false,0
2026-09-01T06:55:00Z,2026-09-01T02:55:00-04:00,2026-09-01,02:55,8539,Jersey Devil Coaster,Thrill Rides,false,0
2026-09-01T06:55:00Z,2026-09-01T02:55:00-04:00,2026-09-01,02:55,3916,JUSTICE LEAGUE™: Battle for METROPOLIS,Thrill Rides,false,0
2026-09-01T06:55:00Z,2026-09-01T02:55:00-04:00,2026-09-01,02:55,10533,Medusa,Thrill Rides,false,0
2026-09-01T06:55:00Z,2026-09-01T02:55:00-04:00,2026-09-01,02:55,3253,Nitro,Thrill Rides,false,0
2026-09-01T06:55:00Z,2026-09-01T02:55:00-04:00,2026-09-01,02:55,3261,Runaway Train,Thrill Rides,false,0
2026-09-01T06:55:00Z,2026-09-01T02:55:00-04:00,2026-09-01,02:55,3262,Skull Mountain,Thrill Rides,false,0
2026-09-01T06:55:00Z,2026-09-01T02:55:00-04:00,2026-09-01,02:55,3263,SkyScreamer,Thrill Rides,false,0
2026-09-01T06:55:00Z,2026-09-01T02:55:00-04:00,2026-09-01,02:55,3282,Slingshot,Thrill Rides,false,0
2026-09-01T06:55:00Z,2026-09-01T02:55:00-04:00,2026-09-01,02:55,3266,SUPERMAN™: Ultimate Flight,Thrill Rides,false,0
2026-09-01T06:55:00Z,2026-09-01T02:55:00-04:00,2026-09-01,02:55,3271,THE DARK KNIGHT™ Coaster,Thrill Rides,false,0
2026-09-01T06:55:00Z,2026-09-01T02:55:00-04:00,2026-09-01,02:55,14537,THE FLASH™: Vertical Velocity,Thrill Rides,false,0
2026-09-01T06:55:00Z,2026-09-01T02:55:00-04:00,2026-09-01,02:55,3288,THE JOKER™,Thrill Rides,false,0
2026-09-01T06:55:00Z,2026-09-01T02:55:00-04:00,2026-09-01,02:55,3273,Wile E. Coyote Canyon Blaster,Thrill Rides,false,0
2026-09-01T06:55:00Z,2026-09-01T02:55:00-04:00,2026-09-01,02:55,6371,WONDER WOMAN™ Lasso of Truth,Thrill Rides,false,0
2026-09-01T07:00:00Z,2026-09-01T03:00:00-04:00,2026-09-01,03:00,3231,Air Jumbo,Family Rides,false,0
2026-09-01T07:00:00Z,2026-09-01T03:00:00-04:00,2026-09-01,03:00,17425,Barrels O’ Fun,Family Rides,false,0
2026-09-01T07:00:00Z,2026-09-01T03:00:00-04:00,2026-09-01,03:00,3270,Buccaneer,Family Rides,false,0
2026-09-01T07:00:00Z,2026-09-01T03:00:00-04:00,2026-09-01,03:00,3237,Carousel,Family Rides,false,0
2026-09-01T07:00:00Z,2026-09-01T03:00:00-04:00,2026-09-01,03:00,3244,Enchanted Teacups,Family Rides,false,0
2026-09-01T07:00:00Z,2026-09-01T03:00:00-04:00,2026-09-01,03:00,3245,Fender Benders,Family Rides,false,0
2026-09-01T07:00:00Z,2026-09-01T03:00:00-04:00,2026-09-01,03:00,17426,Flying Scooters,Family Rides,false,0
2026-09-01T07:00:00Z,2026-09-01T03:00:00-04:00,2026-09-01,03:00,15604,Giant Wheel,Family Rides,false,0
2026-09-01T07:00:00Z,2026-09-01T03:00:00-04:00,2026-09-01,03:00,3236,HARLEY QUINN™ Crazy Train,Family Rides,false,0
2026-09-01T07:00:00Z,2026-09-01T03:00:00-04:00,2026-09-01,03:00,3249,Houdini’s Great Escape,Family Rides,false,0
2026-09-01T07:00:00Z,2026-09-01T03:00:00-04:00,2026-09-01,03:00,17427,Hypno Twister,Family Rides,false,0
2026-09-01T07:00:00Z,2026-09-01T03:00:00-04:00,2026-09-01,03:00,3250,Jolly Roger,Family Rides,false,0
2026-09-01T07:00:00Z,2026-09-01T03:00:00-04:00,2026-09-01,03:00,15829,Roaring Rapids,Family Rides,false,0
2026-09-01T07:00:00Z,2026-09-01T03:00:00-04:00,2026-09-01,03:00,15727,Scrambler,Family Rides,false,0
2026-09-01T07:00:00Z,2026-09-01T03:00:00-04:00,2026-09-01,03:00,3268,Tango,Family Rides,false,0
2026-09-01T07:00:00Z,2026-09-01T03:00:00-04:00,2026-09-01,03:00,17428,Wave Swinger,Family Rides,false,0
2026-09-01T07:00:00Z,2026-09-01T03:00:00-04:00,2026-09-01,03:00,3232,Air Safari,Kids' Rides,false,0
2026-09-01T07:00:00Z,2026-09-01T03:00:00-04:00,2026-09-01,03:00,10461,Barnstormer,Kids' Rides,false,0
2026-09-01T07:00:00Z,2026-09-01T03:00:00-04:00,2026-09-01,03:00,3275,Bugaboo,Kids' Rides,false,0
2026-09-01T07:00:00Z,2026-09-01T03:00:00-04:00,2026-09-01,03:00,3277,Bugs Bunny Camp Carousel,Kids' Rides,false,0
2026-09-01T07:00:00Z,2026-09-01T03:00:00-04:00,2026-09-01,03:00,3279,Bugs Bunny Ranger Pilots,Kids' Rides,false,0
2026-09-01T07:00:00Z,2026-09-01T03:00:00-04:00,2026-09-01,03:00,3240,Daffy Duck Hot Air Balloons,Kids' Rides,false,0
2026-09-01T07:00:00Z,2026-09-01T03:00:00-04:00,2026-09-01,03:00,10077,Lil' Devil Coaster,Kids' Rides,false,0
2026-09-01T07:00:00Z,2026-09-01T03:00:00-04:00,2026-09-01,03:00,15617,Porky Pig Camp Wagons,Kids' Rides,false,0
2026-09-01T07:00:00Z,2026-09-01T03:00:00-04:00,2026-09-01,03:00,3257,Raja’s Rickshaws,Kids' Rides,false,0
2026-09-01T07:00:00Z,2026-09-01T03:00:00-04:00,2026-09-01,03:00,3274,Safari Off-Road Adventure,Kids' Rides,false,0
2026-09-01T07:00:00Z,2026-09-01T03:00:00-04:00,2026-09-01,03:00,3283,Saw Mill Log Flume,Kids' Rides,false,0
2026-09-01T07:00:00Z,2026-09-01T03:00:00-04:00,2026-09-01,03:00,3281,Sky Zooma,Kids' Rides,false,0
2026-09-01T07:00:00Z,2026-09-01T03:00:00-04:00,2026-09-01,03:00,15789,Storm Chaser,Kids' Rides,false,0
2026-09-01T07:00:00Z,2026-09-01T03:00:00-04:00,2026-09-01,03:00,3267,Super Round Up,Kids' Rides,false,0
2026-09-01T07:00:00Z,2026-09-01T03:00:00-04:00,2026-09-01,03:00,15594,Tree Top Hopper,Kids' Rides,false,0
2026-09-01T07:00:00Z,2026-09-01T03:00:00-04:00,2026-09-01,03:00,3233,BATMAN™ The Ride,Thrill Rides,false,0
2026-09-01T07:00:00Z,2026-09-01T03:00:00-04:00,2026-09-01,03:00,3243,El Toro,Thrill Rides,false,0
2026-09-01T07:00:00Z,2026-09-01T03:00:00-04:00,2026-09-01,03:00,8539,Jersey Devil Coaster,Thrill Rides,false,0
2026-09-01T07:00:00Z,2026-09-01T03:00:00-04:00,2026-09-01,03:00,3916,JUSTICE LEAGUE™: Battle for METROPOLIS,Thrill Rides,false,0
2026-09-01T07:00:00Z,2026-09-01T03:00:00-04:00,2026-09-01,03:00,10533,Medusa,Thrill Rides,false,0
2026-09-01T07:00:00Z,2026-09-01T03:00:00-04:00,2026-09-01,03:00,3253,Nitro,Thrill Rides,false,0
2026-09-01T07:00:00Z,2026-09-01T03:00:00-04:00,2026-09-01,03:00,3261,Runaway Train,Thrill Rides,false,0
2026-09-01T07:00:00Z,2026-09-01T03:00:00-04:00,2026-09-01,03:00,3262,Skull Mountain,Thrill Rides,false,0
2026-09-01T07:00:00Z,2026-09-01T03:00:00-04:00,2026-09-01,03:00,3263,SkyScreamer,Thrill Rides,false,0
2026-09-01T07:00:00Z,2026-09-01T03:00:00-04:00,2026-09-01,03:00,3282,Slingshot,Thrill Rides,false,0
2026-09-01T07:00:00Z,2026-09-01T03:00:00-04:00,2026-09-01,03:00,3266,SUPERMAN™: Ultimate Flight,Thrill Rides,false,0
2026-09-01T07:00:00Z,2026-09-01T03:00:00-04:00,2026-09-01,03:00,3271,THE DARK KNIGHT™ Coaster,Thrill Rides,false,0
2026-09-01T07:00:00Z,2026-09-01T03:00:00-04:00,2026-09-01,03:00,14537,THE FLASH™: Vertical Velocity,Thrill Rides,false,0
2026-09-01T07:00:00Z,2026-09-01T03:00:00-04:00,2026-09-01,03:00,3288,THE JOKER™,Thrill Rides,false,0
2026-09-01T07:00:00Z,2026-09-01T03:00:00-04:00,2026-09-01,03:00,3273,Wile E. Coyote Canyon Blaster,Thrill Rides,false,0
2026-09-01T07:00:00Z,2026-09-01T03:00:00-04:00,2026-09-01,03:00,6371,WONDER WOMAN™ Lasso of Truth,Thrill Rides,false,0
2026-09-01T07:05:00Z,2026-09-01T03:05:00-04:00,2026-09-01,03:05,3231,Air Jumbo,Family Rides,false,0
2026-09-01T07:05:00Z,2026-09-01T03:05:00-04:00,2026-09-01,03:05,17425,Barrels O’ Fun,Family Rides,false,0
2026-09-01T07:05:00Z,2026-09-01T03:05:00-04:00,2026-09-01,03:05,3270,Buccaneer,Family Rides,false,0
2026-09-01T07:05:00Z,2026-09-01T03:05:00-04:00,2026-09-01,03:05,3237,Carousel,Family Rides,false,0
2026-09-01T07:05:00Z,2026-09-01T03:05:00-04:00,2026-09-01,03:05,3244,Enchanted Teacups,Family Rides,false,0
2026-09-01T07:05:00Z,2026-09-01T03:05:00-04:00,2026-09-01,03:05,3245,Fender Benders,Family Rides,false,0
2026-09-01T07:05:00Z,2026-09-01T03:05:00-04:00,2026-09-01,03:05,17426,Flying Scooters,Family Rides,false,0
2026-09-01T07:05:00Z,2026-09-01T03:05:00-04:00,2026-09-01,03:05,15604,Giant Wheel,Family Rides,false,0
2026-09-01T07:05:00Z,2026-09-01T03:05:00-04:00,2026-09-01,03:05,3236,HARLEY QUINN™ Crazy Train,Family Rides,false,0
2026-09-01T07:05:00Z,2026-09-01T03:05:00-04:00,2026-09-01,03:05,3249,Houdini’s Great Escape,Family Rides,false,0
2026-09-01T07:05:00Z,2026-09-01T03:05:00-04:00,2026-09-01,03:05,17427,Hypno Twister,Family Rides,false,0
2026-09-01T07:05:00Z,2026-09-01T03:05:00-04:00,2026-09-01,03:05,3250,Jolly Roger,Family Rides,false,0
2026-09-01T07:05:00Z,2026-09-01T03:05:00-04:00,2026-09-01,03:05,15829,Roaring Rapids,Family Rides,false,0
2026-09-01T07:05:00Z,2026-09-01T03:05:00-04:00,2026-09-01,03:05,15727,Scrambler,Family Rides,false,0
2026-09-01T07:05:00Z,2026-09-01T03:05:00-04:00,2026-09-01,03:05,3268,Tango,Family Rides,false,0
2026-09-01T07:05:00Z,2026-09-01T03:05:00-04:00,2026-09-01,03:05,17428,Wave Swinger,Family Rides,false,0
2026-09-01T07:05:00Z,2026-09-01T03:05:00-04:00,2026-09-01,03:05,3232,Air Safari,Kids' Rides,false,0
2026-09-01T07:05:00Z,2026-09-01T03:05:00-04:00,2026-09-01,03:05,10461,Barnstormer,Kids' Rides,false,0
2026-09-01T07:05:00Z,2026-09-01T03:05:00-04:00,2026-09-01,03:05,3275,Bugaboo,Kids' Rides,false,0
2026-09-01T07:05:00Z,2026-09-01T03:05:00-04:00,2026-09-01,03:05,3277,Bugs Bunny Camp Carousel,Kids' Rides,false,0
2026-09-01T07:05:00Z,2026-09-01T03:05:00-04:00,2026-09-01,03:05,3279,Bugs Bunny Ranger Pilots,Kids' Rides,false,0
2026-09-01T07:05:00Z,2026-09-01T03:05:00-04:00,2026-09-01,03:05,3240,Daffy Duck Hot Air Balloons,Kids' Rides,false,0
2026-09-01T07:05:00Z,2026-09-01T03:05:00-04:00,2026-09-01,03:05,10077,Lil' Devil Coaster,Kids' Rides,false,0
2026-09-01T07:05:00Z,2026-09-01T03:05:00-04:00,2026-09-01,03:05,15617,Porky Pig Camp Wagons,Kids' Rides,false,0
2026-09-01T07:05:00Z,2026-09-01T03:05:00-04:00,2026-09-01,03:05,3257,Raja’s Rickshaws,Kids' Rides,false,0
2026-09-01T07:05:00Z,2026-09-01T03:05:00-04:00,2026-09-01,03:05,3274,Safari Off-Road Adventure,Kids' Rides,false,0
2026-09-01T07:05:00Z,2026-09-01T03:05:00-04:00,2026-09-01,03:05,3283,Saw Mill Log Flume,Kids' Rides,false,0
2026-09-01T07:05:00Z,2026-09-01T03:05:00-04:00,2026-09-01,03:05,3281,Sky Zooma,Kids' Rides,false,0
2026-09-01T07:05:00Z,2026-09-01T03:05:00-04:00,2026-09-01,03:05,15789,Storm Chaser,Kids' Rides,false,0
2026-09-01T07:05:00Z,2026-09-01T03:05:00-04:00,2026-09-01,03:05,3267,Super Round Up,Kids' Rides,false,0
2026-09-01T07:05:00Z,2026-09-01T03:05:00-04:00,2026-09-01,03:05,15594,Tree Top Hopper,Kids' Rides,false,0
2026-09-01T07:05:00Z,2026-09-01T03:05:00-04:00,2026-09-01,03:05,3233,BATMAN™ The Ride,Thrill Rides,false,0
2026-09-01T07:05:00Z,2026-09-01T03:05:00-04:00,2026-09-01,03:05,3243,El Toro,Thrill Rides,false,0
2026-09-01T07:05:00Z,2026-09-01T03:05:00-04:00,2026-09-01,03:05,8539,Jersey Devil Coaster,Thrill Rides,false,0
2026-09-01T07:05:00Z,2026-09-01T03:05:00-04:00,2026-09-01,03:05,3916,JUSTICE LEAGUE™: Battle for METROPOLIS,Thrill Rides,false,0
2026-09-01T07:05:00Z,2026-09-01T03:05:00-04:00,2026-09-01,03:05,10533,Medusa,Thrill Rides,false,0
2026-09-01T07:05:00Z,2026-09-01T03:05:00-04:00,2026-09-01,03:05,3253,Nitro,Thrill Rides,false,0
2026-09-01T07:05:00Z,2026-09-01T03:05:00-04:00,2026-09-01,03:05,3261,Runaway Train,Thrill Rides,false,0
2026-09-01T07:05:00Z,2026-09-01T03:05:00-04:00,2026-09-01,03:05,3262,Skull Mountain,Thrill Rides,false,0
2026-09-01T07:05:00Z,2026-09-01T03:05:00-04:00,2026-09-01,03:05,3263,SkyScreamer,Thrill Rides,false,0
2026-09-01T07:05:00Z,2026-09-01T03:05:00-04:00,2026-09-01,03:05,3282,Slingshot,Thrill Rides,false,0
2026-09-01T07:05:00Z,2026-09-01T03:05:00-04:00,2026-09-01,03:05,3266,SUPERMAN™: Ultimate Flight,Thrill Rides,false,0
2026-09-01T07:05:00Z,2026-09-01T03:05:00-04:00,2026-09-01,03:05,3271,THE DARK KNIGHT™ Coaster,Thrill Rides,false,0
2026-09-01T07:05:00Z,2026-09-01T03:05:00-04:00,2026-09-01,03:05,14537,THE FLASH™: Vertical Velocity,Thrill Rides,false,0
2026-09-01T07:05:00Z,2026-09-01T03:05:00-04:00,2026-09-01,03:05,3288,THE JOKER™,Thrill Rides,false,0
2026-09-01T07:05:00Z,2026-09-01T03:05:00-04:00,2026-09-01,03:05,3273,Wile E. Coyote Canyon Blaster,Thrill Rides,false,0
2026-09-01T07:05:00Z,2026-09-01T03:05:00-04:00,2026-09-01,03:05,6371,WONDER WOMAN™ Lasso of Truth,Thrill Rides,false,0
2026-09-01T07:10:00Z,2026-09-01T03:10:00-04:00,2026-09-01,03:10,3231,Air Jumbo,Family Rides,false,0
2026-09-01T07:10:00Z,2026-09-01T03:10:00-04:00,2026-09-01,03:10,17425,Barrels O’ Fun,Family Rides,false,0
2026-09-01T07:10:00Z,2026-09-01T03:10:00-04:00,2026-09-01,03:10,3270,Buccaneer,Family Rides,false,0
2026-09-01T07:10:00Z,2026-09-01T03:10:00-04:00,2026-09-01,03:10,3237,Carousel,Family Rides,false,0
2026-09-01T07:10:00Z,2026-09-01T03:10:00-04:00,2026-09-01,03:10,3244,Enchanted Teacups,Family Rides,false,0
2026-09-01T07:10:00Z,2026-09-01T03:10:00-04:00,2026-09-01,03:10,3245,Fender Benders,Family Rides,false,0
2026-09-01T07:10:00Z,2026-09-01T03:10:00-04:00,2026-09-01,03:10,17426,Flying Scooters,Family Rides,false,0
2026-09-01T07:10:00Z,2026-09-01T03:10:00-04:00,2026-09-01,03:10,15604,Giant Wheel,Family Rides,false,0
2026-09-01T07:10:00Z,2026-09-01T03:10:00-04:00,2026-09-01,03:10,3236,HARLEY QUINN™ Crazy Train,Family Rides,false,0
2026-09-01T07:10:00Z,2026-09-01T03:10:00-04:00,2026-09-01,03:10,3249,Houdini’s Great Escape,Family Rides,false,0
2026-09-01T07:10:00Z,2026-09-01T03:10:00-04:00,2026-09-01,03:10,17427,Hypno Twister,Family Rides,false,0
2026-09-01T07:10:00Z,2026-09-01T03:10:00-04:00,2026-09-01,03:10,3250,Jolly Roger,Family Rides,false,0
2026-09-01T07:10:00Z,2026-09-01T03:10:00-04:00,2026-09-01,03:10,15829,Roaring Rapids,Family Rides,false,0
2026-09-01T07:10:00Z,2026-09-01T03:10:00-04:00,2026-09-01,03:10,15727,Scrambler,Family Rides,false,0
2026-09-01T07:10:00Z,2026-09-01T03:10:00-04:00,2026-09-01,03:10,3268,Tango,Family Rides,false,0
2026-09-01T07:10:00Z,2026-09-01T03:10:00-04:00,2026-09-01,03:10,17428,Wave Swinger,Family Rides,false,0
2026-09-01T07:10:00Z,2026-09-01T03:10:00-04:00,2026-09-01,03:10,3232,Air Safari,Kids' Rides,false,0
2026-09-01T07:10:00Z,2026-09-01T03:10:00-04:00,2026-09-01,03:10,10461,Barnstormer,Kids' Rides,false,0
2026-09-01T07:10:00Z,2026-09-01T03:10:00-04:00,2026-09-01,03:10,3275,Bugaboo,Kids' Rides,false,0
2026-09-01T07:10:00Z,2026-09-01T03:10:00-04:00,2026-09-01,03:10,3277,Bugs Bunny Camp Carousel,Kids' Rides,false,0
2026-09-01T07:10:00Z,2026-09-01T03:10:00-04:00,2026-09-01,03:10,3279,Bugs Bunny Ranger Pilots,Kids' Rides,false,0
2026-09-01T07:10:00Z,2026-09-01T03:10:00-04:00,2026-09-01,03:10,3240,Daffy Duck Hot Air Balloons,Kids' Rides,false,0
2026-09-01T07:10:00Z,2026-09-01T03:10:00-04:00,2026-09-01,03:10,10077,Lil' Devil Coaster,Kids' Rides,false,0
2026-09-01T07:10:00Z,2026-09-01T03:10:00-04:00,2026-09-01,03:10,15617,Porky Pig Camp Wagons,Kids' Rides,false,0
2026-09-01T07:10:00Z,2026-09-01T03:10:00-04:00,2026-09-01,03:10,3257,Raja’s Rickshaws,Kids' Rides,false,0
2026-09-01T07:10:00Z,2026-09-01T03:10:00-04:00,2026-09-01,03:10,3274,Safari Off-Road Adventure,Kids' Rides,false,0
2026-09-01T07:10:00Z,2026-09-01T03:10:00-04:00,2026-09-01,03:10,3283,Saw Mill Log Flume,Kids' Rides,false,0
2026-09-01T07:10:00Z,2026-09-01T03:10:00-04:00,2026-09-01,03:10,3281,Sky Zooma,Kids' Rides,false,0
2026-09-01T07:10:00Z,2026-09-01T03:10:00-04:00,2026-09-01,03:10,15789,Storm Chaser,Kids' Rides,false,0
2026-09-01T07:10:00Z,2026-09-01T03:10:00-04:00,2026-09-01,03:10,3267,Super Round Up,Kids' Rides,false,0
2026-09-01T07:10:00Z,2026-09-01T03:10:00-04:00,2026-09-01,03:10,15594,Tree Top Hopper,Kids' Rides,false,0
2026-09-01T07:10:00Z,2026-09-01T03:10:00-04:00,2026-09-01,03:10,3233,BATMAN™ The Ride,Thrill Rides,false,0
2026-09-01T07:10:00Z,2026-09-01T03:10:00-04:00,2026-09-01,03:10,3243,El Toro,Thrill Rides,false,0
2026-09-01T07:10:00Z,2026-09-01T03:10:00-04:00,2026-09-01,03:10,8539,Jersey Devil Coaster,Thrill Rides,false,0
2026-09-01T07:10:00Z,2026-09-01T03:10:00-04:00,2026-09-01,03:10,3916,JUSTICE LEAGUE™: Battle for METROPOLIS,Thrill Rides,false,0
2026-09-01T07:10:00Z,2026-09-01T03:10:00-04:00,2026-09-01,03:10,10533,Medusa,Thrill Rides,false,0
2026-09-01T07:10:00Z,2026-09-01T03:10:00-04:00,2026-09-01,03:10,3253,Nitro,Thrill Rides,false,0
2026-09-01T07:10:00Z,2026-09-01T03:10:00-04:00,2026-09-01,03:10,3261,Runaway Train,Thrill Rides,false,0
2026-09-01T07:10:00Z,2026-09-01T03:10:00-04:00,2026-09-01,03:10,3262,Skull Mountain,Thrill Rides,false,0
2026-09-01T07:10:00Z,2026-09-01T03:10:00-04:00,2026-09-01,03:10,3263,SkyScreamer,Thrill Rides,false,0
2026-09-01T07:10:00Z,2026-09-01T03:10:00-04:00,2026-09-01,03:10,3282,Slingshot,Thrill Rides,false,0
2026-09-01T07:10:00Z,2026-09-01T03:10:00-04:00,2026-09-01,03:10,3266,SUPERMAN™: Ultimate Flight,Thrill Rides,false,0
2026-09-01T07:10:00Z,2026-09-01T03:10:00-04:00,2026-09-01,03:10,3271,THE DARK KNIGHT™ Coaster,Thrill Rides,false,0
2026-09-01T07:10:00Z,2026-09-01T03:10:00-04:00,2026-09-01,03:10,14537,THE FLASH™: Vertical Velocity,Thrill Rides,false,0
2026-09-01T07:10:00Z,2026-09-01T03:10:00-04:00,2026-09-01,03:10,3288,THE JOKER™,Thrill Rides,false,0
2026-09-01T07:10:00Z,2026-09-01T03:10:00-04:00,2026-09-01,03:10,3273,Wile E. Coyote Canyon Blaster,Thrill Rides,false,0
2026-09-01T07:10:00Z,2026-09-01T03:10:00-04:00,2026-09-01,03:10,6371,WONDER WOMAN™ Lasso of Truth,Thrill Rides,false,0
2026-09-01T07:15:00Z,2026-09-01T03:15:00-04:00,2026-09-01,03:15,3231,Air Jumbo,Family Rides,false,0
2026-09-01T07:15:00Z,2026-09-01T03:15:00-04:00,2026-09-01,03:15,17425,Barrels O’ Fun,Family Rides,false,0
2026-09-01T07:15:00Z,2026-09-01T03:15:00-04:00,2026-09-01,03:15,3270,Buccaneer,Family Rides,false,0
2026-09-01T07:15:00Z,2026-09-01T03:15:00-04:00,2026-09-01,03:15,3237,Carousel,Family Rides,false,0
2026-09-01T07:15:00Z,2026-09-01T03:15:00-04:00,2026-09-01,03:15,3244,Enchanted Teacups,Family Rides,false,0
2026-09-01T07:15:00Z,2026-09-01T03:15:00-04:00,2026-09-01,03:15,3245,Fender Benders,Family Rides,false,0
2026-09-01T07:15:00Z,2026-09-01T03:15:00-04:00,2026-09-01,03:15,17426,Flying Scooters,Family Rides,false,0
2026-09-01T07:15:00Z,2026-09-01T03:15:00-04:00,2026-09-01,03:15,15604,Giant Wheel,Family Rides,false,0
2026-09-01T07:15:00Z,2026-09-01T03:15:00-04:00,2026-09-01,03:15,3236,HARLEY QUINN™ Crazy Train,Family Rides,false,0
2026-09-01T07:15:00Z,2026-09-01T03:15:00-04:00,2026-09-01,03:15,3249,Houdini’s Great Escape,Family Rides,false,0
2026-09-01T07:15:00Z,2026-09-01T03:15:00-04:00,2026-09-01,03:15,17427,Hypno Twister,Family Rides,false,0
2026-09-01T07:15:00Z,2026-09-01T03:15:00-04:00,2026-09-01,03:15,3250,Jolly Roger,Family Rides,false,0
2026-09-01T07:15:00Z,2026-09-01T03:15:00-04:00,2026-09-01,03:15,15829,Roaring Rapids,Family Rides,false,0
2026-09-01T07:15:00Z,2026-09-01T03:15:00-04:00,2026-09-01,03:15,15727,Scrambler,Family Rides,false,0
2026-09-01T07:15:00Z,2026-09-01T03:15:00-04:00,2026-09-01,03:15,3268,Tango,Family Rides,false,0
2026-09-01T07:15:00Z,2026-09-01T03:15:00-04:00,2026-09-01,03:15,17428,Wave Swinger,Family Rides,false,0
2026-09-01T07:15:00Z,2026-09-01T03:15:00-04:00,2026-09-01,03:15,3232,Air Safari,Kids' Rides,false,0
2026-09-01T07:15:00Z,2026-09-01T03:15:00-04:00,2026-09-01,03:15,10461,Barnstormer,Kids' Rides,false,0
2026-09-01T07:15:00Z,2026-09-01T03:15:00-04:00,2026-09-01,03:15,3275,Bugaboo,Kids' Rides,false,0
2026-09-01T07:15:00Z,2026-09-01T03:15:00-04:00,2026-09-01,03:15,3277,Bugs Bunny Camp Carousel,Kids' Rides,false,0
2026-09-01T07:15:00Z,2026-09-01T03:15:00-04:00,2026-09-01,03:15,3279,Bugs Bunny Ranger Pilots,Kids' Rides,false,0
2026-09-01T07:15:00Z,2026-09-01T03:15:00-04:00,2026-09-01,03:15,3240,Daffy Duck Hot Air Balloons,Kids' Rides,false,0
2026-09-01T07:15:00Z,2026-09-01T03:15:00-04:00,2026-09-01,03:15,10077,Lil' Devil Coaster,Kids' Rides,false,0
2026-09-01T07:15:00Z,2026-09-01T03:15:00-04:00,2026-09-01,03:15,15617,Porky Pig Camp Wagons,Kids' Rides,false,0
2026-09-01T07:15:00Z,2026-09-01T03:15:00-04:00,2026-09-01,03:15,3257,Raja’s Rickshaws,Kids' Rides,false,0
2026-09-01T07:15:00Z,2026-09-01T03:15:00-04:00,2026-09-01,03:15,3274,Safari Off-Road Adventure,Kids' Rides,false,0
2026-09-01T07:15:00Z,2026-09-01T03:15:00-04:00,2026-09-01,03:15,3283,Saw Mill Log Flume,Kids' Rides,false,0
2026-09-01T07:15:00Z,2026-09-01T03:15:00-04:00,2026-09-01,03:15,3281,Sky Zooma,Kids' Rides,false,0
2026-09-01T07:15:00Z,2026-09-01T03:15:00-04:00,2026-09-01,03:15,15789,Storm Chaser,Kids' Rides,false,0
2026-09-01T07:15:00Z,2026-09-01T03:15:00-04:00,2026-09-01,03:15,3267,Super Round Up,Kids' Rides,false,0
2026-09-01T07:15:00Z,2026-09-01T03:15:00-04:00,2026-09-01,03:15,15594,Tree Top Hopper,Kids' Rides,false,0
2026-09-01T07:15:00Z,2026-09-01T03:15:00-04:00,2026-09-01,03:15,3233,BATMAN™ The Ride,Thrill Rides,false,0
2026-09-01T07:15:00Z,2026-09-01T03:15:00-04:00,2026-09-01,03:15,3243,El Toro,Thrill Rides,false,0
2026-09-01T07:15:00Z,2026-09-01T03:15:00-04:00,2026-09-01,03:15,8539,Jersey Devil Coaster,Thrill Rides,false,0
2026-09-01T07:15:00Z,2026-09-01T03:15:00-04:00,2026-09-01,03:15,3916,JUSTICE LEAGUE™: Battle for METROPOLIS,Thrill Rides,false,0
2026-09-01T07:15:00Z,2026-09-01T03:15:00-04:00,2026-09-01,03:15,10533,Medusa,Thrill Rides,false,0
2026-09-01T07:15:00Z,2026-09-01T03:15:00-04:00,2026-09-01,03:15,3253,Nitro,Thrill Rides,false,0
2026-09-01T07:15:00Z,2026-09-01T03:15:00-04:00,2026-09-01,03:15,3261,Runaway Train,Thrill Rides,false,0
2026-09-01T07:15:00Z,2026-09-01T03:15:00-04:00,2026-09-01,03:15,3262,Skull Mountain,Thrill Rides,false,0
2026-09-01T07:15:00Z,2026-09-01T03:15:00-04:00,2026-09-01,03:15,3263,SkyScreamer,Thrill Rides,false,0
2026-09-01T07:15:00Z,2026-09-01T03:15:00-04:00,2026-09-01,03:15,3282,Slingshot,Thrill Rides,false,0
2026-09-01T07:15:00Z,2026-09-01T03:15:00-04:00,2026-09-01,03:15,3266,SUPERMAN™: Ultimate Flight,Thrill Rides,false,0
2026-09-01T07:15:00Z,2026-09-01T03:15:00-04:00,2026-09-01,03:15,3271,THE DARK KNIGHT™ Coaster,Thrill Rides,false,0
2026-09-01T07:15:00Z,2026-09-01T03:15:00-04:00,2026-09-01,03:15,14537,THE FLASH™: Vertical Velocity,Thrill Rides,false,0
2026-09-01T07:15:00Z,2026-09-01T03:15:00-04:00,2026-09-01,03:15,3288,THE JOKER™,Thrill Rides,false,0
2026-09-01T07:15:00Z,2026-09-01T03:15:00-04:00,2026-09-01,03:15,3273,Wile E. Coyote Canyon Blaster,Thrill Rides,false,0
2026-09-01T07:15:00Z,2026-09-01T03:15:00-04:00,2026-09-01,03:15,6371,WONDER WOMAN™ Lasso of Truth,Thrill Rides,false,0
2026-09-01T07:20:00Z,2026-09-01T03:20:00-04:00,2026-09-01,03:20,3231,Air Jumbo,Family Rides,false,0
2026-09-01T07:20:00Z,2026-09-01T03:20:00-04:00,2026-09-01,03:20,17425,Barrels O’ Fun,Family Rides,false,0
2026-09-01T07:20:00Z,2026-09-01T03:20:00-04:00,2026-09-01,03:20,3270,Buccaneer,Family Rides,false,0
2026-09-01T07:20:00Z,2026-09-01T03:20:00-04:00,2026-09-01,03:20,3237,Carousel,Family Rides,false,0
2026-09-01T07:20:00Z,2026-09-01T03:20:00-04:00,2026-09-01,03:20,3244,Enchanted Teacups,Family Rides,false,0
2026-09-01T07:20:00Z,2026-09-01T03:20:00-04:00,2026-09-01,03:20,3245,Fender Benders,Family Rides,false,0
2026-09-01T07:20:00Z,2026-09-01T03:20:00-04:00,2026-09-01,03:20,17426,Flying Scooters,Family Rides,false,0
2026-09-01T07:20:00Z,2026-09-01T03:20:00-04:00,2026-09-01,03:20,15604,Giant Wheel,Family Rides,false,0
2026-09-01T07:20:00Z,2026-09-01T03:20:00-04:00,2026-09-01,03:20,3236,HARLEY QUINN™ Crazy Train,Family Rides,false,0
2026-09-01T07:20:00Z,2026-09-01T03:20:00-04:00,2026-09-01,03:20,3249,Houdini’s Great Escape,Family Rides,false,0
2026-09-01T07:20:00Z,2026-09-01T03:20:00-04:00,2026-09-01,03:20,17427,Hypno Twister,Family Rides,false,0
2026-09-01T07:20:00Z,2026-09-01T03:20:00-04:00,2026-09-01,03:20,3250,Jolly Roger,Family Rides,false,0
2026-09-01T07:20:00Z,2026-09-01T03:20:00-04:00,2026-09-01,03:20,15829,Roaring Rapids,Family Rides,false,0
2026-09-01T07:20:00Z,2026-09-01T03:20:00-04:00,2026-09-01,03:20,15727,Scrambler,Family Rides,false,0
2026-09-01T07:20:00Z,2026-09-01T03:20:00-04:00,2026-09-01,03:20,3268,Tango,Family Rides,false,0
2026-09-01T07:20:00Z,2026-09-01T03:20:00-04:00,2026-09-01,03:20,17428,Wave Swinger,Family Rides,false,0
2026-09-01T07:20:00Z,2026-09-01T03:20:00-04:00,2026-09-01,03:20,3232,Air Safari,Kids' Rides,false,0
2026-09-01T07:20:00Z,2026-09-01T03:20:00-04:00,2026-09-01,03:20,10461,Barnstormer,Kids' Rides,false,0
2026-09-01T07:20:00Z,2026-09-01T03:20:00-04:00,2026-09-01,03:20,3275,Bugaboo,Kids' Rides,false,0
2026-09-01T07:20:00Z,2026-09-01T03:20:00-04:00,2026-09-01,03:20,3277,Bugs Bunny Camp Carousel,Kids' Rides,false,0
2026-09-01T07:20:00Z,2026-09-01T03:20:00-04:00,2026-09-01,03:20,3279,Bugs Bunny Ranger Pilots,Kids' Rides,false,0
2026-09-01T07:20:00Z,2026-09-01T03:20:00-04:00,2026-09-01,03:20,3240,Daffy Duck Hot Air Balloons,Kids' Rides,false,0
2026-09-01T07:20:00Z,2026-09-01T03:20:00-04:00,2026-09-01,03:20,10077,Lil' Devil Coaster,Kids' Rides,false,0
2026-09-01T07:20:00Z,2026-09-01T03:20:00-04:00,2026-09-01,03:20,15617,Porky Pig Camp Wagons,Kids' Rides,false,0
2026-09-01T07:20:00Z,2026-09-01T03:20:00-04:00,2026-09-01,03:20,3257,Raja’s Rickshaws,Kids' Rides,false,0
2026-09-01T07:20:00Z,2026-09-01T03:20:00-04:00,2026-09-01,03:20,3274,Safari Off-Road Adventure,Kids' Rides,false,0
2026-09-01T07:20:00Z,2026-09-01T03:20:00-04:00,2026-09-01,03:20,3283,Saw Mill Log Flume,Kids' Rides,false,0
2026-09-01T07:20:00Z,2026-09-01T03:20:00-04:00,2026-09-01,03:20,3281,Sky Zooma,Kids' Rides,false,0
2026-09-01T07:20:00Z,2026-09-01T03:20:00-04:00,2026-09-01,03:20,15789,Storm Chaser,Kids' Rides,false,0
2026-09-01T07:20:00Z,2026-09-01T03:20:00-04:00,2026-09-01,03:20,3267,Super Round Up,Kids' Rides,false,0
2026-09-01T07:20:00Z,2026-09-01T03:20:00-04:00,2026-09-01,03:20,15594,Tree Top Hopper,Kids' Rides,false,0
2026-09-01T07:20:00Z,2026-09-01T03:20:00-04:00,2026-09-01,03:20,3233,BATMAN™ The Ride,Thrill Rides,false,0
2026-09-01T07:20:00Z,2026-09-01T03:20:00-04:00,2026-09-01,03:20,3243,El Toro,Thrill Rides,false,0
2026-09-01T07:20:00Z,2026-09-01T03:20:00-04:00,2026-09-01,03:20,8539,Jersey Devil Coaster,Thrill Rides,false,0
2026-09-01T07:20:00Z,2026-09-01T03:20:00-04:00,2026-09-01,03:20,3916,JUSTICE LEAGUE™: Battle for METROPOLIS,Thrill Rides,false,0
2026-09-01T07:20:00Z,2026-09-01T03:20:00-04:00,2026-09-01,03:20,10533,Medusa,Thrill Rides,false,0
2026-09-01T07:20:00Z,2026-09-01T03:20:00-04:00,2026-09-01,03:20,3253,Nitro,Thrill Rides,false,0
2026-09-01T07:20:00Z,2026-09-01T03:20:00-04:00,2026-09-01,03:20,3261,Runaway Train,Thrill Rides,false,0
2026-09-01T07:20:00Z,2026-09-01T03:20:00-04:00,2026-09-01,03:20,3262,Skull Mountain,Thrill Rides,false,0
2026-09-01T07:20:00Z,2026-09-01T03:20:00-04:00,2026-09-01,03:20,3263,SkyScreamer,Thrill Rides,false,0
2026-09-01T07:20:00Z,2026-09-01T03:20:00-04:00,2026-09-01,03:20,3282,Slingshot,Thrill Rides,false,0
2026-09-01T07:20:00Z,2026-09-01T03:20:00-04:00,2026-09-01,03:20,3266,SUPERMAN™: Ultimate Flight,Thrill Rides,false,0
2026-09-01T07:20:00Z,2026-09-01T03:20:00-04:00,2026-09-01,03:20,3271,THE DARK KNIGHT™ Coaster,Thrill Rides,false,0
2026-09-01T07:20:00Z,2026-09-01T03:20:00-04:00,2026-09-01,03:20,14537,THE FLASH™: Vertical Velocity,Thrill Rides,false,0
2026-09-01T07:20:00Z,2026-09-01T03:20:00-04:00,2026-09-01,03:20,3288,THE JOKER™,Thrill Rides,false,0
2026-09-01T07:20:00Z,2026-09-01T03:20:00-04:00,2026-09-01,03:20,3273,Wile E. Coyote Canyon Blaster,Thrill Rides,false,0
2026-09-01T07:20:00Z,2026-09-01T03:20:00-04:00,2026-09-01,03:20,6371,WONDER WOMAN™ Lasso of Truth,Thrill Rides,false,0
2026-09-01T07:25:00Z,2026-09-01T03:25:00-04:00,2026-09-01,03:25,3231,Air Jumbo,Family Rides,false,0
2026-09-01T07:25:00Z,2026-09-01T03:25:00-04:00,2026-09-01,03:25,17425,Barrels O’ Fun,Family Rides,false,0
2026-09-01T07:25:00Z,2026-09-01T03:25:00-04:00,2026-09-01,03:25,3270,Buccaneer,Family Rides,false,0
2026-09-01T07:25:00Z,2026-09-01T03:25:00-04:00,2026-09-01,03:25,3237,Carousel,Family Rides,false,0
2026-09-01T07:25:00Z,2026-09-01T03:25:00-04:00,2026-09-01,03:25,3244,Enchanted Teacups,Family Rides,false,0
2026-09-01T07:25:00Z,2026-09-01T03:25:00-04:00,2026-09-01,03:25,3245,Fender Benders,Family Rides,false,0
2026-09-01T07:25:00Z,2026-09-01T03:25:00-04:00,2026-09-01,03:25,17426,Flying Scooters,Family Rides,false,0
2026-09-01T07:25:00Z,2026-09-01T03:25:00-04:00,2026-09-01,03:25,15604,Giant Wheel,Family Rides,false,0
2026-09-01T07:25:00Z,2026-09-01T03:25:00-04:00,2026-09-01,03:25,3236,HARLEY QUINN™ Crazy Train,Family Rides,false,0
2026-09-01T07:25:00Z,2026-09-01T03:25:00-04:00,2026-09-01,03:25,3249,Houdini’s Great Escape,Family Rides,false,0
2026-09-01T07:25:00Z,2026-09-01T03:25:00-04:00,2026-09-01,03:25,17427,Hypno Twister,Family Rides,false,0
2026-09-01T07:25:00Z,2026-09-01T03:25:00-04:00,2026-09-01,03:25,3250,Jolly Roger,Family Rides,false,0
2026-09-01T07:25:00Z,2026-09-01T03:25:00-04:00,2026-09-01,03:25,15829,Roaring Rapids,Family Rides,false,0
2026-09-01T07:25:00Z,2026-09-01T03:25:00-04:00,2026-09-01,03:25,15727,Scrambler,Family Rides,false,0
2026-09-01T07:25:00Z,2026-09-01T03:25:00-04:00,2026-09-01,03:25,3268,Tango,Family Rides,false,0
2026-09-01T07:25:00Z,2026-09-01T03:25:00-04:00,2026-09-01,03:25,17428,Wave Swinger,Family Rides,false,0
2026-09-01T07:25:00Z,2026-09-01T03:25:00-04:00,2026-09-01,03:25,3232,Air Safari,Kids' Rides,false,0
2026-09-01T07:25:00Z,2026-09-01T03:25:00-04:00,2026-09-01,03:25,10461,Barnstormer,Kids' Rides,false,0
2026-09-01T07:25:00Z,2026-09-01T03:25:00-04:00,2026-09-01,03:25,3275,Bugaboo,Kids' Rides,false,0
2026-09-01T07:25:00Z,2026-09-01T03:25:00-04:00,2026-09-01,03:25,3277,Bugs Bunny Camp Carousel,Kids' Rides,false,0
2026-09-01T07:25:00Z,2026-09-01T03:25:00-04:00,2026-09-01,03:25,3279,Bugs Bunny Ranger Pilots,Kids' Rides,false,0
2026-09-01T07:25:00Z,2026-09-01T03:25:00-04:00,2026-09-01,03:25,3240,Daffy Duck Hot Air Balloons,Kids' Rides,false,0
2026-09-01T07:25:00Z,2026-09-01T03:25:00-04:00,2026-09-01,03:25,10077,Lil' Devil Coaster,Kids' Rides,false,0
2026-09-01T07:25:00Z,2026-09-01T03:25:00-04:00,2026-09-01,03:25,15617,Porky Pig Camp Wagons,Kids' Rides,false,0
2026-09-01T07:25:00Z,2026-09-01T03:25:00-04:00,2026-09-01,03:25,3257,Raja’s Rickshaws,Kids' Rides,false,0
2026-09-01T07:25:00Z,2026-09-01T03:25:00-04:00,2026-09-01,03:25,3274,Safari Off-Road Adventure,Kids' Rides,false,0
2026-09-01T07:25:00Z,2026-09-01T03:25:00-04:00,2026-09-01,03:25,3283,Saw Mill Log Flume,Kids' Rides,false,0
2026-09-01T07:25:00Z,2026-09-01T03:25:00-04:00,2026-09-01,03:25,3281,Sky Zooma,Kids' Rides,false,0
2026-09-01T07:25:00Z,2026-09-01T03:25:00-04:00,2026-09-01,03:25,15789,Storm Chaser,Kids' Rides,false,0
2026-09-01T07:25:00Z,2026-09-01T03:25:00-04:00,2026-09-01,03:25,3267,Super Round Up,Kids' Rides,false,0
2026-09-01T07:25:00Z,2026-09-01T03:25:00-04:00,2026-09-01,03:25,15594,Tree Top Hopper,Kids' Rides,false,0
2026-09-01T07:25:00Z,2026-09-01T03:25:00-04:00,2026-09-01,03:25,3233,BATMAN™ The Ride,Thrill Rides,false,0
2026-09-01T07:25:00Z,2026-09-01T03:25:00-04:00,2026-09-01,03:25,3243,El Toro,Thrill Rides,false,0
2026-09-01T07:25:00Z,2026-09-01T03:25:00-04:00,2026-09-01,03:25,8539,Jersey Devil Coaster,Thrill Rides,false,0
2026-09-01T07:25:00Z,2026-09-01T03:25:00-04:00,2026-09-01,03:25,3916,JUSTICE LEAGUE™: Battle for METROPOLIS,Thrill Rides,false,0
2026-09-01T07:25:00Z,2026-09-01T03:25:00-04:00,2026-09-01,03:25,10533,Medusa,Thrill Rides,false,0
2026-09-01T07:25:00Z,2026-09-01T03:25:00-04:00,2026-09-01,03:25,3253,Nitro,Thrill Rides,false,0
2026-09-01T07:25:00Z,2026-09-01T03:25:00-04:00,2026-09-01,03:25,3261,Runaway Train,Thrill Rides,false,0
2026-09-01T07:25:00Z,2026-09-01T03:25:00-04:00,2026-09-01,03:25,3262,Skull Mountain,Thrill Rides,false,0
2026-09-01T07:25:00Z,2026-09-01T03:25:00-04:00,2026-09-01,03:25,3263,SkyScreamer,Thrill Rides,false,0
2026-09-01T07:25:00Z,2026-09-01T03:25:00-04:00,2026-09-01,03:25,3282,Slingshot,Thrill Rides,false,0
2026-09-01T07:25:00Z,2026-09-01T03:25:00-04:00,2026-09-01,03:25,3266,SUPERMAN™: Ultimate Flight,Thrill Rides,false,0
2026-09-01T07:25:00Z,2026-09-01T03:25:00-04:00,2026-09-01,03:25,3271,THE DARK KNIGHT™ Coaster,Thrill Rides,false,0
2026-09-01T07:25:00Z,2026-09-01T03:25:00-04:00,2026-09-01,03:25,14537,THE FLASH™: Vertical Velocity,Thrill Rides,false,0
2026-09-01T07:25:00Z,2026-09-01T03:25:00-04:00,2026-09-01,03:25,3288,THE JOKER™,Thrill Rides,false,0
2026-09-01T07:25:00Z,2026-09-01T03:25:00-04:00,2026-09-01,03:25,3273,Wile E. Coyote Canyon Blaster,Thrill Rides,false,0
2026-09-01T07:25:00Z,2026-09-01T03:25:00-04:00,2026-09-01,03:25,6371,WONDER WOMAN™ Lasso of Truth,Thrill Rides,false,0
2026-09-01T07:30:00Z,2026-09-01T03:30:00-04:00,2026-09-01,03:30,3231,Air Jumbo,Family Rides,false,0
2026-09-01T07:30:00Z,2026-09-01T03:30:00-04:00,2026-09-01,03:30,17425,Barrels O’ Fun,Family Rides,false,0
2026-09-01T07:30:00Z,2026-09-01T03:30:00-04:00,2026-09-01,03:30,3270,Buccaneer,Family Rides,false,0
2026-09-01T07:30:00Z,2026-09-01T03:30:00-04:00,2026-09-01,03:30,3237,Carousel,Family Rides,false,0
2026-09-01T07:30:00Z,2026-09-01T03:30:00-04:00,2026-09-01,03:30,3244,Enchanted Teacups,Family Rides,false,0
2026-09-01T07:30:00Z,2026-09-01T03:30:00-04:00,2026-09-01,03:30,3245,Fender Benders,Family Rides,false,0
2026-09-01T07:30:00Z,2026-09-01T03:30:00-04:00,2026-09-01,03:30,17426,Flying Scooters,Family Rides,false,0
2026-09-01T07:30:00Z,2026-09-01T03:30:00-04:00,2026-09-01,03:30,15604,Giant Wheel,Family Rides,false,0
2026-09-01T07:30:00Z,2026-09-01T03:30:00-04:00,2026-09-01,03:30,3236,HARLEY QUINN™ Crazy Train,Family Rides,false,0
2026-09-01T07:30:00Z,2026-09-01T03:30:00-04:00,2026-09-01,03:30,3249,Houdini’s Great Escape,Family Rides,false,0
2026-09-01T07:30:00Z,2026-09-01T03:30:00-04:00,2026-09-01,03:30,17427,Hypno Twister,Family Rides,false,0
2026-09-01T07:30:00Z,2026-09-01T03:30:00-04:00,2026-09-01,03:30,3250,Jolly Roger,Family Rides,false,0
2026-09-01T07:30:00Z,2026-09-01T03:30:00-04:00,2026-09-01,03:30,15829,Roaring Rapids,Family Rides,false,0
2026-09-01T07:30:00Z,2026-09-01T03:30:00-04:00,2026-09-01,03:30,15727,Scrambler,Family Rides,false,0
2026-09-01T07:30:00Z,2026-09-01T03:30:00-04:00,2026-09-01,03:30,3268,Tango,Family Rides,false,0
2026-09-01T07:30:00Z,2026-09-01T03:30:00-04:00,2026-09-01,03:30,17428,Wave Swinger,Family Rides,false,0
2026-09-01T07:30:00Z,2026-09-01T03:30:00-04:00,2026-09-01,03:30,3232,Air Safari,Kids' Rides,false,0
2026-09-01T07:30:00Z,2026-09-01T03:30:00-04:00,2026-09-01,03:30,10461,Barnstormer,Kids' Rides,false,0
2026-09-01T07:30:00Z,2026-09-01T03:30:00-04:00,2026-09-01,03:30,3275,Bugaboo,Kids' Rides,false,0
2026-09-01T07:30:00Z,2026-09-01T03:30:00-04:00,2026-09-01,03:30,3277,Bugs Bunny Camp Carousel,Kids' Rides,false,0
2026-09-01T07:30:00Z,2026-09-01T03:30:00-04:00,2026-09-01,03:30,3279,Bugs Bunny Ranger Pilots,Kids' Rides,false,0
2026-09-01T07:30:00Z,2026-09-01T03:30:00-04:00,2026-09-01,03:30,3240,Daffy Duck Hot Air Balloons,Kids' Rides,false,0
2026-09-01T07:30:00Z,2026-09-01T03:30:00-04:00,2026-09-01,03:30,10077,Lil' Devil Coaster,Kids' Rides,false,0
2026-09-01T07:30:00Z,2026-09-01T03:30:00-04:00,2026-09-01,03:30,15617,Porky Pig Camp Wagons,Kids' Rides,false,0
2026-09-01T07:30:00Z,2026-09-01T03:30:00-04:00,2026-09-01,03:30,3257,Raja’s Rickshaws,Kids' Rides,false,0
2026-09-01T07:30:00Z,2026-09-01T03:30:00-04:00,2026-09-01,03:30,3274,Safari Off-Road Adventure,Kids' Rides,false,0
2026-09-01T07:30:00Z,2026-09-01T03:30:00-04:00,2026-09-01,03:30,3283,Saw Mill Log Flume,Kids' Rides,false,0
2026-09-01T07:30:00Z,2026-09-01T03:30:00-04:00,2026-09-01,03:30,3281,Sky Zooma,Kids' Rides,false,0
2026-09-01T07:30:00Z,2026-09-01T03:30:00-04:00,2026-09-01,03:30,15789,Storm Chaser,Kids' Rides,false,0
2026-09-01T07:30:00Z,2026-09-01T03:30:00-04:00,2026-09-01,03:30,3267,Super Round Up,Kids' Rides,false,0
2026-09-01T07:30:00Z,2026-09-01T03:30:00-04:00,2026-09-01,03:30,15594,Tree Top Hopper,Kids' Rides,false,0
2026-09-01T07:30:00Z,2026-09-01T03:30:00-04:00,2026-09-01,03:30,3233,BATMAN™ The Ride,Thrill Rides,false,0
2026-09-01T07:30:00Z,2026-09-01T03:30:00-04:00,2026-09-01,03:30,3243,El Toro,Thrill Rides,false,0
2026-09-01T07:30:00Z,2026-09-01T03:30:00-04:00,2026-09-01,03:30,8539,Jersey Devil Coaster,Thrill Rides,false,0
2026-09-01T07:30:00Z,2026-09-01T03:30:00-04:00,2026-09-01,03:30,3916,JUSTICE LEAGUE™: Battle for METROPOLIS,Thrill Rides,false,0
2026-09-01T07:30:00Z,2026-09-01T03:30:00-04:00,2026-09-01,03:30,10533,Medusa,Thrill Rides,false,0
2026-09-01T07:30:00Z,2026-09-01T03:30:00-04:00,2026-09-01,03:30,3253,Nitro,Thrill Rides,false,0
2026-09-01T07:30:00Z,2026-09-01T03:30:00-04:00,2026-09-01,03:30,3261,Runaway Train,Thrill Rides,false,0
2026-09-01T07:30:00Z,2026-09-01T03:30:00-04:00,2026-09-01,03:30,3262,Skull Mountain,Thrill Rides,false,0
2026-09-01T07:30:00Z,2026-09-01T03:30:00-04:00,2026-09-01,03:30,3263,SkyScreamer,Thrill Rides,false,0
2026-09-01T07:30:00Z,2026-09-01T03:30:00-04:00,2026-09-01,03:30,3282,Slingshot,Thrill Rides,false,0
2026-09-01T07:30:00Z,2026-09-01T03:30:00-04:00,2026-09-01,03:30,3266,SUPERMAN™: Ultimate Flight,Thrill Rides,false,0
2026-09-01T07:30:00Z,2026-09-01T03:30:00-04:00,2026-09-01,03:30,3271,THE DARK KNIGHT™ Coaster,Thrill Rides,false,0
2026-09-01T07:30:00Z,2026-09-01T03:30:00-04:00,2026-09-01,03:30,14537,THE FLASH™: Vertical Velocity,Thrill Rides,false,0
2026-09-01T07:30:00Z,2026-09-01T03:30:00-04:00,2026-09-01,03:30,3288,THE JOKER™,Thrill Rides,false,0
2026-09-01T07:30:00Z,2026-09-01T03:30:00-04:00,2026-09-01,03:30,3273,Wile E. Coyote Canyon Blaster,Thrill Rides,false,0
2026-09-01T07:30:00Z,2026-09-01T03:30:00-04:00,2026-09-01,03:30,6371,WONDER WOMAN™ Lasso of Truth,Thrill Rides,false,0
2026-09-01T07:35:00Z,2026-09-01T03:35:00-04:00,2026-09-01,03:35,3231,Air Jumbo,Family Rides,false,0
2026-09-01T07:35:00Z,2026-09-01T03:35:00-04:00,2026-09-01,03:35,17425,Barrels O’ Fun,Family Rides,false,0
2026-09-01T07:35:00Z,2026-09-01T03:35:00-04:00,2026-09-01,03:35,3270,Buccaneer,Family Rides,false,0
2026-09-01T07:35:00Z,2026-09-01T03:35:00-04:00,2026-09-01,03:35,3237,Carousel,Family Rides,false,0
2026-09-01T07:35:00Z,2026-09-01T03:35:00-04:00,2026-09-01,03:35,3244,Enchanted Teacups,Family Rides,false,0
2026-09-01T07:35:00Z,2026-09-01T03:35:00-04:00,2026-09-01,03:35,3245,Fender Benders,Family Rides,false,0
2026-09-01T07:35:00Z,2026-09-01T03:35:00-04:00,2026-09-01,03:35,17426,Flying Scooters,Family Rides,false,0
2026-09-01T07:35:00Z,2026-09-01T03:35:00-04:00,2026-09-01,03:35,15604,Giant Wheel,Family Rides,false,0
2026-09-01T07:35:00Z,2026-09-01T03:35:00-04:00,2026-09-01,03:35,3236,HARLEY QUINN™ Crazy Train,Family Rides,false,0
2026-09-01T07:35:00Z,2026-09-01T03:35:00-04:00,2026-09-01,03:35,3249,Houdini’s Great Escape,Family Rides,false,0
2026-09-01T07:35:00Z,2026-09-01T03:35:00-04:00,2026-09-01,03:35,17427,Hypno Twister,Family Rides,false,0
2026-09-01T07:35:00Z,2026-09-01T03:35:00-04:00,2026-09-01,03:35,3250,Jolly Roger,Family Rides,false,0
2026-09-01T07:35:00Z,2026-09-01T03:35:00-04:00,2026-09-01,03:35,15829,Roaring Rapids,Family Rides,false,0
2026-09-01T07:35:00Z,2026-09-01T03:35:00-04:00,2026-09-01,03:35,15727,Scrambler,Family Rides,false,0
2026-09-01T07:35:00Z,2026-09-01T03:35:00-04:00,2026-09-01,03:35,3268,Tango,Family Rides,false,0
2026-09-01T07:35:00Z,2026-09-01T03:35:00-04:00,2026-09-01,03:35,17428,Wave Swinger,Family Rides,false,0
2026-09-01T07:35:00Z,2026-09-01T03:35:00-04:00,2026-09-01,03:35,3232,Air Safari,Kids' Rides,false,0
2026-09-01T07:35:00Z,2026-09-01T03:35:00-04:00,2026-09-01,03:35,10461,Barnstormer,Kids' Rides,false,0
2026-09-01T07:35:00Z,2026-09-01T03:35:00-04:00,2026-09-01,03:35,3275,Bugaboo,Kids' Rides,false,0
2026-09-01T07:35:00Z,2026-09-01T03:35:00-04:00,2026-09-01,03:35,3277,Bugs Bunny Camp Carousel,Kids' Rides,false,0
2026-09-01T07:35:00Z,2026-09-01T03:35:00-04:00,2026-09-01,03:35,3279,Bugs Bunny Ranger Pilots,Kids' Rides,false,0
2026-09-01T07:35:00Z,2026-09-01T03:35:00-04:00,2026-09-01,03:35,3240,Daffy Duck Hot Air Balloons,Kids' Rides,false,0
2026-09-01T07:35:00Z,2026-09-01T03:35:00-04:00,2026-09-01,03:35,10077,Lil' Devil Coaster,Kids' Rides,false,0
2026-09-01T07:35:00Z,2026-09-01T03:35:00-04:00,2026-09-01,03:35,15617,Porky Pig Camp Wagons,Kids' Rides,false,0
2026-09-01T07:35:00Z,2026-09-01T03:35:00-04:00,2026-09-01,03:35,3257,Raja’s Rickshaws,Kids' Rides,false,0
2026-09-01T07:35:00Z,2026-09-01T03:35:00-04:00,2026-09-01,03:35,3274,Safari Off-Road Adventure,Kids' Rides,false,0
2026-09-01T07:35:00Z,2026-09-01T03:35:00-04:00,2026-09-01,03:35,3283,Saw Mill Log Flume,Kids' Rides,false,0
2026-09-01T07:35:00Z,2026-09-01T03:35:00-04:00,2026-09-01,03:35,3281,Sky Zooma,Kids' Rides,false,0
2026-09-01T07:35:00Z,2026-09-01T03:35:00-04:00,2026-09-01,03:35,15789,Storm Chaser,Kids' Rides,false,0
2026-09-01T07:35:00Z,2026-09-01T03:35:00-04:00,2026-09-01,03:35,3267,Super Round Up,Kids' Rides,false,0
2026-09-01T07:35:00Z,2026-09-01T03:35:00-04:00,2026-09-01,03:35,15594,Tree Top Hopper,Kids' Rides,false,0
2026-09-01T07:35:00Z,2026-09-01T03:35:00-04:00,2026-09-01,03:35,3233,BATMAN™ The Ride,Thrill Rides,false,0
2026-09-01T07:35:00Z,2026-09-01T03:35:00-04:00,2026-09-01,03:35,3243,El Toro,Thrill Rides,false,0
2026-09-01T07:35:00Z,2026-09-01T03:35:00-04:00,2026-09-01,03:35,8539,Jersey Devil Coaster,Thrill Rides,false,0
2026-09-01T07:35:00Z,2026-09-01T03:35:00-04:00,2026-09-01,03:35,3916,JUSTICE LEAGUE™: Battle for METROPOLIS,Thrill Rides,false,0
2026-09-01T07:35:00Z,2026-09-01T03:35:00-04:00,2026-09-01,03:35,10533,Medusa,Thrill Rides,false,0
2026-09-01T07:35:00Z,2026-09-01T03:35:00-04:00,2026-09-01,03:35,3253,Nitro,Thrill Rides,false,0
2026-09-01T07:35:00Z,2026-09-01T03:35:00-04:00,2026-09-01,03:35,3261,Runaway Train,Thrill Rides,false,0
2026-09-01T07:35:00Z,2026-09-01T03:35:00-04:00,2026-09-01,03:35,3262,Skull Mountain,Thrill Rides,false,0
2026-09-01T07:35:00Z,2026-09-01T03:35:00-04:00,2026-09-01,03:35,3263,SkyScreamer,Thrill Rides,false,0
2026-09-01T07:35:00Z,2026-09-01T03:35:00-04:00,2026-09-01,03:35,3282,Slingshot,Thrill Rides,false,0
2026-09-01T07:35:00Z,2026-09-01T03:35:00-04:00,2026-09-01,03:35,3266,SUPERMAN™: Ultimate Flight,Thrill Rides,false,0
2026-09-01T07:35:00Z,2026-09-01T03:35:00-04:00,2026-09-01,03:35,3271,THE DARK KNIGHT™ Coaster,Thrill Rides,false,0
2026-09-01T07:35:00Z,2026-09-01T03:35:00-04:00,2026-09-01,03:35,14537,THE FLASH™: Vertical Velocity,Thrill Rides,false,0
2026-09-01T07:35:00Z,2026-09-01T03:35:00-04:00,2026-09-01,03:35,3288,THE JOKER™,Thrill Rides,false,0
2026-09-01T07:35:00Z,2026-09-01T03:35:00-04:00,2026-09-01,03:35,3273,Wile E. Coyote Canyon Blaster,Thrill Rides,false,0
2026-09-01T07:35:00Z,2026-09-01T03:35:00-04:00,2026-09-01,03:35,6371,WONDER WOMAN™ Lasso of Truth,Thrill Rides,false,0
2026-09-01T07:40:00Z,2026-09-01T03:40:00-04:00,2026-09-01,03:40,3231,Air Jumbo,Family Rides,false,0
2026-09-01T07:40:00Z,2026-09-01T03:40:00-04:00,2026-09-01,03:40,17425,Barrels O’ Fun,Family Rides,false,0
2026-09-01T07:40:00Z,2026-09-01T03:40:00-04:00,2026-09-01,03:40,3270,Buccaneer,Family Rides,false,0
2026-09-01T07:40:00Z,2026-09-01T03:40:00-04:00,2026-09-01,03:40,3237,Carousel,Family Rides,false,0
2026-09-01T07:40:00Z,2026-09-01T03:40:00-04:00,2026-09-01,03:40,3244,Enchanted Teacups,Family Rides,false,0
2026-09-01T07:40:00Z,2026-09-01T03:40:00-04:00,2026-09-01,03:40,3245,Fender Benders,Family Rides,false,0
2026-09-01T07:40:00Z,2026-09-01T03:40:00-04:00,2026-09-01,03:40,17426,Flying Scooters,Family Rides,false,0
2026-09-01T07:40:00Z,2026-09-01T03:40:00-04:00,2026-09-01,03:40,15604,Giant Wheel,Family Rides,false,0
2026-09-01T07:40:00Z,2026-09-01T03:40:00-04:00,2026-09-01,03:40,3236,HARLEY QUINN™ Crazy Train,Family Rides,false,0
2026-09-01T07:40:00Z,2026-09-01T03:40:00-04:00,2026-09-01,03:40,3249,Houdini’s Great Escape,Family Rides,false,0
2026-09-01T07:40:00Z,2026-09-01T03:40:00-04:00,2026-09-01,03:40,17427,Hypno Twister,Family Rides,false,0
2026-09-01T07:40:00Z,2026-09-01T03:40:00-04:00,2026-09-01,03:40,3250,Jolly Roger,Family Rides,false,0
2026-09-01T07:40:00Z,2026-09-01T03:40:00-04:00,2026-09-01,03:40,15829,Roaring Rapids,Family Rides,false,0
2026-09-01T07:40:00Z,2026-09-01T03:40:00-04:00,2026-09-01,03:40,15727,Scrambler,Family Rides,false,0
2026-09-01T07:40:00Z,2026-09-01T03:40:00-04:00,2026-09-01,03:40,3268,Tango,Family Rides,false,0
2026-09-01T07:40:00Z,2026-09-01T03:40:00-04:00,2026-09-01,03:40,17428,Wave Swinger,Family Rides,false,0
2026-09-01T07:40:00Z,2026-09-01T03:40:00-04:00,2026-09-01,03:40,3232,Air Safari,Kids' Rides,false,0
2026-09-01T07:40:00Z,2026-09-01T03:40:00-04:00,2026-09-01,03:40,10461,Barnstormer,Kids' Rides,false,0
2026-09-01T07:40:00Z,2026-09-01T03:40:00-04:00,2026-09-01,03:40,3275,Bugaboo,Kids' Rides,false,0
2026-09-01T07:40:00Z,2026-09-01T03:40:00-04:00,2026-09-01,03:40,3277,Bugs Bunny Camp Carousel,Kids' Rides,false,0
2026-09-01T07:40:00Z,2026-09-01T03:40:00-04:00,2026-09-01,03:40,3279,Bugs Bunny Ranger Pilots,Kids' Rides,false,0
2026-09-01T07:40:00Z,2026-09-01T03:40:00-04:00,2026-09-01,03:40,3240,Daffy Duck Hot Air Balloons,Kids' Rides,false,0
2026-09-01T07:40:00Z,2026-09-01T03:40:00-04:00,2026-09-01,03:40,10077,Lil' Devil Coaster,Kids' Rides,false,0
2026-09-01T07:40:00Z,2026-09-01T03:40:00-04:00,2026-09-01,03:40,15617,Porky Pig Camp Wagons,Kids' Rides,false,0
2026-09-01T07:40:00Z,2026-09-01T03:40:00-04:00,2026-09-01,03:40,3257,Raja’s Rickshaws,Kids' Rides,false,0
2026-09-01T07:40:00Z,2026-09-01T03:40:00-04:00,2026-09-01,03:40,3274,Safari Off-Road Adventure,Kids' Rides,false,0
2026-09-01T07:40:00Z,2026-09-01T03:40:00-04:00,2026-09-01,03:40,3283,Saw Mill Log Flume,Kids' Rides,false,0
2026-09-01T07:40:00Z,2026-09-01T03:40:00-04:00,2026-09-01,03:40,3281,Sky Zooma,Kids' Rides,false,0
2026-09-01T07:40:00Z,2026-09-01T03:40:00-04:00,2026-09-01,03:40,15789,Storm Chaser,Kids' Rides,false,0
2026-09-01T07:40:00Z,2026-09-01T03:40:00-04:00,2026-09-01,03:40,3267,Super Round Up,Kids' Rides,false,0
2026-09-01T07:40:00Z,2026-09-01T03:40:00-04:00,2026-09-01,03:40,15594,Tree Top Hopper,Kids' Rides,false,0
2026-09-01T07:40:00Z,2026-09-01T03:40:00-04:00,2026-09-01,03:40,3233,BATMAN™ The Ride,Thrill Rides,false,0
2026-09-01T07:40:00Z,2026-09-01T03:40:00-04:00,2026-09-01,03:40,3243,El Toro,Thrill Rides,false,0
2026-09-01T07:40:00Z,2026-09-01T03:40:00-04:00,2026-09-01,03:40,8539,Jersey Devil Coaster,Thrill Rides,false,0
2026-09-01T07:40:00Z,2026-09-01T03:40:00-04:00,2026-09-01,03:40,3916,JUSTICE LEAGUE™: Battle for METROPOLIS,Thrill Rides,false,0
2026-09-01T07:40:00Z,2026-09-01T03:40:00-04:00,2026-09-01,03:40,10533,Medusa,Thrill Rides,false,0
2026-09-01T07:40:00Z,2026-09-01T03:40:00-04:00,2026-09-01,03:40,3253,Nitro,Thrill Rides,false,0
2026-09-01T07:40:00Z,2026-09-01T03:40:00-04:00,2026-09-01,03:40,3261,Runaway Train,Thrill Rides,false,0
2026-09-01T07:40:00Z,2026-09-01T03:40:00-04:00,2026-09-01,03:40,3262,Skull Mountain,Thrill Rides,false,0
2026-09-01T07:40:00Z,2026-09-01T03:40:00-04:00,2026-09-01,03:40,3263,SkyScreamer,Thrill Rides,false,0
2026-09-01T07:40:00Z,2026-09-01T03:40:00-04:00,2026-09-01,03:40,3282,Slingshot,Thrill Rides,false,0
2026-09-01T07:40:00Z,2026-09-01T03:40:00-04:00,2026-09-01,03:40,3266,SUPERMAN™: Ultimate Flight,Thrill Rides,false,0
2026-09-01T07:40:00Z,2026-09-01T03:40:00-04:00,2026-09-01,03:40,3271,THE DARK KNIGHT™ Coaster,Thrill Rides,false,0
2026-09-01T07:40:00Z,2026-09-01T03:40:00-04:00,2026-09-01,03:40,14537,THE FLASH™: Vertical Velocity,Thrill Rides,false,0
2026-09-01T07:40:00Z,2026-09-01T03:40:00-04:00,2026-09-01,03:40,3288,THE JOKER™,Thrill Rides,false,0
2026-09-01T07:40:00Z,2026-09-01T03:40:00-04:00,2026-09-01,03:40,3273,Wile E. Coyote Canyon Blaster,Thrill Rides,false,0
2026-09-01T07:40:00Z,2026-09-01T03:40:00-04:00,2026-09-01,03:40,6371,WONDER WOMAN™ Lasso of Truth,Thrill Rides,false,0
2026-09-01T07:45:00Z,2026-09-01T03:45:00-04:00,2026-09-01,03:45,3231,Air Jumbo,Family Rides,false,0
2026-09-01T07:45:00Z,2026-09-01T03:45:00-04:00,2026-09-01,03:45,17425,Barrels O’ Fun,Family Rides,false,0
2026-09-01T07:45:00Z,2026-09-01T03:45:00-04:00,2026-09-01,03:45,3270,Buccaneer,Family Rides,false,0
2026-09-01T07:45:00Z,2026-09-01T03:45:00-04:00,2026-09-01,03:45,3237,Carousel,Family Rides,false,0
2026-09-01T07:45:00Z,2026-09-01T03:45:00-04:00,2026-09-01,03:45,3244,Enchanted Teacups,Family Rides,false,0
2026-09-01T07:45:00Z,2026-09-01T03:45:00-04:00,2026-09-01,03:45,3245,Fender Benders,Family Rides,false,0
2026-09-01T07:45:00Z,2026-09-01T03:45:00-04:00,2026-09-01,03:45,17426,Flying Scooters,Family Rides,false,0
2026-09-01T07:45:00Z,2026-09-01T03:45:00-04:00,2026-09-01,03:45,15604,Giant Wheel,Family Rides,false,0
2026-09-01T07:45:00Z,2026-09-01T03:45:00-04:00,2026-09-01,03:45,3236,HARLEY QUINN™ Crazy Train,Family Rides,false,0
2026-09-01T07:45:00Z,2026-09-01T03:45:00-04:00,2026-09-01,03:45,3249,Houdini’s Great Escape,Family Rides,false,0
2026-09-01T07:45:00Z,2026-09-01T03:45:00-04:00,2026-09-01,03:45,17427,Hypno Twister,Family Rides,false,0
2026-09-01T07:45:00Z,2026-09-01T03:45:00-04:00,2026-09-01,03:45,3250,Jolly Roger,Family Rides,false,0
2026-09-01T07:45:00Z,2026-09-01T03:45:00-04:00,2026-09-01,03:45,15829,Roaring Rapids,Family Rides,false,0
2026-09-01T07:45:00Z,2026-09-01T03:45:00-04:00,2026-09-01,03:45,15727,Scrambler,Family Rides,false,0
2026-09-01T07:45:00Z,2026-09-01T03:45:00-04:00,2026-09-01,03:45,3268,Tango,Family Rides,false,0
2026-09-01T07:45:00Z,2026-09-01T03:45:00-04:00,2026-09-01,03:45,17428,Wave Swinger,Family Rides,false,0
2026-09-01T07:45:00Z,2026-09-01T03:45:00-04:00,2026-09-01,03:45,3232,Air Safari,Kids' Rides,false,0
2026-09-01T07:45:00Z,2026-09-01T03:45:00-04:00,2026-09-01,03:45,10461,Barnstormer,Kids' Rides,false,0
2026-09-01T07:45:00Z,2026-09-01T03:45:00-04:00,2026-09-01,03:45,3275,Bugaboo,Kids' Rides,false,0
2026-09-01T07:45:00Z,2026-09-01T03:45:00-04:00,2026-09-01,03:45,3277,Bugs Bunny Camp Carousel,Kids' Rides,false,0
2026-09-01T07:45:00Z,2026-09-01T03:45:00-04:00,2026-09-01,03:45,3279,Bugs Bunny Ranger Pilots,Kids' Rides,false,0
2026-09-01T07:45:00Z,2026-09-01T03:45:00-04:00,2026-09-01,03:45,3240,Daffy Duck Hot Air Balloons,Kids' Rides,false,0
2026-09-01T07:45:00Z,2026-09-01T03:45:00-04:00,2026-09-01,03:45,10077,Lil' Devil Coaster,Kids' Rides,false,0
2026-09-01T07:45:00Z,2026-09-01T03:45:00-04:00,2026-09-01,03:45,15617,Porky Pig Camp Wagons,Kids' Rides,false,0
2026-09-01T07:45:00Z,2026-09-01T03:45:00-04:00,2026-09-01,03:45,3257,Raja’s Rickshaws,Kids' Rides,false,0
2026-09-01T07:45:00Z,2026-09-01T03:45:00-04:00,2026-09-01,03:45,3274,Safari Off-Road Adventure,Kids' Rides,false,0
2026-09-01T07:45:00Z,2026-09-01T03:45:00-04:00,2026-09-01,03:45,3283,Saw Mill Log Flume,Kids' Rides,false,0
2026-09-01T07:45:00Z,2026-09-01T03:45:00-04:00,2026-09-01,03:45,3281,Sky Zooma,Kids' Rides,false,0
2026-09-01T07:45:00Z,2026-09-01T03:45:00-04:00,2026-09-01,03:45,15789,Storm Chaser,Kids' Rides,false,0
2026-09-01T07:45:00Z,2026-09-01T03:45:00-04:00,2026-09-01,03:45,3267,Super Round Up,Kids' Rides,false,0
2026-09-01T07:45:00Z,2026-09-01T03:45:00-04:00,2026-09-01,03:45,15594,Tree Top Hopper,Kids' Rides,false,0
2026-09-01T07:45:00Z,2026-09-01T03:45:00-04:00,2026-09-01,03:45,3233,BATMAN™ The Ride,Thrill Rides,false,0
2026-09-01T07:45:00Z,2026-09-01T03:45:00-04:00,2026-09-01,03:45,3243,El Toro,Thrill Rides,false,0
2026-09-01T07:45:00Z,2026-09-01T03:45:00-04:00,2026-09-01,03:45,8539,Jersey Devil Coaster,Thrill Rides,false,0
2026-09-01T07:45:00Z,2026-09-01T03:45:00-04:00,2026-09-01,03:45,3916,JUSTICE LEAGUE™: Battle for METROPOLIS,Thrill Rides,false,0
2026-09-01T07:45:00Z,2026-09-01T03:45:00-04:00,2026-09-01,03:45,10533,Medusa,Thrill Rides,false,0
2026-09-01T07:45:00Z,2026-09-01T03:45:00-04:00,2026-09-01,03:45,3253,Nitro,Thrill Rides,false,0
2026-09-01T07:45:00Z,2026-09-01T03:45:00-04:00,2026-09-01,03:45,3261,Runaway Train,Thrill Rides,false,0
2026-09-01T07:45:00Z,2026-09-01T03:45:00-04:00,2026-09-01,03:45,3262,Skull Mountain,Thrill Rides,false,0
2026-09-01T07:45:00Z,2026-09-01T03:45:00-04:00,2026-09-01,03:45,3263,SkyScreamer,Thrill Rides,false,0
2026-09-01T07:45:00Z,2026-09-01T03:45:00-04:00,2026-09-01,03:45,3282,Slingshot,Thrill Rides,false,0
2026-09-01T07:45:00Z,2026-09-01T03:45:00-04:00,2026-09-01,03:45,3266,SUPERMAN™: Ultimate Flight,Thrill Rides,false,0
2026-09-01T07:45:00Z,2026-09-01T03:45:00-04:00,2026-09-01,03:45,3271,THE DARK KNIGHT™ Coaster,Thrill Rides,false,0
2026-09-01T07:45:00Z,2026-09-01T03:45:00-04:00,2026-09-01,03:45,14537,THE FLASH™: Vertical Velocity,Thrill Rides,false,0
2026-09-01T07:45:00Z,2026-09-01T03:45:00-04:00,2026-09-01,03:45,3288,THE JOKER™,Thrill Rides,false,0
2026-09-01T07:45:00Z,2026-09-01T03:45:00-04:00,2026-09-01,03:45,3273,Wile E. Coyote Canyon Blaster,Thrill Rides,false,0
2026-09-01T07:45:00Z,2026-09-01T03:45:00-04:00,2026-09-01,03:45,6371,WONDER WOMAN™ Lasso of Truth,Thrill Rides,false,0
2026-09-01T07:50:00Z,2026-09-01T03:50:00-04:00,2026-09-01,03:50,3231,Air Jumbo,Family Rides,false,0
2026-09-01T07:50:00Z,2026-09-01T03:50:00-04:00,2026-09-01,03:50,17425,Barrels O’ Fun,Family Rides,false,0
2026-09-01T07:50:00Z,2026-09-01T03:50:00-04:00,2026-09-01,03:50,3270,Buccaneer,Family Rides,false,0
2026-09-01T07:50:00Z,2026-09-01T03:50:00-04:00,2026-09-01,03:50,3237,Carousel,Family Rides,false,0
2026-09-01T07:50:00Z,2026-09-01T03:50:00-04:00,2026-09-01,03:50,3244,Enchanted Teacups,Family Rides,false,0
2026-09-01T07:50:00Z,2026-09-01T03:50:00-04:00,2026-09-01,03:50,3245,Fender Benders,Family Rides,false,0
2026-09-01T07:50:00Z,2026-09-01T03:50:00-04:00,2026-09-01,03:50,17426,Flying Scooters,Family Rides,false,0
2026-09-01T07:50:00Z,2026-09-01T03:50:00-04:00,2026-09-01,03:50,15604,Giant Wheel,Family Rides,false,0
2026-09-01T07:50:00Z,2026-09-01T03:50:00-04:00,2026-09-01,03:50,3236,HARLEY QUINN™ Crazy Train,Family Rides,false,0
2026-09-01T07:50:00Z,2026-09-01T03:50:00-04:00,2026-09-01,03:50,3249,Houdini’s Great Escape,Family Rides,false,0
2026-09-01T07:50:00Z,2026-09-01T03:50:00-04:00,2026-09-01,03:50,17427,Hypno Twister,Family Rides,false,0
2026-09-01T07:50:00Z,2026-09-01T03:50:00-04:00,2026-09-01,03:50,3250,Jolly Roger,Family Rides,false,0
2026-09-01T07:50:00Z,2026-09-01T03:50:00-04:00,2026-09-01,03:50,15829,Roaring Rapids,Family Rides,false,0
2026-09-01T07:50:00Z,2026-09-01T03:50:00-04:00,2026-09-01,03:50,15727,Scrambler,Family Rides,false,0
2026-09-01T07:50:00Z,2026-09-01T03:50:00-04:00,2026-09-01,03:50,3268,Tango,Family Rides,false,0
2026-09-01T07:50:00Z,2026-09-01T03:50:00-04:00,2026-09-01,03:50,17428,Wave Swinger,Family Rides,false,0
2026-09-01T07:50:00Z,2026-09-01T03:50:00-04:00,2026-09-01,03:50,3232,Air Safari,Kids' Rides,false,0
2026-09-01T07:50:00Z,2026-09-01T03:50:00-04:00,2026-09-01,03:50,10461,Barnstormer,Kids' Rides,false,0
2026-09-01T07:50:00Z,2026-09-01T03:50:00-04:00,2026-09-01,03:50,3275,Bugaboo,Kids' Rides,false,0
2026-09-01T07:50:00Z,2026-09-01T03:50:00-04:00,2026-09-01,03:50,3277,Bugs Bunny Camp Carousel,Kids' Rides,false,0
2026-09-01T07:50:00Z,2026-09-01T03:50:00-04:00,2026-09-01,03:50,3279,Bugs Bunny Ranger Pilots,Kids' Rides,false,0
2026-09-01T07:50:00Z,2026-09-01T03:50:00-04:00,2026-09-01,03:50,3240,Daffy Duck Hot Air Balloons,Kids' Rides,false,0
2026-09-01T07:50:00Z,2026-09-01T03:50:00-04:00,2026-09-01,03:50,10077,Lil' Devil Coaster,Kids' Rides,false,0
2026-09-01T07:50:00Z,2026-09-01T03:50:00-04:00,2026-09-01,03:50,15617,Porky Pig Camp Wagons,Kids' Rides,false,0
2026-09-01T07:50:00Z,2026-09-01T03:50:00-04:00,2026-09-01,03:50,3257,Raja’s Rickshaws,Kids' Rides,false,0
2026-09-01T07:50:00Z,2026-09-01T03:50:00-04:00,2026-09-01,03:50,3274,Safari Off-Road Adventure,Kids' Rides,false,0
2026-09-01T07:50:00Z,2026-09-01T03:50:00-04:00,2026-09-01,03:50,3283,Saw Mill Log Flume,Kids' Rides,false,0
2026-09-01T07:50:00Z,2026-09-01T03:50:00-04:00,2026-09-01,03:50,3281,Sky Zooma,Kids' Rides,false,0
2026-09-01T07:50:00Z,2026-09-01T03:50:00-04:00,2026-09-01,03:50,15789,Storm Chaser,Kids' Rides,false,0
2026-09-01T07:50:00Z,2026-09-01T03:50:00-04:00,2026-09-01,03:50,3267,Super Round Up,Kids' Rides,false,0
2026-09-01T07:50:00Z,2026-09-01T03:50:00-04:00,2026-09-01,03:50,15594,Tree Top Hopper,Kids' Rides,false,0
2026-09-01T07:50:00Z,2026-09-01T03:50:00-04:00,2026-09-01,03:50,3233,BATMAN™ The Ride,Thrill Rides,false,0
2026-09-01T07:50:00Z,2026-09-01T03:50:00-04:00,2026-09-01,03:50,3243,El Toro,Thrill Rides,false,0
2026-09-01T07:50:00Z,2026-09-01T03:50:00-04:00,2026-09-01,03:50,8539,Jersey Devil Coaster,Thrill Rides,false,0
2026-09-01T07:50:00Z,2026-09-01T03:50:00-04:00,2026-09-01,03:50,3916,JUSTICE LEAGUE™: Battle for METROPOLIS,Thrill Rides,false,0
2026-09-01T07:50:00Z,2026-09-01T03:50:00-04:00,2026-09-01,03:50,10533,Medusa,Thrill Rides,false,0
2026-09-01T07:50:00Z,2026-09-01T03:50:00-04:00,2026-09-01,03:50,3253,Nitro,Thrill Rides,false,0
2026-09-01T07:50:00Z,2026-09-01T03:50:00-04:00,2026-09-01,03:50,3261,Runaway Train,Thrill Rides,false,0
2026-09-01T07:50:00Z,2026-09-01T03:50:00-04:00,2026-09-01,03:50,3262,Skull Mountain,Thrill Rides,false,0
2026-09-01T07:50:00Z,2026-09-01T03:50:00-04:00,2026-09-01,03:50,3263,SkyScreamer,Thrill Rides,false,0
2026-09-01T07:50:00Z,2026-09-01T03:50:00-04:00,2026-09-01,03:50,3282,Slingshot,Thrill Rides,false,0
2026-09-01T07:50:00Z,2026-09-01T03:50:00-04:00,2026-09-01,03:50,3266,SUPERMAN™: Ultimate Flight,Thrill Rides,false,0
2026-09-01T07:50:00Z,2026-09-01T03:50:00-04:00,2026-09-01,03:50,3271,THE DARK KNIGHT™ Coaster,Thrill Rides,false,0
2026-09-01T07:50:00Z,2026-09-01T03:50:00-04:00,2026-09-01,03:50,14537,THE FLASH™: Vertical Velocity,Thrill Rides,false,0
2026-09-01T07:50:00Z,2026-09-01T03:50:00-04:00,2026-09-01,03:50,3288,THE JOKER™,Thrill Rides,false,0
2026-09-01T07:50:00Z,2026-09-01T03:50:00-04:00,2026-09-01,03:50,3273,Wile E. Coyote Canyon Blaster,Thrill Rides,false,0
2026-09-01T07:50:00Z,2026-09-01T03:50:00-04:00,2026-09-01,03:50,6371,WONDER WOMAN™ Lasso of Truth,Thrill Rides,false,0
2026-09-01T17:05:00Z,2026-09-01T13:05:00-04:00,2026-09-01,13:05,3231,Air Jumbo,Family Rides,true,0
2026-09-01T17:05:00Z,2026-09-01T13:05:00-04:00,2026-09-01,13:05,17425,Barrels O’ Fun,Family Rides,true,0
2026-09-01T17:05:00Z,2026-09-01T13:05:00-04:00,2026-09-01,13:05,3270,Buccaneer,Family Rides,false,0
2026-09-01T17:05:00Z,2026-09-01T13:05:00-04:00,2026-09-01,13:05,3237,Carousel,Family Rides,true,0
2026-09-01T17:05:00Z,2026-09-01T13:05:00-04:00,2026-09-01,13:05,3244,Enchanted Teacups,Family Rides,true,0
2026-09-01T17:05:00Z,2026-09-01T13:05:00-04:00,2026-09-01,13:05,3245,Fender Benders,Family Rides,true,0
2026-09-01T17:05:00Z,2026-09-01T13:05:00-04:00,2026-09-01,13:05,17426,Flying Scooters,Family Rides,true,0
2026-09-01T17:05:00Z,2026-09-01T13:05:00-04:00,2026-09-01,13:05,15604,Giant Wheel,Family Rides,false,0
2026-09-01T17:05:00Z,2026-09-01T13:05:00-04:00,2026-09-01,13:05,3236,HARLEY QUINN™ Crazy Train,Family Rides,true,0
2026-09-01T17:05:00Z,2026-09-01T13:05:00-04:00,2026-09-01,13:05,3249,Houdini’s Great Escape,Family Rides,true,0
2026-09-01T17:05:00Z,2026-09-01T13:05:00-04:00,2026-09-01,13:05,17427,Hypno Twister,Family Rides,true,0
2026-09-01T17:05:00Z,2026-09-01T13:05:00-04:00,2026-09-01,13:05,3250,Jolly Roger,Family Rides,true,0
2026-09-01T17:05:00Z,2026-09-01T13:05:00-04:00,2026-09-01,13:05,15829,Roaring Rapids,Family Rides,false,0
2026-09-01T17:05:00Z,2026-09-01T13:05:00-04:00,2026-09-01,13:05,15727,Scrambler,Family Rides,true,0
2026-09-01T17:05:00Z,2026-09-01T13:05:00-04:00,2026-09-01,13:05,3268,Tango,Family Rides,false,0
2026-09-01T17:05:00Z,2026-09-01T13:05:00-04:00,2026-09-01,13:05,17428,Wave Swinger,Family Rides,true,0
2026-09-01T17:05:00Z,2026-09-01T13:05:00-04:00,2026-09-01,13:05,3232,Air Safari,Kids' Rides,false,0
2026-09-01T17:05:00Z,2026-09-01T13:05:00-04:00,2026-09-01,13:05,10461,Barnstormer,Kids' Rides,true,0
2026-09-01T17:05:00Z,2026-09-01T13:05:00-04:00,2026-09-01,13:05,3275,Bugaboo,Kids' Rides,true,0
2026-09-01T17:05:00Z,2026-09-01T13:05:00-04:00,2026-09-01,13:05,3277,Bugs Bunny Camp Carousel,Kids' Rides,true,0
2026-09-01T17:05:00Z,2026-09-01T13:05:00-04:00,2026-09-01,13:05,3279,Bugs Bunny Ranger Pilots,Kids' Rides,true,0
2026-09-01T17:05:00Z,2026-09-01T13:05:00-04:00,2026-09-01,13:05,3240,Daffy Duck Hot Air Balloons,Kids' Rides,true,0
2026-09-01T17:05:00Z,2026-09-01T13:05:00-04:00,2026-09-01,13:05,10077,Lil' Devil Coaster,Kids' Rides,true,0
2026-09-01T17:05:00Z,2026-09-01T13:05:00-04:00,2026-09-01,13:05,15617,Porky Pig Camp Wagons,Kids' Rides,true,0
2026-09-01T17:05:00Z,2026-09-01T13:05:00-04:00,2026-09-01,13:05,3257,Raja’s Rickshaws,Kids' Rides,true,0
2026-09-01T17:05:00Z,2026-09-01T13:05:00-04:00,2026-09-01,13:05,3274,Safari Off-Road Adventure,Kids' Rides,false,0
2026-09-01T17:05:00Z,2026-09-01T13:05:00-04:00,2026-09-01,13:05,3283,Saw Mill Log Flume,Kids' Rides,true,5
2026-09-01T17:05:00Z,2026-09-01T13:05:00-04:00,2026-09-01,13:05,3281,Sky Zooma,Kids' Rides,true,0
2026-09-01T17:05:00Z,2026-09-01T13:05:00-04:00,2026-09-01,13:05,15789,Storm Chaser,Kids' Rides,true,0
2026-09-01T17:05:00Z,2026-09-01T13:05:00-04:00,2026-09-01,13:05,3267,Super Round Up,Kids' Rides,true,0
2026-09-01T17:05:00Z,2026-09-01T13:05:00-04:00,2026-09-01,13:05,15594,Tree Top Hopper,Kids' Rides,true,0
2026-09-01T17:05:00Z,2026-09-01T13:05:00-04:00,2026-09-01,13:05,3233,BATMAN™ The Ride,Thrill Rides,true,0
2026-09-01T17:05:00Z,2026-09-01T13:05:00-04:00,2026-09-01,13:05,3243,El Toro,Thrill Rides,true,0
2026-09-01T17:05:00Z,2026-09-01T13:05:00-04:00,2026-09-01,13:05,8539,Jersey Devil Coaster,Thrill Rides,true,0
2026-09-01T17:05:00Z,2026-09-01T13:05:00-04:00,2026-09-01,13:05,3916,JUSTICE LEAGUE™: Battle for METROPOLIS,Thrill Rides,true,5
2026-09-01T17:05:00Z,2026-09-01T13:05:00-04:00,2026-09-01,13:05,10533,Medusa,Thrill Rides,true,0
2026-09-01T17:05:00Z,2026-09-01T13:05:00-04:00,2026-09-01,13:05,3253,Nitro,Thrill Rides,true,0
2026-09-01T17:05:00Z,2026-09-01T13:05:00-04:00,2026-09-01,13:05,3261,Runaway Train,Thrill Rides,false,0
2026-09-01T17:05:00Z,2026-09-01T13:05:00-04:00,2026-09-01,13:05,3262,Skull Mountain,Thrill Rides,true,0
2026-09-01T17:05:00Z,2026-09-01T13:05:00-04:00,2026-09-01,13:05,3263,SkyScreamer,Thrill Rides,true,0
2026-09-01T17:05:00Z,2026-09-01T13:05:00-04:00,2026-09-01,13:05,3282,Slingshot,Thrill Rides,false,0
2026-09-01T17:05:00Z,2026-09-01T13:05:00-04:00,2026-09-01,13:05,3266,SUPERMAN™: Ultimate Flight,Thrill Rides,true,0
2026-09-01T17:05:00Z,2026-09-01T13:05:00-04:00,2026-09-01,13:05,3271,THE DARK KNIGHT™ Coaster,Thrill Rides,true,0
2026-09-01T17:05:00Z,2026-09-01T13:05:00-04:00,2026-09-01,13:05,14537,THE FLASH™: Vertical Velocity,Thrill Rides,true,20
2026-09-01T17:05:00Z,2026-09-01T13:05:00-04:00,2026-09-01,13:05,3288,THE JOKER™,Thrill Rides,false,0
2026-09-01T17:05:00Z,2026-09-01T13:05:00-04:00,2026-09-01,13:05,3273,Wile E. Coyote Canyon Blaster,Thrill Rides,true,0
2026-09-01T17:05:00Z,2026-09-01T13:05:00-04:00,2026-09-01,13:05,6371,WONDER WOMAN™ Lasso of Truth,Thrill Rides,true,0
2026-09-01T17:10:00Z,2026-09-01T13:10:00-04:00,2026-09-01,13:10,3231,Air Jumbo,Family Rides,true,0
2026-09-01T17:10:00Z,2026-09-01T13:10:00-04:00,2026-09-01,13:10,17425,Barrels O’ Fun,Family Rides,true,0
2026-09-01T17:10:00Z,2026-09-01T13:10:00-04:00,2026-09-01,13:10,3270,Buccaneer,Family Rides,false,0
2026-09-01T17:10:00Z,2026-09-01T13:10:00-04:00,2026-09-01,13:10,3237,Carousel,Family Rides,true,0
2026-09-01T17:10:00Z,2026-09-01T13:10:00-04:00,2026-09-01,13:10,3244,Enchanted Teacups,Family Rides,true,0
2026-09-01T17:10:00Z,2026-09-01T13:10:00-04:00,2026-09-01,13:10,3245,Fender Benders,Family Rides,true,0
2026-09-01T17:10:00Z,2026-09-01T13:10:00-04:00,2026-09-01,13:10,17426,Flying Scooters,Family Rides,true,0
2026-09-01T17:10:00Z,2026-09-01T13:10:00-04:00,2026-09-01,13:10,15604,Giant Wheel,Family Rides,false,0
2026-09-01T17:10:00Z,2026-09-01T13:10:00-04:00,2026-09-01,13:10,3236,HARLEY QUINN™ Crazy Train,Family Rides,true,0
2026-09-01T17:10:00Z,2026-09-01T13:10:00-04:00,2026-09-01,13:10,3249,Houdini’s Great Escape,Family Rides,true,0
2026-09-01T17:10:00Z,2026-09-01T13:10:00-04:00,2026-09-01,13:10,17427,Hypno Twister,Family Rides,true,0
2026-09-01T17:10:00Z,2026-09-01T13:10:00-04:00,2026-09-01,13:10,3250,Jolly Roger,Family Rides,true,0
2026-09-01T17:10:00Z,2026-09-01T13:10:00-04:00,2026-09-01,13:10,15829,Roaring Rapids,Family Rides,false,0
2026-09-01T17:10:00Z,2026-09-01T13:10:00-04:00,2026-09-01,13:10,15727,Scrambler,Family Rides,true,0
2026-09-01T17:10:00Z,2026-09-01T13:10:00-04:00,2026-09-01,13:10,3268,Tango,Family Rides,false,0
2026-09-01T17:10:00Z,2026-09-01T13:10:00-04:00,2026-09-01,13:10,17428,Wave Swinger,Family Rides,true,0
2026-09-01T17:10:00Z,2026-09-01T13:10:00-04:00,2026-09-01,13:10,3232,Air Safari,Kids' Rides,false,0
2026-09-01T17:10:00Z,2026-09-01T13:10:00-04:00,2026-09-01,13:10,10461,Barnstormer,Kids' Rides,true,0
2026-09-01T17:10:00Z,2026-09-01T13:10:00-04:00,2026-09-01,13:10,3275,Bugaboo,Kids' Rides,true,0
2026-09-01T17:10:00Z,2026-09-01T13:10:00-04:00,2026-09-01,13:10,3277,Bugs Bunny Camp Carousel,Kids' Rides,true,0
2026-09-01T17:10:00Z,2026-09-01T13:10:00-04:00,2026-09-01,13:10,3279,Bugs Bunny Ranger Pilots,Kids' Rides,true,0
2026-09-01T17:10:00Z,2026-09-01T13:10:00-04:00,2026-09-01,13:10,3240,Daffy Duck Hot Air Balloons,Kids' Rides,true,0
2026-09-01T17:10:00Z,2026-09-01T13:10:00-04:00,2026-09-01,13:10,10077,Lil' Devil Coaster,Kids' Rides,true,0
2026-09-01T17:10:00Z,2026-09-01T13:10:00-04:00,2026-09-01,13:10,15617,Porky Pig Camp Wagons,Kids' Rides,true,0
2026-09-01T17:10:00Z,2026-09-01T13:10:00-04:00,2026-09-01,13:10,3257,Raja’s Rickshaws,Kids' Rides,true,0
2026-09-01T17:10:00Z,2026-09-01T13:10:00-04:00,2026-09-01,13:10,3274,Safari Off-Road Adventure,Kids' Rides,false,0
2026-09-01T17:10:00Z,2026-09-01T13:10:00-04:00,2026-09-01,13:10,3283,Saw Mill Log Flume,Kids' Rides,true,5
2026-09-01T17:10:00Z,2026-09-01T13:10:00-04:00,2026-09-01,13:10,3281,Sky Zooma,Kids' Rides,true,0
2026-09-01T17:10:00Z,2026-09-01T13:10:00-04:00,2026-09-01,13:10,15789,Storm Chaser,Kids' Rides,true,0
2026-09-01T17:10:00Z,2026-09-01T13:10:00-04:00,2026-09-01,13:10,3267,Super Round Up,Kids' Rides,true,0
2026-09-01T17:10:00Z,2026-09-01T13:10:00-04:00,2026-09-01,13:10,15594,Tree Top Hopper,Kids' Rides,true,0
2026-09-01T17:10:00Z,2026-09-01T13:10:00-04:00,2026-09-01,13:10,3233,BATMAN™ The Ride,Thrill Rides,true,0
2026-09-01T17:10:00Z,2026-09-01T13:10:00-04:00,2026-09-01,13:10,3243,El Toro,Thrill Rides,true,0
2026-09-01T17:10:00Z,2026-09-01T13:10:00-04:00,2026-09-01,13:10,8539,Jersey Devil Coaster,Thrill Rides,true,0
2026-09-01T17:10:00Z,2026-09-01T13:10:00-04:00,2026-09-01,13:10,3916,JUSTICE LEAGUE™: Battle for METROPOLIS,Thrill Rides,true,5
2026-09-01T17:10:00Z,2026-09-01T13:10:00-04:00,2026-09-01,13:10,10533,Medusa,Thrill Rides,true,0
2026-09-01T17:10:00Z,2026-09-01T13:10:00-04:00,2026-09-01,13:10,3253,Nitro,Thrill Rides,true,0
2026-09-01T17:10:00Z,2026-09-01T13:10:00-04:00,2026-09-01,13:10,3261,Runaway Train,Thrill Rides,false,0
2026-09-01T17:10:00Z,2026-09-01T13:10:00-04:00,2026-09-01,13:10,3262,Skull Mountain,Thrill Rides,true,0
2026-09-01T17:10:00Z,2026-09-01T13:10:00-04:00,2026-09-01,13:10,3263,SkyScreamer,Thrill Rides,true,0
2026-09-01T17:10:00Z,2026-09-01T13:10:00-04:00,2026-09-01,13:10,3282,Slingshot,Thrill Rides,false,0
2026-09-01T17:10:00Z,2026-09-01T13:10:00-04:00,2026-09-01,13:10,3266,SUPERMAN™: Ultimate Flight,Thrill Rides,true,0
2026-09-01T17:10:00Z,2026-09-01T13:10:00-04:00,2026-09-01,13:10,3271,THE DARK KNIGHT™ Coaster,Thrill Rides,true,0
2026-09-01T17:10:00Z,2026-09-01T13:10:00-04:00,2026-09-01,13:10,14537,THE FLASH™: Vertical Velocity,Thrill Rides,true,20
2026-09-01T17:10:00Z,2026-09-01T13:10:00-04:00,2026-09-01,13:10,3288,THE JOKER™,Thrill Rides,false,0
2026-09-01T17:10:00Z,2026-09-01T13:10:00-04:00,2026-09-01,13:10,3273,Wile E. Coyote Canyon Blaster,Thrill Rides,true,0
2026-09-01T17:10:00Z,2026-09-01T13:10:00-04:00,2026-09-01,13:10,6371,WONDER WOMAN™ Lasso of Truth,Thrill Rides,true,0
2026-09-01T17:15:00Z,2026-09-01T13:15:00-04:00,2026-09-01,13:15,3231,Air Jumbo,Family Rides,true,0
2026-09-01T17:15:00Z,2026-09-01T13:15:00-04:00,2026-09-01,13:15,17425,Barrels O’ Fun,Family Rides,true,0
2026-09-01T17:15:00Z,2026-09-01T13:15:00-04:00,2026-09-01,13:15,3270,Buccaneer,Family Rides,false,0
2026-09-01T17:15:00Z,2026-09-01T13:15:00-04:00,2026-09-01,13:15,3237,Carousel,Family Rides,true,0
2026-09-01T17:15:00Z,2026-09-01T13:15:00-04:00,2026-09-01,13:15,3244,Enchanted Teacups,Family Rides,true,0
2026-09-01T17:15:00Z,2026-09-01T13:15:00-04:00,2026-09-01,13:15,3245,Fender Benders,Family Rides,true,0
2026-09-01T17:15:00Z,2026-09-01T13:15:00-04:00,2026-09-01,13:15,17426,Flying Scooters,Family Rides,true,0
2026-09-01T17:15:00Z,2026-09-01T13:15:00-04:00,2026-09-01,13:15,15604,Giant Wheel,Family Rides,false,0
2026-09-01T17:15:00Z,2026-09-01T13:15:00-04:00,2026-09-01,13:15,3236,HARLEY QUINN™ Crazy Train,Family Rides,true,0
2026-09-01T17:15:00Z,2026-09-01T13:15:00-04:00,2026-09-01,13:15,3249,Houdini’s Great Escape,Family Rides,true,0
2026-09-01T17:15:00Z,2026-09-01T13:15:00-04:00,2026-09-01,13:15,17427,Hypno Twister,Family Rides,true,0
2026-09-01T17:15:00Z,2026-09-01T13:15:00-04:00,2026-09-01,13:15,3250,Jolly Roger,Family Rides,true,0
2026-09-01T17:15:00Z,2026-09-01T13:15:00-04:00,2026-09-01,13:15,15829,Roaring Rapids,Family Rides,false,0
2026-09-01T17:15:00Z,2026-09-01T13:15:00-04:00,2026-09-01,13:15,15727,Scrambler,Family Rides,true,0
2026-09-01T17:15:00Z,2026-09-01T13:15:00-04:00,2026-09-01,13:15,3268,Tango,Family Rides,false,0
2026-09-01T17:15:00Z,2026-09-01T13:15:00-04:00,2026-09-01,13:15,17428,Wave Swinger,Family Rides,true,0
2026-09-01T17:15:00Z,2026-09-01T13:15:00-04:00,2026-09-01,13:15,3232,Air Safari,Kids' Rides,true,0
2026-09-01T17:15:00Z,2026-09-01T13:15:00-04:00,2026-09-01,13:15,10461,Barnstormer,Kids' Rides,true,0
2026-09-01T17:15:00Z,2026-09-01T13:15:00-04:00,2026-09-01,13:15,3275,Bugaboo,Kids' Rides,true,0
2026-09-01T17:15:00Z,2026-09-01T13:15:00-04:00,2026-09-01,13:15,3277,Bugs Bunny Camp Carousel,Kids' Rides,true,0
2026-09-01T17:15:00Z,2026-09-01T13:15:00-04:00,2026-09-01,13:15,3279,Bugs Bunny Ranger Pilots,Kids' Rides,true,0
2026-09-01T17:15:00Z,2026-09-01T13:15:00-04:00,2026-09-01,13:15,3240,Daffy Duck Hot Air Balloons,Kids' Rides,true,0
2026-09-01T17:15:00Z,2026-09-01T13:15:00-04:00,2026-09-01,13:15,10077,Lil' Devil Coaster,Kids' Rides,true,0
2026-09-01T17:15:00Z,2026-09-01T13:15:00-04:00,2026-09-01,13:15,15617,Porky Pig Camp Wagons,Kids' Rides,true,0
2026-09-01T17:15:00Z,2026-09-01T13:15:00-04:00,2026-09-01,13:15,3257,Raja’s Rickshaws,Kids' Rides,true,0
2026-09-01T17:15:00Z,2026-09-01T13:15:00-04:00,2026-09-01,13:15,3274,Safari Off-Road Adventure,Kids' Rides,false,0
2026-09-01T17:15:00Z,2026-09-01T13:15:00-04:00,2026-09-01,13:15,3283,Saw Mill Log Flume,Kids' Rides,true,5
2026-09-01T17:15:00Z,2026-09-01T13:15:00-04:00,2026-09-01,13:15,3281,Sky Zooma,Kids' Rides,true,0
2026-09-01T17:15:00Z,2026-09-01T13:15:00-04:00,2026-09-01,13:15,15789,Storm Chaser,Kids' Rides,true,0
2026-09-01T17:15:00Z,2026-09-01T13:15:00-04:00,2026-09-01,13:15,3267,Super Round Up,Kids' Rides,true,0
2026-09-01T17:15:00Z,2026-09-01T13:15:00-04:00,2026-09-01,13:15,15594,Tree Top Hopper,Kids' Rides,true,0
2026-09-01T17:15:00Z,2026-09-01T13:15:00-04:00,2026-09-01,13:15,3233,BATMAN™ The Ride,Thrill Rides,true,0
2026-09-01T17:15:00Z,2026-09-01T13:15:00-04:00,2026-09-01,13:15,3243,El Toro,Thrill Rides,true,0
2026-09-01T17:15:00Z,2026-09-01T13:15:00-04:00,2026-09-01,13:15,8539,Jersey Devil Coaster,Thrill Rides,true,0
2026-09-01T17:15:00Z,2026-09-01T13:15:00-04:00,2026-09-01,13:15,3916,JUSTICE LEAGUE™: Battle for METROPOLIS,Thrill Rides,true,5
2026-09-01T17:15:00Z,2026-09-01T13:15:00-04:00,2026-09-01,13:15,10533,Medusa,Thrill Rides,true,0
2026-09-01T17:15:00Z,2026-09-01T13:15:00-04:00,2026-09-01,13:15,3253,Nitro,Thrill Rides,true,0
2026-09-01T17:15:00Z,2026-09-01T13:15:00-04:00,2026-09-01,13:15,3261,Runaway Train,Thrill Rides,false,0
2026-09-01T17:15:00Z,2026-09-01T13:15:00-04:00,2026-09-01,13:15,3262,Skull Mountain,Thrill Rides,true,0
2026-09-01T17:15:00Z,2026-09-01T13:15:00-04:00,2026-09-01,13:15,3263,SkyScreamer,Thrill Rides,true,0
2026-09-01T17:15:00Z,2026-09-01T13:15:00-04:00,2026-09-01,13:15,3282,Slingshot,Thrill Rides,false,0
2026-09-01T17:15:00Z,2026-09-01T13:15:00-04:00,2026-09-01,13:15,3266,SUPERMAN™: Ultimate Flight,Thrill Rides,true,0
2026-09-01T17:15:00Z,2026-09-01T13:15:00-04:00,2026-09-01,13:15,3271,THE DARK KNIGHT™ Coaster,Thrill Rides,true,0
2026-09-01T17:15:00Z,2026-09-01T13:15:00-04:00,2026-09-01,13:15,14537,THE FLASH™: Vertical Velocity,Thrill Rides,true,20
2026-09-01T17:15:00Z,2026-09-01T13:15:00-04:00,2026-09-01,13:15,3288,THE JOKER™,Thrill Rides,false,0
2026-09-01T17:15:00Z,2026-09-01T13:15:00-04:00,2026-09-01,13:15,3273,Wile E. Coyote Canyon Blaster,Thrill Rides,true,0
2026-09-01T17:15:00Z,2026-09-01T13:15:00-04:00,2026-09-01,13:15,6371,WONDER WOMAN™ Lasso of Truth,Thrill Rides,true,0
2026-09-01T17:20:00Z,2026-09-01T13:20:00-04:00,2026-09-01,13:20,3231,Air Jumbo,Family Rides,true,0
2026-09-01T17:20:00Z,2026-09-01T13:20:00-04:00,2026-09-01,13:20,17425,Barrels O’ Fun,Family Rides,true,0
2026-09-01T17:20:00Z,2026-09-01T13:20:00-04:00,2026-09-01,13:20,3270,Buccaneer,Family Rides,false,0
2026-09-01T17:20:00Z,2026-09-01T13:20:00-04:00,2026-09-01,13:20,3237,Carousel,Family Rides,true,0
2026-09-01T17:20:00Z,2026-09-01T13:20:00-04:00,2026-09-01,13:20,3244,Enchanted Teacups,Family Rides,true,0
2026-09-01T17:20:00Z,2026-09-01T13:20:00-04:00,2026-09-01,13:20,3245,Fender Benders,Family Rides,true,0
2026-09-01T17:20:00Z,2026-09-01T13:20:00-04:00,2026-09-01,13:20,17426,Flying Scooters,Family Rides,true,0
2026-09-01T17:20:00Z,2026-09-01T13:20:00-04:00,2026-09-01,13:20,15604,Giant Wheel,Family Rides,true,0
2026-09-01T17:20:00Z,2026-09-01T13:20:00-04:00,2026-09-01,13:20,3236,HARLEY QUINN™ Crazy Train,Family Rides,true,0
2026-09-01T17:20:00Z,2026-09-01T13:20:00-04:00,2026-09-01,13:20,3249,Houdini’s Great Escape,Family Rides,true,0
2026-09-01T17:20:00Z,2026-09-01T13:20:00-04:00,2026-09-01,13:20,17427,Hypno Twister,Family Rides,true,0
2026-09-01T17:20:00Z,2026-09-01T13:20:00-04:00,2026-09-01,13:20,3250,Jolly Roger,Family Rides,true,0
2026-09-01T17:20:00Z,2026-09-01T13:20:00-04:00,2026-09-01,13:20,15829,Roaring Rapids,Family Rides,false,0
2026-09-01T17:20:00Z,2026-09-01T13:20:00-04:00,2026-09-01,13:20,15727,Scrambler,Family Rides,true,0
2026-09-01T17:20:00Z,2026-09-01T13:20:00-04:00,2026-09-01,13:20,3268,Tango,Family Rides,false,0
2026-09-01T17:20:00Z,2026-09-01T13:20:00-04:00,2026-09-01,13:20,17428,Wave Swinger,Family Rides,true,0
2026-09-01T17:20:00Z,2026-09-01T13:20:00-04:00,2026-09-01,13:20,3232,Air Safari,Kids' Rides,true,0
2026-09-01T17:20:00Z,2026-09-01T13:20:00-04:00,2026-09-01,13:20,10461,Barnstormer,Kids' Rides,true,0
2026-09-01T17:20:00Z,2026-09-01T13:20:00-04:00,2026-09-01,13:20,3275,Bugaboo,Kids' Rides,true,0
2026-09-01T17:20:00Z,2026-09-01T13:20:00-04:00,2026-09-01,13:20,3277,Bugs Bunny Camp Carousel,Kids' Rides,true,0
2026-09-01T17:20:00Z,2026-09-01T13:20:00-04:00,2026-09-01,13:20,3279,Bugs Bunny Ranger Pilots,Kids' Rides,true,0
2026-09-01T17:20:00Z,2026-09-01T13:20:00-04:00,2026-09-01,13:20,3240,Daffy Duck Hot Air Balloons,Kids' Rides,true,0
2026-09-01T17:20:00Z,2026-09-01T13:20:00-04:00,2026-09-01,13:20,10077,Lil' Devil Coaster,Kids' Rides,true,0
2026-09-01T17:20:00Z,2026-09-01T13:20:00-04:00,2026-09-01,13:20,15617,Porky Pig Camp Wagons,Kids' Rides,true,0
2026-09-01T17:20:00Z,2026-09-01T13:20:00-04:00,2026-09-01,13:20,3257,Raja’s Rickshaws,Kids' Rides,true,0
2026-09-01T17:20:00Z,2026-09-01T13:20:00-04:00,2026-09-01,13:20,3274,Safari Off-Road Adventure,Kids' Rides,false,0
2026-09-01T17:20:00Z,2026-09-01T13:20:00-04:00,2026-09-01,13:20,3283,Saw Mill Log Flume,Kids' Rides,true,5
2026-09-01T17:20:00Z,2026-09-01T13:20:00-04:00,2026-09-01,13:20,3281,Sky Zooma,Kids' Rides,true,0
2026-09-01T17:20:00Z,2026-09-01T13:20:00-04:00,2026-09-01,13:20,15789,Storm Chaser,Kids' Rides,true,0
2026-09-01T17:20:00Z,2026-09-01T13:20:00-04:00,2026-09-01,13:20,3267,Super Round Up,Kids' Rides,true,0
2026-09-01T17:20:00Z,2026-09-01T13:20:00-04:00,2026-09-01,13:20,15594,Tree Top Hopper,Kids' Rides,true,0
2026-09-01T17:20:00Z,2026-09-01T13:20:00-04:00,2026-09-01,13:20,3233,BATMAN™ The Ride,Thrill Rides,true,0
2026-09-01T17:20:00Z,2026-09-01T13:20:00-04:00,2026-09-01,13:20,3243,El Toro,Thrill Rides,true,0
2026-09-01T17:20:00Z,2026-09-01T13:20:00-04:00,2026-09-01,13:20,8539,Jersey Devil Coaster,Thrill Rides,true,0
2026-09-01T17:20:00Z,2026-09-01T13:20:00-04:00,2026-09-01,13:20,3916,JUSTICE LEAGUE™: Battle for METROPOLIS,Thrill Rides,true,5
2026-09-01T17:20:00Z,2026-09-01T13:20:00-04:00,2026-09-01,13:20,10533,Medusa,Thrill Rides,true,0
2026-09-01T17:20:00Z,2026-09-01T13:20:00-04:00,2026-09-01,13:20,3253,Nitro,Thrill Rides,true,0
2026-09-01T17:20:00Z,2026-09-01T13:20:00-04:00,2026-09-01,13:20,3261,Runaway Train,Thrill Rides,false,0
2026-09-01T17:20:00Z,2026-09-01T13:20:00-04:00,2026-09-01,13:20,3262,Skull Mountain,Thrill Rides,true,0
2026-09-01T17:20:00Z,2026-09-01T13:20:00-04:00,2026-09-01,13:20,3263,SkyScreamer,Thrill Rides,true,0
2026-09-01T17:20:00Z,2026-09-01T13:20:00-04:00,2026-09-01,13:20,3282,Slingshot,Thrill Rides,false,0
2026-09-01T17:20:00Z,2026-09-01T13:20:00-04:00,2026-09-01,13:20,3266,SUPERMAN™: Ultimate Flight,Thrill Rides,true,0
2026-09-01T17:20:00Z,2026-09-01T13:20:00-04:00,2026-09-01,13:20,3271,THE DARK KNIGHT™ Coaster,Thrill Rides,true,0
2026-09-01T17:20:00Z,2026-09-01T13:20:00-04:00,2026-09-01,13:20,14537,THE FLASH™: Vertical Velocity,Thrill Rides,true,20
2026-09-01T17:20:00Z,2026-09-01T13:20:00-04:00,2026-09-01,13:20,3288,THE JOKER™,Thrill Rides,true,0
2026-09-01T17:20:00Z,2026-09-01T13:20:00-04:00,2026-09-01,13:20,3273,Wile E. Coyote Canyon Blaster,Thrill Rides,true,0
2026-09-01T17:20:00Z,2026-09-01T13:20:00-04:00,2026-09-01,13:20,6371,WONDER WOMAN™ Lasso of Truth,Thrill Rides,true,0
2026-09-01T17:25:00Z,2026-09-01T13:25:00-04:00,2026-09-01,13:25,3231,Air Jumbo,Family Rides,true,0
2026-09-01T17:25:00Z,2026-09-01T13:25:00-04:00,2026-09-01,13:25,17425,Barrels O’ Fun,Family Rides,true,0
2026-09-01T17:25:00Z,2026-09-01T13:25:00-04:00,2026-09-01,13:25,3270,Buccaneer,Family Rides,false,0
2026-09-01T17:25:00Z,2026-09-01T13:25:00-04:00,2026-09-01,13:25,3237,Carousel,Family Rides,true,0
2026-09-01T17:25:00Z,2026-09-01T13:25:00-04:00,2026-09-01,13:25,3244,Enchanted Teacups,Family Rides,true,0
2026-09-01T17:25:00Z,2026-09-01T13:25:00-04:00,2026-09-01,13:25,3245,Fender Benders,Family Rides,true,0
2026-09-01T17:25:00Z,2026-09-01T13:25:00-04:00,2026-09-01,13:25,17426,Flying Scooters,Family Rides,true,0
2026-09-01T17:25:00Z,2026-09-01T13:25:00-04:00,2026-09-01,13:25,15604,Giant Wheel,Family Rides,true,0
2026-09-01T17:25:00Z,2026-09-01T13:25:00-04:00,2026-09-01,13:25,3236,HARLEY QUINN™ Crazy Train,Family Rides,true,0
2026-09-01T17:25:00Z,2026-09-01T13:25:00-04:00,2026-09-01,13:25,3249,Houdini’s Great Escape,Family Rides,true,0
2026-09-01T17:25:00Z,2026-09-01T13:25:00-04:00,2026-09-01,13:25,17427,Hypno Twister,Family Rides,true,0
2026-09-01T17:25:00Z,2026-09-01T13:25:00-04:00,2026-09-01,13:25,3250,Jolly Roger,Family Rides,true,0
2026-09-01T17:25:00Z,2026-09-01T13:25:00-04:00,2026-09-01,13:25,15829,Roaring Rapids,Family Rides,false,0
2026-09-01T17:25:00Z,2026-09-01T13:25:00-04:00,2026-09-01,13:25,15727,Scrambler,Family Rides,true,0
2026-09-01T17:25:00Z,2026-09-01T13:25:00-04:00,2026-09-01,13:25,3268,Tango,Family Rides,false,0
2026-09-01T17:25:00Z,2026-09-01T13:25:00-04:00,2026-09-01,13:25,17428,Wave Swinger,Family Rides,true,0
2026-09-01T17:25:00Z,2026-09-01T13:25:00-04:00,2026-09-01,13:25,3232,Air Safari,Kids' Rides,true,0
2026-09-01T17:25:00Z,2026-09-01T13:25:00-04:00,2026-09-01,13:25,10461,Barnstormer,Kids' Rides,true,0
2026-09-01T17:25:00Z,2026-09-01T13:25:00-04:00,2026-09-01,13:25,3275,Bugaboo,Kids' Rides,true,0
2026-09-01T17:25:00Z,2026-09-01T13:25:00-04:00,2026-09-01,13:25,3277,Bugs Bunny Camp Carousel,Kids' Rides,true,0
2026-09-01T17:25:00Z,2026-09-01T13:25:00-04:00,2026-09-01,13:25,3279,Bugs Bunny Ranger Pilots,Kids' Rides,true,0
2026-09-01T17:25:00Z,2026-09-01T13:25:00-04:00,2026-09-01,13:25,3240,Daffy Duck Hot Air Balloons,Kids' Rides,true,0
2026-09-01T17:25:00Z,2026-09-01T13:25:00-04:00,2026-09-01,13:25,10077,Lil' Devil Coaster,Kids' Rides,true,0
2026-09-01T17:25:00Z,2026-09-01T13:25:00-04:00,2026-09-01,13:25,15617,Porky Pig Camp Wagons,Kids' Rides,true,0
2026-09-01T17:25:00Z,2026-09-01T13:25:00-04:00,2026-09-01,13:25,3257,Raja’s Rickshaws,Kids' Rides,true,0
2026-09-01T17:25:00Z,2026-09-01T13:25:00-04:00,2026-09-01,13:25,3274,Safari Off-Road Adventure,Kids' Rides,false,0
2026-09-01T17:25:00Z,2026-09-01T13:25:00-04:00,2026-09-01,13:25,3283,Saw Mill Log Flume,Kids' Rides,true,5
2026-09-01T17:25:00Z,2026-09-01T13:25:00-04:00,2026-09-01,13:25,3281,Sky Zooma,Kids' Rides,true,0
2026-09-01T17:25:00Z,2026-09-01T13:25:00-04:00,2026-09-01,13:25,15789,Storm Chaser,Kids' Rides,true,0
2026-09-01T17:25:00Z,2026-09-01T13:25:00-04:00,2026-09-01,13:25,3267,Super Round Up,Kids' Rides,true,0
2026-09-01T17:25:00Z,2026-09-01T13:25:00-04:00,2026-09-01,13:25,15594,Tree Top Hopper,Kids' Rides,true,0
2026-09-01T17:25:00Z,2026-09-01T13:25:00-04:00,2026-09-01,13:25,3233,BATMAN™ The Ride,Thrill Rides,true,0
2026-09-01T17:25:00Z,2026-09-01T13:25:00-04:00,2026-09-01,13:25,3243,El Toro,Thrill Rides,true,0
2026-09-01T17:25:00Z,2026-09-01T13:25:00-04:00,2026-09-01,13:25,8539,Jersey Devil Coaster,Thrill Rides,true,0
2026-09-01T17:25:00Z,2026-09-01T13:25:00-04:00,2026-09-01,13:25,3916,JUSTICE LEAGUE™: Battle for METROPOLIS,Thrill Rides,true,5
2026-09-01T17:25:00Z,2026-09-01T13:25:00-04:00,2026-09-01,13:25,10533,Medusa,Thrill Rides,true,0
2026-09-01T17:25:00Z,2026-09-01T13:25:00-04:00,2026-09-01,13:25,3253,Nitro,Thrill Rides,true,0
2026-09-01T17:25:00Z,2026-09-01T13:25:00-04:00,2026-09-01,13:25,3261,Runaway Train,Thrill Rides,false,0
2026-09-01T17:25:00Z,2026-09-01T13:25:00-04:00,2026-09-01,13:25,3262,Skull Mountain,Thrill Rides,true,0
2026-09-01T17:25:00Z,2026-09-01T13:25:00-04:00,2026-09-01,13:25,3263,SkyScreamer,Thrill Rides,true,0
2026-09-01T17:25:00Z,2026-09-01T13:25:00-04:00,2026-09-01,13:25,3282,Slingshot,Thrill Rides,false,0
2026-09-01T17:25:00Z,2026-09-01T13:25:00-04:00,2026-09-01,13:25,3266,SUPERMAN™: Ultimate Flight,Thrill Rides,true,0
2026-09-01T17:25:00Z,2026-09-01T13:25:00-04:00,2026-09-01,13:25,3271,THE DARK KNIGHT™ Coaster,Thrill Rides,true,0
2026-09-01T17:25:00Z,2026-09-01T13:25:00-04:00,2026-09-01,13:25,14537,THE FLASH™: Vertical Velocity,Thrill Rides,true,20
2026-09-01T17:25:00Z,2026-09-01T13:25:00-04:00,2026-09-01,13:25,3288,THE JOKER™,Thrill Rides,true,0
2026-09-01T17:25:00Z,2026-09-01T13:25:00-04:00,2026-09-01,13:25,3273,Wile E. Coyote Canyon Blaster,Thrill Rides,true,0
2026-09-01T17:25:00Z,2026-09-01T13:25:00-04:00,2026-09-01,13:25,6371,WONDER WOMAN™ Lasso of Truth,Thrill Rides,true,0
2026-09-01T17:30:00Z,2026-09-01T13:30:00-04:00,2026-09-01,13:30,3231,Air Jumbo,Family Rides,true,0
2026-09-01T17:30:00Z,2026-09-01T13:30:00-04:00,2026-09-01,13:30,17425,Barrels O’ Fun,Family Rides,true,0
2026-09-01T17:30:00Z,2026-09-01T13:30:00-04:00,2026-09-01,13:30,3270,Buccaneer,Family Rides,false,0
2026-09-01T17:30:00Z,2026-09-01T13:30:00-04:00,2026-09-01,13:30,3237,Carousel,Family Rides,true,0
2026-09-01T17:30:00Z,2026-09-01T13:30:00-04:00,2026-09-01,13:30,3244,Enchanted Teacups,Family Rides,true,0
2026-09-01T17:30:00Z,2026-09-01T13:30:00-04:00,2026-09-01,13:30,3245,Fender Benders,Family Rides,true,0
2026-09-01T17:30:00Z,2026-09-01T13:30:00-04:00,2026-09-01,13:30,17426,Flying Scooters,Family Rides,true,0
2026-09-01T17:30:00Z,2026-09-01T13:30:00-04:00,2026-09-01,13:30,15604,Giant Wheel,Family Rides,true,0
2026-09-01T17:30:00Z,2026-09-01T13:30:00-04:00,2026-09-01,13:30,3236,HARLEY QUINN™ Crazy Train,Family Rides,true,0
2026-09-01T17:30:00Z,2026-09-01T13:30:00-04:00,2026-09-01,13:30,3249,Houdini’s Great Escape,Family Rides,true,0
2026-09-01T17:30:00Z,2026-09-01T13:30:00-04:00,2026-09-01,13:30,17427,Hypno Twister,Family Rides,true,0
2026-09-01T17:30:00Z,2026-09-01T13:30:00-04:00,2026-09-01,13:30,3250,Jolly Roger,Family Rides,true,0
2026-09-01T17:30:00Z,2026-09-01T13:30:00-04:00,2026-09-01,13:30,15829,Roaring Rapids,Family Rides,false,0
2026-09-01T17:30:00Z,2026-09-01T13:30:00-04:00,2026-09-01,13:30,15727,Scrambler,Family Rides,true,0
2026-09-01T17:30:00Z,2026-09-01T13:30:00-04:00,2026-09-01,13:30,3268,Tango,Family Rides,false,0
2026-09-01T17:30:00Z,2026-09-01T13:30:00-04:00,2026-09-01,13:30,17428,Wave Swinger,Family Rides,true,0
2026-09-01T17:30:00Z,2026-09-01T13:30:00-04:00,2026-09-01,13:30,3232,Air Safari,Kids' Rides,true,0
2026-09-01T17:30:00Z,2026-09-01T13:30:00-04:00,2026-09-01,13:30,10461,Barnstormer,Kids' Rides,true,0
2026-09-01T17:30:00Z,2026-09-01T13:30:00-04:00,2026-09-01,13:30,3275,Bugaboo,Kids' Rides,true,0
2026-09-01T17:30:00Z,2026-09-01T13:30:00-04:00,2026-09-01,13:30,3277,Bugs Bunny Camp Carousel,Kids' Rides,true,0
2026-09-01T17:30:00Z,2026-09-01T13:30:00-04:00,2026-09-01,13:30,3279,Bugs Bunny Ranger Pilots,Kids' Rides,true,0
2026-09-01T17:30:00Z,2026-09-01T13:30:00-04:00,2026-09-01,13:30,3240,Daffy Duck Hot Air Balloons,Kids' Rides,true,0
2026-09-01T17:30:00Z,2026-09-01T13:30:00-04:00,2026-09-01,13:30,10077,Lil' Devil Coaster,Kids' Rides,true,0
2026-09-01T17:30:00Z,2026-09-01T13:30:00-04:00,2026-09-01,13:30,15617,Porky Pig Camp Wagons,Kids' Rides,true,0
2026-09-01T17:30:00Z,2026-09-01T13:30:00-04:00,2026-09-01,13:30,3257,Raja’s Rickshaws,Kids' Rides,true,0
2026-09-01T17:30:00Z,2026-09-01T13:30:00-04:00,2026-09-01,13:30,3274,Safari Off-Road Adventure,Kids' Rides,false,0
2026-09-01T17:30:00Z,2026-09-01T13:30:00-04:00,2026-09-01,13:30,3283,Saw Mill Log Flume,Kids' Rides,true,10
2026-09-01T17:30:00Z,2026-09-01T13:30:00-04:00,2026-09-01,13:30,3281,Sky Zooma,Kids' Rides,true,0
2026-09-01T17:30:00Z,2026-09-01T13:30:00-04:00,2026-09-01,13:30,15789,Storm Chaser,Kids' Rides,true,0
2026-09-01T17:30:00Z,2026-09-01T13:30:00-04:00,2026-09-01,13:30,3267,Super Round Up,Kids' Rides,true,0
2026-09-01T17:30:00Z,2026-09-01T13:30:00-04:00,2026-09-01,13:30,15594,Tree Top Hopper,Kids' Rides,true,0
2026-09-01T17:30:00Z,2026-09-01T13:30:00-04:00,2026-09-01,13:30,3233,BATMAN™ The Ride,Thrill Rides,true,0
2026-09-01T17:30:00Z,2026-09-01T13:30:00-04:00,2026-09-01,13:30,3243,El Toro,Thrill Rides,true,0
2026-09-01T17:30:00Z,2026-09-01T13:30:00-04:00,2026-09-01,13:30,8539,Jersey Devil Coaster,Thrill Rides,true,0
2026-09-01T17:30:00Z,2026-09-01T13:30:00-04:00,2026-09-01,13:30,3916,JUSTICE LEAGUE™: Battle for METROPOLIS,Thrill Rides,true,5
2026-09-01T17:30:00Z,2026-09-01T13:30:00-04:00,2026-09-01,13:30,10533,Medusa,Thrill Rides,true,0
2026-09-01T17:30:00Z,2026-09-01T13:30:00-04:00,2026-09-01,13:30,3253,Nitro,Thrill Rides,true,0
2026-09-01T17:30:00Z,2026-09-01T13:30:00-04:00,2026-09-01,13:30,3261,Runaway Train,Thrill Rides,false,0
2026-09-01T17:30:00Z,2026-09-01T13:30:00-04:00,2026-09-01,13:30,3262,Skull Mountain,Thrill Rides,true,0
2026-09-01T17:30:00Z,2026-09-01T13:30:00-04:00,2026-09-01,13:30,3263,SkyScreamer,Thrill Rides,true,0
2026-09-01T17:30:00Z,2026-09-01T13:30:00-04:00,2026-09-01,13:30,3282,Slingshot,Thrill Rides,false,0
2026-09-01T17:30:00Z,2026-09-01T13:30:00-04:00,2026-09-01,13:30,3266,SUPERMAN™: Ultimate Flight,Thrill Rides,true,0
2026-09-01T17:30:00Z,2026-09-01T13:30:00-04:00,2026-09-01,13:30,3271,THE DARK KNIGHT™ Coaster,Thrill Rides,true,0
2026-09-01T17:30:00Z,2026-09-01T13:30:00-04:00,2026-09-01,13:30,14537,THE FLASH™: Vertical Velocity,Thrill Rides,true,20
2026-09-01T17:30:00Z,2026-09-01T13:30:00-04:00,2026-09-01,13:30,3288,THE JOKER™,Thrill Rides,true,0
2026-09-01T17:30:00Z,2026-09-01T13:30:00-04:00,2026-09-01,13:30,3273,Wile E. Coyote Canyon Blaster,Thrill Rides,true,0
2026-09-01T17:30:00Z,2026-09-01T13:30:00-04:00,2026-09-01,13:30,6371,WONDER WOMAN™ Lasso of Truth,Thrill Rides,true,0
2026-09-01T17:35:00Z,2026-09-01T13:35:00-04:00,2026-09-01,13:35,3231,Air Jumbo,Family Rides,true,0
2026-09-01T17:35:00Z,2026-09-01T13:35:00-04:00,2026-09-01,13:35,17425,Barrels O’ Fun,Family Rides,true,0
2026-09-01T17:35:00Z,2026-09-01T13:35:00-04:00,2026-09-01,13:35,3270,Buccaneer,Family Rides,false,0
2026-09-01T17:35:00Z,2026-09-01T13:35:00-04:00,2026-09-01,13:35,3237,Carousel,Family Rides,true,0
2026-09-01T17:35:00Z,2026-09-01T13:35:00-04:00,2026-09-01,13:35,3244,Enchanted Teacups,Family Rides,true,0
2026-09-01T17:35:00Z,2026-09-01T13:35:00-04:00,2026-09-01,13:35,3245,Fender Benders,Family Rides,true,0
2026-09-01T17:35:00Z,2026-09-01T13:35:00-04:00,2026-09-01,13:35,17426,Flying Scooters,Family Rides,true,0
2026-09-01T17:35:00Z,2026-09-01T13:35:00-04:00,2026-09-01,13:35,15604,Giant Wheel,Family Rides,true,0
2026-09-01T17:35:00Z,2026-09-01T13:35:00-04:00,2026-09-01,13:35,3236,HARLEY QUINN™ Crazy Train,Family Rides,true,0
2026-09-01T17:35:00Z,2026-09-01T13:35:00-04:00,2026-09-01,13:35,3249,Houdini’s Great Escape,Family Rides,true,0
2026-09-01T17:35:00Z,2026-09-01T13:35:00-04:00,2026-09-01,13:35,17427,Hypno Twister,Family Rides,true,0
2026-09-01T17:35:00Z,2026-09-01T13:35:00-04:00,2026-09-01,13:35,3250,Jolly Roger,Family Rides,true,0
2026-09-01T17:35:00Z,2026-09-01T13:35:00-04:00,2026-09-01,13:35,15829,Roaring Rapids,Family Rides,false,0
2026-09-01T17:35:00Z,2026-09-01T13:35:00-04:00,2026-09-01,13:35,15727,Scrambler,Family Rides,true,0
2026-09-01T17:35:00Z,2026-09-01T13:35:00-04:00,2026-09-01,13:35,3268,Tango,Family Rides,false,0
2026-09-01T17:35:00Z,2026-09-01T13:35:00-04:00,2026-09-01,13:35,17428,Wave Swinger,Family Rides,true,0
2026-09-01T17:35:00Z,2026-09-01T13:35:00-04:00,2026-09-01,13:35,3232,Air Safari,Kids' Rides,true,0
2026-09-01T17:35:00Z,2026-09-01T13:35:00-04:00,2026-09-01,13:35,10461,Barnstormer,Kids' Rides,true,0
2026-09-01T17:35:00Z,2026-09-01T13:35:00-04:00,2026-09-01,13:35,3275,Bugaboo,Kids' Rides,true,0
2026-09-01T17:35:00Z,2026-09-01T13:35:00-04:00,2026-09-01,13:35,3277,Bugs Bunny Camp Carousel,Kids' Rides,true,0
2026-09-01T17:35:00Z,2026-09-01T13:35:00-04:00,2026-09-01,13:35,3279,Bugs Bunny Ranger Pilots,Kids' Rides,true,0
2026-09-01T17:35:00Z,2026-09-01T13:35:00-04:00,2026-09-01,13:35,3240,Daffy Duck Hot Air Balloons,Kids' Rides,true,0
2026-09-01T17:35:00Z,2026-09-01T13:35:00-04:00,2026-09-01,13:35,10077,Lil' Devil Coaster,Kids' Rides,true,0
2026-09-01T17:35:00Z,2026-09-01T13:35:00-04:00,2026-09-01,13:35,15617,Porky Pig Camp Wagons,Kids' Rides,true,0
2026-09-01T17:35:00Z,2026-09-01T13:35:00-04:00,2026-09-01,13:35,3257,Raja’s Rickshaws,Kids' Rides,true,0
2026-09-01T17:35:00Z,2026-09-01T13:35:00-04:00,2026-09-01,13:35,3274,Safari Off-Road Adventure,Kids' Rides,false,0
2026-09-01T17:35:00Z,2026-09-01T13:35:00-04:00,2026-09-01,13:35,3283,Saw Mill Log Flume,Kids' Rides,true,10
2026-09-01T17:35:00Z,2026-09-01T13:35:00-04:00,2026-09-01,13:35,3281,Sky Zooma,Kids' Rides,true,0
2026-09-01T17:35:00Z,2026-09-01T13:35:00-04:00,2026-09-01,13:35,15789,Storm Chaser,Kids' Rides,true,0
2026-09-01T17:35:00Z,2026-09-01T13:35:00-04:00,2026-09-01,13:35,3267,Super Round Up,Kids' Rides,true,0
2026-09-01T17:35:00Z,2026-09-01T13:35:00-04:00,2026-09-01,13:35,15594,Tree Top Hopper,Kids' Rides,true,0
2026-09-01T17:35:00Z,2026-09-01T13:35:00-04:00,2026-09-01,13:35,3233,BATMAN™ The Ride,Thrill Rides,true,0
2026-09-01T17:35:00Z,2026-09-01T13:35:00-04:00,2026-09-01,13:35,3243,El Toro,Thrill Rides,true,0
2026-09-01T17:35:00Z,2026-09-01T13:35:00-04:00,2026-09-01,13:35,8539,Jersey Devil Coaster,Thrill Rides,true,0
2026-09-01T17:35:00Z,2026-09-01T13:35:00-04:00,2026-09-01,13:35,3916,JUSTICE LEAGUE™: Battle for METROPOLIS,Thrill Rides,true,5
2026-09-01T17:35:00Z,2026-09-01T13:35:00-04:00,2026-09-01,13:35,10533,Medusa,Thrill Rides,true,0
2026-09-01T17:35:00Z,2026-09-01T13:35:00-04:00,2026-09-01,13:35,3253,Nitro,Thrill Rides,true,0
2026-09-01T17:35:00Z,2026-09-01T13:35:00-04:00,2026-09-01,13:35,3261,Runaway Train,Thrill Rides,false,0
2026-09-01T17:35:00Z,2026-09-01T13:35:00-04:00,2026-09-01,13:35,3262,Skull Mountain,Thrill Rides,true,0
2026-09-01T17:35:00Z,2026-09-01T13:35:00-04:00,2026-09-01,13:35,3263,SkyScreamer,Thrill Rides,true,0
2026-09-01T17:35:00Z,2026-09-01T13:35:00-04:00,2026-09-01,13:35,3282,Slingshot,Thrill Rides,false,0
2026-09-01T17:35:00Z,2026-09-01T13:35:00-04:00,2026-09-01,13:35,3266,SUPERMAN™: Ultimate Flight,Thrill Rides,true,0
2026-09-01T17:35:00Z,2026-09-01T13:35:00-04:00,2026-09-01,13:35,3271,THE DARK KNIGHT™ Coaster,Thrill Rides,true,0
2026-09-01T17:35:00Z,2026-09-01T13:35:00-04:00,2026-09-01,13:35,14537,THE FLASH™: Vertical Velocity,Thrill Rides,true,20
2026-09-01T17:35:00Z,2026-09-01T13:35:00-04:00,2026-09-01,13:35,3288,THE JOKER™,Thrill Rides,true,0
2026-09-01T17:35:00Z,2026-09-01T13:35:00-04:00,2026-09-01,13:35,3273,Wile E. Coyote Canyon Blaster,Thrill Rides,true,0
2026-09-01T17:35:00Z,2026-09-01T13:35:00-04:00,2026-09-01,13:35,6371,WONDER WOMAN™ Lasso of Truth,Thrill Rides,true,0
2026-09-01T17:40:00Z,2026-09-01T13:40:00-04:00,2026-09-01,13:40,3231,Air Jumbo,Family Rides,true,0
2026-09-01T17:40:00Z,2026-09-01T13:40:00-04:00,2026-09-01,13:40,17425,Barrels O’ Fun,Family Rides,true,0
2026-09-01T17:40:00Z,2026-09-01T13:40:00-04:00,2026-09-01,13:40,3270,Buccaneer,Family Rides,false,0
2026-09-01T17:40:00Z,2026-09-01T13:40:00-04:00,2026-09-01,13:40,3237,Carousel,Family Rides,true,0
2026-09-01T17:40:00Z,2026-09-01T13:40:00-04:00,2026-09-01,13:40,3244,Enchanted Teacups,Family Rides,true,0
2026-09-01T17:40:00Z,2026-09-01T13:40:00-04:00,2026-09-01,13:40,3245,Fender Benders,Family Rides,true,0
2026-09-01T17:40:00Z,2026-09-01T13:40:00-04:00,2026-09-01,13:40,17426,Flying Scooters,Family Rides,true,0
2026-09-01T17:40:00Z,2026-09-01T13:40:00-04:00,2026-09-01,13:40,15604,Giant Wheel,Family Rides,true,0
2026-09-01T17:40:00Z,2026-09-01T13:40:00-04:00,2026-09-01,13:40,3236,HARLEY QUINN™ Crazy Train,Family Rides,true,0
2026-09-01T17:40:00Z,2026-09-01T13:40:00-04:00,2026-09-01,13:40,3249,Houdini’s Great Escape,Family Rides,true,0
2026-09-01T17:40:00Z,2026-09-01T13:40:00-04:00,2026-09-01,13:40,17427,Hypno Twister,Family Rides,true,0
2026-09-01T17:40:00Z,2026-09-01T13:40:00-04:00,2026-09-01,13:40,3250,Jolly Roger,Family Rides,true,0
2026-09-01T17:40:00Z,2026-09-01T13:40:00-04:00,2026-09-01,13:40,15829,Roaring Rapids,Family Rides,false,0
2026-09-01T17:40:00Z,2026-09-01T13:40:00-04:00,2026-09-01,13:40,15727,Scrambler,Family Rides,true,0
2026-09-01T17:40:00Z,2026-09-01T13:40:00-04:00,2026-09-01,13:40,3268,Tango,Family Rides,false,0
2026-09-01T17:40:00Z,2026-09-01T13:40:00-04:00,2026-09-01,13:40,17428,Wave Swinger,Family Rides,true,0
2026-09-01T17:40:00Z,2026-09-01T13:40:00-04:00,2026-09-01,13:40,3232,Air Safari,Kids' Rides,true,0
2026-09-01T17:40:00Z,2026-09-01T13:40:00-04:00,2026-09-01,13:40,10461,Barnstormer,Kids' Rides,true,0
2026-09-01T17:40:00Z,2026-09-01T13:40:00-04:00,2026-09-01,13:40,3275,Bugaboo,Kids' Rides,true,0
2026-09-01T17:40:00Z,2026-09-01T13:40:00-04:00,2026-09-01,13:40,3277,Bugs Bunny Camp Carousel,Kids' Rides,true,0
2026-09-01T17:40:00Z,2026-09-01T13:40:00-04:00,2026-09-01,13:40,3279,Bugs Bunny Ranger Pilots,Kids' Rides,true,0
2026-09-01T17:40:00Z,2026-09-01T13:40:00-04:00,2026-09-01,13:40,3240,Daffy Duck Hot Air Balloons,Kids' Rides,true,0
2026-09-01T17:40:00Z,2026-09-01T13:40:00-04:00,2026-09-01,13:40,10077,Lil' Devil Coaster,Kids' Rides,true,0
2026-09-01T17:40:00Z,2026-09-01T13:40:00-04:00,2026-09-01,13:40,15617,Porky Pig Camp Wagons,Kids' Rides,true,0
2026-09-01T17:40:00Z,2026-09-01T13:40:00-04:00,2026-09-01,13:40,3257,Raja’s Rickshaws,Kids' Rides,true,0
2026-09-01T17:40:00Z,2026-09-01T13:40:00-04:00,2026-09-01,13:40,3274,Safari Off-Road Adventure,Kids' Rides,false,0
2026-09-01T17:40:00Z,2026-09-01T13:40:00-04:00,2026-09-01,13:40,3283,Saw Mill Log Flume,Kids' Rides,true,10
2026-09-01T17:40:00Z,2026-09-01T13:40:00-04:00,2026-09-01,13:40,3281,Sky Zooma,Kids' Rides,true,0
2026-09-01T17:40:00Z,2026-09-01T13:40:00-04:00,2026-09-01,13:40,15789,Storm Chaser,Kids' Rides,true,0
2026-09-01T17:40:00Z,2026-09-01T13:40:00-04:00,2026-09-01,13:40,3267,Super Round Up,Kids' Rides,true,0
2026-09-01T17:40:00Z,2026-09-01T13:40:00-04:00,2026-09-01,13:40,15594,Tree Top Hopper,Kids' Rides,true,0
2026-09-01T17:40:00Z,2026-09-01T13:40:00-04:00,2026-09-01,13:40,3233,BATMAN™ The Ride,Thrill Rides,true,0
2026-09-01T17:40:00Z,2026-09-01T13:40:00-04:00,2026-09-01,13:40,3243,El Toro,Thrill Rides,true,0
2026-09-01T17:40:00Z,2026-09-01T13:40:00-04:00,2026-09-01,13:40,8539,Jersey Devil Coaster,Thrill Rides,true,0
2026-09-01T17:40:00Z,2026-09-01T13:40:00-04:00,2026-09-01,13:40,3916,JUSTICE LEAGUE™: Battle for METROPOLIS,Thrill Rides,true,5
2026-09-01T17:40:00Z,2026-09-01T13:40:00-04:00,2026-09-01,13:40,10533,Medusa,Thrill Rides,true,0
2026-09-01T17:40:00Z,2026-09-01T13:40:00-04:00,2026-09-01,13:40,3253,Nitro,Thrill Rides,true,0
2026-09-01T17:40:00Z,2026-09-01T13:40:00-04:00,2026-09-01,13:40,3261,Runaway Train,Thrill Rides,false,0
2026-09-01T17:40:00Z,2026-09-01T13:40:00-04:00,2026-09-01,13:40,3262,Skull Mountain,Thrill Rides,true,0
2026-09-01T17:40:00Z,2026-09-01T13:40:00-04:00,2026-09-01,13:40,3263,SkyScreamer,Thrill Rides,true,0
2026-09-01T17:40:00Z,2026-09-01T13:40:00-04:00,2026-09-01,13:40,3282,Slingshot,Thrill Rides,false,0
2026-09-01T17:40:00Z,2026-09-01T13:40:00-04:00,2026-09-01,13:40,3266,SUPERMAN™: Ultimate Flight,Thrill Rides,true,0
2026-09-01T17:40:00Z,2026-09-01T13:40:00-04:00,2026-09-01,13:40,3271,THE DARK KNIGHT™ Coaster,Thrill Rides,true,0
2026-09-01T17:40:00Z,2026-09-01T13:40:00-04:00,2026-09-01,13:40,14537,THE FLASH™: Vertical Velocity,Thrill Rides,true,20
2026-09-01T17:40:00Z,2026-09-01T13:40:00-04:00,2026-09-01,13:40,3288,THE JOKER™,Thrill Rides,true,0
2026-09-01T17:40:00Z,2026-09-01T13:40:00-04:00,2026-09-01,13:40,3273,Wile E. Coyote Canyon Blaster,Thrill Rides,true,0
2026-09-01T17:40:00Z,2026-09-01T13:40:00-04:00,2026-09-01,13:40,6371,WONDER WOMAN™ Lasso of Truth,Thrill Rides,true,0
2026-09-01T17:45:00Z,2026-09-01T13:45:00-04:00,2026-09-01,13:45,3231,Air Jumbo,Family Rides,true,0
2026-09-01T17:45:00Z,2026-09-01T13:45:00-04:00,2026-09-01,13:45,17425,Barrels O’ Fun,Family Rides,true,0
2026-09-01T17:45:00Z,2026-09-01T13:45:00-04:00,2026-09-01,13:45,3270,Buccaneer,Family Rides,false,0
2026-09-01T17:45:00Z,2026-09-01T13:45:00-04:00,2026-09-01,13:45,3237,Carousel,Family Rides,true,0
2026-09-01T17:45:00Z,2026-09-01T13:45:00-04:00,2026-09-01,13:45,3244,Enchanted Teacups,Family Rides,true,0
2026-09-01T17:45:00Z,2026-09-01T13:45:00-04:00,2026-09-01,13:45,3245,Fender Benders,Family Rides,true,0
2026-09-01T17:45:00Z,2026-09-01T13:45:00-04:00,2026-09-01,13:45,17426,Flying Scooters,Family Rides,true,0
2026-09-01T17:45:00Z,2026-09-01T13:45:00-04:00,2026-09-01,13:45,15604,Giant Wheel,Family Rides,true,0
2026-09-01T17:45:00Z,2026-09-01T13:45:00-04:00,2026-09-01,13:45,3236,HARLEY QUINN™ Crazy Train,Family Rides,true,0
2026-09-01T17:45:00Z,2026-09-01T13:45:00-04:00,2026-09-01,13:45,3249,Houdini’s Great Escape,Family Rides,true,0
2026-09-01T17:45:00Z,2026-09-01T13:45:00-04:00,2026-09-01,13:45,17427,Hypno Twister,Family Rides,true,0
2026-09-01T17:45:00Z,2026-09-01T13:45:00-04:00,2026-09-01,13:45,3250,Jolly Roger,Family Rides,true,0
2026-09-01T17:45:00Z,2026-09-01T13:45:00-04:00,2026-09-01,13:45,15829,Roaring Rapids,Family Rides,false,0
2026-09-01T17:45:00Z,2026-09-01T13:45:00-04:00,2026-09-01,13:45,15727,Scrambler,Family Rides,true,0
2026-09-01T17:45:00Z,2026-09-01T13:45:00-04:00,2026-09-01,13:45,3268,Tango,Family Rides,false,0
2026-09-01T17:45:00Z,2026-09-01T13:45:00-04:00,2026-09-01,13:45,17428,Wave Swinger,Family Rides,true,0
2026-09-01T17:45:00Z,2026-09-01T13:45:00-04:00,2026-09-01,13:45,3232,Air Safari,Kids' Rides,true,0
2026-09-01T17:45:00Z,2026-09-01T13:45:00-04:00,2026-09-01,13:45,10461,Barnstormer,Kids' Rides,true,0
2026-09-01T17:45:00Z,2026-09-01T13:45:00-04:00,2026-09-01,13:45,3275,Bugaboo,Kids' Rides,true,0
2026-09-01T17:45:00Z,2026-09-01T13:45:00-04:00,2026-09-01,13:45,3277,Bugs Bunny Camp Carousel,Kids' Rides,true,0
2026-09-01T17:45:00Z,2026-09-01T13:45:00-04:00,2026-09-01,13:45,3279,Bugs Bunny Ranger Pilots,Kids' Rides,true,0
2026-09-01T17:45:00Z,2026-09-01T13:45:00-04:00,2026-09-01,13:45,3240,Daffy Duck Hot Air Balloons,Kids' Rides,true,0
2026-09-01T17:45:00Z,2026-09-01T13:45:00-04:00,2026-09-01,13:45,10077,Lil' Devil Coaster,Kids' Rides,true,0
2026-09-01T17:45:00Z,2026-09-01T13:45:00-04:00,2026-09-01,13:45,15617,Porky Pig Camp Wagons,Kids' Rides,true,0
2026-09-01T17:45:00Z,2026-09-01T13:45:00-04:00,2026-09-01,13:45,3257,Raja’s Rickshaws,Kids' Rides,true,0
2026-09-01T17:45:00Z,2026-09-01T13:45:00-04:00,2026-09-01,13:45,3274,Safari Off-Road Adventure,Kids' Rides,false,0
2026-09-01T17:45:00Z,2026-09-01T13:45:00-04:00,2026-09-01,13:45,3283,Saw Mill Log Flume,Kids' Rides,true,10
2026-09-01T17:45:00Z,2026-09-01T13:45:00-04:00,2026-09-01,13:45,3281,Sky Zooma,Kids' Rides,true,0
2026-09-01T17:45:00Z,2026-09-01T13:45:00-04:00,2026-09-01,13:45,15789,Storm Chaser,Kids' Rides,true,0
2026-09-01T17:45:00Z,2026-09-01T13:45:00-04:00,2026-09-01,13:45,3267,Super Round Up,Kids' Rides,true,0
2026-09-01T17:45:00Z,2026-09-01T13:45:00-04:00,2026-09-01,13:45,15594,Tree Top Hopper,Kids' Rides,true,0
2026-09-01T17:45:00Z,2026-09-01T13:45:00-04:00,2026-09-01,13:45,3233,BATMAN™ The Ride,Thrill Rides,true,0
2026-09-01T17:45:00Z,2026-09-01T13:45:00-04:00,2026-09-01,13:45,3243,El Toro,Thrill Rides,true,0
2026-09-01T17:45:00Z,2026-09-01T13:45:00-04:00,2026-09-01,13:45,8539,Jersey Devil Coaster,Thrill Rides,true,0
2026-09-01T17:45:00Z,2026-09-01T13:45:00-04:00,2026-09-01,13:45,3916,JUSTICE LEAGUE™: Battle for METROPOLIS,Thrill Rides,true,5
2026-09-01T17:45:00Z,2026-09-01T13:45:00-04:00,2026-09-01,13:45,10533,Medusa,Thrill Rides,true,0
2026-09-01T17:45:00Z,2026-09-01T13:45:00-04:00,2026-09-01,13:45,3253,Nitro,Thrill Rides,true,0
2026-09-01T17:45:00Z,2026-09-01T13:45:00-04:00,2026-09-01,13:45,3261,Runaway Train,Thrill Rides,false,0
2026-09-01T17:45:00Z,2026-09-01T13:45:00-04:00,2026-09-01,13:45,3262,Skull Mountain,Thrill Rides,true,0
2026-09-01T17:45:00Z,2026-09-01T13:45:00-04:00,2026-09-01,13:45,3263,SkyScreamer,Thrill Rides,true,0
2026-09-01T17:45:00Z,2026-09-01T13:45:00-04:00,2026-09-01,13:45,3282,Slingshot,Thrill Rides,false,0
2026-09-01T17:45:00Z,2026-09-01T13:45:00-04:00,2026-09-01,13:45,3266,SUPERMAN™: Ultimate Flight,Thrill Rides,true,0
2026-09-01T17:45:00Z,2026-09-01T13:45:00-04:00,2026-09-01,13:45,3271,THE DARK KNIGHT™ Coaster,Thrill Rides,true,0
2026-09-01T17:45:00Z,2026-09-01T13:45:00-04:00,2026-09-01,13:45,14537,THE FLASH™: Vertical Velocity,Thrill Rides,true,20
2026-09-01T17:45:00Z,2026-09-01T13:45:00-04:00,2026-09-01,13:45,3288,THE JOKER™,Thrill Rides,true,0
2026-09-01T17:45:00Z,2026-09-01T13:45:00-04:00,2026-09-01,13:45,3273,Wile E. Coyote Canyon Blaster,Thrill Rides,true,0
2026-09-01T17:45:00Z,2026-09-01T13:45:00-04:00,2026-09-01,13:45,6371,WONDER WOMAN™ Lasso of Truth,Thrill Rides,true,0
2026-09-01T17:50:00Z,2026-09-01T13:50:00-04:00,2026-09-01,13:50,3231,Air Jumbo,Family Rides,true,0
2026-09-01T17:50:00Z,2026-09-01T13:50:00-04:00,2026-09-01,13:50,17425,Barrels O’ Fun,Family Rides,true,0
2026-09-01T17:50:00Z,2026-09-01T13:50:00-04:00,2026-09-01,13:50,3270,Buccaneer,Family Rides,false,0
2026-09-01T17:50:00Z,2026-09-01T13:50:00-04:00,2026-09-01,13:50,3237,Carousel,Family Rides,true,0
2026-09-01T17:50:00Z,2026-09-01T13:50:00-04:00,2026-09-01,13:50,3244,Enchanted Teacups,Family Rides,true,0
2026-09-01T17:50:00Z,2026-09-01T13:50:00-04:00,2026-09-01,13:50,3245,Fender Benders,Family Rides,true,0
2026-09-01T17:50:00Z,2026-09-01T13:50:00-04:00,2026-09-01,13:50,17426,Flying Scooters,Family Rides,true,0
2026-09-01T17:50:00Z,2026-09-01T13:50:00-04:00,2026-09-01,13:50,15604,Giant Wheel,Family Rides,true,0
2026-09-01T17:50:00Z,2026-09-01T13:50:00-04:00,2026-09-01,13:50,3236,HARLEY QUINN™ Crazy Train,Family Rides,true,0
2026-09-01T17:50:00Z,2026-09-01T13:50:00-04:00,2026-09-01,13:50,3249,Houdini’s Great Escape,Family Rides,true,0
2026-09-01T17:50:00Z,2026-09-01T13:50:00-04:00,2026-09-01,13:50,17427,Hypno Twister,Family Rides,true,0
2026-09-01T17:50:00Z,2026-09-01T13:50:00-04:00,2026-09-01,13:50,3250,Jolly Roger,Family Rides,true,0
2026-09-01T17:50:00Z,2026-09-01T13:50:00-04:00,2026-09-01,13:50,15829,Roaring Rapids,Family Rides,false,0
2026-09-01T17:50:00Z,2026-09-01T13:50:00-04:00,2026-09-01,13:50,15727,Scrambler,Family Rides,true,0
2026-09-01T17:50:00Z,2026-09-01T13:50:00-04:00,2026-09-01,13:50,3268,Tango,Family Rides,false,0
2026-09-01T17:50:00Z,2026-09-01T13:50:00-04:00,2026-09-01,13:50,17428,Wave Swinger,Family Rides,true,0
2026-09-01T17:50:00Z,2026-09-01T13:50:00-04:00,2026-09-01,13:50,3232,Air Safari,Kids' Rides,true,0
2026-09-01T17:50:00Z,2026-09-01T13:50:00-04:00,2026-09-01,13:50,10461,Barnstormer,Kids' Rides,true,0
2026-09-01T17:50:00Z,2026-09-01T13:50:00-04:00,2026-09-01,13:50,3275,Bugaboo,Kids' Rides,true,0
2026-09-01T17:50:00Z,2026-09-01T13:50:00-04:00,2026-09-01,13:50,3277,Bugs Bunny Camp Carousel,Kids' Rides,true,0
2026-09-01T17:50:00Z,2026-09-01T13:50:00-04:00,2026-09-01,13:50,3279,Bugs Bunny Ranger Pilots,Kids' Rides,true,0
2026-09-01T17:50:00Z,2026-09-01T13:50:00-04:00,2026-09-01,13:50,3240,Daffy Duck Hot Air Balloons,Kids' Rides,true,0
2026-09-01T17:50:00Z,2026-09-01T13:50:00-04:00,2026-09-01,13:50,10077,Lil' Devil Coaster,Kids' Rides,true,0
2026-09-01T17:50:00Z,2026-09-01T13:50:00-04:00,2026-09-01,13:50,15617,Porky Pig Camp Wagons,Kids' Rides,true,0
2026-09-01T17:50:00Z,2026-09-01T13:50:00-04:00,2026-09-01,13:50,3257,Raja’s Rickshaws,Kids' Rides,true,0
2026-09-01T17:50:00Z,2026-09-01T13:50:00-04:00,2026-09-01,13:50,3274,Safari Off-Road Adventure,Kids' Rides,false,0
2026-09-01T17:50:00Z,2026-09-01T13:50:00-04:00,2026-09-01,13:50,3283,Saw Mill Log Flume,Kids' Rides,true,10
2026-09-01T17:50:00Z,2026-09-01T13:50:00-04:00,2026-09-01,13:50,3281,Sky Zooma,Kids' Rides,true,0
2026-09-01T17:50:00Z,2026-09-01T13:50:00-04:00,2026-09-01,13:50,15789,Storm Chaser,Kids' Rides,true,0
2026-09-01T17:50:00Z,2026-09-01T13:50:00-04:00,2026-09-01,13:50,3267,Super Round Up,Kids' Rides,true,0
2026-09-01T17:50:00Z,2026-09-01T13:50:00-04:00,2026-09-01,13:50,15594,Tree Top Hopper,Kids' Rides,true,0
2026-09-01T17:50:00Z,2026-09-01T13:50:00-04:00,2026-09-01,13:50,3233,BATMAN™ The Ride,Thrill Rides,true,0
2026-09-01T17:50:00Z,2026-09-01T13:50:00-04:00,2026-09-01,13:50,3243,El Toro,Thrill Rides,true,0
2026-09-01T17:50:00Z,2026-09-01T13:50:00-04:00,2026-09-01,13:50,8539,Jersey Devil Coaster,Thrill Rides,true,0
2026-09-01T17:50:00Z,2026-09-01T13:50:00-04:00,2026-09-01,13:50,3916,JUSTICE LEAGUE™: Battle for METROPOLIS,Thrill Rides,true,5
2026-09-01T17:50:00Z,2026-09-01T13:50:00-04:00,2026-09-01,13:50,10533,Medusa,Thrill Rides,true,0
2026-09-01T17:50:00Z,2026-09-01T13:50:00-04:00,2026-09-01,13:50,3253,Nitro,Thrill Rides,true,0
2026-09-01T17:50:00Z,2026-09-01T13:50:00-04:00,2026-09-01,13:50,3261,Runaway Train,Thrill Rides,false,0
2026-09-01T17:50:00Z,2026-09-01T13:50:00-04:00,2026-09-01,13:50,3262,Skull Mountain,Thrill Rides,true,0
2026-09-01T17:50:00Z,2026-09-01T13:50:00-04:00,2026-09-01,13:50,3263,SkyScreamer,Thrill Rides,true,0
2026-09-01T17:50:00Z,2026-09-01T13:50:00-04:00,2026-09-01,13:50,3282,Slingshot,Thrill Rides,false,0
2026-09-01T17:50:00Z,2026-09-01T13:50:00-04:00,2026-09-01,13:50,3266,SUPERMAN™: Ultimate Flight,Thrill Rides,true,0
2026-09-01T17:50:00Z,2026-09-01T13:50:00-04:00,2026-09-01,13:50,3271,THE DARK KNIGHT™ Coaster,Thrill Rides,true,0
2026-09-01T17:50:00Z,2026-09-01T13:50:00-04:00,2026-09-01,13:50,14537,THE FLASH™: Vertical Velocity,Thrill Rides,true,20
2026-09-01T17:50:00Z,2026-09-01T13:50:00-04:00,2026-09-01,13:50,3288,THE JOKER™,Thrill Rides,true,0
2026-09-01T17:50:00Z,2026-09-01T13:50:00-04:00,2026-09-01,13:50,3273,Wile E. Coyote Canyon Blaster,Thrill Rides,true,0
2026-09-01T17:50:00Z,2026-09-01T13:50:00-04:00,2026-09-01,13:50,6371,WONDER WOMAN™ Lasso of Truth,Thrill Rides,true,0
2026-09-01T17:55:00Z,2026-09-01T13:55:00-04:00,2026-09-01,13:55,3231,Air Jumbo,Family Rides,true,0
2026-09-01T17:55:00Z,2026-09-01T13:55:00-04:00,2026-09-01,13:55,17425,Barrels O’ Fun,Family Rides,true,0
2026-09-01T17:55:00Z,2026-09-01T13:55:00-04:00,2026-09-01,13:55,3270,Buccaneer,Family Rides,false,0
2026-09-01T17:55:00Z,2026-09-01T13:55:00-04:00,2026-09-01,13:55,3237,Carousel,Family Rides,true,0
2026-09-01T17:55:00Z,2026-09-01T13:55:00-04:00,2026-09-01,13:55,3244,Enchanted Teacups,Family Rides,true,0
2026-09-01T17:55:00Z,2026-09-01T13:55:00-04:00,2026-09-01,13:55,3245,Fender Benders,Family Rides,true,0
2026-09-01T17:55:00Z,2026-09-01T13:55:00-04:00,2026-09-01,13:55,17426,Flying Scooters,Family Rides,true,0
2026-09-01T17:55:00Z,2026-09-01T13:55:00-04:00,2026-09-01,13:55,15604,Giant Wheel,Family Rides,true,0
2026-09-01T17:55:00Z,2026-09-01T13:55:00-04:00,2026-09-01,13:55,3236,HARLEY QUINN™ Crazy Train,Family Rides,true,0
2026-09-01T17:55:00Z,2026-09-01T13:55:00-04:00,2026-09-01,13:55,3249,Houdini’s Great Escape,Family Rides,true,0
2026-09-01T17:55:00Z,2026-09-01T13:55:00-04:00,2026-09-01,13:55,17427,Hypno Twister,Family Rides,true,0
2026-09-01T17:55:00Z,2026-09-01T13:55:00-04:00,2026-09-01,13:55,3250,Jolly Roger,Family Rides,true,0
2026-09-01T17:55:00Z,2026-09-01T13:55:00-04:00,2026-09-01,13:55,15829,Roaring Rapids,Family Rides,false,0
2026-09-01T17:55:00Z,2026-09-01T13:55:00-04:00,2026-09-01,13:55,15727,Scrambler,Family Rides,true,0
2026-09-01T17:55:00Z,2026-09-01T13:55:00-04:00,2026-09-01,13:55,3268,Tango,Family Rides,false,0
2026-09-01T17:55:00Z,2026-09-01T13:55:00-04:00,2026-09-01,13:55,17428,Wave Swinger,Family Rides,true,0
2026-09-01T17:55:00Z,2026-09-01T13:55:00-04:00,2026-09-01,13:55,3232,Air Safari,Kids' Rides,true,0
2026-09-01T17:55:00Z,2026-09-01T13:55:00-04:00,2026-09-01,13:55,10461,Barnstormer,Kids' Rides,true,0
2026-09-01T17:55:00Z,2026-09-01T13:55:00-04:00,2026-09-01,13:55,3275,Bugaboo,Kids' Rides,true,0
2026-09-01T17:55:00Z,2026-09-01T13:55:00-04:00,2026-09-01,13:55,3277,Bugs Bunny Camp Carousel,Kids' Rides,true,0
2026-09-01T17:55:00Z,2026-09-01T13:55:00-04:00,2026-09-01,13:55,3279,Bugs Bunny Ranger Pilots,Kids' Rides,true,0
2026-09-01T17:55:00Z,2026-09-01T13:55:00-04:00,2026-09-01,13:55,3240,Daffy Duck Hot Air Balloons,Kids' Rides,true,0
2026-09-01T17:55:00Z,2026-09-01T13:55:00-04:00,2026-09-01,13:55,10077,Lil' Devil Coaster,Kids' Rides,true,0
2026-09-01T17:55:00Z,2026-09-01T13:55:00-04:00,2026-09-01,13:55,15617,Porky Pig Camp Wagons,Kids' Rides,true,0
2026-09-01T17:55:00Z,2026-09-01T13:55:00-04:00,2026-09-01,13:55,3257,Raja’s Rickshaws,Kids' Rides,true,0
2026-09-01T17:55:00Z,2026-09-01T13:55:00-04:00,2026-09-01,13:55,3274,Safari Off-Road Adventure,Kids' Rides,false,0
2026-09-01T17:55:00Z,2026-09-01T13:55:00-04:00,2026-09-01,13:55,3283,Saw Mill Log Flume,Kids' Rides,true,10
2026-09-01T17:55:00Z,2026-09-01T13:55:00-04:00,2026-09-01,13:55,3281,Sky Zooma,Kids' Rides,true,0
2026-09-01T17:55:00Z,2026-09-01T13:55:00-04:00,2026-09-01,13:55,15789,Storm Chaser,Kids' Rides,true,0
2026-09-01T17:55:00Z,2026-09-01T13:55:00-04:00,2026-09-01,13:55,3267,Super Round Up,Kids' Rides,true,0
2026-09-01T17:55:00Z,2026-09-01T13:55:00-04:00,2026-09-01,13:55,15594,Tree Top Hopper,Kids' Rides,true,0
2026-09-01T17:55:00Z,2026-09-01T13:55:00-04:00,2026-09-01,13:55,3233,BATMAN™ The Ride,Thrill Rides,true,0
2026-09-01T17:55:00Z,2026-09-01T13:55:00-04:00,2026-09-01,13:55,3243,El Toro,Thrill Rides,true,0
2026-09-01T17:55:00Z,2026-09-01T13:55:00-04:00,2026-09-01,13:55,8539,Jersey Devil Coaster,Thrill Rides,true,0
2026-09-01T17:55:00Z,2026-09-01T13:55:00-04:00,2026-09-01,13:55,3916,JUSTICE LEAGUE™: Battle for METROPOLIS,Thrill Rides,true,5
2026-09-01T17:55:00Z,2026-09-01T13:55:00-04:00,2026-09-01,13:55,10533,Medusa,Thrill Rides,true,0
2026-09-01T17:55:00Z,2026-09-01T13:55:00-04:00,2026-09-01,13:55,3253,Nitro,Thrill Rides,true,0
2026-09-01T17:55:00Z,2026-09-01T13:55:00-04:00,2026-09-01,13:55,3261,Runaway Train,Thrill Rides,false,0
2026-09-01T17:55:00Z,2026-09-01T13:55:00-04:00,2026-09-01,13:55,3262,Skull Mountain,Thrill Rides,true,0
2026-09-01T17:55:00Z,2026-09-01T13:55:00-04:00,2026-09-01,13:55,3263,SkyScreamer,Thrill Rides,true,0
2026-09-01T17:55:00Z,2026-09-01T13:55:00-04:00,2026-09-01,13:55,3282,Slingshot,Thrill Rides,false,0
2026-09-01T17:55:00Z,2026-09-01T13:55:00-04:00,2026-09-01,13:55,3266,SUPERMAN™: Ultimate Flight,Thrill Rides,true,0
2026-09-01T17:55:00Z,2026-09-01T13:55:00-04:00,2026-09-01,13:55,3271,THE DARK KNIGHT™ Coaster,Thrill Rides,true,0
2026-09-01T17:55:00Z,2026-09-01T13:55:00-04:00,2026-09-01,13:55,14537,THE FLASH™: Vertical Velocity,Thrill Rides,true,20
2026-09-01T17:55:00Z,2026-09-01T13:55:00-04:00,2026-09-01,13:55,3288,THE JOKER™,Thrill Rides,true,0
2026-09-01T17:55:00Z,2026-09-01T13:55:00-04:00,2026-09-01,13:55,3273,Wile E. Coyote Canyon Blaster,Thrill Rides,true,0
2026-09-01T17:55:00Z,2026-09-01T13:55:00-04:00,2026-09-01,13:55,6371,WONDER WOMAN™ Lasso of Truth,Thrill Rides,true,0
2026-09-01T18:00:00Z,2026-09-01T14:00:00-04:00,2026-09-01,14:00,3231,Air Jumbo,Family Rides,true,0
2026-09-01T18:00:00Z,2026-09-01T14:00:00-04:00,2026-09-01,14:00,17425,Barrels O’ Fun,Family Rides,true,0
2026-09-01T18:00:00Z,2026-09-01T14:00:00-04:00,2026-09-01,14:00,3270,Buccaneer,Family Rides,false,0
2026-09-01T18:00:00Z,2026-09-01T14:00:00-04:00,2026-09-01,14:00,3237,Carousel,Family Rides,true,0
2026-09-01T18:00:00Z,2026-09-01T14:00:00-04:00,2026-09-01,14:00,3244,Enchanted Teacups,Family Rides,true,0
2026-09-01T18:00:00Z,2026-09-01T14:00:00-04:00,2026-09-01,14:00,3245,Fender Benders,Family Rides,true,0
2026-09-01T18:00:00Z,2026-09-01T14:00:00-04:00,2026-09-01,14:00,17426,Flying Scooters,Family Rides,true,0
2026-09-01T18:00:00Z,2026-09-01T14:00:00-04:00,2026-09-01,14:00,15604,Giant Wheel,Family Rides,true,0
2026-09-01T18:00:00Z,2026-09-01T14:00:00-04:00,2026-09-01,14:00,3236,HARLEY QUINN™ Crazy Train,Family Rides,true,0
2026-09-01T18:00:00Z,2026-09-01T14:00:00-04:00,2026-09-01,14:00,3249,Houdini’s Great Escape,Family Rides,true,0
2026-09-01T18:00:00Z,2026-09-01T14:00:00-04:00,2026-09-01,14:00,17427,Hypno Twister,Family Rides,true,0
2026-09-01T18:00:00Z,2026-09-01T14:00:00-04:00,2026-09-01,14:00,3250,Jolly Roger,Family Rides,true,0
2026-09-01T18:00:00Z,2026-09-01T14:00:00-04:00,2026-09-01,14:00,15829,Roaring Rapids,Family Rides,false,0
2026-09-01T18:00:00Z,2026-09-01T14:00:00-04:00,2026-09-01,14:00,15727,Scrambler,Family Rides,true,0
2026-09-01T18:00:00Z,2026-09-01T14:00:00-04:00,2026-09-01,14:00,3268,Tango,Family Rides,false,0
2026-09-01T18:00:00Z,2026-09-01T14:00:00-04:00,2026-09-01,14:00,17428,Wave Swinger,Family Rides,true,0
2026-09-01T18:00:00Z,2026-09-01T14:00:00-04:00,2026-09-01,14:00,3232,Air Safari,Kids' Rides,true,0
2026-09-01T18:00:00Z,2026-09-01T14:00:00-04:00,2026-09-01,14:00,10461,Barnstormer,Kids' Rides,true,0
2026-09-01T18:00:00Z,2026-09-01T14:00:00-04:00,2026-09-01,14:00,3275,Bugaboo,Kids' Rides,true,0
2026-09-01T18:00:00Z,2026-09-01T14:00:00-04:00,2026-09-01,14:00,3277,Bugs Bunny Camp Carousel,Kids' Rides,true,0
2026-09-01T18:00:00Z,2026-09-01T14:00:00-04:00,2026-09-01,14:00,3279,Bugs Bunny Ranger Pilots,Kids' Rides,true,0
2026-09-01T18:00:00Z,2026-09-01T14:00:00-04:00,2026-09-01,14:00,3240,Daffy Duck Hot Air Balloons,Kids' Rides,true,0
2026-09-01T18:00:00Z,2026-09-01T14:00:00-04:00,2026-09-01,14:00,10077,Lil' Devil Coaster,Kids' Rides,true,0
2026-09-01T18:00:00Z,2026-09-01T14:00:00-04:00,2026-09-01,14:00,15617,Porky Pig Camp Wagons,Kids' Rides,true,0
2026-09-01T18:00:00Z,2026-09-01T14:00:00-04:00,2026-09-01,14:00,3257,Raja’s Rickshaws,Kids' Rides,true,0
2026-09-01T18:00:00Z,2026-09-01T14:00:00-04:00,2026-09-01,14:00,3274,Safari Off-Road Adventure,Kids' Rides,false,0
2026-09-01T18:00:00Z,2026-09-01T14:00:00-04:00,2026-09-01,14:00,3283,Saw Mill Log Flume,Kids' Rides,true,10
2026-09-01T18:00:00Z,2026-09-01T14:00:00-04:00,2026-09-01,14:00,3281,Sky Zooma,Kids' Rides,true,0
2026-09-01T18:00:00Z,2026-09-01T14:00:00-04:00,2026-09-01,14:00,15789,Storm Chaser,Kids' Rides,true,0
2026-09-01T18:00:00Z,2026-09-01T14:00:00-04:00,2026-09-01,14:00,3267,Super Round Up,Kids' Rides,true,0
2026-09-01T18:00:00Z,2026-09-01T14:00:00-04:00,2026-09-01,14:00,15594,Tree Top Hopper,Kids' Rides,true,0
2026-09-01T18:00:00Z,2026-09-01T14:00:00-04:00,2026-09-01,14:00,3233,BATMAN™ The Ride,Thrill Rides,true,0
2026-09-01T18:00:00Z,2026-09-01T14:00:00-04:00,2026-09-01,14:00,3243,El Toro,Thrill Rides,true,0
2026-09-01T18:00:00Z,2026-09-01T14:00:00-04:00,2026-09-01,14:00,8539,Jersey Devil Coaster,Thrill Rides,true,0
2026-09-01T18:00:00Z,2026-09-01T14:00:00-04:00,2026-09-01,14:00,3916,JUSTICE LEAGUE™: Battle for METROPOLIS,Thrill Rides,true,5
2026-09-01T18:00:00Z,2026-09-01T14:00:00-04:00,2026-09-01,14:00,10533,Medusa,Thrill Rides,true,0
2026-09-01T18:00:00Z,2026-09-01T14:00:00-04:00,2026-09-01,14:00,3253,Nitro,Thrill Rides,true,0
2026-09-01T18:00:00Z,2026-09-01T14:00:00-04:00,2026-09-01,14:00,3261,Runaway Train,Thrill Rides,false,0
2026-09-01T18:00:00Z,2026-09-01T14:00:00-04:00,2026-09-01,14:00,3262,Skull Mountain,Thrill Rides,true,0
2026-09-01T18:00:00Z,2026-09-01T14:00:00-04:00,2026-09-01,14:00,3263,SkyScreamer,Thrill Rides,true,0
2026-09-01T18:00:00Z,2026-09-01T14:00:00-04:00,2026-09-01,14:00,3282,Slingshot,Thrill Rides,false,0
2026-09-01T18:00:00Z,2026-09-01T14:00:00-04:00,2026-09-01,14:00,3266,SUPERMAN™: Ultimate Flight,Thrill Rides,true,0
2026-09-01T18:00:00Z,2026-09-01T14:00:00-04:00,2026-09-01,14:00,3271,THE DARK KNIGHT™ Coaster,Thrill Rides,true,0
2026-09-01T18:00:00Z,2026-09-01T14:00:00-04:00,2026-09-01,14:00,14537,THE FLASH™: Vertical Velocity,Thrill Rides,true,20
2026-09-01T18:00:00Z,2026-09-01T14:00:00-04:00,2026-09-01,14:00,3288,THE JOKER™,Thrill Rides,true,0
2026-09-01T18:00:00Z,2026-09-01T14:00:00-04:00,2026-09-01,14:00,3273,Wile E. Coyote Canyon Blaster,Thrill Rides,true,0
2026-09-01T18:00:00Z,2026-09-01T14:00:00-04:00,2026-09-01,14:00,6371,WONDER WOMAN™ Lasso of Truth,Thrill Rides,true,0
2026-09-01T19:55:00Z,2026-09-01T15:55:00-04:00,2026-09-01,15:55,3231,Air Jumbo,Family Rides,true,0
2026-09-01T19:55:00Z,2026-09-01T15:55:00-04:00,2026-09-01,15:55,17425,Barrels O’ Fun,Family Rides,true,0
2026-09-01T19:55:00Z,2026-09-01T15:55:00-04:00,2026-09-01,15:55,3270,Buccaneer,Family Rides,false,0
2026-09-01T19:55:00Z,2026-09-01T15:55:00-04:00,2026-09-01,15:55,3237,Carousel,Family Rides,true,0
2026-09-01T19:55:00Z,2026-09-01T15:55:00-04:00,2026-09-01,15:55,3244,Enchanted Teacups,Family Rides,true,0
2026-09-01T19:55:00Z,2026-09-01T15:55:00-04:00,2026-09-01,15:55,3245,Fender Benders,Family Rides,true,0
2026-09-01T19:55:00Z,2026-09-01T15:55:00-04:00,2026-09-01,15:55,17426,Flying Scooters,Family Rides,true,0
2026-09-01T19:55:00Z,2026-09-01T15:55:00-04:00,2026-09-01,15:55,15604,Giant Wheel,Family Rides,true,0
2026-09-01T19:55:00Z,2026-09-01T15:55:00-04:00,2026-09-01,15:55,3236,HARLEY QUINN™ Crazy Train,Family Rides,true,0
2026-09-01T19:55:00Z,2026-09-01T15:55:00-04:00,2026-09-01,15:55,3249,Houdini’s Great Escape,Family Rides,true,0
2026-09-01T19:55:00Z,2026-09-01T15:55:00-04:00,2026-09-01,15:55,17427,Hypno Twister,Family Rides,true,0
2026-09-01T19:55:00Z,2026-09-01T15:55:00-04:00,2026-09-01,15:55,3250,Jolly Roger,Family Rides,true,0
2026-09-01T19:55:00Z,2026-09-01T15:55:00-04:00,2026-09-01,15:55,15829,Roaring Rapids,Family Rides,false,0
2026-09-01T19:55:00Z,2026-09-01T15:55:00-04:00,2026-09-01,15:55,15727,Scrambler,Family Rides,true,0
2026-09-01T19:55:00Z,2026-09-01T15:55:00-04:00,2026-09-01,15:55,3268,Tango,Family Rides,true,0
2026-09-01T19:55:00Z,2026-09-01T15:55:00-04:00,2026-09-01,15:55,17428,Wave Swinger,Family Rides,true,0
2026-09-01T19:55:00Z,2026-09-01T15:55:00-04:00,2026-09-01,15:55,3232,Air Safari,Kids' Rides,true,0
2026-09-01T19:55:00Z,2026-09-01T15:55:00-04:00,2026-09-01,15:55,10461,Barnstormer,Kids' Rides,true,0
2026-09-01T19:55:00Z,2026-09-01T15:55:00-04:00,2026-09-01,15:55,3275,Bugaboo,Kids' Rides,true,0
2026-09-01T19:55:00Z,2026-09-01T15:55:00-04:00,2026-09-01,15:55,3277,Bugs Bunny Camp Carousel,Kids' Rides,true,0
2026-09-01T19:55:00Z,2026-09-01T15:55:00-04:00,2026-09-01,15:55,3279,Bugs Bunny Ranger Pilots,Kids' Rides,true,0
2026-09-01T19:55:00Z,2026-09-01T15:55:00-04:00,2026-09-01,15:55,3240,Daffy Duck Hot Air Balloons,Kids' Rides,true,0
2026-09-01T19:55:00Z,2026-09-01T15:55:00-04:00,2026-09-01,15:55,10077,Lil' Devil Coaster,Kids' Rides,true,0
2026-09-01T19:55:00Z,2026-09-01T15:55:00-04:00,2026-09-01,15:55,15617,Porky Pig Camp Wagons,Kids' Rides,true,0
2026-09-01T19:55:00Z,2026-09-01T15:55:00-04:00,2026-09-01,15:55,3257,Raja’s Rickshaws,Kids' Rides,true,0
2026-09-01T19:55:00Z,2026-09-01T15:55:00-04:00,2026-09-01,15:55,3274,Safari Off-Road Adventure,Kids' Rides,false,0
2026-09-01T19:55:00Z,2026-09-01T15:55:00-04:00,2026-09-01,15:55,3283,Saw Mill Log Flume,Kids' Rides,true,20
2026-09-01T19:55:00Z,2026-09-01T15:55:00-04:00,2026-09-01,15:55,3281,Sky Zooma,Kids' Rides,true,0
2026-09-01T19:55:00Z,2026-09-01T15:55:00-04:00,2026-09-01,15:55,15789,Storm Chaser,Kids' Rides,true,0
2026-09-01T19:55:00Z,2026-09-01T15:55:00-04:00,2026-09-01,15:55,3267,Super Round Up,Kids' Rides,true,0
2026-09-01T19:55:00Z,2026-09-01T15:55:00-04:00,2026-09-01,15:55,15594,Tree Top Hopper,Kids' Rides,true,0
2026-09-01T19:55:00Z,2026-09-01T15:55:00-04:00,2026-09-01,15:55,3233,BATMAN™ The Ride,Thrill Rides,true,5
2026-09-01T19:55:00Z,2026-09-01T15:55:00-04:00,2026-09-01,15:55,3243,El Toro,Thrill Rides,false,0
2026-09-01T19:55:00Z,2026-09-01T15:55:00-04:00,2026-09-01,15:55,8539,Jersey Devil Coaster,Thrill Rides,true,0
2026-09-01T19:55:00Z,2026-09-01T15:55:00-04:00,2026-09-01,15:55,3916,JUSTICE LEAGUE™: Battle for METROPOLIS,Thrill Rides,true,5
2026-09-01T19:55:00Z,2026-09-01T15:55:00-04:00,2026-09-01,15:55,10533,Medusa,Thrill Rides,true,0
2026-09-01T19:55:00Z,2026-09-01T15:55:00-04:00,2026-09-01,15:55,3253,Nitro,Thrill Rides,true,10
2026-09-01T19:55:00Z,2026-09-01T15:55:00-04:00,2026-09-01,15:55,3261,Runaway Train,Thrill Rides,false,0
2026-09-01T19:55:00Z,2026-09-01T15:55:00-04:00,2026-09-01,15:55,3262,Skull Mountain,Thrill Rides,true,0
2026-09-01T19:55:00Z,2026-09-01T15:55:00-04:00,2026-09-01,15:55,3263,SkyScreamer,Thrill Rides,true,0
2026-09-01T19:55:00Z,2026-09-01T15:55:00-04:00,2026-09-01,15:55,3282,Slingshot,Thrill Rides,false,0
2026-09-01T19:55:00Z,2026-09-01T15:55:00-04:00,2026-09-01,15:55,3266,SUPERMAN™: Ultimate Flight,Thrill Rides,true,0
2026-09-01T19:55:00Z,2026-09-01T15:55:00-04:00,2026-09-01,15:55,3271,THE DARK KNIGHT™ Coaster,Thrill Rides,true,0
2026-09-01T19:55:00Z,2026-09-01T15:55:00-04:00,2026-09-01,15:55,14537,THE FLASH™: Vertical Velocity,Thrill Rides,true,15
2026-09-01T19:55:00Z,2026-09-01T15:55:00-04:00,2026-09-01,15:55,3288,THE JOKER™,Thrill Rides,true,0
2026-09-01T19:55:00Z,2026-09-01T15:55:00-04:00,2026-09-01,15:55,3273,Wile E. Coyote Canyon Blaster,Thrill Rides,true,0
2026-09-01T19:55:00Z,2026-09-01T15:55:00-04:00,2026-09-01,15:55,6371,WONDER WOMAN™ Lasso of Truth,Thrill Rides,true,0
2026-09-01T20:00:00Z,2026-09-01T16:00:00-04:00,2026-09-01,16:00,3231,Air Jumbo,Family Rides,true,0
2026-09-01T20:00:00Z,2026-09-01T16:00:00-04:00,2026-09-01,16:00,17425,Barrels O’ Fun,Family Rides,true,0
2026-09-01T20:00:00Z,2026-09-01T16:00:00-04:00,2026-09-01,16:00,3270,Buccaneer,Family Rides,false,0
2026-09-01T20:00:00Z,2026-09-01T16:00:00-04:00,2026-09-01,16:00,3237,Carousel,Family Rides,true,0
2026-09-01T20:00:00Z,2026-09-01T16:00:00-04:00,2026-09-01,16:00,3244,Enchanted Teacups,Family Rides,true,0
2026-09-01T20:00:00Z,2026-09-01T16:00:00-04:00,2026-09-01,16:00,3245,Fender Benders,Family Rides,true,0
2026-09-01T20:00:00Z,2026-09-01T16:00:00-04:00,2026-09-01,16:00,17426,Flying Scooters,Family Rides,true,0
2026-09-01T20:00:00Z,2026-09-01T16:00:00-04:00,2026-09-01,16:00,15604,Giant Wheel,Family Rides,true,0
2026-09-01T20:00:00Z,2026-09-01T16:00:00-04:00,2026-09-01,16:00,3236,HARLEY QUINN™ Crazy Train,Family Rides,true,0
2026-09-01T20:00:00Z,2026-09-01T16:00:00-04:00,2026-09-01,16:00,3249,Houdini’s Great Escape,Family Rides,true,0
2026-09-01T20:00:00Z,2026-09-01T16:00:00-04:00,2026-09-01,16:00,17427,Hypno Twister,Family Rides,true,0
2026-09-01T20:00:00Z,2026-09-01T16:00:00-04:00,2026-09-01,16:00,3250,Jolly Roger,Family Rides,true,0
2026-09-01T20:00:00Z,2026-09-01T16:00:00-04:00,2026-09-01,16:00,15829,Roaring Rapids,Family Rides,false,0
2026-09-01T20:00:00Z,2026-09-01T16:00:00-04:00,2026-09-01,16:00,15727,Scrambler,Family Rides,true,0
2026-09-01T20:00:00Z,2026-09-01T16:00:00-04:00,2026-09-01,16:00,3268,Tango,Family Rides,true,0
2026-09-01T20:00:00Z,2026-09-01T16:00:00-04:00,2026-09-01,16:00,17428,Wave Swinger,Family Rides,true,0
2026-09-01T20:00:00Z,2026-09-01T16:00:00-04:00,2026-09-01,16:00,3232,Air Safari,Kids' Rides,true,0
2026-09-01T20:00:00Z,2026-09-01T16:00:00-04:00,2026-09-01,16:00,10461,Barnstormer,Kids' Rides,true,0
2026-09-01T20:00:00Z,2026-09-01T16:00:00-04:00,2026-09-01,16:00,3275,Bugaboo,Kids' Rides,true,0
2026-09-01T20:00:00Z,2026-09-01T16:00:00-04:00,2026-09-01,16:00,3277,Bugs Bunny Camp Carousel,Kids' Rides,true,0
2026-09-01T20:00:00Z,2026-09-01T16:00:00-04:00,2026-09-01,16:00,3279,Bugs Bunny Ranger Pilots,Kids' Rides,true,0
2026-09-01T20:00:00Z,2026-09-01T16:00:00-04:00,2026-09-01,16:00,3240,Daffy Duck Hot Air Balloons,Kids' Rides,true,0
2026-09-01T20:00:00Z,2026-09-01T16:00:00-04:00,2026-09-01,16:00,10077,Lil' Devil Coaster,Kids' Rides,true,0
2026-09-01T20:00:00Z,2026-09-01T16:00:00-04:00,2026-09-01,16:00,15617,Porky Pig Camp Wagons,Kids' Rides,true,0
2026-09-01T20:00:00Z,2026-09-01T16:00:00-04:00,2026-09-01,16:00,3257,Raja’s Rickshaws,Kids' Rides,true,0
2026-09-01T20:00:00Z,2026-09-01T16:00:00-04:00,2026-09-01,16:00,3274,Safari Off-Road Adventure,Kids' Rides,false,0
2026-09-01T20:00:00Z,2026-09-01T16:00:00-04:00,2026-09-01,16:00,3283,Saw Mill Log Flume,Kids' Rides,true,20
2026-09-01T20:00:00Z,2026-09-01T16:00:00-04:00,2026-09-01,16:00,3281,Sky Zooma,Kids' Rides,true,0
2026-09-01T20:00:00Z,2026-09-01T16:00:00-04:00,2026-09-01,16:00,15789,Storm Chaser,Kids' Rides,true,0
2026-09-01T20:00:00Z,2026-09-01T16:00:00-04:00,2026-09-01,16:00,3267,Super Round Up,Kids' Rides,true,0
2026-09-01T20:00:00Z,2026-09-01T16:00:00-04:00,2026-09-01,16:00,15594,Tree Top Hopper,Kids' Rides,true,0
2026-09-01T20:00:00Z,2026-09-01T16:00:00-04:00,2026-09-01,16:00,3233,BATMAN™ The Ride,Thrill Rides,true,5
2026-09-01T20:00:00Z,2026-09-01T16:00:00-04:00,2026-09-01,16:00,3243,El Toro,Thrill Rides,false,0
2026-09-01T20:00:00Z,2026-09-01T16:00:00-04:00,2026-09-01,16:00,8539,Jersey Devil Coaster,Thrill Rides,true,0
2026-09-01T20:00:00Z,2026-09-01T16:00:00-04:00,2026-09-01,16:00,3916,JUSTICE LEAGUE™: Battle for METROPOLIS,Thrill Rides,true,5
2026-09-01T20:00:00Z,2026-09-01T16:00:00-04:00,2026-09-01,16:00,10533,Medusa,Thrill Rides,true,0
2026-09-01T20:00:00Z,2026-09-01T16:00:00-04:00,2026-09-01,16:00,3253,Nitro,Thrill Rides,true,10
2026-09-01T20:00:00Z,2026-09-01T16:00:00-04:00,2026-09-01,16:00,3261,Runaway Train,Thrill Rides,false,0
2026-09-01T20:00:00Z,2026-09-01T16:00:00-04:00,2026-09-01,16:00,3262,Skull Mountain,Thrill Rides,true,0
2026-09-01T20:00:00Z,2026-09-01T16:00:00-04:00,2026-09-01,16:00,3263,SkyScreamer,Thrill Rides,true,0
2026-09-01T20:00:00Z,2026-09-01T16:00:00-04:00,2026-09-01,16:00,3282,Slingshot,Thrill Rides,false,0
2026-09-01T20:00:00Z,2026-09-01T16:00:00-04:00,2026-09-01,16:00,3266,SUPERMAN™: Ultimate Flight,Thrill Rides,true,0
2026-09-01T20:00:00Z,2026-09-01T16:00:00-04:00,2026-09-01,16:00,3271,THE DARK KNIGHT™ Coaster,Thrill Rides,true,0
2026-09-01T20:00:00Z,2026-09-01T16:00:00-04:00,2026-09-01,16:00,14537,THE FLASH™: Vertical Velocity,Thrill Rides,true,15
2026-09-01T20:00:00Z,2026-09-01T16:00:00-04:00,2026-09-01,16:00,3288,THE JOKER™,Thrill Rides,true,0
2026-09-01T20:00:00Z,2026-09-01T16:00:00-04:00,2026-09-01,16:00,3273,Wile E. Coyote Canyon Blaster,Thrill Rides,true,0
2026-09-01T20:00:00Z,2026-09-01T16:00:00-04:00,2026-09-01,16:00,6371,WONDER WOMAN™ Lasso of Truth,Thrill Rides,true,0
2026-09-01T20:05:00Z,2026-09-01T16:05:00-04:00,2026-09-01,16:05,3231,Air Jumbo,Family Rides,true,0
2026-09-01T20:05:00Z,2026-09-01T16:05:00-04:00,2026-09-01,16:05,17425,Barrels O’ Fun,Family Rides,true,0
2026-09-01T20:05:00Z,2026-09-01T16:05:00-04:00,2026-09-01,16:05,3270,Buccaneer,Family Rides,false,0
2026-09-01T20:05:00Z,2026-09-01T16:05:00-04:00,2026-09-01,16:05,3237,Carousel,Family Rides,true,0
2026-09-01T20:05:00Z,2026-09-01T16:05:00-04:00,2026-09-01,16:05,3244,Enchanted Teacups,Family Rides,true,0
2026-09-01T20:05:00Z,2026-09-01T16:05:00-04:00,2026-09-01,16:05,3245,Fender Benders,Family Rides,true,0
2026-09-01T20:05:00Z,2026-09-01T16:05:00-04:00,2026-09-01,16:05,17426,Flying Scooters,Family Rides,true,0
2026-09-01T20:05:00Z,2026-09-01T16:05:00-04:00,2026-09-01,16:05,15604,Giant Wheel,Family Rides,true,0
2026-09-01T20:05:00Z,2026-09-01T16:05:00-04:00,2026-09-01,16:05,3236,HARLEY QUINN™ Crazy Train,Family Rides,true,0
2026-09-01T20:05:00Z,2026-09-01T16:05:00-04:00,2026-09-01,16:05,3249,Houdini’s Great Escape,Family Rides,true,0
2026-09-01T20:05:00Z,2026-09-01T16:05:00-04:00,2026-09-01,16:05,17427,Hypno Twister,Family Rides,true,0
2026-09-01T20:05:00Z,2026-09-01T16:05:00-04:00,2026-09-01,16:05,3250,Jolly Roger,Family Rides,true,0
2026-09-01T20:05:00Z,2026-09-01T16:05:00-04:00,2026-09-01,16:05,15829,Roaring Rapids,Family Rides,false,0
2026-09-01T20:05:00Z,2026-09-01T16:05:00-04:00,2026-09-01,16:05,15727,Scrambler,Family Rides,true,0
2026-09-01T20:05:00Z,2026-09-01T16:05:00-04:00,2026-09-01,16:05,3268,Tango,Family Rides,true,0
2026-09-01T20:05:00Z,2026-09-01T16:05:00-04:00,2026-09-01,16:05,17428,Wave Swinger,Family Rides,true,0
2026-09-01T20:05:00Z,2026-09-01T16:05:00-04:00,2026-09-01,16:05,3232,Air Safari,Kids' Rides,true,0
2026-09-01T20:05:00Z,2026-09-01T16:05:00-04:00,2026-09-01,16:05,10461,Barnstormer,Kids' Rides,true,0
2026-09-01T20:05:00Z,2026-09-01T16:05:00-04:00,2026-09-01,16:05,3275,Bugaboo,Kids' Rides,true,0
2026-09-01T20:05:00Z,2026-09-01T16:05:00-04:00,2026-09-01,16:05,3277,Bugs Bunny Camp Carousel,Kids' Rides,true,0
2026-09-01T20:05:00Z,2026-09-01T16:05:00-04:00,2026-09-01,16:05,3279,Bugs Bunny Ranger Pilots,Kids' Rides,true,0
2026-09-01T20:05:00Z,2026-09-01T16:05:00-04:00,2026-09-01,16:05,3240,Daffy Duck Hot Air Balloons,Kids' Rides,true,0
2026-09-01T20:05:00Z,2026-09-01T16:05:00-04:00,2026-09-01,16:05,10077,Lil' Devil Coaster,Kids' Rides,true,0
2026-09-01T20:05:00Z,2026-09-01T16:05:00-04:00,2026-09-01,16:05,15617,Porky Pig Camp Wagons,Kids' Rides,true,0
2026-09-01T20:05:00Z,2026-09-01T16:05:00-04:00,2026-09-01,16:05,3257,Raja’s Rickshaws,Kids' Rides,true,0
2026-09-01T20:05:00Z,2026-09-01T16:05:00-04:00,2026-09-01,16:05,3274,Safari Off-Road Adventure,Kids' Rides,false,0
2026-09-01T20:05:00Z,2026-09-01T16:05:00-04:00,2026-09-01,16:05,3283,Saw Mill Log Flume,Kids' Rides,true,20
2026-09-01T20:05:00Z,2026-09-01T16:05:00-04:00,2026-09-01,16:05,3281,Sky Zooma,Kids' Rides,true,0
2026-09-01T20:05:00Z,2026-09-01T16:05:00-04:00,2026-09-01,16:05,15789,Storm Chaser,Kids' Rides,true,0
2026-09-01T20:05:00Z,2026-09-01T16:05:00-04:00,2026-09-01,16:05,3267,Super Round Up,Kids' Rides,true,0
2026-09-01T20:05:00Z,2026-09-01T16:05:00-04:00,2026-09-01,16:05,15594,Tree Top Hopper,Kids' Rides,true,0
2026-09-01T20:05:00Z,2026-09-01T16:05:00-04:00,2026-09-01,16:05,3233,BATMAN™ The Ride,Thrill Rides,true,5
2026-09-01T20:05:00Z,2026-09-01T16:05:00-04:00,2026-09-01,16:05,3243,El Toro,Thrill Rides,true,0
2026-09-01T20:05:00Z,2026-09-01T16:05:00-04:00,2026-09-01,16:05,8539,Jersey Devil Coaster,Thrill Rides,true,0
2026-09-01T20:05:00Z,2026-09-01T16:05:00-04:00,2026-09-01,16:05,3916,JUSTICE LEAGUE™: Battle for METROPOLIS,Thrill Rides,true,5
2026-09-01T20:05:00Z,2026-09-01T16:05:00-04:00,2026-09-01,16:05,10533,Medusa,Thrill Rides,true,0
2026-09-01T20:05:00Z,2026-09-01T16:05:00-04:00,2026-09-01,16:05,3253,Nitro,Thrill Rides,true,10
2026-09-01T20:05:00Z,2026-09-01T16:05:00-04:00,2026-09-01,16:05,3261,Runaway Train,Thrill Rides,false,0
2026-09-01T20:05:00Z,2026-09-01T16:05:00-04:00,2026-09-01,16:05,3262,Skull Mountain,Thrill Rides,true,0
2026-09-01T20:05:00Z,2026-09-01T16:05:00-04:00,2026-09-01,16:05,3263,SkyScreamer,Thrill Rides,true,0
2026-09-01T20:05:00Z,2026-09-01T16:05:00-04:00,2026-09-01,16:05,3282,Slingshot,Thrill Rides,false,0
2026-09-01T20:05:00Z,2026-09-01T16:05:00-04:00,2026-09-01,16:05,3266,SUPERMAN™: Ultimate Flight,Thrill Rides,true,0
2026-09-01T20:05:00Z,2026-09-01T16:05:00-04:00,2026-09-01,16:05,3271,THE DARK KNIGHT™ Coaster,Thrill Rides,true,0
2026-09-01T20:05:00Z,2026-09-01T16:05:00-04:00,2026-09-01,16:05,14537,THE FLASH™: Vertical Velocity,Thrill Rides,true,15
2026-09-01T20:05:00Z,2026-09-01T16:05:00-04:00,2026-09-01,16:05,3288,THE JOKER™,Thrill Rides,true,0
2026-09-01T20:05:00Z,2026-09-01T16:05:00-04:00,2026-09-01,16:05,3273,Wile E. Coyote Canyon Blaster,Thrill Rides,true,0
2026-09-01T20:05:00Z,2026-09-01T16:05:00-04:00,2026-09-01,16:05,6371,WONDER WOMAN™ Lasso of Truth,Thrill Rides,true,0
2026-09-01T20:10:00Z,2026-09-01T16:10:00-04:00,2026-09-01,16:10,3231,Air Jumbo,Family Rides,true,0
2026-09-01T20:10:00Z,2026-09-01T16:10:00-04:00,2026-09-01,16:10,17425,Barrels O’ Fun,Family Rides,true,0
2026-09-01T20:10:00Z,2026-09-01T16:10:00-04:00,2026-09-01,16:10,3270,Buccaneer,Family Rides,false,0
2026-09-01T20:10:00Z,2026-09-01T16:10:00-04:00,2026-09-01,16:10,3237,Carousel,Family Rides,true,0
2026-09-01T20:10:00Z,2026-09-01T16:10:00-04:00,2026-09-01,16:10,3244,Enchanted Teacups,Family Rides,true,0
2026-09-01T20:10:00Z,2026-09-01T16:10:00-04:00,2026-09-01,16:10,3245,Fender Benders,Family Rides,true,0
2026-09-01T20:10:00Z,2026-09-01T16:10:00-04:00,2026-09-01,16:10,17426,Flying Scooters,Family Rides,true,0
2026-09-01T20:10:00Z,2026-09-01T16:10:00-04:00,2026-09-01,16:10,15604,Giant Wheel,Family Rides,true,0
2026-09-01T20:10:00Z,2026-09-01T16:10:00-04:00,2026-09-01,16:10,3236,HARLEY QUINN™ Crazy Train,Family Rides,true,0
2026-09-01T20:10:00Z,2026-09-01T16:10:00-04:00,2026-09-01,16:10,3249,Houdini’s Great Escape,Family Rides,true,0
2026-09-01T20:10:00Z,2026-09-01T16:10:00-04:00,2026-09-01,16:10,17427,Hypno Twister,Family Rides,true,0
2026-09-01T20:10:00Z,2026-09-01T16:10:00-04:00,2026-09-01,16:10,3250,Jolly Roger,Family Rides,true,0
2026-09-01T20:10:00Z,2026-09-01T16:10:00-04:00,2026-09-01,16:10,15829,Roaring Rapids,Family Rides,false,0
2026-09-01T20:10:00Z,2026-09-01T16:10:00-04:00,2026-09-01,16:10,15727,Scrambler,Family Rides,true,0
2026-09-01T20:10:00Z,2026-09-01T16:10:00-04:00,2026-09-01,16:10,3268,Tango,Family Rides,true,0
2026-09-01T20:10:00Z,2026-09-01T16:10:00-04:00,2026-09-01,16:10,17428,Wave Swinger,Family Rides,true,0
2026-09-01T20:10:00Z,2026-09-01T16:10:00-04:00,2026-09-01,16:10,3232,Air Safari,Kids' Rides,true,0
2026-09-01T20:10:00Z,2026-09-01T16:10:00-04:00,2026-09-01,16:10,10461,Barnstormer,Kids' Rides,true,0
2026-09-01T20:10:00Z,2026-09-01T16:10:00-04:00,2026-09-01,16:10,3275,Bugaboo,Kids' Rides,true,0
2026-09-01T20:10:00Z,2026-09-01T16:10:00-04:00,2026-09-01,16:10,3277,Bugs Bunny Camp Carousel,Kids' Rides,true,0
2026-09-01T20:10:00Z,2026-09-01T16:10:00-04:00,2026-09-01,16:10,3279,Bugs Bunny Ranger Pilots,Kids' Rides,true,0
2026-09-01T20:10:00Z,2026-09-01T16:10:00-04:00,2026-09-01,16:10,3240,Daffy Duck Hot Air Balloons,Kids' Rides,true,0
2026-09-01T20:10:00Z,2026-09-01T16:10:00-04:00,2026-09-01,16:10,10077,Lil' Devil Coaster,Kids' Rides,true,0
2026-09-01T20:10:00Z,2026-09-01T16:10:00-04:00,2026-09-01,16:10,15617,Porky Pig Camp Wagons,Kids' Rides,true,0
2026-09-01T20:10:00Z,2026-09-01T16:10:00-04:00,2026-09-01,16:10,3257,Raja’s Rickshaws,Kids' Rides,true,0
2026-09-01T20:10:00Z,2026-09-01T16:10:00-04:00,2026-09-01,16:10,3274,Safari Off-Road Adventure,Kids' Rides,false,0
2026-09-01T20:10:00Z,2026-09-01T16:10:00-04:00,2026-09-01,16:10,3283,Saw Mill Log Flume,Kids' Rides,true,20
2026-09-01T20:10:00Z,2026-09-01T16:10:00-04:00,2026-09-01,16:10,3281,Sky Zooma,Kids' Rides,true,0
2026-09-01T20:10:00Z,2026-09-01T16:10:00-04:00,2026-09-01,16:10,15789,Storm Chaser,Kids' Rides,true,0
2026-09-01T20:10:00Z,2026-09-01T16:10:00-04:00,2026-09-01,16:10,3267,Super Round Up,Kids' Rides,true,0
2026-09-01T20:10:00Z,2026-09-01T16:10:00-04:00,2026-09-01,16:10,15594,Tree Top Hopper,Kids' Rides,true,0
2026-09-01T20:10:00Z,2026-09-01T16:10:00-04:00,2026-09-01,16:10,3233,BATMAN™ The Ride,Thrill Rides,true,5
2026-09-01T20:10:00Z,2026-09-01T16:10:00-04:00,2026-09-01,16:10,3243,El Toro,Thrill Rides,true,0
2026-09-01T20:10:00Z,2026-09-01T16:10:00-04:00,2026-09-01,16:10,8539,Jersey Devil Coaster,Thrill Rides,true,0
2026-09-01T20:10:00Z,2026-09-01T16:10:00-04:00,2026-09-01,16:10,3916,JUSTICE LEAGUE™: Battle for METROPOLIS,Thrill Rides,true,5
2026-09-01T20:10:00Z,2026-09-01T16:10:00-04:00,2026-09-01,16:10,10533,Medusa,Thrill Rides,true,0
2026-09-01T20:10:00Z,2026-09-01T16:10:00-04:00,2026-09-01,16:10,3253,Nitro,Thrill Rides,true,10
2026-09-01T20:10:00Z,2026-09-01T16:10:00-04:00,2026-09-01,16:10,3261,Runaway Train,Thrill Rides,false,0
2026-09-01T20:10:00Z,2026-09-01T16:10:00-04:00,2026-09-01,16:10,3262,Skull Mountain,Thrill Rides,true,0
2026-09-01T20:10:00Z,2026-09-01T16:10:00-04:00,2026-09-01,16:10,3263,SkyScreamer,Thrill Rides,true,0
2026-09-01T20:10:00Z,2026-09-01T16:10:00-04:00,2026-09-01,16:10,3282,Slingshot,Thrill Rides,false,0
2026-09-01T20:10:00Z,2026-09-01T16:10:00-04:00,2026-09-01,16:10,3266,SUPERMAN™: Ultimate Flight,Thrill Rides,true,0
2026-09-01T20:10:00Z,2026-09-01T16:10:00-04:00,2026-09-01,16:10,3271,THE DARK KNIGHT™ Coaster,Thrill Rides,true,0
2026-09-01T20:10:00Z,2026-09-01T16:10:00-04:00,2026-09-01,16:10,14537,THE FLASH™: Vertical Velocity,Thrill Rides,true,15
2026-09-01T20:10:00Z,2026-09-01T16:10:00-04:00,2026-09-01,16:10,3288,THE JOKER™,Thrill Rides,true,0
2026-09-01T20:10:00Z,2026-09-01T16:10:00-04:00,2026-09-01,16:10,3273,Wile E. Coyote Canyon Blaster,Thrill Rides,true,0
2026-09-01T20:10:00Z,2026-09-01T16:10:00-04:00,2026-09-01,16:10,6371,WONDER WOMAN™ Lasso of Truth,Thrill Rides,true,0
2026-09-01T20:15:00Z,2026-09-01T16:15:00-04:00,2026-09-01,16:15,3231,Air Jumbo,Family Rides,true,0
2026-09-01T20:15:00Z,2026-09-01T16:15:00-04:00,2026-09-01,16:15,17425,Barrels O’ Fun,Family Rides,true,0
2026-09-01T20:15:00Z,2026-09-01T16:15:00-04:00,2026-09-01,16:15,3270,Buccaneer,Family Rides,false,0
2026-09-01T20:15:00Z,2026-09-01T16:15:00-04:00,2026-09-01,16:15,3237,Carousel,Family Rides,true,0
2026-09-01T20:15:00Z,2026-09-01T16:15:00-04:00,2026-09-01,16:15,3244,Enchanted Teacups,Family Rides,true,0
2026-09-01T20:15:00Z,2026-09-01T16:15:00-04:00,2026-09-01,16:15,3245,Fender Benders,Family Rides,true,0
2026-09-01T20:15:00Z,2026-09-01T16:15:00-04:00,2026-09-01,16:15,17426,Flying Scooters,Family Rides,true,0
2026-09-01T20:15:00Z,2026-09-01T16:15:00-04:00,2026-09-01,16:15,15604,Giant Wheel,Family Rides,true,0
2026-09-01T20:15:00Z,2026-09-01T16:15:00-04:00,2026-09-01,16:15,3236,HARLEY QUINN™ Crazy Train,Family Rides,true,0
2026-09-01T20:15:00Z,2026-09-01T16:15:00-04:00,2026-09-01,16:15,3249,Houdini’s Great Escape,Family Rides,true,0
2026-09-01T20:15:00Z,2026-09-01T16:15:00-04:00,2026-09-01,16:15,17427,Hypno Twister,Family Rides,true,0
2026-09-01T20:15:00Z,2026-09-01T16:15:00-04:00,2026-09-01,16:15,3250,Jolly Roger,Family Rides,true,0
2026-09-01T20:15:00Z,2026-09-01T16:15:00-04:00,2026-09-01,16:15,15829,Roaring Rapids,Family Rides,false,0
2026-09-01T20:15:00Z,2026-09-01T16:15:00-04:00,2026-09-01,16:15,15727,Scrambler,Family Rides,true,0
2026-09-01T20:15:00Z,2026-09-01T16:15:00-04:00,2026-09-01,16:15,3268,Tango,Family Rides,true,0
2026-09-01T20:15:00Z,2026-09-01T16:15:00-04:00,2026-09-01,16:15,17428,Wave Swinger,Family Rides,true,0
2026-09-01T20:15:00Z,2026-09-01T16:15:00-04:00,2026-09-01,16:15,3232,Air Safari,Kids' Rides,true,0
2026-09-01T20:15:00Z,2026-09-01T16:15:00-04:00,2026-09-01,16:15,10461,Barnstormer,Kids' Rides,true,0
2026-09-01T20:15:00Z,2026-09-01T16:15:00-04:00,2026-09-01,16:15,3275,Bugaboo,Kids' Rides,true,0
2026-09-01T20:15:00Z,2026-09-01T16:15:00-04:00,2026-09-01,16:15,3277,Bugs Bunny Camp Carousel,Kids' Rides,true,0
2026-09-01T20:15:00Z,2026-09-01T16:15:00-04:00,2026-09-01,16:15,3279,Bugs Bunny Ranger Pilots,Kids' Rides,true,0
2026-09-01T20:15:00Z,2026-09-01T16:15:00-04:00,2026-09-01,16:15,3240,Daffy Duck Hot Air Balloons,Kids' Rides,true,0
2026-09-01T20:15:00Z,2026-09-01T16:15:00-04:00,2026-09-01,16:15,10077,Lil' Devil Coaster,Kids' Rides,true,0
2026-09-01T20:15:00Z,2026-09-01T16:15:00-04:00,2026-09-01,16:15,15617,Porky Pig Camp Wagons,Kids' Rides,true,0
2026-09-01T20:15:00Z,2026-09-01T16:15:00-04:00,2026-09-01,16:15,3257,Raja’s Rickshaws,Kids' Rides,true,0
2026-09-01T20:15:00Z,2026-09-01T16:15:00-04:00,2026-09-01,16:15,3274,Safari Off-Road Adventure,Kids' Rides,false,0
2026-09-01T20:15:00Z,2026-09-01T16:15:00-04:00,2026-09-01,16:15,3283,Saw Mill Log Flume,Kids' Rides,true,20
2026-09-01T20:15:00Z,2026-09-01T16:15:00-04:00,2026-09-01,16:15,3281,Sky Zooma,Kids' Rides,true,0
2026-09-01T20:15:00Z,2026-09-01T16:15:00-04:00,2026-09-01,16:15,15789,Storm Chaser,Kids' Rides,true,0
2026-09-01T20:15:00Z,2026-09-01T16:15:00-04:00,2026-09-01,16:15,3267,Super Round Up,Kids' Rides,true,0
2026-09-01T20:15:00Z,2026-09-01T16:15:00-04:00,2026-09-01,16:15,15594,Tree Top Hopper,Kids' Rides,true,0
2026-09-01T20:15:00Z,2026-09-01T16:15:00-04:00,2026-09-01,16:15,3233,BATMAN™ The Ride,Thrill Rides,true,5
2026-09-01T20:15:00Z,2026-09-01T16:15:00-04:00,2026-09-01,16:15,3243,El Toro,Thrill Rides,true,0
2026-09-01T20:15:00Z,2026-09-01T16:15:00-04:00,2026-09-01,16:15,8539,Jersey Devil Coaster,Thrill Rides,true,0
2026-09-01T20:15:00Z,2026-09-01T16:15:00-04:00,2026-09-01,16:15,3916,JUSTICE LEAGUE™: Battle for METROPOLIS,Thrill Rides,true,5
2026-09-01T20:15:00Z,2026-09-01T16:15:00-04:00,2026-09-01,16:15,10533,Medusa,Thrill Rides,true,0
2026-09-01T20:15:00Z,2026-09-01T16:15:00-04:00,2026-09-01,16:15,3253,Nitro,Thrill Rides,true,10
2026-09-01T20:15:00Z,2026-09-01T16:15:00-04:00,2026-09-01,16:15,3261,Runaway Train,Thrill Rides,false,0
2026-09-01T20:15:00Z,2026-09-01T16:15:00-04:00,2026-09-01,16:15,3262,Skull Mountain,Thrill Rides,true,0
2026-09-01T20:15:00Z,2026-09-01T16:15:00-04:00,2026-09-01,16:15,3263,SkyScreamer,Thrill Rides,false,0
2026-09-01T20:15:00Z,2026-09-01T16:15:00-04:00,2026-09-01,16:15,3282,Slingshot,Thrill Rides,false,0
2026-09-01T20:15:00Z,2026-09-01T16:15:00-04:00,2026-09-01,16:15,3266,SUPERMAN™: Ultimate Flight,Thrill Rides,true,0
2026-09-01T20:15:00Z,2026-09-01T16:15:00-04:00,2026-09-01,16:15,3271,THE DARK KNIGHT™ Coaster,Thrill Rides,true,0
2026-09-01T20:15:00Z,2026-09-01T16:15:00-04:00,2026-09-01,16:15,14537,THE FLASH™: Vertical Velocity,Thrill Rides,true,15
2026-09-01T20:15:00Z,2026-09-01T16:15:00-04:00,2026-09-01,16:15,3288,THE JOKER™,Thrill Rides,true,0
2026-09-01T20:15:00Z,2026-09-01T16:15:00-04:00,2026-09-01,16:15,3273,Wile E. Coyote Canyon Blaster,Thrill Rides,true,0
2026-09-01T20:15:00Z,2026-09-01T16:15:00-04:00,2026-09-01,16:15,6371,WONDER WOMAN™ Lasso of Truth,Thrill Rides,true,0
2026-09-01T20:20:00Z,2026-09-01T16:20:00-04:00,2026-09-01,16:20,3231,Air Jumbo,Family Rides,true,0
2026-09-01T20:20:00Z,2026-09-01T16:20:00-04:00,2026-09-01,16:20,17425,Barrels O’ Fun,Family Rides,true,0
2026-09-01T20:20:00Z,2026-09-01T16:20:00-04:00,2026-09-01,16:20,3270,Buccaneer,Family Rides,false,0
2026-09-01T20:20:00Z,2026-09-01T16:20:00-04:00,2026-09-01,16:20,3237,Carousel,Family Rides,true,0
2026-09-01T20:20:00Z,2026-09-01T16:20:00-04:00,2026-09-01,16:20,3244,Enchanted Teacups,Family Rides,true,0
2026-09-01T20:20:00Z,2026-09-01T16:20:00-04:00,2026-09-01,16:20,3245,Fender Benders,Family Rides,true,0
2026-09-01T20:20:00Z,2026-09-01T16:20:00-04:00,2026-09-01,16:20,17426,Flying Scooters,Family Rides,true,0
2026-09-01T20:20:00Z,2026-09-01T16:20:00-04:00,2026-09-01,16:20,15604,Giant Wheel,Family Rides,true,0
2026-09-01T20:20:00Z,2026-09-01T16:20:00-04:00,2026-09-01,16:20,3236,HARLEY QUINN™ Crazy Train,Family Rides,true,0
2026-09-01T20:20:00Z,2026-09-01T16:20:00-04:00,2026-09-01,16:20,3249,Houdini’s Great Escape,Family Rides,true,0
2026-09-01T20:20:00Z,2026-09-01T16:20:00-04:00,2026-09-01,16:20,17427,Hypno Twister,Family Rides,true,0
2026-09-01T20:20:00Z,2026-09-01T16:20:00-04:00,2026-09-01,16:20,3250,Jolly Roger,Family Rides,true,0
2026-09-01T20:20:00Z,2026-09-01T16:20:00-04:00,2026-09-01,16:20,15829,Roaring Rapids,Family Rides,false,0
2026-09-01T20:20:00Z,2026-09-01T16:20:00-04:00,2026-09-01,16:20,15727,Scrambler,Family Rides,true,0
2026-09-01T20:20:00Z,2026-09-01T16:20:00-04:00,2026-09-01,16:20,3268,Tango,Family Rides,true,0
2026-09-01T20:20:00Z,2026-09-01T16:20:00-04:00,2026-09-01,16:20,17428,Wave Swinger,Family Rides,true,0
2026-09-01T20:20:00Z,2026-09-01T16:20:00-04:00,2026-09-01,16:20,3232,Air Safari,Kids' Rides,true,0
2026-09-01T20:20:00Z,2026-09-01T16:20:00-04:00,2026-09-01,16:20,10461,Barnstormer,Kids' Rides,true,0
2026-09-01T20:20:00Z,2026-09-01T16:20:00-04:00,2026-09-01,16:20,3275,Bugaboo,Kids' Rides,true,0
2026-09-01T20:20:00Z,2026-09-01T16:20:00-04:00,2026-09-01,16:20,3277,Bugs Bunny Camp Carousel,Kids' Rides,true,0
2026-09-01T20:20:00Z,2026-09-01T16:20:00-04:00,2026-09-01,16:20,3279,Bugs Bunny Ranger Pilots,Kids' Rides,true,0
2026-09-01T20:20:00Z,2026-09-01T16:20:00-04:00,2026-09-01,16:20,3240,Daffy Duck Hot Air Balloons,Kids' Rides,true,0
2026-09-01T20:20:00Z,2026-09-01T16:20:00-04:00,2026-09-01,16:20,10077,Lil' Devil Coaster,Kids' Rides,true,0
2026-09-01T20:20:00Z,2026-09-01T16:20:00-04:00,2026-09-01,16:20,15617,Porky Pig Camp Wagons,Kids' Rides,true,0
2026-09-01T20:20:00Z,2026-09-01T16:20:00-04:00,2026-09-01,16:20,3257,Raja’s Rickshaws,Kids' Rides,true,0
2026-09-01T20:20:00Z,2026-09-01T16:20:00-04:00,2026-09-01,16:20,3274,Safari Off-Road Adventure,Kids' Rides,false,0
2026-09-01T20:20:00Z,2026-09-01T16:20:00-04:00,2026-09-01,16:20,3283,Saw Mill Log Flume,Kids' Rides,true,20
2026-09-01T20:20:00Z,2026-09-01T16:20:00-04:00,2026-09-01,16:20,3281,Sky Zooma,Kids' Rides,true,0
2026-09-01T20:20:00Z,2026-09-01T16:20:00-04:00,2026-09-01,16:20,15789,Storm Chaser,Kids' Rides,true,0
2026-09-01T20:20:00Z,2026-09-01T16:20:00-04:00,2026-09-01,16:20,3267,Super Round Up,Kids' Rides,true,0
2026-09-01T20:20:00Z,2026-09-01T16:20:00-04:00,2026-09-01,16:20,15594,Tree Top Hopper,Kids' Rides,true,0
2026-09-01T20:20:00Z,2026-09-01T16:20:00-04:00,2026-09-01,16:20,3233,BATMAN™ The Ride,Thrill Rides,true,5
2026-09-01T20:20:00Z,2026-09-01T16:20:00-04:00,2026-09-01,16:20,3243,El Toro,Thrill Rides,true,0
2026-09-01T20:20:00Z,2026-09-01T16:20:00-04:00,2026-09-01,16:20,8539,Jersey Devil Coaster,Thrill Rides,true,0
2026-09-01T20:20:00Z,2026-09-01T16:20:00-04:00,2026-09-01,16:20,3916,JUSTICE LEAGUE™: Battle for METROPOLIS,Thrill Rides,true,5
2026-09-01T20:20:00Z,2026-09-01T16:20:00-04:00,2026-09-01,16:20,10533,Medusa,Thrill Rides,true,0
2026-09-01T20:20:00Z,2026-09-01T16:20:00-04:00,2026-09-01,16:20,3253,Nitro,Thrill Rides,true,10
2026-09-01T20:20:00Z,2026-09-01T16:20:00-04:00,2026-09-01,16:20,3261,Runaway Train,Thrill Rides,false,0
2026-09-01T20:20:00Z,2026-09-01T16:20:00-04:00,2026-09-01,16:20,3262,Skull Mountain,Thrill Rides,true,0
2026-09-01T20:20:00Z,2026-09-01T16:20:00-04:00,2026-09-01,16:20,3263,SkyScreamer,Thrill Rides,false,0
2026-09-01T20:20:00Z,2026-09-01T16:20:00-04:00,2026-09-01,16:20,3282,Slingshot,Thrill Rides,false,0
2026-09-01T20:20:00Z,2026-09-01T16:20:00-04:00,2026-09-01,16:20,3266,SUPERMAN™: Ultimate Flight,Thrill Rides,true,0
2026-09-01T20:20:00Z,2026-09-01T16:20:00-04:00,2026-09-01,16:20,3271,THE DARK KNIGHT™ Coaster,Thrill Rides,true,0
2026-09-01T20:20:00Z,2026-09-01T16:20:00-04:00,2026-09-01,16:20,14537,THE FLASH™: Vertical Velocity,Thrill Rides,true,15
2026-09-01T20:20:00Z,2026-09-01T16:20:00-04:00,2026-09-01,16:20,3288,THE JOKER™,Thrill Rides,true,0
2026-09-01T20:20:00Z,2026-09-01T16:20:00-04:00,2026-09-01,16:20,3273,Wile E. Coyote Canyon Blaster,Thrill Rides,true,0
2026-09-01T20:20:00Z,2026-09-01T16:20:00-04:00,2026-09-01,16:20,6371,WONDER WOMAN™ Lasso of Truth,Thrill Rides,true,0
2026-09-01T20:25:00Z,2026-09-01T16:25:00-04:00,2026-09-01,16:25,3231,Air Jumbo,Family Rides,true,0
2026-09-01T20:25:00Z,2026-09-01T16:25:00-04:00,2026-09-01,16:25,17425,Barrels O’ Fun,Family Rides,true,0
2026-09-01T20:25:00Z,2026-09-01T16:25:00-04:00,2026-09-01,16:25,3270,Buccaneer,Family Rides,false,0
2026-09-01T20:25:00Z,2026-09-01T16:25:00-04:00,2026-09-01,16:25,3237,Carousel,Family Rides,true,0
2026-09-01T20:25:00Z,2026-09-01T16:25:00-04:00,2026-09-01,16:25,3244,Enchanted Teacups,Family Rides,true,0
2026-09-01T20:25:00Z,2026-09-01T16:25:00-04:00,2026-09-01,16:25,3245,Fender Benders,Family Rides,true,0
2026-09-01T20:25:00Z,2026-09-01T16:25:00-04:00,2026-09-01,16:25,17426,Flying Scooters,Family Rides,true,0
2026-09-01T20:25:00Z,2026-09-01T16:25:00-04:00,2026-09-01,16:25,15604,Giant Wheel,Family Rides,true,0
2026-09-01T20:25:00Z,2026-09-01T16:25:00-04:00,2026-09-01,16:25,3236,HARLEY QUINN™ Crazy Train,Family Rides,true,0
2026-09-01T20:25:00Z,2026-09-01T16:25:00-04:00,2026-09-01,16:25,3249,Houdini’s Great Escape,Family Rides,true,0
2026-09-01T20:25:00Z,2026-09-01T16:25:00-04:00,2026-09-01,16:25,17427,Hypno Twister,Family Rides,true,0
2026-09-01T20:25:00Z,2026-09-01T16:25:00-04:00,2026-09-01,16:25,3250,Jolly Roger,Family Rides,true,0
2026-09-01T20:25:00Z,2026-09-01T16:25:00-04:00,2026-09-01,16:25,15829,Roaring Rapids,Family Rides,false,0
2026-09-01T20:25:00Z,2026-09-01T16:25:00-04:00,2026-09-01,16:25,15727,Scrambler,Family Rides,true,0
2026-09-01T20:25:00Z,2026-09-01T16:25:00-04:00,2026-09-01,16:25,3268,Tango,Family Rides,true,0
2026-09-01T20:25:00Z,2026-09-01T16:25:00-04:00,2026-09-01,16:25,17428,Wave Swinger,Family Rides,true,0
2026-09-01T20:25:00Z,2026-09-01T16:25:00-04:00,2026-09-01,16:25,3232,Air Safari,Kids' Rides,true,0
2026-09-01T20:25:00Z,2026-09-01T16:25:00-04:00,2026-09-01,16:25,10461,Barnstormer,Kids' Rides,true,0
2026-09-01T20:25:00Z,2026-09-01T16:25:00-04:00,2026-09-01,16:25,3275,Bugaboo,Kids' Rides,true,0
2026-09-01T20:25:00Z,2026-09-01T16:25:00-04:00,2026-09-01,16:25,3277,Bugs Bunny Camp Carousel,Kids' Rides,true,0
2026-09-01T20:25:00Z,2026-09-01T16:25:00-04:00,2026-09-01,16:25,3279,Bugs Bunny Ranger Pilots,Kids' Rides,true,0
2026-09-01T20:25:00Z,2026-09-01T16:25:00-04:00,2026-09-01,16:25,3240,Daffy Duck Hot Air Balloons,Kids' Rides,false,0
2026-09-01T20:25:00Z,2026-09-01T16:25:00-04:00,2026-09-01,16:25,10077,Lil' Devil Coaster,Kids' Rides,true,0
2026-09-01T20:25:00Z,2026-09-01T16:25:00-04:00,2026-09-01,16:25,15617,Porky Pig Camp Wagons,Kids' Rides,true,0
2026-09-01T20:25:00Z,2026-09-01T16:25:00-04:00,2026-09-01,16:25,3257,Raja’s Rickshaws,Kids' Rides,true,0
2026-09-01T20:25:00Z,2026-09-01T16:25:00-04:00,2026-09-01,16:25,3274,Safari Off-Road Adventure,Kids' Rides,false,0
2026-09-01T20:25:00Z,2026-09-01T16:25:00-04:00,2026-09-01,16:25,3283,Saw Mill Log Flume,Kids' Rides,true,20
2026-09-01T20:25:00Z,2026-09-01T16:25:00-04:00,2026-09-01,16:25,3281,Sky Zooma,Kids' Rides,true,0
2026-09-01T20:25:00Z,2026-09-01T16:25:00-04:00,2026-09-01,16:25,15789,Storm Chaser,Kids' Rides,true,0
2026-09-01T20:25:00Z,2026-09-01T16:25:00-04:00,2026-09-01,16:25,3267,Super Round Up,Kids' Rides,true,0
2026-09-01T20:25:00Z,2026-09-01T16:25:00-04:00,2026-09-01,16:25,15594,Tree Top Hopper,Kids' Rides,true,0
2026-09-01T20:25:00Z,2026-09-01T16:25:00-04:00,2026-09-01,16:25,3233,BATMAN™ The Ride,Thrill Rides,true,5
2026-09-01T20:25:00Z,2026-09-01T16:25:00-04:00,2026-09-01,16:25,3243,El Toro,Thrill Rides,true,0
2026-09-01T20:25:00Z,2026-09-01T16:25:00-04:00,2026-09-01,16:25,8539,Jersey Devil Coaster,Thrill Rides,true,0
2026-09-01T20:25:00Z,2026-09-01T16:25:00-04:00,2026-09-01,16:25,3916,JUSTICE LEAGUE™: Battle for METROPOLIS,Thrill Rides,true,5
2026-09-01T20:25:00Z,2026-09-01T16:25:00-04:00,2026-09-01,16:25,10533,Medusa,Thrill Rides,true,0
2026-09-01T20:25:00Z,2026-09-01T16:25:00-04:00,2026-09-01,16:25,3253,Nitro,Thrill Rides,true,10
2026-09-01T20:25:00Z,2026-09-01T16:25:00-04:00,2026-09-01,16:25,3261,Runaway Train,Thrill Rides,false,0
2026-09-01T20:25:00Z,2026-09-01T16:25:00-04:00,2026-09-01,16:25,3262,Skull Mountain,Thrill Rides,true,0
2026-09-01T20:25:00Z,2026-09-01T16:25:00-04:00,2026-09-01,16:25,3263,SkyScreamer,Thrill Rides,false,0
2026-09-01T20:25:00Z,2026-09-01T16:25:00-04:00,2026-09-01,16:25,3282,Slingshot,Thrill Rides,false,0
2026-09-01T20:25:00Z,2026-09-01T16:25:00-04:00,2026-09-01,16:25,3266,SUPERMAN™: Ultimate Flight,Thrill Rides,true,0
2026-09-01T20:25:00Z,2026-09-01T16:25:00-04:00,2026-09-01,16:25,3271,THE DARK KNIGHT™ Coaster,Thrill Rides,true,0
2026-09-01T20:25:00Z,2026-09-01T16:25:00-04:00,2026-09-01,16:25,14537,THE FLASH™: Vertical Velocity,Thrill Rides,true,15
2026-09-01T20:25:00Z,2026-09-01T16:25:00-04:00,2026-09-01,16:25,3288,THE JOKER™,Thrill Rides,true,0
2026-09-01T20:25:00Z,2026-09-01T16:25:00-04:00,2026-09-01,16:25,3273,Wile E. Coyote Canyon Blaster,Thrill Rides,true,0
2026-09-01T20:25:00Z,2026-09-01T16:25:00-04:00,2026-09-01,16:25,6371,WONDER WOMAN™ Lasso of Truth,Thrill Rides,true,0
2026-09-01T20:30:00Z,2026-09-01T16:30:00-04:00,2026-09-01,16:30,3231,Air Jumbo,Family Rides,true,0
2026-09-01T20:30:00Z,2026-09-01T16:30:00-04:00,2026-09-01,16:30,17425,Barrels O’ Fun,Family Rides,true,0
2026-09-01T20:30:00Z,2026-09-01T16:30:00-04:00,2026-09-01,16:30,3270,Buccaneer,Family Rides,false,0
2026-09-01T20:30:00Z,2026-09-01T16:30:00-04:00,2026-09-01,16:30,3237,Carousel,Family Rides,true,0
2026-09-01T20:30:00Z,2026-09-01T16:30:00-04:00,2026-09-01,16:30,3244,Enchanted Teacups,Family Rides,true,0
2026-09-01T20:30:00Z,2026-09-01T16:30:00-04:00,2026-09-01,16:30,3245,Fender Benders,Family Rides,true,0
2026-09-01T20:30:00Z,2026-09-01T16:30:00-04:00,2026-09-01,16:30,17426,Flying Scooters,Family Rides,true,0
2026-09-01T20:30:00Z,2026-09-01T16:30:00-04:00,2026-09-01,16:30,15604,Giant Wheel,Family Rides,true,0
2026-09-01T20:30:00Z,2026-09-01T16:30:00-04:00,2026-09-01,16:30,3236,HARLEY QUINN™ Crazy Train,Family Rides,true,0
2026-09-01T20:30:00Z,2026-09-01T16:30:00-04:00,2026-09-01,16:30,3249,Houdini’s Great Escape,Family Rides,true,0
2026-09-01T20:30:00Z,2026-09-01T16:30:00-04:00,2026-09-01,16:30,17427,Hypno Twister,Family Rides,true,0
2026-09-01T20:30:00Z,2026-09-01T16:30:00-04:00,2026-09-01,16:30,3250,Jolly Roger,Family Rides,true,0
2026-09-01T20:30:00Z,2026-09-01T16:30:00-04:00,2026-09-01,16:30,15829,Roaring Rapids,Family Rides,false,0
2026-09-01T20:30:00Z,2026-09-01T16:30:00-04:00,2026-09-01,16:30,15727,Scrambler,Family Rides,true,0
2026-09-01T20:30:00Z,2026-09-01T16:30:00-04:00,2026-09-01,16:30,3268,Tango,Family Rides,true,0
2026-09-01T20:30:00Z,2026-09-01T16:30:00-04:00,2026-09-01,16:30,17428,Wave Swinger,Family Rides,true,0
2026-09-01T20:30:00Z,2026-09-01T16:30:00-04:00,2026-09-01,16:30,3232,Air Safari,Kids' Rides,true,0
2026-09-01T20:30:00Z,2026-09-01T16:30:00-04:00,2026-09-01,16:30,10461,Barnstormer,Kids' Rides,true,0
2026-09-01T20:30:00Z,2026-09-01T16:30:00-04:00,2026-09-01,16:30,3275,Bugaboo,Kids' Rides,true,0
2026-09-01T20:30:00Z,2026-09-01T16:30:00-04:00,2026-09-01,16:30,3277,Bugs Bunny Camp Carousel,Kids' Rides,true,0
2026-09-01T20:30:00Z,2026-09-01T16:30:00-04:00,2026-09-01,16:30,3279,Bugs Bunny Ranger Pilots,Kids' Rides,true,0
2026-09-01T20:30:00Z,2026-09-01T16:30:00-04:00,2026-09-01,16:30,3240,Daffy Duck Hot Air Balloons,Kids' Rides,false,0
2026-09-01T20:30:00Z,2026-09-01T16:30:00-04:00,2026-09-01,16:30,10077,Lil' Devil Coaster,Kids' Rides,true,0
2026-09-01T20:30:00Z,2026-09-01T16:30:00-04:00,2026-09-01,16:30,15617,Porky Pig Camp Wagons,Kids' Rides,true,0
2026-09-01T20:30:00Z,2026-09-01T16:30:00-04:00,2026-09-01,16:30,3257,Raja’s Rickshaws,Kids' Rides,true,0
2026-09-01T20:30:00Z,2026-09-01T16:30:00-04:00,2026-09-01,16:30,3274,Safari Off-Road Adventure,Kids' Rides,false,0
2026-09-01T20:30:00Z,2026-09-01T16:30:00-04:00,2026-09-01,16:30,3283,Saw Mill Log Flume,Kids' Rides,true,20
2026-09-01T20:30:00Z,2026-09-01T16:30:00-04:00,2026-09-01,16:30,3281,Sky Zooma,Kids' Rides,true,0
2026-09-01T20:30:00Z,2026-09-01T16:30:00-04:00,2026-09-01,16:30,15789,Storm Chaser,Kids' Rides,true,0
2026-09-01T20:30:00Z,2026-09-01T16:30:00-04:00,2026-09-01,16:30,3267,Super Round Up,Kids' Rides,true,0
2026-09-01T20:30:00Z,2026-09-01T16:30:00-04:00,2026-09-01,16:30,15594,Tree Top Hopper,Kids' Rides,true,0
2026-09-01T20:30:00Z,2026-09-01T16:30:00-04:00,2026-09-01,16:30,3233,BATMAN™ The Ride,Thrill Rides,true,0
2026-09-01T20:30:00Z,2026-09-01T16:30:00-04:00,2026-09-01,16:30,3243,El Toro,Thrill Rides,true,0
2026-09-01T20:30:00Z,2026-09-01T16:30:00-04:00,2026-09-01,16:30,8539,Jersey Devil Coaster,Thrill Rides,true,0
2026-09-01T20:30:00Z,2026-09-01T16:30:00-04:00,2026-09-01,16:30,3916,JUSTICE LEAGUE™: Battle for METROPOLIS,Thrill Rides,true,5
2026-09-01T20:30:00Z,2026-09-01T16:30:00-04:00,2026-09-01,16:30,10533,Medusa,Thrill Rides,true,0
2026-09-01T20:30:00Z,2026-09-01T16:30:00-04:00,2026-09-01,16:30,3253,Nitro,Thrill Rides,true,10
2026-09-01T20:30:00Z,2026-09-01T16:30:00-04:00,2026-09-01,16:30,3261,Runaway Train,Thrill Rides,false,0
2026-09-01T20:30:00Z,2026-09-01T16:30:00-04:00,2026-09-01,16:30,3262,Skull Mountain,Thrill Rides,true,0
2026-09-01T20:30:00Z,2026-09-01T16:30:00-04:00,2026-09-01,16:30,3263,SkyScreamer,Thrill Rides,false,0
2026-09-01T20:30:00Z,2026-09-01T16:30:00-04:00,2026-09-01,16:30,3282,Slingshot,Thrill Rides,false,0
2026-09-01T20:30:00Z,2026-09-01T16:30:00-04:00,2026-09-01,16:30,3266,SUPERMAN™: Ultimate Flight,Thrill Rides,true,0
2026-09-01T20:30:00Z,2026-09-01T16:30:00-04:00,2026-09-01,16:30,3271,THE DARK KNIGHT™ Coaster,Thrill Rides,true,0
2026-09-01T20:30:00Z,2026-09-01T16:30:00-04:00,2026-09-01,16:30,14537,THE FLASH™: Vertical Velocity,Thrill Rides,true,5
2026-09-01T20:30:00Z,2026-09-01T16:30:00-04:00,2026-09-01,16:30,3288,THE JOKER™,Thrill Rides,true,0
2026-09-01T20:30:00Z,2026-09-01T16:30:00-04:00,2026-09-01,16:30,3273,Wile E. Coyote Canyon Blaster,Thrill Rides,true,0
2026-09-01T20:30:00Z,2026-09-01T16:30:00-04:00,2026-09-01,16:30,6371,WONDER WOMAN™ Lasso of Truth,Thrill Rides,true,0
2026-09-01T20:35:00Z,2026-09-01T16:35:00-04:00,2026-09-01,16:35,3231,Air Jumbo,Family Rides,true,0
2026-09-01T20:35:00Z,2026-09-01T16:35:00-04:00,2026-09-01,16:35,17425,Barrels O’ Fun,Family Rides,true,0
2026-09-01T20:35:00Z,2026-09-01T16:35:00-04:00,2026-09-01,16:35,3270,Buccaneer,Family Rides,true,0
2026-09-01T20:35:00Z,2026-09-01T16:35:00-04:00,2026-09-01,16:35,3237,Carousel,Family Rides,true,0
2026-09-01T20:35:00Z,2026-09-01T16:35:00-04:00,2026-09-01,16:35,3244,Enchanted Teacups,Family Rides,true,0
2026-09-01T20:35:00Z,2026-09-01T16:35:00-04:00,2026-09-01,16:35,3245,Fender Benders,Family Rides,true,0
2026-09-01T20:35:00Z,2026-09-01T16:35:00-04:00,2026-09-01,16:35,17426,Flying Scooters,Family Rides,true,0
2026-09-01T20:35:00Z,2026-09-01T16:35:00-04:00,2026-09-01,16:35,15604,Giant Wheel,Family Rides,true,0
2026-09-01T20:35:00Z,2026-09-01T16:35:00-04:00,2026-09-01,16:35,3236,HARLEY QUINN™ Crazy Train,Family Rides,true,0
2026-09-01T20:35:00Z,2026-09-01T16:35:00-04:00,2026-09-01,16:35,3249,Houdini’s Great Escape,Family Rides,true,0
2026-09-01T20:35:00Z,2026-09-01T16:35:00-04:00,2026-09-01,16:35,17427,Hypno Twister,Family Rides,true,0
2026-09-01T20:35:00Z,2026-09-01T16:35:00-04:00,2026-09-01,16:35,3250,Jolly Roger,Family Rides,true,0
2026-09-01T20:35:00Z,2026-09-01T16:35:00-04:00,2026-09-01,16:35,15829,Roaring Rapids,Family Rides,false,0
2026-09-01T20:35:00Z,2026-09-01T16:35:00-04:00,2026-09-01,16:35,15727,Scrambler,Family Rides,true,0
2026-09-01T20:35:00Z,2026-09-01T16:35:00-04:00,2026-09-01,16:35,3268,Tango,Family Rides,true,0
2026-09-01T20:35:00Z,2026-09-01T16:35:00-04:00,2026-09-01,16:35,17428,Wave Swinger,Family Rides,true,0
2026-09-01T20:35:00Z,2026-09-01T16:35:00-04:00,2026-09-01,16:35,3232,Air Safari,Kids' Rides,true,0
2026-09-01T20:35:00Z,2026-09-01T16:35:00-04:00,2026-09-01,16:35,10461,Barnstormer,Kids' Rides,true,0
2026-09-01T20:35:00Z,2026-09-01T16:35:00-04:00,2026-09-01,16:35,3275,Bugaboo,Kids' Rides,true,0
2026-09-01T20:35:00Z,2026-09-01T16:35:00-04:00,2026-09-01,16:35,3277,Bugs Bunny Camp Carousel,Kids' Rides,true,0
2026-09-01T20:35:00Z,2026-09-01T16:35:00-04:00,2026-09-01,16:35,3279,Bugs Bunny Ranger Pilots,Kids' Rides,true,0
2026-09-01T20:35:00Z,2026-09-01T16:35:00-04:00,2026-09-01,16:35,3240,Daffy Duck Hot Air Balloons,Kids' Rides,true,0
2026-09-01T20:35:00Z,2026-09-01T16:35:00-04:00,2026-09-01,16:35,10077,Lil' Devil Coaster,Kids' Rides,true,0
2026-09-01T20:35:00Z,2026-09-01T16:35:00-04:00,2026-09-01,16:35,15617,Porky Pig Camp Wagons,Kids' Rides,true,0
2026-09-01T20:35:00Z,2026-09-01T16:35:00-04:00,2026-09-01,16:35,3257,Raja’s Rickshaws,Kids' Rides,true,0
2026-09-01T20:35:00Z,2026-09-01T16:35:00-04:00,2026-09-01,16:35,3274,Safari Off-Road Adventure,Kids' Rides,false,0
2026-09-01T20:35:00Z,2026-09-01T16:35:00-04:00,2026-09-01,16:35,3283,Saw Mill Log Flume,Kids' Rides,true,20
2026-09-01T20:35:00Z,2026-09-01T16:35:00-04:00,2026-09-01,16:35,3281,Sky Zooma,Kids' Rides,true,0
2026-09-01T20:35:00Z,2026-09-01T16:35:00-04:00,2026-09-01,16:35,15789,Storm Chaser,Kids' Rides,true,0
2026-09-01T20:35:00Z,2026-09-01T16:35:00-04:00,2026-09-01,16:35,3267,Super Round Up,Kids' Rides,true,0
2026-09-01T20:35:00Z,2026-09-01T16:35:00-04:00,2026-09-01,16:35,15594,Tree Top Hopper,Kids' Rides,true,0
2026-09-01T20:35:00Z,2026-09-01T16:35:00-04:00,2026-09-01,16:35,3233,BATMAN™ The Ride,Thrill Rides,true,0
2026-09-01T20:35:00Z,2026-09-01T16:35:00-04:00,2026-09-01,16:35,3243,El Toro,Thrill Rides,false,0
2026-09-01T20:35:00Z,2026-09-01T16:35:00-04:00,2026-09-01,16:35,8539,Jersey Devil Coaster,Thrill Rides,true,0
2026-09-01T20:35:00Z,2026-09-01T16:35:00-04:00,2026-09-01,16:35,3916,JUSTICE LEAGUE™: Battle for METROPOLIS,Thrill Rides,true,5
2026-09-01T20:35:00Z,2026-09-01T16:35:00-04:00,2026-09-01,16:35,10533,Medusa,Thrill Rides,true,0
2026-09-01T20:35:00Z,2026-09-01T16:35:00-04:00,2026-09-01,16:35,3253,Nitro,Thrill Rides,true,10
2026-09-01T20:35:00Z,2026-09-01T16:35:00-04:00,2026-09-01,16:35,3261,Runaway Train,Thrill Rides,false,0
2026-09-01T20:35:00Z,2026-09-01T16:35:00-04:00,2026-09-01,16:35,3262,Skull Mountain,Thrill Rides,true,0
2026-09-01T20:35:00Z,2026-09-01T16:35:00-04:00,2026-09-01,16:35,3263,SkyScreamer,Thrill Rides,true,0
2026-09-01T20:35:00Z,2026-09-01T16:35:00-04:00,2026-09-01,16:35,3282,Slingshot,Thrill Rides,false,0
2026-09-01T20:35:00Z,2026-09-01T16:35:00-04:00,2026-09-01,16:35,3266,SUPERMAN™: Ultimate Flight,Thrill Rides,true,0
2026-09-01T20:35:00Z,2026-09-01T16:35:00-04:00,2026-09-01,16:35,3271,THE DARK KNIGHT™ Coaster,Thrill Rides,true,0
2026-09-01T20:35:00Z,2026-09-01T16:35:00-04:00,2026-09-01,16:35,14537,THE FLASH™: Vertical Velocity,Thrill Rides,true,5
2026-09-01T20:35:00Z,2026-09-01T16:35:00-04:00,2026-09-01,16:35,3288,THE JOKER™,Thrill Rides,true,0
2026-09-01T20:35:00Z,2026-09-01T16:35:00-04:00,2026-09-01,16:35,3273,Wile E. Coyote Canyon Blaster,Thrill Rides,true,0
2026-09-01T20:35:00Z,2026-09-01T16:35:00-04:00,2026-09-01,16:35,6371,WONDER WOMAN™ Lasso of Truth,Thrill Rides,true,0
2026-09-01T20:40:00Z,2026-09-01T16:40:00-04:00,2026-09-01,16:40,3231,Air Jumbo,Family Rides,true,0
2026-09-01T20:40:00Z,2026-09-01T16:40:00-04:00,2026-09-01,16:40,17425,Barrels O’ Fun,Family Rides,true,0
2026-09-01T20:40:00Z,2026-09-01T16:40:00-04:00,2026-09-01,16:40,3270,Buccaneer,Family Rides,true,0
2026-09-01T20:40:00Z,2026-09-01T16:40:00-04:00,2026-09-01,16:40,3237,Carousel,Family Rides,true,0
2026-09-01T20:40:00Z,2026-09-01T16:40:00-04:00,2026-09-01,16:40,3244,Enchanted Teacups,Family Rides,true,0
2026-09-01T20:40:00Z,2026-09-01T16:40:00-04:00,2026-09-01,16:40,3245,Fender Benders,Family Rides,true,0
2026-09-01T20:40:00Z,2026-09-01T16:40:00-04:00,2026-09-01,16:40,17426,Flying Scooters,Family Rides,true,0
2026-09-01T20:40:00Z,2026-09-01T16:40:00-04:00,2026-09-01,16:40,15604,Giant Wheel,Family Rides,true,0
2026-09-01T20:40:00Z,2026-09-01T16:40:00-04:00,2026-09-01,16:40,3236,HARLEY QUINN™ Crazy Train,Family Rides,true,0
2026-09-01T20:40:00Z,2026-09-01T16:40:00-04:00,2026-09-01,16:40,3249,Houdini’s Great Escape,Family Rides,true,0
2026-09-01T20:40:00Z,2026-09-01T16:40:00-04:00,2026-09-01,16:40,17427,Hypno Twister,Family Rides,true,0
2026-09-01T20:40:00Z,2026-09-01T16:40:00-04:00,2026-09-01,16:40,3250,Jolly Roger,Family Rides,true,0
2026-09-01T20:40:00Z,2026-09-01T16:40:00-04:00,2026-09-01,16:40,15829,Roaring Rapids,Family Rides,false,0
2026-09-01T20:40:00Z,2026-09-01T16:40:00-04:00,2026-09-01,16:40,15727,Scrambler,Family Rides,true,0
2026-09-01T20:40:00Z,2026-09-01T16:40:00-04:00,2026-09-01,16:40,3268,Tango,Family Rides,true,0
2026-09-01T20:40:00Z,2026-09-01T16:40:00-04:00,2026-09-01,16:40,17428,Wave Swinger,Family Rides,true,0
2026-09-01T20:40:00Z,2026-09-01T16:40:00-04:00,2026-09-01,16:40,3232,Air Safari,Kids' Rides,true,0
2026-09-01T20:40:00Z,2026-09-01T16:40:00-04:00,2026-09-01,16:40,10461,Barnstormer,Kids' Rides,true,0
2026-09-01T20:40:00Z,2026-09-01T16:40:00-04:00,2026-09-01,16:40,3275,Bugaboo,Kids' Rides,true,0
2026-09-01T20:40:00Z,2026-09-01T16:40:00-04:00,2026-09-01,16:40,3277,Bugs Bunny Camp Carousel,Kids' Rides,true,0
2026-09-01T20:40:00Z,2026-09-01T16:40:00-04:00,2026-09-01,16:40,3279,Bugs Bunny Ranger Pilots,Kids' Rides,true,0
2026-09-01T20:40:00Z,2026-09-01T16:40:00-04:00,2026-09-01,16:40,3240,Daffy Duck Hot Air Balloons,Kids' Rides,true,0
2026-09-01T20:40:00Z,2026-09-01T16:40:00-04:00,2026-09-01,16:40,10077,Lil' Devil Coaster,Kids' Rides,true,0
2026-09-01T20:40:00Z,2026-09-01T16:40:00-04:00,2026-09-01,16:40,15617,Porky Pig Camp Wagons,Kids' Rides,true,0
2026-09-01T20:40:00Z,2026-09-01T16:40:00-04:00,2026-09-01,16:40,3257,Raja’s Rickshaws,Kids' Rides,true,0
2026-09-01T20:40:00Z,2026-09-01T16:40:00-04:00,2026-09-01,16:40,3274,Safari Off-Road Adventure,Kids' Rides,false,0
2026-09-01T20:40:00Z,2026-09-01T16:40:00-04:00,2026-09-01,16:40,3283,Saw Mill Log Flume,Kids' Rides,true,20
2026-09-01T20:40:00Z,2026-09-01T16:40:00-04:00,2026-09-01,16:40,3281,Sky Zooma,Kids' Rides,true,0
2026-09-01T20:40:00Z,2026-09-01T16:40:00-04:00,2026-09-01,16:40,15789,Storm Chaser,Kids' Rides,true,0
2026-09-01T20:40:00Z,2026-09-01T16:40:00-04:00,2026-09-01,16:40,3267,Super Round Up,Kids' Rides,true,0
2026-09-01T20:40:00Z,2026-09-01T16:40:00-04:00,2026-09-01,16:40,15594,Tree Top Hopper,Kids' Rides,true,0
2026-09-01T20:40:00Z,2026-09-01T16:40:00-04:00,2026-09-01,16:40,3233,BATMAN™ The Ride,Thrill Rides,true,0
2026-09-01T20:40:00Z,2026-09-01T16:40:00-04:00,2026-09-01,16:40,3243,El Toro,Thrill Rides,true,0
2026-09-01T20:40:00Z,2026-09-01T16:40:00-04:00,2026-09-01,16:40,8539,Jersey Devil Coaster,Thrill Rides,false,0
2026-09-01T20:40:00Z,2026-09-01T16:40:00-04:00,2026-09-01,16:40,3916,JUSTICE LEAGUE™: Battle for METROPOLIS,Thrill Rides,true,5
2026-09-01T20:40:00Z,2026-09-01T16:40:00-04:00,2026-09-01,16:40,10533,Medusa,Thrill Rides,true,0
2026-09-01T20:40:00Z,2026-09-01T16:40:00-04:00,2026-09-01,16:40,3253,Nitro,Thrill Rides,true,10
2026-09-01T20:40:00Z,2026-09-01T16:40:00-04:00,2026-09-01,16:40,3261,Runaway Train,Thrill Rides,false,0
2026-09-01T20:40:00Z,2026-09-01T16:40:00-04:00,2026-09-01,16:40,3262,Skull Mountain,Thrill Rides,true,0
2026-09-01T20:40:00Z,2026-09-01T16:40:00-04:00,2026-09-01,16:40,3263,SkyScreamer,Thrill Rides,true,0
2026-09-01T20:40:00Z,2026-09-01T16:40:00-04:00,2026-09-01,16:40,3282,Slingshot,Thrill Rides,false,0
2026-09-01T20:40:00Z,2026-09-01T16:40:00-04:00,2026-09-01,16:40,3266,SUPERMAN™: Ultimate Flight,Thrill Rides,true,0
2026-09-01T20:40:00Z,2026-09-01T16:40:00-04:00,2026-09-01,16:40,3271,THE DARK KNIGHT™ Coaster,Thrill Rides,true,0
2026-09-01T20:40:00Z,2026-09-01T16:40:00-04:00,2026-09-01,16:40,14537,THE FLASH™: Vertical Velocity,Thrill Rides,true,5
2026-09-01T20:40:00Z,2026-09-01T16:40:00-04:00,2026-09-01,16:40,3288,THE JOKER™,Thrill Rides,true,0
2026-09-01T20:40:00Z,2026-09-01T16:40:00-04:00,2026-09-01,16:40,3273,Wile E. Coyote Canyon Blaster,Thrill Rides,true,0
2026-09-01T20:40:00Z,2026-09-01T16:40:00-04:00,2026-09-01,16:40,6371,WONDER WOMAN™ Lasso of Truth,Thrill Rides,true,0
2026-09-01T20:45:00Z,2026-09-01T16:45:00-04:00,2026-09-01,16:45,3231,Air Jumbo,Family Rides,true,0
2026-09-01T20:45:00Z,2026-09-01T16:45:00-04:00,2026-09-01,16:45,17425,Barrels O’ Fun,Family Rides,true,0
2026-09-01T20:45:00Z,2026-09-01T16:45:00-04:00,2026-09-01,16:45,3270,Buccaneer,Family Rides,true,0
2026-09-01T20:45:00Z,2026-09-01T16:45:00-04:00,2026-09-01,16:45,3237,Carousel,Family Rides,true,0
2026-09-01T20:45:00Z,2026-09-01T16:45:00-04:00,2026-09-01,16:45,3244,Enchanted Teacups,Family Rides,true,0
2026-09-01T20:45:00Z,2026-09-01T16:45:00-04:00,2026-09-01,16:45,3245,Fender Benders,Family Rides,true,0
2026-09-01T20:45:00Z,2026-09-01T16:45:00-04:00,2026-09-01,16:45,17426,Flying Scooters,Family Rides,true,0
2026-09-01T20:45:00Z,2026-09-01T16:45:00-04:00,2026-09-01,16:45,15604,Giant Wheel,Family Rides,true,0
2026-09-01T20:45:00Z,2026-09-01T16:45:00-04:00,2026-09-01,16:45,3236,HARLEY QUINN™ Crazy Train,Family Rides,true,0
2026-09-01T20:45:00Z,2026-09-01T16:45:00-04:00,2026-09-01,16:45,3249,Houdini’s Great Escape,Family Rides,true,0
2026-09-01T20:45:00Z,2026-09-01T16:45:00-04:00,2026-09-01,16:45,17427,Hypno Twister,Family Rides,true,0
2026-09-01T20:45:00Z,2026-09-01T16:45:00-04:00,2026-09-01,16:45,3250,Jolly Roger,Family Rides,true,0
2026-09-01T20:45:00Z,2026-09-01T16:45:00-04:00,2026-09-01,16:45,15829,Roaring Rapids,Family Rides,false,0
2026-09-01T20:45:00Z,2026-09-01T16:45:00-04:00,2026-09-01,16:45,15727,Scrambler,Family Rides,true,0
2026-09-01T20:45:00Z,2026-09-01T16:45:00-04:00,2026-09-01,16:45,3268,Tango,Family Rides,true,0
2026-09-01T20:45:00Z,2026-09-01T16:45:00-04:00,2026-09-01,16:45,17428,Wave Swinger,Family Rides,true,0
2026-09-01T20:45:00Z,2026-09-01T16:45:00-04:00,2026-09-01,16:45,3232,Air Safari,Kids' Rides,true,0
2026-09-01T20:45:00Z,2026-09-01T16:45:00-04:00,2026-09-01,16:45,10461,Barnstormer,Kids' Rides,true,0
2026-09-01T20:45:00Z,2026-09-01T16:45:00-04:00,2026-09-01,16:45,3275,Bugaboo,Kids' Rides,true,0
2026-09-01T20:45:00Z,2026-09-01T16:45:00-04:00,2026-09-01,16:45,3277,Bugs Bunny Camp Carousel,Kids' Rides,true,0
2026-09-01T20:45:00Z,2026-09-01T16:45:00-04:00,2026-09-01,16:45,3279,Bugs Bunny Ranger Pilots,Kids' Rides,true,0
2026-09-01T20:45:00Z,2026-09-01T16:45:00-04:00,2026-09-01,16:45,3240,Daffy Duck Hot Air Balloons,Kids' Rides,true,0
2026-09-01T20:45:00Z,2026-09-01T16:45:00-04:00,2026-09-01,16:45,10077,Lil' Devil Coaster,Kids' Rides,true,0
2026-09-01T20:45:00Z,2026-09-01T16:45:00-04:00,2026-09-01,16:45,15617,Porky Pig Camp Wagons,Kids' Rides,true,0
2026-09-01T20:45:00Z,2026-09-01T16:45:00-04:00,2026-09-01,16:45,3257,Raja’s Rickshaws,Kids' Rides,true,0
2026-09-01T20:45:00Z,2026-09-01T16:45:00-04:00,2026-09-01,16:45,3274,Safari Off-Road Adventure,Kids' Rides,false,0
2026-09-01T20:45:00Z,2026-09-01T16:45:00-04:00,2026-09-01,16:45,3283,Saw Mill Log Flume,Kids' Rides,true,20
2026-09-01T20:45:00Z,2026-09-01T16:45:00-04:00,2026-09-01,16:45,3281,Sky Zooma,Kids' Rides,true,0
2026-09-01T20:45:00Z,2026-09-01T16:45:00-04:00,2026-09-01,16:45,15789,Storm Chaser,Kids' Rides,true,0
2026-09-01T20:45:00Z,2026-09-01T16:45:00-04:00,2026-09-01,16:45,3267,Super Round Up,Kids' Rides,true,0
2026-09-01T20:45:00Z,2026-09-01T16:45:00-04:00,2026-09-01,16:45,15594,Tree Top Hopper,Kids' Rides,true,0
2026-09-01T20:45:00Z,2026-09-01T16:45:00-04:00,2026-09-01,16:45,3233,BATMAN™ The Ride,Thrill Rides,true,0
2026-09-01T20:45:00Z,2026-09-01T16:45:00-04:00,2026-09-01,16:45,3243,El Toro,Thrill Rides,true,0
2026-09-01T20:45:00Z,2026-09-01T16:45:00-04:00,2026-09-01,16:45,8539,Jersey Devil Coaster,Thrill Rides,false,0
2026-09-01T20:45:00Z,2026-09-01T16:45:00-04:00,2026-09-01,16:45,3916,JUSTICE LEAGUE™: Battle for METROPOLIS,Thrill Rides,true,5
2026-09-01T20:45:00Z,2026-09-01T16:45:00-04:00,2026-09-01,16:45,10533,Medusa,Thrill Rides,true,0
2026-09-01T20:45:00Z,2026-09-01T16:45:00-04:00,2026-09-01,16:45,3253,Nitro,Thrill Rides,true,10
2026-09-01T20:45:00Z,2026-09-01T16:45:00-04:00,2026-09-01,16:45,3261,Runaway Train,Thrill Rides,false,0
2026-09-01T20:45:00Z,2026-09-01T16:45:00-04:00,2026-09-01,16:45,3262,Skull Mountain,Thrill Rides,true,0
2026-09-01T20:45:00Z,2026-09-01T16:45:00-04:00,2026-09-01,16:45,3263,SkyScreamer,Thrill Rides,true,0
2026-09-01T20:45:00Z,2026-09-01T16:45:00-04:00,2026-09-01,16:45,3282,Slingshot,Thrill Rides,false,0
2026-09-01T20:45:00Z,2026-09-01T16:45:00-04:00,2026-09-01,16:45,3266,SUPERMAN™: Ultimate Flight,Thrill Rides,true,0
2026-09-01T20:45:00Z,2026-09-01T16:45:00-04:00,2026-09-01,16:45,3271,THE DARK KNIGHT™ Coaster,Thrill Rides,true,0
2026-09-01T20:45:00Z,2026-09-01T16:45:00-04:00,2026-09-01,16:45,14537,THE FLASH™: Vertical Velocity,Thrill Rides,true,5
2026-09-01T20:45:00Z,2026-09-01T16:45:00-04:00,2026-09-01,16:45,3288,THE JOKER™,Thrill Rides,true,0
2026-09-01T20:45:00Z,2026-09-01T16:45:00-04:00,2026-09-01,16:45,3273,Wile E. Coyote Canyon Blaster,Thrill Rides,true,0
2026-09-01T20:45:00Z,2026-09-01T16:45:00-04:00,2026-09-01,16:45,6371,WONDER WOMAN™ Lasso of Truth,Thrill Rides,true,0
2026-09-01T20:50:00Z,2026-09-01T16:50:00-04:00,2026-09-01,16:50,3231,Air Jumbo,Family Rides,true,0
2026-09-01T20:50:00Z,2026-09-01T16:50:00-04:00,2026-09-01,16:50,17425,Barrels O’ Fun,Family Rides,true,0
2026-09-01T20:50:00Z,2026-09-01T16:50:00-04:00,2026-09-01,16:50,3270,Buccaneer,Family Rides,true,0
2026-09-01T20:50:00Z,2026-09-01T16:50:00-04:00,2026-09-01,16:50,3237,Carousel,Family Rides,true,0
2026-09-01T20:50:00Z,2026-09-01T16:50:00-04:00,2026-09-01,16:50,3244,Enchanted Teacups,Family Rides,true,0
2026-09-01T20:50:00Z,2026-09-01T16:50:00-04:00,2026-09-01,16:50,3245,Fender Benders,Family Rides,true,0
2026-09-01T20:50:00Z,2026-09-01T16:50:00-04:00,2026-09-01,16:50,17426,Flying Scooters,Family Rides,true,0
2026-09-01T20:50:00Z,2026-09-01T16:50:00-04:00,2026-09-01,16:50,15604,Giant Wheel,Family Rides,true,0
2026-09-01T20:50:00Z,2026-09-01T16:50:00-04:00,2026-09-01,16:50,3236,HARLEY QUINN™ Crazy Train,Family Rides,true,0
2026-09-01T20:50:00Z,2026-09-01T16:50:00-04:00,2026-09-01,16:50,3249,Houdini’s Great Escape,Family Rides,true,0
2026-09-01T20:50:00Z,2026-09-01T16:50:00-04:00,2026-09-01,16:50,17427,Hypno Twister,Family Rides,true,0
2026-09-01T20:50:00Z,2026-09-01T16:50:00-04:00,2026-09-01,16:50,3250,Jolly Roger,Family Rides,true,0
2026-09-01T20:50:00Z,2026-09-01T16:50:00-04:00,2026-09-01,16:50,15829,Roaring Rapids,Family Rides,false,0
2026-09-01T20:50:00Z,2026-09-01T16:50:00-04:00,2026-09-01,16:50,15727,Scrambler,Family Rides,true,0
2026-09-01T20:50:00Z,2026-09-01T16:50:00-04:00,2026-09-01,16:50,3268,Tango,Family Rides,true,0
2026-09-01T20:50:00Z,2026-09-01T16:50:00-04:00,2026-09-01,16:50,17428,Wave Swinger,Family Rides,true,0
2026-09-01T20:50:00Z,2026-09-01T16:50:00-04:00,2026-09-01,16:50,3232,Air Safari,Kids' Rides,true,0
2026-09-01T20:50:00Z,2026-09-01T16:50:00-04:00,2026-09-01,16:50,10461,Barnstormer,Kids' Rides,true,0
2026-09-01T20:50:00Z,2026-09-01T16:50:00-04:00,2026-09-01,16:50,3275,Bugaboo,Kids' Rides,true,0
2026-09-01T20:50:00Z,2026-09-01T16:50:00-04:00,2026-09-01,16:50,3277,Bugs Bunny Camp Carousel,Kids' Rides,true,0
2026-09-01T20:50:00Z,2026-09-01T16:50:00-04:00,2026-09-01,16:50,3279,Bugs Bunny Ranger Pilots,Kids' Rides,true,0
2026-09-01T20:50:00Z,2026-09-01T16:50:00-04:00,2026-09-01,16:50,3240,Daffy Duck Hot Air Balloons,Kids' Rides,true,0
2026-09-01T20:50:00Z,2026-09-01T16:50:00-04:00,2026-09-01,16:50,10077,Lil' Devil Coaster,Kids' Rides,true,0
2026-09-01T20:50:00Z,2026-09-01T16:50:00-04:00,2026-09-01,16:50,15617,Porky Pig Camp Wagons,Kids' Rides,true,0
2026-09-01T20:50:00Z,2026-09-01T16:50:00-04:00,2026-09-01,16:50,3257,Raja’s Rickshaws,Kids' Rides,true,0
2026-09-01T20:50:00Z,2026-09-01T16:50:00-04:00,2026-09-01,16:50,3274,Safari Off-Road Adventure,Kids' Rides,false,0
2026-09-01T20:50:00Z,2026-09-01T16:50:00-04:00,2026-09-01,16:50,3283,Saw Mill Log Flume,Kids' Rides,true,20
2026-09-01T20:50:00Z,2026-09-01T16:50:00-04:00,2026-09-01,16:50,3281,Sky Zooma,Kids' Rides,true,0
2026-09-01T20:50:00Z,2026-09-01T16:50:00-04:00,2026-09-01,16:50,15789,Storm Chaser,Kids' Rides,true,0
2026-09-01T20:50:00Z,2026-09-01T16:50:00-04:00,2026-09-01,16:50,3267,Super Round Up,Kids' Rides,true,0
2026-09-01T20:50:00Z,2026-09-01T16:50:00-04:00,2026-09-01,16:50,15594,Tree Top Hopper,Kids' Rides,true,0
2026-09-01T20:50:00Z,2026-09-01T16:50:00-04:00,2026-09-01,16:50,3233,BATMAN™ The Ride,Thrill Rides,true,0
2026-09-01T20:50:00Z,2026-09-01T16:50:00-04:00,2026-09-01,16:50,3243,El Toro,Thrill Rides,true,0
2026-09-01T20:50:00Z,2026-09-01T16:50:00-04:00,2026-09-01,16:50,8539,Jersey Devil Coaster,Thrill Rides,true,0
2026-09-01T20:50:00Z,2026-09-01T16:50:00-04:00,2026-09-01,16:50,3916,JUSTICE LEAGUE™: Battle for METROPOLIS,Thrill Rides,true,5
2026-09-01T20:50:00Z,2026-09-01T16:50:00-04:00,2026-09-01,16:50,10533,Medusa,Thrill Rides,true,0
2026-09-01T20:50:00Z,2026-09-01T16:50:00-04:00,2026-09-01,16:50,3253,Nitro,Thrill Rides,true,10
2026-09-01T20:50:00Z,2026-09-01T16:50:00-04:00,2026-09-01,16:50,3261,Runaway Train,Thrill Rides,false,0
2026-09-01T20:50:00Z,2026-09-01T16:50:00-04:00,2026-09-01,16:50,3262,Skull Mountain,Thrill Rides,true,0
2026-09-01T20:50:00Z,2026-09-01T16:50:00-04:00,2026-09-01,16:50,3263,SkyScreamer,Thrill Rides,true,0
2026-09-01T20:50:00Z,2026-09-01T16:50:00-04:00,2026-09-01,16:50,3282,Slingshot,Thrill Rides,false,0
2026-09-01T20:50:00Z,2026-09-01T16:50:00-04:00,2026-09-01,16:50,3266,SUPERMAN™: Ultimate Flight,Thrill Rides,true,0
2026-09-01T20:50:00Z,2026-09-01T16:50:00-04:00,2026-09-01,16:50,3271,THE DARK KNIGHT™ Coaster,Thrill Rides,true,0
2026-09-01T20:50:00Z,2026-09-01T16:50:00-04:00,2026-09-01,16:50,14537,THE FLASH™: Vertical Velocity,Thrill Rides,true,5
2026-09-01T20:50:00Z,2026-09-01T16:50:00-04:00,2026-09-01,16:50,3288,THE JOKER™,Thrill Rides,true,0
2026-09-01T20:50:00Z,2026-09-01T16:50:00-04:00,2026-09-01,16:50,3273,Wile E. Coyote Canyon Blaster,Thrill Rides,true,0
2026-09-01T20:50:00Z,2026-09-01T16:50:00-04:00,2026-09-01,16:50,6371,WONDER WOMAN™ Lasso of Truth,Thrill Rides,true,0
