ts_utc,ts_local,date_local,time_local,ride_id,ride_name,land,is_open,wait_time
2026-09-16T06:15:00Z,2026-09-16T02:15:00-04:00,2026-09-16,02:15,3231,Air Jumbo,Family Rides,false,0
2026-09-16T06:15:00Z,2026-09-16T02:15:00-04:00,2026-09-16,02:15,17425,Barrels O’ Fun,Family Rides,false,0
2026-09-16T06:15:00Z,2026-09-16T02:15:00-04:00,2026-09-16,02:15,3270,Buccaneer,Family Rides,false,0
2026-09-16T06:15:00Z,2026-09-16T02:15:00-04:00,2026-09-16,02:15,3237,Carousel,Family Rides,false,0
2026-09-16T06:15:00Z,2026-09-16T02:15:00-04:00,2026-09-16,02:15,3244,Enchanted Teacups,Family Rides,false,0
2026-09-16T06:15:00Z,2026-09-16T02:15:00-04:00,2026-09-16,02:15,3245,Fender Benders,Family Rides,false,0
2026-09-16T06:15:00Z,2026-09-16T02:15:00-04:00,2026-09-16,02:15,17426,Flying Scooters,Family Rides,false,0
2026-09-16T06:15:00Z,2026-09-16T02:15:00-04:00,2026-09-16,02:15,15604,Giant Wheel,Family Rides,false,0
2026-09-16T06:15:00Z,2026-09-16T02:15:00-04:00,2026-09-16,02:15,3236,HARLEY QUINN™ Crazy Train,Family Rides,false,0
2026-09-16T06:15:00Z,2026-09-16T02:15:00-04:00,2026-09-16,02:15,3249,Houdini’s Great Escape,Family Rides,false,0
2026-09-16T06:15:00Z,2026-09-16T02:15:00-04:00,2026-09-16,02:15,17427,Hypno Twister,Family Rides,false,0
2026-09-16T06:15:00Z,2026-09-16T02:15:00-04:00,2026-09-16,02:15,3250,Jolly Roger,Family Rides,false,0
2026-09-16T06:15:00Z,2026-09-16T02:15:00-04:00,2026-09-16,02:15,15829,Roaring Rapids,Family Rides,false,0
2026-09-16T06:15:00Z,2026-09-16T02:15:00-04:00,2026-09-16,02:15,15727,Scrambler,Family Rides,false,0
2026-09-16T06:15:00Z,2026-09-16T02:15:00-04:00,2026-09-16,02:15,3268,Tango,Family Rides,false,0
2026-09-16T06:15:00Z,2026-09-16T02:15:00-04:00,2026-09-16,02:15,17428,Wave Swinger,Family Rides,false,0
2026-09-16T06:15:00Z,2026-09-16T02:15:00-04:00,2026-09-16,02:15,3232,Air Safari,Kids' Rides,false,0
2026-09-16T06:15:00Z,2026-09-16T02:15:00-04:00,2026-09-16,02:15,10461,Barnstormer,Kids' Rides,false,0
2026-09-16T06:15:00Z,2026-09-16T02:15:00-04:00,2026-09-16,02:15,3275,Bugaboo,Kids' Rides,false,0
2026-09-16T06:15:00Z,2026-09-16T02:15:00-04:00,2026-09-16,02:15,3277,Bugs Bunny Camp Carousel,Kids' Rides,false,0
2026-09-16T06:15:00Z,2026-09-16T02:15:00-04:00,2026-09-16,02:15,3279,Bugs Bunny Ranger Pilots,Kids' Rides,false,0
2026-09-16T06:15:00Z,2026-09-16T02:15:00-04:00,2026-09-16,02:15,3240,Daffy Duck Hot Air Balloons,Kids' Rides,false,0
2026-09-16T06:15:00Z,2026-09-16T02:15:00-04:00,2026-09-16,02:15,10077,Lil' Devil Coaster,Kids' Rides,false,0
2026-09-16T06:15:00Z,2026-09-16T02:15:00-04:00,2026-09-16,02:15,15617,Porky Pig Camp Wagons,Kids' Rides,false,0
2026-09-16T06:15:00Z,2026-09-16T02:15:00-04:00,2026-09-16,02:15,3257,Raja’s Rickshaws,Kids' Rides,false,0
2026-09-16T06:15:00Z,2026-09-16T02:15:00-04:00,2026-09-16,02:15,3274,Safari Off-Road Adventure,Kids' Rides,false,0
2026-09-16T06:15:00Z,2026-09-16T02:15:00-04:00,2026-09-16,02:15,3283,Saw Mill Log Flume,Kids' Rides,false,0
2026-09-16T06:15:00Z,2026-09-16T02:15:00-04:00,2026-09-16,02:15,3281,Sky Zooma,Kids' Rides,false,0
2026-09-16T06:15:00Z,2026-09-16T02:15:00-04:00,2026-09-16,02:15,15789,Storm Chaser,Kids' Rides,false,0
2026-09-16T06:15:00Z,2026-09-16T02:15:00-04:00,2026-09-16,02:15,3267,Super Round Up,Kids' Rides,false,0
2026-09-16T06:15:00Z,2026-09-16T02:15:00-04:00,2026-09-16,02:15,15594,Tree Top Hopper,Kids' Rides,false,0
2026-09-16T06:15:00Z,2026-09-16T02:15:00-04:00,2026-09-16,02:15,3233,BATMAN™ The Ride,Thrill Rides,false,0
2026-09-16T06:15:00Z,2026-09-16T02:15:00-04:00,2026-09-16,02:15,3243,El Toro,Thrill Rides,false,0
2026-09-16T06:15:00Z,2026-09-16T02:15:00-04:00,2026-09-16,02:15,8539,Jersey Devil Coaster,Thrill Rides,false,0
2026-09-16T06:15:00Z,2026-09-16T02:15:00-04:00,2026-09-16,02:15,3916,JUSTICE LEAGUE™: Battle for METROPOLIS,Thrill Rides,false,0
2026-09-16T06:15:00Z,2026-09-16T02:15:00-04:00,2026-09-16,02:15,10533,Medusa,Thrill Rides,false,0
2026-09-16T06:15:00Z,2026-09-16T02:15:00-04:00,2026-09-16,02:15,3253,Nitro,Thrill Rides,false,0
2026-09-16T06:15:00Z,2026-09-16T02:15:00-04:00,2026-09-16,02:15,3261,Runaway Train,Thrill Rides,false,0
2026-09-16T06:15:00Z,2026-09-16T02:15:00-04:00,2026-09-16,02:15,3262,Skull Mountain,Thrill Rides,false,0
2026-09-16T06:15:00Z,2026-09-16T02:15:00-04:00,2026-09-16,02:15,3263,SkyScreamer,Thrill Rides,false,0
2026-09-16T06:15:00Z,2026-09-16T02:15:00-04:00,2026-09-16,02:15,3282,Slingshot,Thrill Rides,false,0
2026-09-16T06:15:00Z,2026-09-16T02:15:00-04:00,2026-09-16,02:15,3266,SUPERMAN™: Ultimate Flight,Thrill Rides,false,0
2026-09-16T06:15:00Z,2026-09-16T02:15:00-04:00,2026-09-16,02:15,3271,THE DARK KNIGHT™ Coaster,Thrill Rides,false,0
2026-09-16T06:15:00Z,2026-09-16T02:15:00-04:00,2026-09-16,02:15,14537,THE FLASH™: Vertical Velocity,Thrill Rides,false,0
2026-09-16T06:15:00Z,2026-09-16T02:15:00-04:00,2026-09-16,02:15,3288,THE JOKER™,Thrill Rides,false,0
2026-09-16T06:15:00Z,2026-09-16T02:15:00-04:00,2026-09-16,02:15,3273,Wile E. Coyote Canyon Blaster,Thrill Rides,false,0
2026-09-16T06:15:00Z,2026-09-16T02:15:00-04:00,2026-09-16,02:15,6371,WONDER WOMAN™ Lasso of Truth,Thrill Rides,false,0
2026-09-16T06:20:00Z,2026-09-16T02:20:00-04:00,2026-09-16,02:20,3231,Air Jumbo,Family Rides,false,0
2026-09-16T06:20:00Z,2026-09-16T02:20:00-04:00,2026-09-16,02:20,17425,Barrels O’ Fun,Family Rides,false,0
2026-09-16T06:20:00Z,2026-09-16T02:20:00-04:00,2026-09-16,02:20,3270,Buccaneer,Family Rides,false,0
2026-09-16T06:20:00Z,2026-09-16T02:20:00-04:00,2026-09-16,02:20,3237,Carousel,Family Rides,false,0
2026-09-16T06:20:00Z,2026-09-16T02:20:00-04:00,2026-09-16,02:20,3244,Enchanted Teacups,Family Rides,false,0
2026-09-16T06:20:00Z,2026-09-16T02:20:00-04:00,2026-09-16,02:20,3245,Fender Benders,Family Rides,false,0
2026-09-16T06:20:00Z,2026-09-16T02:20:00-04:00,2026-09-16,02:20,17426,Flying Scooters,Family Rides,false,0
2026-09-16T06:20:00Z,2026-09-16T02:20:00-04:00,2026-09-16,02:20,15604,Giant Wheel,Family Rides,false,0
2026-09-16T06:20:00Z,2026-09-16T02:20:00-04:00,2026-09-16,02:20,3236,HARLEY QUINN™ Crazy Train,Family Rides,false,0
2026-09-16T06:20:00Z,2026-09-16T02:20:00-04:00,2026-09-16,02:20,3249,Houdini’s Great Escape,Family Rides,false,0
2026-09-16T06:20:00Z,2026-09-16T02:20:00-04:00,2026-09-16,02:20,17427,Hypno Twister,Family Rides,false,0
2026-09-16T06:20:00Z,2026-09-16T02:20:00-04:00,2026-09-16,02:20,3250,Jolly Roger,Family Rides,false,0
2026-09-16T06:20:00Z,2026-09-16T02:20:00-04:00,2026-09-16,02:20,15829,Roaring Rapids,Family Rides,false,0
2026-09-16T06:20:00Z,2026-09-16T02:20:00-04:00,2026-09-16,02:20,15727,Scrambler,Family Rides,false,0
2026-09-16T06:20:00Z,2026-09-16T02:20:00-04:00,2026-09-16,02:20,3268,Tango,Family Rides,false,0
2026-09-16T06:20:00Z,2026-09-16T02:20:00-04:00,2026-09-16,02:20,17428,Wave Swinger,Family Rides,false,0
2026-09-16T06:20:00Z,2026-09-16T02:20:00-04:00,2026-09-16,02:20,3232,Air Safari,Kids' Rides,false,0
2026-09-16T06:20:00Z,2026-09-16T02:20:00-04:00,2026-09-16,02:20,10461,Barnstormer,Kids' Rides,false,0
2026-09-16T06:20:00Z,2026-09-16T02:20:00-04:00,2026-09-16,02:20,3275,Bugaboo,Kids' Rides,false,0
2026-09-16T06:20:00Z,2026-09-16T02:20:00-04:00,2026-09-16,02:20,3277,Bugs Bunny Camp Carousel,Kids' Rides,false,0
2026-09-16T06:20:00Z,2026-09-16T02:20:00-04:00,2026-09-16,02:20,3279,Bugs Bunny Ranger Pilots,Kids' Rides,false,0
2026-09-16T06:20:00Z,2026-09-16T02:20:00-04:00,2026-09-16,02:20,3240,Daffy Duck Hot Air Balloons,Kids' Rides,false,0
2026-09-16T06:20:00Z,2026-09-16T02:20:00-04:00,2026-09-16,02:20,10077,Lil' Devil Coaster,Kids' Rides,false,0
2026-09-16T06:20:00Z,2026-09-16T02:20:00-04:00,2026-09-16,02:20,15617,Porky Pig Camp Wagons,Kids' Rides,false,0
2026-09-16T06:20:00Z,2026-09-16T02:20:00-04:00,2026-09-16,02:20,3257,Raja’s Rickshaws,Kids' Rides,false,0
2026-09-16T06:20:00Z,2026-09-16T02:20:00-04:00,2026-09-16,02:20,3274,Safari Off-Road Adventure,Kids' Rides,false,0
2026-09-16T06:20:00Z,2026-09-16T02:20:00-04:00,2026-09-16,02:20,3283,Saw Mill Log Flume,Kids' Rides,false,0
2026-09-16T06:20:00Z,2026-09-16T02:20:00-04:00,2026-09-16,02:20,3281,Sky Zooma,Kids' Rides,false,0
2026-09-16T06:20:00Z,2026-09-16T02:20:00-04:00,2026-09-16,02:20,15789,Storm Chaser,Kids' Rides,false,0
2026-09-16T06:20:00Z,2026-09-16T02:20:00-04:00,2026-09-16,02:20,3267,Super Round Up,Kids' Rides,false,0
2026-09-16T06:20:00Z,2026-09-16T02:20:00-04:00,2026-09-16,02:20,15594,Tree Top Hopper,Kids' Rides,false,0
2026-09-16T06:20:00Z,2026-09-16T02:20:00-04:00,2026-09-16,02:20,3233,BATMAN™ The Ride,Thrill Rides,false,0
2026-09-16T06:20:00Z,2026-09-16T02:20:00-04:00,2026-09-16,02:20,3243,El Toro,Thrill Rides,false,0
2026-09-16T06:20:00Z,2026-09-16T02:20:00-04:00,2026-09-16,02:20,8539,Jersey Devil Coaster,Thrill Rides,false,0
2026-09-16T06:20:00Z,2026-09-16T02:20:00-04:00,2026-09-16,02:20,3916,JUSTICE LEAGUE™: Battle for METROPOLIS,Thrill Rides,false,0
2026-09-16T06:20:00Z,2026-09-16T02:20:00-04:00,2026-09-16,02:20,10533,Medusa,Thrill Rides,false,0
2026-09-16T06:20:00Z,2026-09-16T02:20:00-04:00,2026-09-16,02:20,3253,Nitro,Thrill Rides,false,0
2026-09-16T06:20:00Z,2026-09-16T02:20:00-04:00,2026-09-16,02:20,3261,Runaway Train,Thrill Rides,false,0
2026-09-16T06:20:00Z,2026-09-16T02:20:00-04:00,2026-09-16,02:20,3262,Skull Mountain,Thrill Rides,false,0
2026-09-16T06:20:00Z,2026-09-16T02:20:00-04:00,2026-09-16,02:20,3263,SkyScreamer,Thrill Rides,false,0
2026-09-16T06:20:00Z,2026-09-16T02:20:00-04:00,2026-09-16,02:20,3282,Slingshot,Thrill Rides,false,0
2026-09-16T06:20:00Z,2026-09-16T02:20:00-04:00,2026-09-16,02:20,3266,SUPERMAN™: Ultimate Flight,Thrill Rides,false,0
2026-09-16T06:20:00Z,2026-09-16T02:20:00-04:00,2026-09-16,02:20,3271,THE DARK KNIGHT™ Coaster,Thrill Rides,false,0
2026-09-16T06:20:00Z,2026-09-16T02:20:00-04:00,2026-09-16,02:20,14537,THE FLASH™: Vertical Velocity,Thrill Rides,false,0
2026-09-16T06:20:00Z,2026-09-16T02:20:00-04:00,2026-09-16,02:20,3288,THE JOKER™,Thrill Rides,false,0
2026-09-16T06:20:00Z,2026-09-16T02:20:00-04:00,2026-09-16,02:20,3273,Wile E. Coyote Canyon Blaster,Thrill Rides,false,0
2026-09-16T06:20:00Z,2026-09-16T02:20:00-04:00,2026-09-16,02:20,6371,WONDER WOMAN™ Lasso of Truth,Thrill Rides,false,0
2026-09-16T06:25:00Z,2026-09-16T02:25:00-04:00,2026-09-16,02:25,3231,Air Jumbo,Family Rides,false,0
2026-09-16T06:25:00Z,2026-09-16T02:25:00-04:00,2026-09-16,02:25,17425,Barrels O’ Fun,Family Rides,false,0
2026-09-16T06:25:00Z,2026-09-16T02:25:00-04:00,2026-09-16,02:25,3270,Buccaneer,Family Rides,false,0
2026-09-16T06:25:00Z,2026-09-16T02:25:00-04:00,2026-09-16,02:25,3237,Carousel,Family Rides,false,0
2026-09-16T06:25:00Z,2026-09-16T02:25:00-04:00,2026-09-16,02:25,3244,Enchanted Teacups,Family Rides,false,0
2026-09-16T06:25:00Z,2026-09-16T02:25:00-04:00,2026-09-16,02:25,3245,Fender Benders,Family Rides,false,0
2026-09-16T06:25:00Z,2026-09-16T02:25:00-04:00,2026-09-16,02:25,17426,Flying Scooters,Family Rides,false,0
2026-09-16T06:25:00Z,2026-09-16T02:25:00-04:00,2026-09-16,02:25,15604,Giant Wheel,Family Rides,false,0
2026-09-16T06:25:00Z,2026-09-16T02:25:00-04:00,2026-09-16,02:25,3236,HARLEY QUINN™ Crazy Train,Family Rides,false,0
2026-09-16T06:25:00Z,2026-09-16T02:25:00-04:00,2026-09-16,02:25,3249,Houdini’s Great Escape,Family Rides,false,0
2026-09-16T06:25:00Z,2026-09-16T02:25:00-04:00,2026-09-16,02:25,17427,Hypno Twister,Family Rides,false,0
2026-09-16T06:25:00Z,2026-09-16T02:25:00-04:00,2026-09-16,02:25,3250,Jolly Roger,Family Rides,false,0
2026-09-16T06:25:00Z,2026-09-16T02:25:00-04:00,2026-09-16,02:25,15829,Roaring Rapids,Family Rides,false,0
2026-09-16T06:25:00Z,2026-09-16T02:25:00-04:00,2026-09-16,02:25,15727,Scrambler,Family Rides,false,0
2026-09-16T06:25:00Z,2026-09-16T02:25:00-04:00,2026-09-16,02:25,3268,Tango,Family Rides,false,0
2026-09-16T06:25:00Z,2026-09-16T02:25:00-04:00,2026-09-16,02:25,17428,Wave Swinger,Family Rides,false,0
2026-09-16T06:25:00Z,2026-09-16T02:25:00-04:00,2026-09-16,02:25,3232,Air Safari,Kids' Rides,false,0
2026-09-16T06:25:00Z,2026-09-16T02:25:00-04:00,2026-09-16,02:25,10461,Barnstormer,Kids' Rides,false,0
2026-09-16T06:25:00Z,2026-09-16T02:25:00-04:00,2026-09-16,02:25,3275,Bugaboo,Kids' Rides,false,0
2026-09-16T06:25:00Z,2026-09-16T02:25:00-04:00,2026-09-16,02:25,3277,Bugs Bunny Camp Carousel,Kids' Rides,false,0
2026-09-16T06:25:00Z,2026-09-16T02:25:00-04:00,2026-09-16,02:25,3279,Bugs Bunny Ranger Pilots,Kids' Rides,false,0
2026-09-16T06:25:00Z,2026-09-16T02:25:00-04:00,2026-09-16,02:25,3240,Daffy Duck Hot Air Balloons,Kids' Rides,false,0
2026-09-16T06:25:00Z,2026-09-16T02:25:00-04:00,2026-09-16,02:25,10077,Lil' Devil Coaster,Kids' Rides,false,0
2026-09-16T06:25:00Z,2026-09-16T02:25:00-04:00,2026-09-16,02:25,15617,Porky Pig Camp Wagons,Kids' Rides,false,0
2026-09-16T06:25:00Z,2026-09-16T02:25:00-04:00,2026-09-16,02:25,3257,Raja’s Rickshaws,Kids' Rides,false,0
2026-09-16T06:25:00Z,2026-09-16T02:25:00-04:00,2026-09-16,02:25,3274,Safari Off-Road Adventure,Kids' Rides,false,0
2026-09-16T06:25:00Z,2026-09-16T02:25:00-04:00,2026-09-16,02:25,3283,Saw Mill Log Flume,Kids' Rides,false,0
2026-09-16T06:25:00Z,2026-09-16T02:25:00-04:00,2026-09-16,02:25,3281,Sky Zooma,Kids' Rides,false,0
2026-09-16T06:25:00Z,2026-09-16T02:25:00-04:00,2026-09-16,02:25,15789,Storm Chaser,Kids' Rides,false,0
2026-09-16T06:25:00Z,2026-09-16T02:25:00-04:00,2026-09-16,02:25,3267,Super Round Up,Kids' Rides,false,0
2026-09-16T06:25:00Z,2026-09-16T02:25:00-04:00,2026-09-16,02:25,15594,Tree Top Hopper,Kids' Rides,false,0
2026-09-16T06:25:00Z,2026-09-16T02:25:00-04:00,2026-09-16,02:25,3233,BATMAN™ The Ride,Thrill Rides,false,0
2026-09-16T06:25:00Z,2026-09-16T02:25:00-04:00,2026-09-16,02:25,3243,El Toro,Thrill Rides,false,0
2026-09-16T06:25:00Z,2026-09-16T02:25:00-04:00,2026-09-16,02:25,8539,Jersey Devil Coaster,Thrill Rides,false,0
2026-09-16T06:25:00Z,2026-09-16T02:25:00-04:00,2026-09-16,02:25,3916,JUSTICE LEAGUE™: Battle for METROPOLIS,Thrill Rides,false,0
2026-09-16T06:25:00Z,2026-09-16T02:25:00-04:00,2026-09-16,02:25,10533,Medusa,Thrill Rides,false,0
2026-09-16T06:25:00Z,2026-09-16T02:25:00-04:00,2026-09-16,02:25,3253,Nitro,Thrill Rides,false,0
2026-09-16T06:25:00Z,2026-09-16T02:25:00-04:00,2026-09-16,02:25,3261,Runaway Train,Thrill Rides,false,0
2026-09-16T06:25:00Z,2026-09-16T02:25:00-04:00,2026-09-16,02:25,3262,Skull Mountain,Thrill Rides,false,0
2026-09-16T06:25:00Z,2026-09-16T02:25:00-04:00,2026-09-16,02:25,3263,SkyScreamer,Thrill Rides,false,0
2026-09-16T06:25:00Z,2026-09-16T02:25:00-04:00,2026-09-16,02:25,3282,Slingshot,Thrill Rides,false,0
2026-09-16T06:25:00Z,2026-09-16T02:25:00-04:00,2026-09-16,02:25,3266,SUPERMAN™: Ultimate Flight,Thrill Rides,false,0
2026-09-16T06:25:00Z,2026-09-16T02:25:00-04:00,2026-09-16,02:25,3271,THE DARK KNIGHT™ Coaster,Thrill Rides,false,0
2026-09-16T06:25:00Z,2026-09-16T02:25:00-04:00,2026-09-16,02:25,14537,THE FLASH™: Vertical Velocity,Thrill Rides,false,0
2026-09-16T06:25:00Z,2026-09-16T02:25:00-04:00,2026-09-16,02:25,3288,THE JOKER™,Thrill Rides,false,0
2026-09-16T06:25:00Z,2026-09-16T02:25:00-04:00,2026-09-16,02:25,3273,Wile E. Coyote Canyon Blaster,Thrill Rides,false,0
2026-09-16T06:25:00Z,2026-09-16T02:25:00-04:00,2026-09-16,02:25,6371,WONDER WOMAN™ Lasso of Truth,Thrill Rides,false,0
2026-09-16T06:30:00Z,2026-09-16T02:30:00-04:00,2026-09-16,02:30,3231,Air Jumbo,Family Rides,false,0
2026-09-16T06:30:00Z,2026-09-16T02:30:00-04:00,2026-09-16,02:30,17425,Barrels O’ Fun,Family Rides,false,0
2026-09-16T06:30:00Z,2026-09-16T02:30:00-04:00,2026-09-16,02:30,3270,Buccaneer,Family Rides,false,0
2026-09-16T06:30:00Z,2026-09-16T02:30:00-04:00,2026-09-16,02:30,3237,Carousel,Family Rides,false,0
2026-09-16T06:30:00Z,2026-09-16T02:30:00-04:00,2026-09-16,02:30,3244,Enchanted Teacups,Family Rides,false,0
2026-09-16T06:30:00Z,2026-09-16T02:30:00-04:00,2026-09-16,02:30,3245,Fender Benders,Family Rides,false,0
2026-09-16T06:30:00Z,2026-09-16T02:30:00-04:00,2026-09-16,02:30,17426,Flying Scooters,Family Rides,false,0
2026-09-16T06:30:00Z,2026-09-16T02:30:00-04:00,2026-09-16,02:30,15604,Giant Wheel,Family Rides,false,0
2026-09-16T06:30:00Z,2026-09-16T02:30:00-04:00,2026-09-16,02:30,3236,HARLEY QUINN™ Crazy Train,Family Rides,false,0
2026-09-16T06:30:00Z,2026-09-16T02:30:00-04:00,2026-09-16,02:30,3249,Houdini’s Great Escape,Family Rides,false,0
2026-09-16T06:30:00Z,2026-09-16T02:30:00-04:00,2026-09-16,02:30,17427,Hypno Twister,Family Rides,false,0
2026-09-16T06:30:00Z,2026-09-16T02:30:00-04:00,2026-09-16,02:30,3250,Jolly Roger,Family Rides,false,0
2026-09-16T06:30:00Z,2026-09-16T02:30:00-04:00,2026-09-16,02:30,15829,Roaring Rapids,Family Rides,false,0
2026-09-16T06:30:00Z,2026-09-16T02:30:00-04:00,2026-09-16,02:30,15727,Scrambler,Family Rides,false,0
2026-09-16T06:30:00Z,2026-09-16T02:30:00-04:00,2026-09-16,02:30,3268,Tango,Family Rides,false,0
2026-09-16T06:30:00Z,2026-09-16T02:30:00-04:00,2026-09-16,02:30,17428,Wave Swinger,Family Rides,false,0
2026-09-16T06:30:00Z,2026-09-16T02:30:00-04:00,2026-09-16,02:30,3232,Air Safari,Kids' Rides,false,0
2026-09-16T06:30:00Z,2026-09-16T02:30:00-04:00,2026-09-16,02:30,10461,Barnstormer,Kids' Rides,false,0
2026-09-16T06:30:00Z,2026-09-16T02:30:00-04:00,2026-09-16,02:30,3275,Bugaboo,Kids' Rides,false,0
2026-09-16T06:30:00Z,2026-09-16T02:30:00-04:00,2026-09-16,02:30,3277,Bugs Bunny Camp Carousel,Kids' Rides,false,0
2026-09-16T06:30:00Z,2026-09-16T02:30:00-04:00,2026-09-16,02:30,3279,Bugs Bunny Ranger Pilots,Kids' Rides,false,0
2026-09-16T06:30:00Z,2026-09-16T02:30:00-04:00,2026-09-16,02:30,3240,Daffy Duck Hot Air Balloons,Kids' Rides,false,0
2026-09-16T06:30:00Z,2026-09-16T02:30:00-04:00,2026-09-16,02:30,10077,Lil' Devil Coaster,Kids' Rides,false,0
2026-09-16T06:30:00Z,2026-09-16T02:30:00-04:00,2026-09-16,02:30,15617,Porky Pig Camp Wagons,Kids' Rides,false,0
2026-09-16T06:30:00Z,2026-09-16T02:30:00-04:00,2026-09-16,02:30,3257,Raja’s Rickshaws,Kids' Rides,false,0
2026-09-16T06:30:00Z,2026-09-16T02:30:00-04:00,2026-09-16,02:30,3274,Safari Off-Road Adventure,Kids' Rides,false,0
2026-09-16T06:30:00Z,2026-09-16T02:30:00-04:00,2026-09-16,02:30,3283,Saw Mill Log Flume,Kids' Rides,false,0
2026-09-16T06:30:00Z,2026-09-16T02:30:00-04:00,2026-09-16,02:30,3281,Sky Zooma,Kids' Rides,false,0
2026-09-16T06:30:00Z,2026-09-16T02:30:00-04:00,2026-09-16,02:30,15789,Storm Chaser,Kids' Rides,false,0
2026-09-16T06:30:00Z,2026-09-16T02:30:00-04:00,2026-09-16,02:30,3267,Super Round Up,Kids' Rides,false,0
2026-09-16T06:30:00Z,2026-09-16T02:30:00-04:00,2026-09-16,02:30,15594,Tree Top Hopper,Kids' Rides,false,0
2026-09-16T06:30:00Z,2026-09-16T02:30:00-04:00,2026-09-16,02:30,3233,BATMAN™ The Ride,Thrill Rides,false,0
2026-09-16T06:30:00Z,2026-09-16T02:30:00-04:00,2026-09-16,02:30,3243,El Toro,Thrill Rides,false,0
2026-09-16T06:30:00Z,2026-09-16T02:30:00-04:00,2026-09-16,02:30,8539,Jersey Devil Coaster,Thrill Rides,false,0
2026-09-16T06:30:00Z,2026-09-16T02:30:00-04:00,2026-09-16,02:30,3916,JUSTICE LEAGUE™: Battle for METROPOLIS,Thrill Rides,false,0
2026-09-16T06:30:00Z,2026-09-16T02:30:00-04:00,2026-09-16,02:30,10533,Medusa,Thrill Rides,false,0
2026-09-16T06:30:00Z,2026-09-16T02:30:00-04:00,2026-09-16,02:30,3253,Nitro,Thrill Rides,false,0
2026-09-16T06:30:00Z,2026-09-16T02:30:00-04:00,2026-09-16,02:30,3261,Runaway Train,Thrill Rides,false,0
2026-09-16T06:30:00Z,2026-09-16T02:30:00-04:00,2026-09-16,02:30,3262,Skull Mountain,Thrill Rides,false,0
2026-09-16T06:30:00Z,2026-09-16T02:30:00-04:00,2026-09-16,02:30,3263,SkyScreamer,Thrill Rides,false,0
2026-09-16T06:30:00Z,2026-09-16T02:30:00-04:00,2026-09-16,02:30,3282,Slingshot,Thrill Rides,false,0
2026-09-16T06:30:00Z,2026-09-16T02:30:00-04:00,2026-09-16,02:30,3266,SUPERMAN™: Ultimate Flight,Thrill Rides,false,0
2026-09-16T06:30:00Z,2026-09-16T02:30:00-04:00,2026-09-16,02:30,3271,THE DARK KNIGHT™ Coaster,Thrill Rides,false,0
2026-09-16T06:30:00Z,2026-09-16T02:30:00-04:00,2026-09-16,02:30,14537,THE FLASH™: Vertical Velocity,Thrill Rides,false,0
2026-09-16T06:30:00Z,2026-09-16T02:30:00-04:00,2026-09-16,02:30,3288,THE JOKER™,Thrill Rides,false,0
2026-09-16T06:30:00Z,2026-09-16T02:30:00-04:00,2026-09-16,02:30,3273,Wile E. Coyote Canyon Blaster,Thrill Rides,false,0
2026-09-16T06:30:00Z,2026-09-16T02:30:00-04:00,2026-09-16,02:30,6371,WONDER WOMAN™ Lasso of Truth,Thrill Rides,false,0
2026-09-16T06:35:00Z,2026-09-16T02:35:00-04:00,2026-09-16,02:35,3231,Air Jumbo,Family Rides,false,0
2026-09-16T06:35:00Z,2026-09-16T02:35:00-04:00,2026-09-16,02:35,17425,Barrels O’ Fun,Family Rides,false,0
2026-09-16T06:35:00Z,2026-09-16T02:35:00-04:00,2026-09-16,02:35,3270,Buccaneer,Family Rides,false,0
2026-09-16T06:35:00Z,2026-09-16T02:35:00-04:00,2026-09-16,02:35,3237,Carousel,Family Rides,false,0
2026-09-16T06:35:00Z,2026-09-16T02:35:00-04:00,2026-09-16,02:35,3244,Enchanted Teacups,Family Rides,false,0
2026-09-16T06:35:00Z,2026-09-16T02:35:00-04:00,2026-09-16,02:35,3245,Fender Benders,Family Rides,false,0
2026-09-16T06:35:00Z,2026-09-16T02:35:00-04:00,2026-09-16,02:35,17426,Flying Scooters,Family Rides,false,0
2026-09-16T06:35:00Z,2026-09-16T02:35:00-04:00,2026-09-16,02:35,15604,Giant Wheel,Family Rides,false,0
2026-09-16T06:35:00Z,2026-09-16T02:35:00-04:00,2026-09-16,02:35,3236,HARLEY QUINN™ Crazy Train,Family Rides,false,0
2026-09-16T06:35:00Z,2026-09-16T02:35:00-04:00,2026-09-16,02:35,3249,Houdini’s Great Escape,Family Rides,false,0
2026-09-16T06:35:00Z,2026-09-16T02:35:00-04:00,2026-09-16,02:35,17427,Hypno Twister,Family Rides,false,0
2026-09-16T06:35:00Z,2026-09-16T02:35:00-04:00,2026-09-16,02:35,3250,Jolly Roger,Family Rides,false,0
2026-09-16T06:35:00Z,2026-09-16T02:35:00-04:00,2026-09-16,02:35,15829,Roaring Rapids,Family Rides,false,0
2026-09-16T06:35:00Z,2026-09-16T02:35:00-04:00,2026-09-16,02:35,15727,Scrambler,Family Rides,false,0
2026-09-16T06:35:00Z,2026-09-16T02:35:00-04:00,2026-09-16,02:35,3268,Tango,Family Rides,false,0
2026-09-16T06:35:00Z,2026-09-16T02:35:00-04:00,2026-09-16,02:35,17428,Wave Swinger,Family Rides,false,0
2026-09-16T06:35:00Z,2026-09-16T02:35:00-04:00,2026-09-16,02:35,3232,Air Safari,Kids' Rides,false,0
2026-09-16T06:35:00Z,2026-09-16T02:35:00-04:00,2026-09-16,02:35,10461,Barnstormer,Kids' Rides,false,0
2026-09-16T06:35:00Z,2026-09-16T02:35:00-04:00,2026-09-16,02:35,3275,Bugaboo,Kids' Rides,false,0
2026-09-16T06:35:00Z,2026-09-16T02:35:00-04:00,2026-09-16,02:35,3277,Bugs Bunny Camp Carousel,Kids' Rides,false,0
2026-09-16T06:35:00Z,2026-09-16T02:35:00-04:00,2026-09-16,02:35,3279,Bugs Bunny Ranger Pilots,Kids' Rides,false,0
2026-09-16T06:35:00Z,2026-09-16T02:35:00-04:00,2026-09-16,02:35,3240,Daffy Duck Hot Air Balloons,Kids' Rides,false,0
2026-09-16T06:35:00Z,2026-09-16T02:35:00-04:00,2026-09-16,02:35,10077,Lil' Devil Coaster,Kids' Rides,false,0
2026-09-16T06:35:00Z,2026-09-16T02:35:00-04:00,2026-09-16,02:35,15617,Porky Pig Camp Wagons,Kids' Rides,false,0
2026-09-16T06:35:00Z,2026-09-16T02:35:00-04:00,2026-09-16,02:35,3257,Raja’s Rickshaws,Kids' Rides,false,0
2026-09-16T06:35:00Z,2026-09-16T02:35:00-04:00,2026-09-16,02:35,3274,Safari Off-Road Adventure,Kids' Rides,false,0
2026-09-16T06:35:00Z,2026-09-16T02:35:00-04:00,2026-09-16,02:35,3283,Saw Mill Log Flume,Kids' Rides,false,0
2026-09-16T06:35:00Z,2026-09-16T02:35:00-04:00,2026-09-16,02:35,3281,Sky Zooma,Kids' Rides,false,0
2026-09-16T06:35:00Z,2026-09-16T02:35:00-04:00,2026-09-16,02:35,15789,Storm Chaser,Kids' Rides,false,0
2026-09-16T06:35:00Z,2026-09-16T02:35:00-04:00,2026-09-16,02:35,3267,Super Round Up,Kids' Rides,false,0
2026-09-16T06:35:00Z,2026-09-16T02:35:00-04:00,2026-09-16,02:35,15594,Tree Top Hopper,Kids' Rides,false,0
2026-09-16T06:35:00Z,2026-09-16T02:35:00-04:00,2026-09-16,02:35,3233,BATMAN™ The Ride,Thrill Rides,false,0
2026-09-16T06:35:00Z,2026-09-16T02:35:00-04:00,2026-09-16,02:35,3243,El Toro,Thrill Rides,false,0
2026-09-16T06:35:00Z,2026-09-16T02:35:00-04:00,2026-09-16,02:35,8539,Jersey Devil Coaster,Thrill Rides,false,0
2026-09-16T06:35:00Z,2026-09-16T02:35:00-04:00,2026-09-16,02:35,3916,JUSTICE LEAGUE™: Battle for METROPOLIS,Thrill Rides,false,0
2026-09-16T06:35:00Z,2026-09-16T02:35:00-04:00,2026-09-16,02:35,10533,Medusa,Thrill Rides,false,0
2026-09-16T06:35:00Z,2026-09-16T02:35:00-04:00,2026-09-16,02:35,3253,Nitro,Thrill Rides,false,0
2026-09-16T06:35:00Z,2026-09-16T02:35:00-04:00,2026-09-16,02:35,3261,Runaway Train,Thrill Rides,false,0
2026-09-16T06:35:00Z,2026-09-16T02:35:00-04:00,2026-09-16,02:35,3262,Skull Mountain,Thrill Rides,false,0
2026-09-16T06:35:00Z,2026-09-16T02:35:00-04:00,2026-09-16,02:35,3263,SkyScreamer,Thrill Rides,false,0
2026-09-16T06:35:00Z,2026-09-16T02:35:00-04:00,2026-09-16,02:35,3282,Slingshot,Thrill Rides,false,0
2026-09-16T06:35:00Z,2026-09-16T02:35:00-04:00,2026-09-16,02:35,3266,SUPERMAN™: Ultimate Flight,Thrill Rides,false,0
2026-09-16T06:35:00Z,2026-09-16T02:35:00-04:00,2026-09-16,02:35,3271,THE DARK KNIGHT™ Coaster,Thrill Rides,false,0
2026-09-16T06:35:00Z,2026-09-16T02:35:00-04:00,2026-09-16,02:35,14537,THE FLASH™: Vertical Velocity,Thrill Rides,false,0
2026-09-16T06:35:00Z,2026-09-16T02:35:00-04:00,2026-09-16,02:35,3288,THE JOKER™,Thrill Rides,false,0
2026-09-16T06:35:00Z,2026-09-16T02:35:00-04:00,2026-09-16,02:35,3273,Wile E. Coyote Canyon Blaster,Thrill Rides,false,0
2026-09-16T06:35:00Z,2026-09-16T02:35:00-04:00,2026-09-16,02:35,6371,WONDER WOMAN™ Lasso of Truth,Thrill Rides,false,0
2026-09-16T06:40:00Z,2026-09-16T02:40:00-04:00,2026-09-16,02:40,3231,Air Jumbo,Family Rides,false,0
2026-09-16T06:40:00Z,2026-09-16T02:40:00-04:00,2026-09-16,02:40,17425,Barrels O’ Fun,Family Rides,false,0
2026-09-16T06:40:00Z,2026-09-16T02:40:00-04:00,2026-09-16,02:40,3270,Buccaneer,Family Rides,false,0
2026-09-16T06:40:00Z,2026-09-16T02:40:00-04:00,2026-09-16,02:40,3237,Carousel,Family Rides,false,0
2026-09-16T06:40:00Z,2026-09-16T02:40:00-04:00,2026-09-16,02:40,3244,Enchanted Teacups,Family Rides,false,0
2026-09-16T06:40:00Z,2026-09-16T02:40:00-04:00,2026-09-16,02:40,3245,Fender Benders,Family Rides,false,0
2026-09-16T06:40:00Z,2026-09-16T02:40:00-04:00,2026-09-16,02:40,17426,Flying Scooters,Family Rides,false,0
2026-09-16T06:40:00Z,2026-09-16T02:40:00-04:00,2026-09-16,02:40,15604,Giant Wheel,Family Rides,false,0
2026-09-16T06:40:00Z,2026-09-16T02:40:00-04:00,2026-09-16,02:40,3236,HARLEY QUINN™ Crazy Train,Family Rides,false,0
2026-09-16T06:40:00Z,2026-09-16T02:40:00-04:00,2026-09-16,02:40,3249,Houdini’s Great Escape,Family Rides,false,0
2026-09-16T06:40:00Z,2026-09-16T02:40:00-04:00,2026-09-16,02:40,17427,Hypno Twister,Family Rides,false,0
2026-09-16T06:40:00Z,2026-09-16T02:40:00-04:00,2026-09-16,02:40,3250,Jolly Roger,Family Rides,false,0
2026-09-16T06:40:00Z,2026-09-16T02:40:00-04:00,2026-09-16,02:40,15829,Roaring Rapids,Family Rides,false,0
2026-09-16T06:40:00Z,2026-09-16T02:40:00-04:00,2026-09-16,02:40,15727,Scrambler,Family Rides,false,0
2026-09-16T06:40:00Z,2026-09-16T02:40:00-04:00,2026-09-16,02:40,3268,Tango,Family Rides,false,0
2026-09-16T06:40:00Z,2026-09-16T02:40:00-04:00,2026-09-16,02:40,17428,Wave Swinger,Family Rides,false,0
2026-09-16T06:40:00Z,2026-09-16T02:40:00-04:00,2026-09-16,02:40,3232,Air Safari,Kids' Rides,false,0
2026-09-16T06:40:00Z,2026-09-16T02:40:00-04:00,2026-09-16,02:40,10461,Barnstormer,Kids' Rides,false,0
2026-09-16T06:40:00Z,2026-09-16T02:40:00-04:00,2026-09-16,02:40,3275,Bugaboo,Kids' Rides,false,0
2026-09-16T06:40:00Z,2026-09-16T02:40:00-04:00,2026-09-16,02:40,3277,Bugs Bunny Camp Carousel,Kids' Rides,false,0
2026-09-16T06:40:00Z,2026-09-16T02:40:00-04:00,2026-09-16,02:40,3279,Bugs Bunny Ranger Pilots,Kids' Rides,false,0
2026-09-16T06:40:00Z,2026-09-16T02:40:00-04:00,2026-09-16,02:40,3240,Daffy Duck Hot Air Balloons,Kids' Rides,false,0
2026-09-16T06:40:00Z,2026-09-16T02:40:00-04:00,2026-09-16,02:40,10077,Lil' Devil Coaster,Kids' Rides,false,0
2026-09-16T06:40:00Z,2026-09-16T02:40:00-04:00,2026-09-16,02:40,15617,Porky Pig Camp Wagons,Kids' Rides,false,0
2026-09-16T06:40:00Z,2026-09-16T02:40:00-04:00,2026-09-16,02:40,3257,Raja’s Rickshaws,Kids' Rides,false,0
2026-09-16T06:40:00Z,2026-09-16T02:40:00-04:00,2026-09-16,02:40,3274,Safari Off-Road Adventure,Kids' Rides,false,0
2026-09-16T06:40:00Z,2026-09-16T02:40:00-04:00,2026-09-16,02:40,3283,Saw Mill Log Flume,Kids' Rides,false,0
2026-09-16T06:40:00Z,2026-09-16T02:40:00-04:00,2026-09-16,02:40,3281,Sky Zooma,Kids' Rides,false,0
2026-09-16T06:40:00Z,2026-09-16T02:40:00-04:00,2026-09-16,02:40,15789,Storm Chaser,Kids' Rides,false,0
2026-09-16T06:40:00Z,2026-09-16T02:40:00-04:00,2026-09-16,02:40,3267,Super Round Up,Kids' Rides,false,0
2026-09-16T06:40:00Z,2026-09-16T02:40:00-04:00,2026-09-16,02:40,15594,Tree Top Hopper,Kids' Rides,false,0
2026-09-16T06:40:00Z,2026-09-16T02:40:00-04:00,2026-09-16,02:40,3233,BATMAN™ The Ride,Thrill Rides,false,0
2026-09-16T06:40:00Z,2026-09-16T02:40:00-04:00,2026-09-16,02:40,3243,El Toro,Thrill Rides,false,0
2026-09-16T06:40:00Z,2026-09-16T02:40:00-04:00,2026-09-16,02:40,8539,Jersey Devil Coaster,Thrill Rides,false,0
2026-09-16T06:40:00Z,2026-09-16T02:40:00-04:00,2026-09-16,02:40,3916,JUSTICE LEAGUE™: Battle for METROPOLIS,Thrill Rides,false,0
2026-09-16T06:40:00Z,2026-09-16T02:40:00-04:00,2026-09-16,02:40,10533,Medusa,Thrill Rides,false,0
2026-09-16T06:40:00Z,2026-09-16T02:40:00-04:00,2026-09-16,02:40,3253,Nitro,Thrill Rides,false,0
2026-09-16T06:40:00Z,2026-09-16T02:40:00-04:00,2026-09-16,02:40,3261,Runaway Train,Thrill Rides,false,0
2026-09-16T06:40:00Z,2026-09-16T02:40:00-04:00,2026-09-16,02:40,3262,Skull Mountain,Thrill Rides,false,0
2026-09-16T06:40:00Z,2026-09-16T02:40:00-04:00,2026-09-16,02:40,3263,SkyScreamer,Thrill Rides,false,0
2026-09-16T06:40:00Z,2026-09-16T02:40:00-04:00,2026-09-16,02:40,3282,Slingshot,Thrill Rides,false,0
2026-09-16T06:40:00Z,2026-09-16T02:40:00-04:00,2026-09-16,02:40,3266,SUPERMAN™: Ultimate Flight,Thrill Rides,false,0
2026-09-16T06:40:00Z,2026-09-16T02:40:00-04:00,2026-09-16,02:40,3271,THE DARK KNIGHT™ Coaster,Thrill Rides,false,0
2026-09-16T06:40:00Z,2026-09-16T02:40:00-04:00,2026-09-16,02:40,14537,THE FLASH™: Vertical Velocity,Thrill Rides,false,0
2026-09-16T06:40:00Z,2026-09-16T02:40:00-04:00,2026-09-16,02:40,3288,THE JOKER™,Thrill Rides,false,0
2026-09-16T06:40:00Z,2026-09-16T02:40:00-04:00,2026-09-16,02:40,3273,Wile E. Coyote Canyon Blaster,Thrill Rides,false,0
2026-09-16T06:40:00Z,2026-09-16T02:40:00-04:00,2026-09-16,02:40,6371,WONDER WOMAN™ Lasso of Truth,Thrill Rides,false,0
2026-09-16T06:45:00Z,2026-09-16T02:45:00-04:00,2026-09-16,02:45,3231,Air Jumbo,Family Rides,false,0
2026-09-16T06:45:00Z,2026-09-16T02:45:00-04:00,2026-09-16,02:45,17425,Barrels O’ Fun,Family Rides,false,0
2026-09-16T06:45:00Z,2026-09-16T02:45:00-04:00,2026-09-16,02:45,3270,Buccaneer,Family Rides,false,0
2026-09-16T06:45:00Z,2026-09-16T02:45:00-04:00,2026-09-16,02:45,3237,Carousel,Family Rides,false,0
2026-09-16T06:45:00Z,2026-09-16T02:45:00-04:00,2026-09-16,02:45,3244,Enchanted Teacups,Family Rides,false,0
2026-09-16T06:45:00Z,2026-09-16T02:45:00-04:00,2026-09-16,02:45,3245,Fender Benders,Family Rides,false,0
2026-09-16T06:45:00Z,2026-09-16T02:45:00-04:00,2026-09-16,02:45,17426,Flying Scooters,Family Rides,false,0
2026-09-16T06:45:00Z,2026-09-16T02:45:00-04:00,2026-09-16,02:45,15604,Giant Wheel,Family Rides,false,0
2026-09-16T06:45:00Z,2026-09-16T02:45:00-04:00,2026-09-16,02:45,3236,HARLEY QUINN™ Crazy Train,Family Rides,false,0
2026-09-16T06:45:00Z,2026-09-16T02:45:00-04:00,2026-09-16,02:45,3249,Houdini’s Great Escape,Family Rides,false,0
2026-09-16T06:45:00Z,2026-09-16T02:45:00-04:00,2026-09-16,02:45,17427,Hypno Twister,Family Rides,false,0
2026-09-16T06:45:00Z,2026-09-16T02:45:00-04:00,2026-09-16,02:45,3250,Jolly Roger,Family Rides,false,0
2026-09-16T06:45:00Z,2026-09-16T02:45:00-04:00,2026-09-16,02:45,15829,Roaring Rapids,Family Rides,false,0
2026-09-16T06:45:00Z,2026-09-16T02:45:00-04:00,2026-09-16,02:45,15727,Scrambler,Family Rides,false,0
2026-09-16T06:45:00Z,2026-09-16T02:45:00-04:00,2026-09-16,02:45,3268,Tango,Family Rides,false,0
2026-09-16T06:45:00Z,2026-09-16T02:45:00-04:00,2026-09-16,02:45,17428,Wave Swinger,Family Rides,false,0
2026-09-16T06:45:00Z,2026-09-16T02:45:00-04:00,2026-09-16,02:45,3232,Air Safari,Kids' Rides,false,0
2026-09-16T06:45:00Z,2026-09-16T02:45:00-04:00,2026-09-16,02:45,10461,Barnstormer,Kids' Rides,false,0
2026-09-16T06:45:00Z,2026-09-16T02:45:00-04:00,2026-09-16,02:45,3275,Bugaboo,Kids' Rides,false,0
2026-09-16T06:45:00Z,2026-09-16T02:45:00-04:00,2026-09-16,02:45,3277,Bugs Bunny Camp Carousel,Kids' Rides,false,0
2026-09-16T06:45:00Z,2026-09-16T02:45:00-04:00,2026-09-16,02:45,3279,Bugs Bunny Ranger Pilots,Kids' Rides,false,0
2026-09-16T06:45:00Z,2026-09-16T02:45:00-04:00,2026-09-16,02:45,3240,Daffy Duck Hot Air Balloons,Kids' Rides,false,0
2026-09-16T06:45:00Z,2026-09-16T02:45:00-04:00,2026-09-16,02:45,10077,Lil' Devil Coaster,Kids' Rides,false,0
2026-09-16T06:45:00Z,2026-09-16T02:45:00-04:00,2026-09-16,02:45,15617,Porky Pig Camp Wagons,Kids' Rides,false,0
2026-09-16T06:45:00Z,2026-09-16T02:45:00-04:00,2026-09-16,02:45,3257,Raja’s Rickshaws,Kids' Rides,false,0
2026-09-16T06:45:00Z,2026-09-16T02:45:00-04:00,2026-09-16,02:45,3274,Safari Off-Road Adventure,Kids' Rides,false,0
2026-09-16T06:45:00Z,2026-09-16T02:45:00-04:00,2026-09-16,02:45,3283,Saw Mill Log Flume,Kids' Rides,false,0
2026-09-16T06:45:00Z,2026-09-16T02:45:00-04:00,2026-09-16,02:45,3281,Sky Zooma,Kids' Rides,false,0
2026-09-16T06:45:00Z,2026-09-16T02:45:00-04:00,2026-09-16,02:45,15789,Storm Chaser,Kids' Rides,false,0
2026-09-16T06:45:00Z,2026-09-16T02:45:00-04:00,2026-09-16,02:45,3267,Super Round Up,Kids' Rides,false,0
2026-09-16T06:45:00Z,2026-09-16T02:45:00-04:00,2026-09-16,02:45,15594,Tree Top Hopper,Kids' Rides,false,0
2026-09-16T06:45:00Z,2026-09-16T02:45:00-04:00,2026-09-16,02:45,3233,BATMAN™ The Ride,Thrill Rides,false,0
2026-09-16T06:45:00Z,2026-09-16T02:45:00-04:00,2026-09-16,02:45,3243,El Toro,Thrill Rides,false,0
2026-09-16T06:45:00Z,2026-09-16T02:45:00-04:00,2026-09-16,02:45,8539,Jersey Devil Coaster,Thrill Rides,false,0
2026-09-16T06:45:00Z,2026-09-16T02:45:00-04:00,2026-09-16,02:45,3916,JUSTICE LEAGUE™: Battle for METROPOLIS,Thrill Rides,false,0
2026-09-16T06:45:00Z,2026-09-16T02:45:00-04:00,2026-09-16,02:45,10533,Medusa,Thrill Rides,false,0
2026-09-16T06:45:00Z,2026-09-16T02:45:00-04:00,2026-09-16,02:45,3253,Nitro,Thrill Rides,false,0
2026-09-16T06:45:00Z,2026-09-16T02:45:00-04:00,2026-09-16,02:45,3261,Runaway Train,Thrill Rides,false,0
2026-09-16T06:45:00Z,2026-09-16T02:45:00-04:00,2026-09-16,02:45,3262,Skull Mountain,Thrill Rides,false,0
2026-09-16T06:45:00Z,2026-09-16T02:45:00-04:00,2026-09-16,02:45,3263,SkyScreamer,Thrill Rides,false,0
2026-09-16T06:45:00Z,2026-09-16T02:45:00-04:00,2026-09-16,02:45,3282,Slingshot,Thrill Rides,false,0
2026-09-16T06:45:00Z,2026-09-16T02:45:00-04:00,2026-09-16,02:45,3266,SUPERMAN™: Ultimate Flight,Thrill Rides,false,0
2026-09-16T06:45:00Z,2026-09-16T02:45:00-04:00,2026-09-16,02:45,3271,THE DARK KNIGHT™ Coaster,Thrill Rides,false,0
2026-09-16T06:45:00Z,2026-09-16T02:45:00-04:00,2026-09-16,02:45,14537,THE FLASH™: Vertical Velocity,Thrill Rides,false,0
2026-09-16T06:45:00Z,2026-09-16T02:45:00-04:00,2026-09-16,02:45,3288,THE JOKER™,Thrill Rides,false,0
2026-09-16T06:45:00Z,2026-09-16T02:45:00-04:00,2026-09-16,02:45,3273,Wile E. Coyote Canyon Blaster,Thrill Rides,false,0
2026-09-16T06:45:00Z,2026-09-16T02:45:00-04:00,2026-09-16,02:45,6371,WONDER WOMAN™ Lasso of Truth,Thrill Rides,false,0
2026-09-16T06:50:00Z,2026-09-16T02:50:00-04:00,2026-09-16,02:50,3231,Air Jumbo,Family Rides,false,0
2026-09-16T06:50:00Z,2026-09-16T02:50:00-04:00,2026-09-16,02:50,17425,Barrels O’ Fun,Family Rides,false,0
2026-09-16T06:50:00Z,2026-09-16T02:50:00-04:00,2026-09-16,02:50,3270,Buccaneer,Family Rides,false,0
2026-09-16T06:50:00Z,2026-09-16T02:50:00-04:00,2026-09-16,02:50,3237,Carousel,Family Rides,false,0
2026-09-16T06:50:00Z,2026-09-16T02:50:00-04:00,2026-09-16,02:50,3244,Enchanted Teacups,Family Rides,false,0
2026-09-16T06:50:00Z,2026-09-16T02:50:00-04:00,2026-09-16,02:50,3245,Fender Benders,Family Rides,false,0
2026-09-16T06:50:00Z,2026-09-16T02:50:00-04:00,2026-09-16,02:50,17426,Flying Scooters,Family Rides,false,0
2026-09-16T06:50:00Z,2026-09-16T02:50:00-04:00,2026-09-16,02:50,15604,Giant Wheel,Family Rides,false,0
2026-09-16T06:50:00Z,2026-09-16T02:50:00-04:00,2026-09-16,02:50,3236,HARLEY QUINN™ Crazy Train,Family Rides,false,0
2026-09-16T06:50:00Z,2026-09-16T02:50:00-04:00,2026-09-16,02:50,3249,Houdini’s Great Escape,Family Rides,false,0
2026-09-16T06:50:00Z,2026-09-16T02:50:00-04:00,2026-09-16,02:50,17427,Hypno Twister,Family Rides,false,0
2026-09-16T06:50:00Z,2026-09-16T02:50:00-04:00,2026-09-16,02:50,3250,Jolly Roger,Family Rides,false,0
2026-09-16T06:50:00Z,2026-09-16T02:50:00-04:00,2026-09-16,02:50,15829,Roaring Rapids,Family Rides,false,0
2026-09-16T06:50:00Z,2026-09-16T02:50:00-04:00,2026-09-16,02:50,15727,Scrambler,Family Rides,false,0
2026-09-16T06:50:00Z,2026-09-16T02:50:00-04:00,2026-09-16,02:50,3268,Tango,Family Rides,false,0
2026-09-16T06:50:00Z,2026-09-16T02:50:00-04:00,2026-09-16,02:50,17428,Wave Swinger,Family Rides,false,0
2026-09-16T06:50:00Z,2026-09-16T02:50:00-04:00,2026-09-16,02:50,3232,Air Safari,Kids' Rides,false,0
2026-09-16T06:50:00Z,2026-09-16T02:50:00-04:00,2026-09-16,02:50,10461,Barnstormer,Kids' Rides,false,0
2026-09-16T06:50:00Z,2026-09-16T02:50:00-04:00,2026-09-16,02:50,3275,Bugaboo,Kids' Rides,false,0
2026-09-16T06:50:00Z,2026-09-16T02:50:00-04:00,2026-09-16,02:50,3277,Bugs Bunny Camp Carousel,Kids' Rides,false,0
2026-09-16T06:50:00Z,2026-09-16T02:50:00-04:00,2026-09-16,02:50,3279,Bugs Bunny Ranger Pilots,Kids' Rides,false,0
2026-09-16T06:50:00Z,2026-09-16T02:50:00-04:00,2026-09-16,02:50,3240,Daffy Duck Hot Air Balloons,Kids' Rides,false,0
2026-09-16T06:50:00Z,2026-09-16T02:50:00-04:00,2026-09-16,02:50,10077,Lil' Devil Coaster,Kids' Rides,false,0
2026-09-16T06:50:00Z,2026-09-16T02:50:00-04:00,2026-09-16,02:50,15617,Porky Pig Camp Wagons,Kids' Rides,false,0
2026-09-16T06:50:00Z,2026-09-16T02:50:00-04:00,2026-09-16,02:50,3257,Raja’s Rickshaws,Kids' Rides,false,0
2026-09-16T06:50:00Z,2026-09-16T02:50:00-04:00,2026-09-16,02:50,3274,Safari Off-Road Adventure,Kids' Rides,false,0
2026-09-16T06:50:00Z,2026-09-16T02:50:00-04:00,2026-09-16,02:50,3283,Saw Mill Log Flume,Kids' Rides,false,0
2026-09-16T06:50:00Z,2026-09-16T02:50:00-04:00,2026-09-16,02:50,3281,Sky Zooma,Kids' Rides,false,0
2026-09-16T06:50:00Z,2026-09-16T02:50:00-04:00,2026-09-16,02:50,15789,Storm Chaser,Kids' Rides,false,0
2026-09-16T06:50:00Z,2026-09-16T02:50:00-04:00,2026-09-16,02:50,3267,Super Round Up,Kids' Rides,false,0
2026-09-16T06:50:00Z,2026-09-16T02:50:00-04:00,2026-09-16,02:50,15594,Tree Top Hopper,Kids' Rides,false,0
2026-09-16T06:50:00Z,2026-09-16T02:50:00-04:00,2026-09-16,02:50,3233,BATMAN™ The Ride,Thrill Rides,false,0
2026-09-16T06:50:00Z,2026-09-16T02:50:00-04:00,2026-09-16,02:50,3243,El Toro,Thrill Rides,false,0
2026-09-16T06:50:00Z,2026-09-16T02:50:00-04:00,2026-09-16,02:50,8539,Jersey Devil Coaster,Thrill Rides,false,0
2026-09-16T06:50:00Z,2026-09-16T02:50:00-04:00,2026-09-16,02:50,3916,JUSTICE LEAGUE™: Battle for METROPOLIS,Thrill Rides,false,0
2026-09-16T06:50:00Z,2026-09-16T02:50:00-04:00,2026-09-16,02:50,10533,Medusa,Thrill Rides,false,0
2026-09-16T06:50:00Z,2026-09-16T02:50:00-04:00,2026-09-16,02:50,3253,Nitro,Thrill Rides,false,0
2026-09-16T06:50:00Z,2026-09-16T02:50:00-04:00,2026-09-16,02:50,3261,Runaway Train,Thrill Rides,false,0
2026-09-16T06:50:00Z,2026-09-16T02:50:00-04:00,2026-09-16,02:50,3262,Skull Mountain,Thrill Rides,false,0
2026-09-16T06:50:00Z,2026-09-16T02:50:00-04:00,2026-09-16,02:50,3263,SkyScreamer,Thrill Rides,false,0
2026-09-16T06:50:00Z,2026-09-16T02:50:00-04:00,2026-09-16,02:50,3282,Slingshot,Thrill Rides,false,0
2026-09-16T06:50:00Z,2026-09-16T02:50:00-04:00,2026-09-16,02:50,3266,SUPERMAN™: Ultimate Flight,Thrill Rides,false,0
2026-09-16T06:50:00Z,2026-09-16T02:50:00-04:00,2026-09-16,02:50,3271,THE DARK KNIGHT™ Coaster,Thrill Rides,false,0
2026-09-16T06:50:00Z,2026-09-16T02:50:00-04:00,2026-09-16,02:50,14537,THE FLASH™: Vertical Velocity,Thrill Rides,false,0
2026-09-16T06:50:00Z,2026-09-16T02:50:00-04:00,2026-09-16,02:50,3288,THE JOKER™,Thrill Rides,false,0
2026-09-16T06:50:00Z,2026-09-16T02:50:00-04:00,2026-09-16,02:50,3273,Wile E. Coyote Canyon Blaster,Thrill Rides,false,0
2026-09-16T06:50:00Z,2026-09-16T02:50:00-04:00,2026-09-16,02:50,6371,WONDER WOMAN™ Lasso of Truth,Thrill Rides,false,0
2026-09-16T06:55:00Z,2026-09-16T02:55:00-04:00,2026-09-16,02:55,3231,Air Jumbo,Family Rides,false,0
2026-09-16T06:55:00Z,2026-09-16T02:55:00-04:00,2026-09-16,02:55,17425,Barrels O’ Fun,Family Rides,false,0
2026-09-16T06:55:00Z,2026-09-16T02:55:00-04:00,2026-09-16,02:55,3270,Buccaneer,Family Rides,false,0
2026-09-16T06:55:00Z,2026-09-16T02:55:00-04:00,2026-09-16,02:55,3237,Carousel,Family Rides,false,0
2026-09-16T06:55:00Z,2026-09-16T02:55:00-04:00,2026-09-16,02:55,3244,Enchanted Teacups,Family Rides,false,0
2026-09-16T06:55:00Z,2026-09-16T02:55:00-04:00,2026-09-16,02:55,3245,Fender Benders,Family Rides,false,0
2026-09-16T06:55:00Z,2026-09-16T02:55:00-04:00,2026-09-16,02:55,17426,Flying Scooters,Family Rides,false,0
2026-09-16T06:55:00Z,2026-09-16T02:55:00-04:00,2026-09-16,02:55,15604,Giant Wheel,Family Rides,false,0
2026-09-16T06:55:00Z,2026-09-16T02:55:00-04:00,2026-09-16,02:55,3236,HARLEY QUINN™ Crazy Train,Family Rides,false,0
2026-09-16T06:55:00Z,2026-09-16T02:55:00-04:00,2026-09-16,02:55,3249,Houdini’s Great Escape,Family Rides,false,0
2026-09-16T06:55:00Z,2026-09-16T02:55:00-04:00,2026-09-16,02:55,17427,Hypno Twister,Family Rides,false,0
2026-09-16T06:55:00Z,2026-09-16T02:55:00-04:00,2026-09-16,02:55,3250,Jolly Roger,Family Rides,false,0
2026-09-16T06:55:00Z,2026-09-16T02:55:00-04:00,2026-09-16,02:55,15829,Roaring Rapids,Family Rides,false,0
2026-09-16T06:55:00Z,2026-09-16T02:55:00-04:00,2026-09-16,02:55,15727,Scrambler,Family Rides,false,0
2026-09-16T06:55:00Z,2026-09-16T02:55:00-04:00,2026-09-16,02:55,3268,Tango,Family Rides,false,0
2026-09-16T06:55:00Z,2026-09-16T02:55:00-04:00,2026-09-16,02:55,17428,Wave Swinger,Family Rides,false,0
2026-09-16T06:55:00Z,2026-09-16T02:55:00-04:00,2026-09-16,02:55,3232,Air Safari,Kids' Rides,false,0
2026-09-16T06:55:00Z,2026-09-16T02:55:00-04:00,2026-09-16,02:55,10461,Barnstormer,Kids' Rides,false,0
2026-09-16T06:55:00Z,2026-09-16T02:55:00-04:00,2026-09-16,02:55,3275,Bugaboo,Kids' Rides,false,0
2026-09-16T06:55:00Z,2026-09-16T02:55:00-04:00,2026-09-16,02:55,3277,Bugs Bunny Camp Carousel,Kids' Rides,false,0
2026-09-16T06:55:00Z,2026-09-16T02:55:00-04:00,2026-09-16,02:55,3279,Bugs Bunny Ranger Pilots,Kids' Rides,false,0
2026-09-16T06:55:00Z,2026-09-16T02:55:00-04:00,2026-09-16,02:55,3240,Daffy Duck Hot Air Balloons,Kids' Rides,false,0
2026-09-16T06:55:00Z,2026-09-16T02:55:00-04:00,2026-09-16,02:55,10077,Lil' Devil Coaster,Kids' Rides,false,0
2026-09-16T06:55:00Z,2026-09-16T02:55:00-04:00,2026-09-16,02:55,15617,Porky Pig Camp Wagons,Kids' Rides,false,0
2026-09-16T06:55:00Z,2026-09-16T02:55:00-04:00,2026-09-16,02:55,3257,Raja’s Rickshaws,Kids' Rides,false,0
2026-09-16T06:55:00Z,2026-09-16T02:55:00-04:00,2026-09-16,02:55,3274,Safari Off-Road Adventure,Kids' Rides,false,0
2026-09-16T06:55:00Z,2026-09-16T02:55:00-04:00,2026-09-16,02:55,3283,Saw Mill Log Flume,Kids' Rides,false,0
2026-09-16T06:55:00Z,2026-09-16T02:55:00-04:00,2026-09-16,02:55,3281,Sky Zooma,Kids' Rides,false,0
2026-09-16T06:55:00Z,2026-09-16T02:55:00-04:00,2026-09-16,02:55,15789,Storm Chaser,Kids' Rides,false,0
2026-09-16T06:55:00Z,2026-09-16T02:55:00-04:00,2026-09-16,02:55,3267,Super Round Up,Kids' Rides,false,0
2026-09-16T06:55:00Z,2026-09-16T02:55:00-04:00,2026-09-16,02:55,15594,Tree Top Hopper,Kids' Rides,false,0
2026-09-16T06:55:00Z,2026-09-16T02:55:00-04:00,2026-09-16,02:55,3233,BATMAN™ The Ride,Thrill Rides,false,0
2026-09-16T06:55:00Z,2026-09-16T02:55:00-04:00,2026-09-16,02:55,3243,El Toro,Thrill Rides,false,0
2026-09-16T06:55:00Z,2026-09-16T02:55:00-04:00,2026-09-16,02:55,8539,Jersey Devil Coaster,Thrill Rides,false,0
2026-09-16T06:55:00Z,2026-09-16T02:55:00-04:00,2026-09-16,02:55,3916,JUSTICE LEAGUE™: Battle for METROPOLIS,Thrill Rides,false,0
2026-09-16T06:55:00Z,2026-09-16T02:55:00-04:00,2026-09-16,02:55,10533,Medusa,Thrill Rides,false,0
2026-09-16T06:55:00Z,2026-09-16T02:55:00-04:00,2026-09-16,02:55,3253,Nitro,Thrill Rides,false,0
2026-09-16T06:55:00Z,2026-09-16T02:55:00-04:00,2026-09-16,02:55,3261,Runaway Train,Thrill Rides,false,0
2026-09-16T06:55:00Z,2026-09-16T02:55:00-04:00,2026-09-16,02:55,3262,Skull Mountain,Thrill Rides,false,0
2026-09-16T06:55:00Z,2026-09-16T02:55:00-04:00,2026-09-16,02:55,3263,SkyScreamer,Thrill Rides,false,0
2026-09-16T06:55:00Z,2026-09-16T02:55:00-04:00,2026-09-16,02:55,3282,Slingshot,Thrill Rides,false,0
2026-09-16T06:55:00Z,2026-09-16T02:55:00-04:00,2026-09-16,02:55,3266,SUPERMAN™: Ultimate Flight,Thrill Rides,false,0
2026-09-16T06:55:00Z,2026-09-16T02:55:00-04:00,2026-09-16,02:55,3271,THE DARK KNIGHT™ Coaster,Thrill Rides,false,0
2026-09-16T06:55:00Z,2026-09-16T02:55:00-04:00,2026-09-16,02:55,14537,THE FLASH™: Vertical Velocity,Thrill Rides,false,0
2026-09-16T06:55:00Z,2026-09-16T02:55:00-04:00,2026-09-16,02:55,3288,THE JOKER™,Thrill Rides,false,0
2026-09-16T06:55:00Z,2026-09-16T02:55:00-04:00,2026-09-16,02:55,3273,Wile E. Coyote Canyon Blaster,Thrill Rides,false,0
2026-09-16T06:55:00Z,2026-09-16T02:55:00-04:00,2026-09-16,02:55,6371,WONDER WOMAN™ Lasso of Truth,Thrill Rides,false,0
2026-09-16T07:00:00Z,2026-09-16T03:00:00-04:00,2026-09-16,03:00,3231,Air Jumbo,Family Rides,false,0
2026-09-16T07:00:00Z,2026-09-16T03:00:00-04:00,2026-09-16,03:00,17425,Barrels O’ Fun,Family Rides,false,0
2026-09-16T07:00:00Z,2026-09-16T03:00:00-04:00,2026-09-16,03:00,3270,Buccaneer,Family Rides,false,0
2026-09-16T07:00:00Z,2026-09-16T03:00:00-04:00,2026-09-16,03:00,3237,Carousel,Family Rides,false,0
2026-09-16T07:00:00Z,2026-09-16T03:00:00-04:00,2026-09-16,03:00,3244,Enchanted Teacups,Family Rides,false,0
2026-09-16T07:00:00Z,2026-09-16T03:00:00-04:00,2026-09-16,03:00,3245,Fender Benders,Family Rides,false,0
2026-09-16T07:00:00Z,2026-09-16T03:00:00-04:00,2026-09-16,03:00,17426,Flying Scooters,Family Rides,false,0
2026-09-16T07:00:00Z,2026-09-16T03:00:00-04:00,2026-09-16,03:00,15604,Giant Wheel,Family Rides,false,0
2026-09-16T07:00:00Z,2026-09-16T03:00:00-04:00,2026-09-16,03:00,3236,HARLEY QUINN™ Crazy Train,Family Rides,false,0
2026-09-16T07:00:00Z,2026-09-16T03:00:00-04:00,2026-09-16,03:00,3249,Houdini’s Great Escape,Family Rides,false,0
2026-09-16T07:00:00Z,2026-09-16T03:00:00-04:00,2026-09-16,03:00,17427,Hypno Twister,Family Rides,false,0
2026-09-16T07:00:00Z,2026-09-16T03:00:00-04:00,2026-09-16,03:00,3250,Jolly Roger,Family Rides,false,0
2026-09-16T07:00:00Z,2026-09-16T03:00:00-04:00,2026-09-16,03:00,15829,Roaring Rapids,Family Rides,false,0
2026-09-16T07:00:00Z,2026-09-16T03:00:00-04:00,2026-09-16,03:00,15727,Scrambler,Family Rides,false,0
2026-09-16T07:00:00Z,2026-09-16T03:00:00-04:00,2026-09-16,03:00,3268,Tango,Family Rides,false,0
2026-09-16T07:00:00Z,2026-09-16T03:00:00-04:00,2026-09-16,03:00,17428,Wave Swinger,Family Rides,false,0
2026-09-16T07:00:00Z,2026-09-16T03:00:00-04:00,2026-09-16,03:00,3232,Air Safari,Kids' Rides,false,0
2026-09-16T07:00:00Z,2026-09-16T03:00:00-04:00,2026-09-16,03:00,10461,Barnstormer,Kids' Rides,false,0
2026-09-16T07:00:00Z,2026-09-16T03:00:00-04:00,2026-09-16,03:00,3275,Bugaboo,Kids' Rides,false,0
2026-09-16T07:00:00Z,2026-09-16T03:00:00-04:00,2026-09-16,03:00,3277,Bugs Bunny Camp Carousel,Kids' Rides,false,0
2026-09-16T07:00:00Z,2026-09-16T03:00:00-04:00,2026-09-16,03:00,3279,Bugs Bunny Ranger Pilots,Kids' Rides,false,0
2026-09-16T07:00:00Z,2026-09-16T03:00:00-04:00,2026-09-16,03:00,3240,Daffy Duck Hot Air Balloons,Kids' Rides,false,0
2026-09-16T07:00:00Z,2026-09-16T03:00:00-04:00,2026-09-16,03:00,10077,Lil' Devil Coaster,Kids' Rides,false,0
2026-09-16T07:00:00Z,2026-09-16T03:00:00-04:00,2026-09-16,03:00,15617,Porky Pig Camp Wagons,Kids' Rides,false,0
2026-09-16T07:00:00Z,2026-09-16T03:00:00-04:00,2026-09-16,03:00,3257,Raja’s Rickshaws,Kids' Rides,false,0
2026-09-16T07:00:00Z,2026-09-16T03:00:00-04:00,2026-09-16,03:00,3274,Safari Off-Road Adventure,Kids' Rides,false,0
2026-09-16T07:00:00Z,2026-09-16T03:00:00-04:00,2026-09-16,03:00,3283,Saw Mill Log Flume,Kids' Rides,false,0
2026-09-16T07:00:00Z,2026-09-16T03:00:00-04:00,2026-09-16,03:00,3281,Sky Zooma,Kids' Rides,false,0
2026-09-16T07:00:00Z,2026-09-16T03:00:00-04:00,2026-09-16,03:00,15789,Storm Chaser,Kids' Rides,false,0
2026-09-16T07:00:00Z,2026-09-16T03:00:00-04:00,2026-09-16,03:00,3267,Super Round Up,Kids' Rides,false,0
2026-09-16T07:00:00Z,2026-09-16T03:00:00-04:00,2026-09-16,03:00,15594,Tree Top Hopper,Kids' Rides,false,0
2026-09-16T07:00:00Z,2026-09-16T03:00:00-04:00,2026-09-16,03:00,3233,BATMAN™ The Ride,Thrill Rides,false,0
2026-09-16T07:00:00Z,2026-09-16T03:00:00-04:00,2026-09-16,03:00,3243,El Toro,Thrill Rides,false,0
2026-09-16T07:00:00Z,2026-09-16T03:00:00-04:00,2026-09-16,03:00,8539,Jersey Devil Coaster,Thrill Rides,false,0
2026-09-16T07:00:00Z,2026-09-16T03:00:00-04:00,2026-09-16,03:00,3916,JUSTICE LEAGUE™: Battle for METROPOLIS,Thrill Rides,false,0
2026-09-16T07:00:00Z,2026-09-16T03:00:00-04:00,2026-09-16,03:00,10533,Medusa,Thrill Rides,false,0
2026-09-16T07:00:00Z,2026-09-16T03:00:00-04:00,2026-09-16,03:00,3253,Nitro,Thrill Rides,false,0
2026-09-16T07:00:00Z,2026-09-16T03:00:00-04:00,2026-09-16,03:00,3261,Runaway Train,Thrill Rides,false,0
2026-09-16T07:00:00Z,2026-09-16T03:00:00-04:00,2026-09-16,03:00,3262,Skull Mountain,Thrill Rides,false,0
2026-09-16T07:00:00Z,2026-09-16T03:00:00-04:00,2026-09-16,03:00,3263,SkyScreamer,Thrill Rides,false,0
2026-09-16T07:00:00Z,2026-09-16T03:00:00-04:00,2026-09-16,03:00,3282,Slingshot,Thrill Rides,false,0
2026-09-16T07:00:00Z,2026-09-16T03:00:00-04:00,2026-09-16,03:00,3266,SUPERMAN™: Ultimate Flight,Thrill Rides,false,0
2026-09-16T07:00:00Z,2026-09-16T03:00:00-04:00,2026-09-16,03:00,3271,THE DARK KNIGHT™ Coaster,Thrill Rides,false,0
2026-09-16T07:00:00Z,2026-09-16T03:00:00-04:00,2026-09-16,03:00,14537,THE FLASH™: Vertical Velocity,Thrill Rides,false,0
2026-09-16T07:00:00Z,2026-09-16T03:00:00-04:00,2026-09-16,03:00,3288,THE JOKER™,Thrill Rides,false,0
2026-09-16T07:00:00Z,2026-09-16T03:00:00-04:00,2026-09-16,03:00,3273,Wile E. Coyote Canyon Blaster,Thrill Rides,false,0
2026-09-16T07:00:00Z,2026-09-16T03:00:00-04:00,2026-09-16,03:00,6371,WONDER WOMAN™ Lasso of Truth,Thrill Rides,false,0
2026-09-16T07:05:00Z,2026-09-16T03:05:00-04:00,2026-09-16,03:05,3231,Air Jumbo,Family Rides,false,0
2026-09-16T07:05:00Z,2026-09-16T03:05:00-04:00,2026-09-16,03:05,17425,Barrels O’ Fun,Family Rides,false,0
2026-09-16T07:05:00Z,2026-09-16T03:05:00-04:00,2026-09-16,03:05,3270,Buccaneer,Family Rides,false,0
2026-09-16T07:05:00Z,2026-09-16T03:05:00-04:00,2026-09-16,03:05,3237,Carousel,Family Rides,false,0
2026-09-16T07:05:00Z,2026-09-16T03:05:00-04:00,2026-09-16,03:05,3244,Enchanted Teacups,Family Rides,false,0
2026-09-16T07:05:00Z,2026-09-16T03:05:00-04:00,2026-09-16,03:05,3245,Fender Benders,Family Rides,false,0
2026-09-16T07:05:00Z,2026-09-16T03:05:00-04:00,2026-09-16,03:05,17426,Flying Scooters,Family Rides,false,0
2026-09-16T07:05:00Z,2026-09-16T03:05:00-04:00,2026-09-16,03:05,15604,Giant Wheel,Family Rides,false,0
2026-09-16T07:05:00Z,2026-09-16T03:05:00-04:00,2026-09-16,03:05,3236,HARLEY QUINN™ Crazy Train,Family Rides,false,0
2026-09-16T07:05:00Z,2026-09-16T03:05:00-04:00,2026-09-16,03:05,3249,Houdini’s Great Escape,Family Rides,false,0
2026-09-16T07:05:00Z,2026-09-16T03:05:00-04:00,2026-09-16,03:05,17427,Hypno Twister,Family Rides,false,0
2026-09-16T07:05:00Z,2026-09-16T03:05:00-04:00,2026-09-16,03:05,3250,Jolly Roger,Family Rides,false,0
2026-09-16T07:05:00Z,2026-09-16T03:05:00-04:00,2026-09-16,03:05,15829,Roaring Rapids,Family Rides,false,0
2026-09-16T07:05:00Z,2026-09-16T03:05:00-04:00,2026-09-16,03:05,15727,Scrambler,Family Rides,false,0
2026-09-16T07:05:00Z,2026-09-16T03:05:00-04:00,2026-09-16,03:05,3268,Tango,Family Rides,false,0
2026-09-16T07:05:00Z,2026-09-16T03:05:00-04:00,2026-09-16,03:05,17428,Wave Swinger,Family Rides,false,0
2026-09-16T07:05:00Z,2026-09-16T03:05:00-04:00,2026-09-16,03:05,3232,Air Safari,Kids' Rides,false,0
2026-09-16T07:05:00Z,2026-09-16T03:05:00-04:00,2026-09-16,03:05,10461,Barnstormer,Kids' Rides,false,0
2026-09-16T07:05:00Z,2026-09-16T03:05:00-04:00,2026-09-16,03:05,3275,Bugaboo,Kids' Rides,false,0
2026-09-16T07:05:00Z,2026-09-16T03:05:00-04:00,2026-09-16,03:05,3277,Bugs Bunny Camp Carousel,Kids' Rides,false,0
2026-09-16T07:05:00Z,2026-09-16T03:05:00-04:00,2026-09-16,03:05,3279,Bugs Bunny Ranger Pilots,Kids' Rides,false,0
2026-09-16T07:05:00Z,2026-09-16T03:05:00-04:00,2026-09-16,03:05,3240,Daffy Duck Hot Air Balloons,Kids' Rides,false,0
2026-09-16T07:05:00Z,2026-09-16T03:05:00-04:00,2026-09-16,03:05,10077,Lil' Devil Coaster,Kids' Rides,false,0
2026-09-16T07:05:00Z,2026-09-16T03:05:00-04:00,2026-09-16,03:05,15617,Porky Pig Camp Wagons,Kids' Rides,false,0
2026-09-16T07:05:00Z,2026-09-16T03:05:00-04:00,2026-09-16,03:05,3257,Raja’s Rickshaws,Kids' Rides,false,0
2026-09-16T07:05:00Z,2026-09-16T03:05:00-04:00,2026-09-16,03:05,3274,Safari Off-Road Adventure,Kids' Rides,false,0
2026-09-16T07:05:00Z,2026-09-16T03:05:00-04:00,2026-09-16,03:05,3283,Saw Mill Log Flume,Kids' Rides,false,0
2026-09-16T07:05:00Z,2026-09-16T03:05:00-04:00,2026-09-16,03:05,3281,Sky Zooma,Kids' Rides,false,0
2026-09-16T07:05:00Z,2026-09-16T03:05:00-04:00,2026-09-16,03:05,15789,Storm Chaser,Kids' Rides,false,0
2026-09-16T07:05:00Z,2026-09-16T03:05:00-04:00,2026-09-16,03:05,3267,Super Round Up,Kids' Rides,false,0
2026-09-16T07:05:00Z,2026-09-16T03:05:00-04:00,2026-09-16,03:05,15594,Tree Top Hopper,Kids' Rides,false,0
2026-09-16T07:05:00Z,2026-09-16T03:05:00-04:00,2026-09-16,03:05,3233,BATMAN™ The Ride,Thrill Rides,false,0
2026-09-16T07:05:00Z,2026-09-16T03:05:00-04:00,2026-09-16,03:05,3243,El Toro,Thrill Rides,false,0
2026-09-16T07:05:00Z,2026-09-16T03:05:00-04:00,2026-09-16,03:05,8539,Jersey Devil Coaster,Thrill Rides,false,0
2026-09-16T07:05:00Z,2026-09-16T03:05:00-04:00,2026-09-16,03:05,3916,JUSTICE LEAGUE™: Battle for METROPOLIS,Thrill Rides,false,0
2026-09-16T07:05:00Z,2026-09-16T03:05:00-04:00,2026-09-16,03:05,10533,Medusa,Thrill Rides,false,0
2026-09-16T07:05:00Z,2026-09-16T03:05:00-04:00,2026-09-16,03:05,3253,Nitro,Thrill Rides,false,0
2026-09-16T07:05:00Z,2026-09-16T03:05:00-04:00,2026-09-16,03:05,3261,Runaway Train,Thrill Rides,false,0
2026-09-16T07:05:00Z,2026-09-16T03:05:00-04:00,2026-09-16,03:05,3262,Skull Mountain,Thrill Rides,false,0
2026-09-16T07:05:00Z,2026-09-16T03:05:00-04:00,2026-09-16,03:05,3263,SkyScreamer,Thrill Rides,false,0
2026-09-16T07:05:00Z,2026-09-16T03:05:00-04:00,2026-09-16,03:05,3282,Slingshot,Thrill Rides,false,0
2026-09-16T07:05:00Z,2026-09-16T03:05:00-04:00,2026-09-16,03:05,3266,SUPERMAN™: Ultimate Flight,Thrill Rides,false,0
2026-09-16T07:05:00Z,2026-09-16T03:05:00-04:00,2026-09-16,03:05,3271,THE DARK KNIGHT™ Coaster,Thrill Rides,false,0
2026-09-16T07:05:00Z,2026-09-16T03:05:00-04:00,2026-09-16,03:05,14537,THE FLASH™: Vertical Velocity,Thrill Rides,false,0
2026-09-16T07:05:00Z,2026-09-16T03:05:00-04:00,2026-09-16,03:05,3288,THE JOKER™,Thrill Rides,false,0
2026-09-16T07:05:00Z,2026-09-16T03:05:00-04:00,2026-09-16,03:05,3273,Wile E. Coyote Canyon Blaster,Thrill Rides,false,0
2026-09-16T07:05:00Z,2026-09-16T03:05:00-04:00,2026-09-16,03:05,6371,WONDER WOMAN™ Lasso of Truth,Thrill Rides,false,0
2026-09-16T07:10:00Z,2026-09-16T03:10:00-04:00,2026-09-16,03:10,3231,Air Jumbo,Family Rides,false,0
2026-09-16T07:10:00Z,2026-09-16T03:10:00-04:00,2026-09-16,03:10,17425,Barrels O’ Fun,Family Rides,false,0
2026-09-16T07:10:00Z,2026-09-16T03:10:00-04:00,2026-09-16,03:10,3270,Buccaneer,Family Rides,false,0
2026-09-16T07:10:00Z,2026-09-16T03:10:00-04:00,2026-09-16,03:10,3237,Carousel,Family Rides,false,0
2026-09-16T07:10:00Z,2026-09-16T03:10:00-04:00,2026-09-16,03:10,3244,Enchanted Teacups,Family Rides,false,0
2026-09-16T07:10:00Z,2026-09-16T03:10:00-04:00,2026-09-16,03:10,3245,Fender Benders,Family Rides,false,0
2026-09-16T07:10:00Z,2026-09-16T03:10:00-04:00,2026-09-16,03:10,17426,Flying Scooters,Family Rides,false,0
2026-09-16T07:10:00Z,2026-09-16T03:10:00-04:00,2026-09-16,03:10,15604,Giant Wheel,Family Rides,false,0
2026-09-16T07:10:00Z,2026-09-16T03:10:00-04:00,2026-09-16,03:10,3236,HARLEY QUINN™ Crazy Train,Family Rides,false,0
2026-09-16T07:10:00Z,2026-09-16T03:10:00-04:00,2026-09-16,03:10,3249,Houdini’s Great Escape,Family Rides,false,0
2026-09-16T07:10:00Z,2026-09-16T03:10:00-04:00,2026-09-16,03:10,17427,Hypno Twister,Family Rides,false,0
2026-09-16T07:10:00Z,2026-09-16T03:10:00-04:00,2026-09-16,03:10,3250,Jolly Roger,Family Rides,false,0
2026-09-16T07:10:00Z,2026-09-16T03:10:00-04:00,2026-09-16,03:10,15829,Roaring Rapids,Family Rides,false,0
2026-09-16T07:10:00Z,2026-09-16T03:10:00-04:00,2026-09-16,03:10,15727,Scrambler,Family Rides,false,0
2026-09-16T07:10:00Z,2026-09-16T03:10:00-04:00,2026-09-16,03:10,3268,Tango,Family Rides,false,0
2026-09-16T07:10:00Z,2026-09-16T03:10:00-04:00,2026-09-16,03:10,17428,Wave Swinger,Family Rides,false,0
2026-09-16T07:10:00Z,2026-09-16T03:10:00-04:00,2026-09-16,03:10,3232,Air Safari,Kids' Rides,false,0
2026-09-16T07:10:00Z,2026-09-16T03:10:00-04:00,2026-09-16,03:10,10461,Barnstormer,Kids' Rides,false,0
2026-09-16T07:10:00Z,2026-09-16T03:10:00-04:00,2026-09-16,03:10,3275,Bugaboo,Kids' Rides,false,0
2026-09-16T07:10:00Z,2026-09-16T03:10:00-04:00,2026-09-16,03:10,3277,Bugs Bunny Camp Carousel,Kids' Rides,false,0
2026-09-16T07:10:00Z,2026-09-16T03:10:00-04:00,2026-09-16,03:10,3279,Bugs Bunny Ranger Pilots,Kids' Rides,false,0
2026-09-16T07:10:00Z,2026-09-16T03:10:00-04:00,2026-09-16,03:10,3240,Daffy Duck Hot Air Balloons,Kids' Rides,false,0
2026-09-16T07:10:00Z,2026-09-16T03:10:00-04:00,2026-09-16,03:10,10077,Lil' Devil Coaster,Kids' Rides,false,0
2026-09-16T07:10:00Z,2026-09-16T03:10:00-04:00,2026-09-16,03:10,15617,Porky Pig Camp Wagons,Kids' Rides,false,0
2026-09-16T07:10:00Z,2026-09-16T03:10:00-04:00,2026-09-16,03:10,3257,Raja’s Rickshaws,Kids' Rides,false,0
2026-09-16T07:10:00Z,2026-09-16T03:10:00-04:00,2026-09-16,03:10,3274,Safari Off-Road Adventure,Kids' Rides,false,0
2026-09-16T07:10:00Z,2026-09-16T03:10:00-04:00,2026-09-16,03:10,3283,Saw Mill Log Flume,Kids' Rides,false,0
2026-09-16T07:10:00Z,2026-09-16T03:10:00-04:00,2026-09-16,03:10,3281,Sky Zooma,Kids' Rides,false,0
2026-09-16T07:10:00Z,2026-09-16T03:10:00-04:00,2026-09-16,03:10,15789,Storm Chaser,Kids' Rides,false,0
2026-09-16T07:10:00Z,2026-09-16T03:10:00-04:00,2026-09-16,03:10,3267,Super Round Up,Kids' Rides,false,0
2026-09-16T07:10:00Z,2026-09-16T03:10:00-04:00,2026-09-16,03:10,15594,Tree Top Hopper,Kids' Rides,false,0
2026-09-16T07:10:00Z,2026-09-16T03:10:00-04:00,2026-09-16,03:10,3233,BATMAN™ The Ride,Thrill Rides,false,0
2026-09-16T07:10:00Z,2026-09-16T03:10:00-04:00,2026-09-16,03:10,3243,El Toro,Thrill Rides,false,0
2026-09-16T07:10:00Z,2026-09-16T03:10:00-04:00,2026-09-16,03:10,8539,Jersey Devil Coaster,Thrill Rides,false,0
2026-09-16T07:10:00Z,2026-09-16T03:10:00-04:00,2026-09-16,03:10,3916,JUSTICE LEAGUE™: Battle for METROPOLIS,Thrill Rides,false,0
2026-09-16T07:10:00Z,2026-09-16T03:10:00-04:00,2026-09-16,03:10,10533,Medusa,Thrill Rides,false,0
2026-09-16T07:10:00Z,2026-09-16T03:10:00-04:00,2026-09-16,03:10,3253,Nitro,Thrill Rides,false,0
2026-09-16T07:10:00Z,2026-09-16T03:10:00-04:00,2026-09-16,03:10,3261,Runaway Train,Thrill Rides,false,0
2026-09-16T07:10:00Z,2026-09-16T03:10:00-04:00,2026-09-16,03:10,3262,Skull Mountain,Thrill Rides,false,0
2026-09-16T07:10:00Z,2026-09-16T03:10:00-04:00,2026-09-16,03:10,3263,SkyScreamer,Thrill Rides,false,0
2026-09-16T07:10:00Z,2026-09-16T03:10:00-04:00,2026-09-16,03:10,3282,Slingshot,Thrill Rides,false,0
2026-09-16T07:10:00Z,2026-09-16T03:10:00-04:00,2026-09-16,03:10,3266,SUPERMAN™: Ultimate Flight,Thrill Rides,false,0
2026-09-16T07:10:00Z,2026-09-16T03:10:00-04:00,2026-09-16,03:10,3271,THE DARK KNIGHT™ Coaster,Thrill Rides,false,0
2026-09-16T07:10:00Z,2026-09-16T03:10:00-04:00,2026-09-16,03:10,14537,THE FLASH™: Vertical Velocity,Thrill Rides,false,0
2026-09-16T07:10:00Z,2026-09-16T03:10:00-04:00,2026-09-16,03:10,3288,THE JOKER™,Thrill Rides,false,0
2026-09-16T07:10:00Z,2026-09-16T03:10:00-04:00,2026-09-16,03:10,3273,Wile E. Coyote Canyon Blaster,Thrill Rides,false,0
2026-09-16T07:10:00Z,2026-09-16T03:10:00-04:00,2026-09-16,03:10,6371,WONDER WOMAN™ Lasso of Truth,Thrill Rides,false,0
2026-09-16T17:20:00Z,2026-09-16T13:20:00-04:00,2026-09-16,13:20,3231,Air Jumbo,Family Rides,false,0
2026-09-16T17:20:00Z,2026-09-16T13:20:00-04:00,2026-09-16,13:20,17425,Barrels O’ Fun,Family Rides,false,0
2026-09-16T17:20:00Z,2026-09-16T13:20:00-04:00,2026-09-16,13:20,3270,Buccaneer,Family Rides,false,0
2026-09-16T17:20:00Z,2026-09-16T13:20:00-04:00,2026-09-16,13:20,3237,Carousel,Family Rides,false,0
2026-09-16T17:20:00Z,2026-09-16T13:20:00-04:00,2026-09-16,13:20,3244,Enchanted Teacups,Family Rides,false,0
2026-09-16T17:20:00Z,2026-09-16T13:20:00-04:00,2026-09-16,13:20,3245,Fender Benders,Family Rides,false,0
2026-09-16T17:20:00Z,2026-09-16T13:20:00-04:00,2026-09-16,13:20,17426,Flying Scooters,Family Rides,false,0
2026-09-16T17:20:00Z,2026-09-16T13:20:00-04:00,2026-09-16,13:20,15604,Giant Wheel,Family Rides,false,0
2026-09-16T17:20:00Z,2026-09-16T13:20:00-04:00,2026-09-16,13:20,3236,HARLEY QUINN™ Crazy Train,Family Rides,false,0
2026-09-16T17:20:00Z,2026-09-16T13:20:00-04:00,2026-09-16,13:20,3249,Houdini’s Great Escape,Family Rides,false,0
2026-09-16T17:20:00Z,2026-09-16T13:20:00-04:00,2026-09-16,13:20,17427,Hypno Twister,Family Rides,false,0
2026-09-16T17:20:00Z,2026-09-16T13:20:00-04:00,2026-09-16,13:20,3250,Jolly Roger,Family Rides,false,0
2026-09-16T17:20:00Z,2026-09-16T13:20:00-04:00,2026-09-16,13:20,15829,Roaring Rapids,Family Rides,false,0
2026-09-16T17:20:00Z,2026-09-16T13:20:00-04:00,2026-09-16,13:20,15727,Scrambler,Family Rides,false,0
2026-09-16T17:20:00Z,2026-09-16T13:20:00-04:00,2026-09-16,13:20,3268,Tango,Family Rides,false,0
2026-09-16T17:20:00Z,2026-09-16T13:20:00-04:00,2026-09-16,13:20,17428,Wave Swinger,Family Rides,false,0
2026-09-16T17:20:00Z,2026-09-16T13:20:00-04:00,2026-09-16,13:20,3232,Air Safari,Kids' Rides,false,0
2026-09-16T17:20:00Z,2026-09-16T13:20:00-04:00,2026-09-16,13:20,10461,Barnstormer,Kids' Rides,false,0
2026-09-16T17:20:00Z,2026-09-16T13:20:00-04:00,2026-09-16,13:20,3275,Bugaboo,Kids' Rides,false,0
2026-09-16T17:20:00Z,2026-09-16T13:20:00-04:00,2026-09-16,13:20,3277,Bugs Bunny Camp Carousel,Kids' Rides,false,0
2026-09-16T17:20:00Z,2026-09-16T13:20:00-04:00,2026-09-16,13:20,3279,Bugs Bunny Ranger Pilots,Kids' Rides,false,0
2026-09-16T17:20:00Z,2026-09-16T13:20:00-04:00,2026-09-16,13:20,3240,Daffy Duck Hot Air Balloons,Kids' Rides,false,0
2026-09-16T17:20:00Z,2026-09-16T13:20:00-04:00,2026-09-16,13:20,10077,Lil' Devil Coaster,Kids' Rides,false,0
2026-09-16T17:20:00Z,2026-09-16T13:20:00-04:00,2026-09-16,13:20,15617,Porky Pig Camp Wagons,Kids' Rides,false,0
2026-09-16T17:20:00Z,2026-09-16T13:20:00-04:00,2026-09-16,13:20,3257,Raja’s Rickshaws,Kids' Rides,false,0
2026-09-16T17:20:00Z,2026-09-16T13:20:00-04:00,2026-09-16,13:20,3274,Safari Off-Road Adventure,Kids' Rides,false,0
2026-09-16T17:20:00Z,2026-09-16T13:20:00-04:00,2026-09-16,13:20,3283,Saw Mill Log Flume,Kids' Rides,false,0
2026-09-16T17:20:00Z,2026-09-16T13:20:00-04:00,2026-09-16,13:20,3281,Sky Zooma,Kids' Rides,false,0
2026-09-16T17:20:00Z,2026-09-16T13:20:00-04:00,2026-09-16,13:20,15789,Storm Chaser,Kids' Rides,false,0
2026-09-16T17:20:00Z,2026-09-16T13:20:00-04:00,2026-09-16,13:20,3267,Super Round Up,Kids' Rides,false,0
2026-09-16T17:20:00Z,2026-09-16T13:20:00-04:00,2026-09-16,13:20,15594,Tree Top Hopper,Kids' Rides,false,0
2026-09-16T17:20:00Z,2026-09-16T13:20:00-04:00,2026-09-16,13:20,3233,BATMAN™ The Ride,Thrill Rides,false,0
2026-09-16T17:20:00Z,2026-09-16T13:20:00-04:00,2026-09-16,13:20,3243,El Toro,Thrill Rides,false,0
2026-09-16T17:20:00Z,2026-09-16T13:20:00-04:00,2026-09-16,13:20,8539,Jersey Devil Coaster,Thrill Rides,false,0
2026-09-16T17:20:00Z,2026-09-16T13:20:00-04:00,2026-09-16,13:20,3916,JUSTICE LEAGUE™: Battle for METROPOLIS,Thrill Rides,false,0
2026-09-16T17:20:00Z,2026-09-16T13:20:00-04:00,2026-09-16,13:20,10533,Medusa,Thrill Rides,false,0
2026-09-16T17:20:00Z,2026-09-16T13:20:00-04:00,2026-09-16,13:20,3253,Nitro,Thrill Rides,false,0
2026-09-16T17:20:00Z,2026-09-16T13:20:00-04:00,2026-09-16,13:20,3261,Runaway Train,Thrill Rides,false,0
2026-09-16T17:20:00Z,2026-09-16T13:20:00-04:00,2026-09-16,13:20,3262,Skull Mountain,Thrill Rides,false,0
2026-09-16T17:20:00Z,2026-09-16T13:20:00-04:00,2026-09-16,13:20,3263,SkyScreamer,Thrill Rides,false,0
2026-09-16T17:20:00Z,2026-09-16T13:20:00-04:00,2026-09-16,13:20,3282,Slingshot,Thrill Rides,false,0
2026-09-16T17:20:00Z,2026-09-16T13:20:00-04:00,2026-09-16,13:20,3266,SUPERMAN™: Ultimate Flight,Thrill Rides,false,0
2026-09-16T17:20:00Z,2026-09-16T13:20:00-04:00,2026-09-16,13:20,3271,THE DARK KNIGHT™ Coaster,Thrill Rides,false,0
2026-09-16T17:20:00Z,2026-09-16T13:20:00-04:00,2026-09-16,13:20,14537,THE FLASH™: Vertical Velocity,Thrill Rides,false,0
2026-09-16T17:20:00Z,2026-09-16T13:20:00-04:00,2026-09-16,13:20,3288,THE JOKER™,Thrill Rides,false,0
2026-09-16T17:20:00Z,2026-09-16T13:20:00-04:00,2026-09-16,13:20,3273,Wile E. Coyote Canyon Blaster,Thrill Rides,false,0
2026-09-16T17:20:00Z,2026-09-16T13:20:00-04:00,2026-09-16,13:20,6371,WONDER WOMAN™ Lasso of Truth,Thrill Rides,false,0
2026-09-16T17:20:00Z,2026-09-16T13:20:00-04:00,2026-09-16,13:20,17721,Army of the Dead,,false,0
2026-09-16T17:20:00Z,2026-09-16T13:20:00-04:00,2026-09-16,13:20,17723,Asylum,,false,0
2026-09-16T17:20:00Z,2026-09-16T13:20:00-04:00,2026-09-16,13:20,17722,Big Top Terror,,false,0
2026-09-16T17:20:00Z,2026-09-16T13:20:00-04:00,2026-09-16,13:20,17724,The Conjuring Universe,,false,0
2026-09-16T17:20:00Z,2026-09-16T13:20:00-04:00,2026-09-16,13:20,17725,The Witch's Reflection,,false,0
2026-09-16T17:20:00Z,2026-09-16T13:20:00-04:00,2026-09-16,13:20,17720,Trick or Treatin' with Boo,,false,0
2026-09-16T17:25:00Z,2026-09-16T13:25:00-04:00,2026-09-16,13:25,3231,Air Jumbo,Family Rides,false,0
2026-09-16T17:25:00Z,2026-09-16T13:25:00-04:00,2026-09-16,13:25,17425,Barrels O’ Fun,Family Rides,false,0
2026-09-16T17:25:00Z,2026-09-16T13:25:00-04:00,2026-09-16,13:25,3270,Buccaneer,Family Rides,false,0
2026-09-16T17:25:00Z,2026-09-16T13:25:00-04:00,2026-09-16,13:25,3237,Carousel,Family Rides,false,0
2026-09-16T17:25:00Z,2026-09-16T13:25:00-04:00,2026-09-16,13:25,3244,Enchanted Teacups,Family Rides,false,0
2026-09-16T17:25:00Z,2026-09-16T13:25:00-04:00,2026-09-16,13:25,3245,Fender Benders,Family Rides,false,0
2026-09-16T17:25:00Z,2026-09-16T13:25:00-04:00,2026-09-16,13:25,17426,Flying Scooters,Family Rides,false,0
2026-09-16T17:25:00Z,2026-09-16T13:25:00-04:00,2026-09-16,13:25,15604,Giant Wheel,Family Rides,false,0
2026-09-16T17:25:00Z,2026-09-16T13:25:00-04:00,2026-09-16,13:25,3236,HARLEY QUINN™ Crazy Train,Family Rides,false,0
2026-09-16T17:25:00Z,2026-09-16T13:25:00-04:00,2026-09-16,13:25,3249,Houdini’s Great Escape,Family Rides,false,0
2026-09-16T17:25:00Z,2026-09-16T13:25:00-04:00,2026-09-16,13:25,17427,Hypno Twister,Family Rides,false,0
2026-09-16T17:25:00Z,2026-09-16T13:25:00-04:00,2026-09-16,13:25,3250,Jolly Roger,Family Rides,false,0
2026-09-16T17:25:00Z,2026-09-16T13:25:00-04:00,2026-09-16,13:25,15829,Roaring Rapids,Family Rides,false,0
2026-09-16T17:25:00Z,2026-09-16T13:25:00-04:00,2026-09-16,13:25,15727,Scrambler,Family Rides,false,0
2026-09-16T17:25:00Z,2026-09-16T13:25:00-04:00,2026-09-16,13:25,3268,Tango,Family Rides,false,0
2026-09-16T17:25:00Z,2026-09-16T13:25:00-04:00,2026-09-16,13:25,17428,Wave Swinger,Family Rides,false,0
2026-09-16T17:25:00Z,2026-09-16T13:25:00-04:00,2026-09-16,13:25,3232,Air Safari,Kids' Rides,false,0
2026-09-16T17:25:00Z,2026-09-16T13:25:00-04:00,2026-09-16,13:25,10461,Barnstormer,Kids' Rides,false,0
2026-09-16T17:25:00Z,2026-09-16T13:25:00-04:00,2026-09-16,13:25,3275,Bugaboo,Kids' Rides,false,0
2026-09-16T17:25:00Z,2026-09-16T13:25:00-04:00,2026-09-16,13:25,3277,Bugs Bunny Camp Carousel,Kids' Rides,false,0
2026-09-16T17:25:00Z,2026-09-16T13:25:00-04:00,2026-09-16,13:25,3279,Bugs Bunny Ranger Pilots,Kids' Rides,false,0
2026-09-16T17:25:00Z,2026-09-16T13:25:00-04:00,2026-09-16,13:25,3240,Daffy Duck Hot Air Balloons,Kids' Rides,false,0
2026-09-16T17:25:00Z,2026-09-16T13:25:00-04:00,2026-09-16,13:25,10077,Lil' Devil Coaster,Kids' Rides,false,0
2026-09-16T17:25:00Z,2026-09-16T13:25:00-04:00,2026-09-16,13:25,15617,Porky Pig Camp Wagons,Kids' Rides,false,0
2026-09-16T17:25:00Z,2026-09-16T13:25:00-04:00,2026-09-16,13:25,3257,Raja’s Rickshaws,Kids' Rides,false,0
2026-09-16T17:25:00Z,2026-09-16T13:25:00-04:00,2026-09-16,13:25,3274,Safari Off-Road Adventure,Kids' Rides,false,0
2026-09-16T17:25:00Z,2026-09-16T13:25:00-04:00,2026-09-16,13:25,3283,Saw Mill Log Flume,Kids' Rides,false,0
2026-09-16T17:25:00Z,2026-09-16T13:25:00-04:00,2026-09-16,13:25,3281,Sky Zooma,Kids' Rides,false,0
2026-09-16T17:25:00Z,2026-09-16T13:25:00-04:00,2026-09-16,13:25,15789,Storm Chaser,Kids' Rides,false,0
2026-09-16T17:25:00Z,2026-09-16T13:25:00-04:00,2026-09-16,13:25,3267,Super Round Up,Kids' Rides,false,0
2026-09-16T17:25:00Z,2026-09-16T13:25:00-04:00,2026-09-16,13:25,15594,Tree Top Hopper,Kids' Rides,false,0
2026-09-16T17:25:00Z,2026-09-16T13:25:00-04:00,2026-09-16,13:25,3233,BATMAN™ The Ride,Thrill Rides,false,0
2026-09-16T17:25:00Z,2026-09-16T13:25:00-04:00,2026-09-16,13:25,3243,El Toro,Thrill Rides,false,0
2026-09-16T17:25:00Z,2026-09-16T13:25:00-04:00,2026-09-16,13:25,8539,Jersey Devil Coaster,Thrill Rides,false,0
2026-09-16T17:25:00Z,2026-09-16T13:25:00-04:00,2026-09-16,13:25,3916,JUSTICE LEAGUE™: Battle for METROPOLIS,Thrill Rides,false,0
2026-09-16T17:25:00Z,2026-09-16T13:25:00-04:00,2026-09-16,13:25,10533,Medusa,Thrill Rides,false,0
2026-09-16T17:25:00Z,2026-09-16T13:25:00-04:00,2026-09-16,13:25,3253,Nitro,Thrill Rides,false,0
2026-09-16T17:25:00Z,2026-09-16T13:25:00-04:00,2026-09-16,13:25,3261,Runaway Train,Thrill Rides,false,0
2026-09-16T17:25:00Z,2026-09-16T13:25:00-04:00,2026-09-16,13:25,3262,Skull Mountain,Thrill Rides,false,0
2026-09-16T17:25:00Z,2026-09-16T13:25:00-04:00,2026-09-16,13:25,3263,SkyScreamer,Thrill Rides,false,0
2026-09-16T17:25:00Z,2026-09-16T13:25:00-04:00,2026-09-16,13:25,3282,Slingshot,Thrill Rides,false,0
2026-09-16T17:25:00Z,2026-09-16T13:25:00-04:00,2026-09-16,13:25,3266,SUPERMAN™: Ultimate Flight,Thrill Rides,false,0
2026-09-16T17:25:00Z,2026-09-16T13:25:00-04:00,2026-09-16,13:25,3271,THE DARK KNIGHT™ Coaster,Thrill Rides,false,0
2026-09-16T17:25:00Z,2026-09-16T13:25:00-04:00,2026-09-16,13:25,14537,THE FLASH™: Vertical Velocity,Thrill Rides,false,0
2026-09-16T17:25:00Z,2026-09-16T13:25:00-04:00,2026-09-16,13:25,3288,THE JOKER™,Thrill Rides,false,0
2026-09-16T17:25:00Z,2026-09-16T13:25:00-04:00,2026-09-16,13:25,3273,Wile E. Coyote Canyon Blaster,Thrill Rides,false,0
2026-09-16T17:25:00Z,2026-09-16T13:25:00-04:00,2026-09-16,13:25,6371,WONDER WOMAN™ Lasso of Truth,Thrill Rides,false,0
2026-09-16T17:25:00Z,2026-09-16T13:25:00-04:00,2026-09-16,13:25,17721,Army of the Dead,,false,0
2026-09-16T17:25:00Z,2026-09-16T13:25:00-04:00,2026-09-16,13:25,17723,Asylum,,false,0
2026-09-16T17:25:00Z,2026-09-16T13:25:00-04:00,2026-09-16,13:25,17722,Big Top Terror,,false,0
2026-09-16T17:25:00Z,2026-09-16T13:25:00-04:00,2026-09-16,13:25,17724,The Conjuring Universe,,false,0
2026-09-16T17:25:00Z,2026-09-16T13:25:00-04:00,2026-09-16,13:25,17725,The Witch's Reflection,,false,0
2026-09-16T17:25:00Z,2026-09-16T13:25:00-04:00,2026-09-16,13:25,17720,Trick or Treatin' with Boo,,false,0
2026-09-16T17:30:00Z,2026-09-16T13:30:00-04:00,2026-09-16,13:30,3231,Air Jumbo,Family Rides,false,0
2026-09-16T17:30:00Z,2026-09-16T13:30:00-04:00,2026-09-16,13:30,17425,Barrels O’ Fun,Family Rides,false,0
2026-09-16T17:30:00Z,2026-09-16T13:30:00-04:00,2026-09-16,13:30,3270,Buccaneer,Family Rides,false,0
2026-09-16T17:30:00Z,2026-09-16T13:30:00-04:00,2026-09-16,13:30,3237,Carousel,Family Rides,false,0
2026-09-16T17:30:00Z,2026-09-16T13:30:00-04:00,2026-09-16,13:30,3244,Enchanted Teacups,Family Rides,false,0
2026-09-16T17:30:00Z,2026-09-16T13:30:00-04:00,2026-09-16,13:30,3245,Fender Benders,Family Rides,false,0
2026-09-16T17:30:00Z,2026-09-16T13:30:00-04:00,2026-09-16,13:30,17426,Flying Scooters,Family Rides,false,0
2026-09-16T17:30:00Z,2026-09-16T13:30:00-04:00,2026-09-16,13:30,15604,Giant Wheel,Family Rides,false,0
2026-09-16T17:30:00Z,2026-09-16T13:30:00-04:00,2026-09-16,13:30,3236,HARLEY QUINN™ Crazy Train,Family Rides,false,0
2026-09-16T17:30:00Z,2026-09-16T13:30:00-04:00,2026-09-16,13:30,3249,Houdini’s Great Escape,Family Rides,false,0
2026-09-16T17:30:00Z,2026-09-16T13:30:00-04:00,2026-09-16,13:30,17427,Hypno Twister,Family Rides,false,0
2026-09-16T17:30:00Z,2026-09-16T13:30:00-04:00,2026-09-16,13:30,3250,Jolly Roger,Family Rides,false,0
2026-09-16T17:30:00Z,2026-09-16T13:30:00-04:00,2026-09-16,13:30,15829,Roaring Rapids,Family Rides,false,0
2026-09-16T17:30:00Z,2026-09-16T13:30:00-04:00,2026-09-16,13:30,15727,Scrambler,Family Rides,false,0
2026-09-16T17:30:00Z,2026-09-16T13:30:00-04:00,2026-09-16,13:30,3268,Tango,Family Rides,false,0
2026-09-16T17:30:00Z,2026-09-16T13:30:00-04:00,2026-09-16,13:30,17428,Wave Swinger,Family Rides,false,0
2026-09-16T17:30:00Z,2026-09-16T13:30:00-04:00,2026-09-16,13:30,3232,Air Safari,Kids' Rides,false,0
2026-09-16T17:30:00Z,2026-09-16T13:30:00-04:00,2026-09-16,13:30,10461,Barnstormer,Kids' Rides,false,0
2026-09-16T17:30:00Z,2026-09-16T13:30:00-04:00,2026-09-16,13:30,3275,Bugaboo,Kids' Rides,false,0
2026-09-16T17:30:00Z,2026-09-16T13:30:00-04:00,2026-09-16,13:30,3277,Bugs Bunny Camp Carousel,Kids' Rides,false,0
2026-09-16T17:30:00Z,2026-09-16T13:30:00-04:00,2026-09-16,13:30,3279,Bugs Bunny Ranger Pilots,Kids' Rides,false,0
2026-09-16T17:30:00Z,2026-09-16T13:30:00-04:00,2026-09-16,13:30,3240,Daffy Duck Hot Air Balloons,Kids' Rides,false,0
2026-09-16T17:30:00Z,2026-09-16T13:30:00-04:00,2026-09-16,13:30,10077,Lil' Devil Coaster,Kids' Rides,false,0
2026-09-16T17:30:00Z,2026-09-16T13:30:00-04:00,2026-09-16,13:30,15617,Porky Pig Camp Wagons,Kids' Rides,false,0
2026-09-16T17:30:00Z,2026-09-16T13:30:00-04:00,2026-09-16,13:30,3257,Raja’s Rickshaws,Kids' Rides,false,0
2026-09-16T17:30:00Z,2026-09-16T13:30:00-04:00,2026-09-16,13:30,3274,Safari Off-Road Adventure,Kids' Rides,false,0
2026-09-16T17:30:00Z,2026-09-16T13:30:00-04:00,2026-09-16,13:30,3283,Saw Mill Log Flume,Kids' Rides,false,0
2026-09-16T17:30:00Z,2026-09-16T13:30:00-04:00,2026-09-16,13:30,3281,Sky Zooma,Kids' Rides,false,0
2026-09-16T17:30:00Z,2026-09-16T13:30:00-04:00,2026-09-16,13:30,15789,Storm Chaser,Kids' Rides,false,0
2026-09-16T17:30:00Z,2026-09-16T13:30:00-04:00,2026-09-16,13:30,3267,Super Round Up,Kids' Rides,false,0
2026-09-16T17:30:00Z,2026-09-16T13:30:00-04:00,2026-09-16,13:30,15594,Tree Top Hopper,Kids' Rides,false,0
2026-09-16T17:30:00Z,2026-09-16T13:30:00-04:00,2026-09-16,13:30,3233,BATMAN™ The Ride,Thrill Rides,false,0
2026-09-16T17:30:00Z,2026-09-16T13:30:00-04:00,2026-09-16,13:30,3243,El Toro,Thrill Rides,false,0
2026-09-16T17:30:00Z,2026-09-16T13:30:00-04:00,2026-09-16,13:30,8539,Jersey Devil Coaster,Thrill Rides,false,0
2026-09-16T17:30:00Z,2026-09-16T13:30:00-04:00,2026-09-16,13:30,3916,JUSTICE LEAGUE™: Battle for METROPOLIS,Thrill Rides,false,0
2026-09-16T17:30:00Z,2026-09-16T13:30:00-04:00,2026-09-16,13:30,10533,Medusa,Thrill Rides,false,0
2026-09-16T17:30:00Z,2026-09-16T13:30:00-04:00,2026-09-16,13:30,3253,Nitro,Thrill Rides,false,0
2026-09-16T17:30:00Z,2026-09-16T13:30:00-04:00,2026-09-16,13:30,3261,Runaway Train,Thrill Rides,false,0
2026-09-16T17:30:00Z,2026-09-16T13:30:00-04:00,2026-09-16,13:30,3262,Skull Mountain,Thrill Rides,false,0
2026-09-16T17:30:00Z,2026-09-16T13:30:00-04:00,2026-09-16,13:30,3263,SkyScreamer,Thrill Rides,false,0
2026-09-16T17:30:00Z,2026-09-16T13:30:00-04:00,2026-09-16,13:30,3282,Slingshot,Thrill Rides,false,0
2026-09-16T17:30:00Z,2026-09-16T13:30:00-04:00,2026-09-16,13:30,3266,SUPERMAN™: Ultimate Flight,Thrill Rides,false,0
2026-09-16T17:30:00Z,2026-09-16T13:30:00-04:00,2026-09-16,13:30,3271,THE DARK KNIGHT™ Coaster,Thrill Rides,false,0
2026-09-16T17:30:00Z,2026-09-16T13:30:00-04:00,2026-09-16,13:30,14537,THE FLASH™: Vertical Velocity,Thrill Rides,false,0
2026-09-16T17:30:00Z,2026-09-16T13:30:00-04:00,2026-09-16,13:30,3288,THE JOKER™,Thrill Rides,false,0
2026-09-16T17:30:00Z,2026-09-16T13:30:00-04:00,2026-09-16,13:30,3273,Wile E. Coyote Canyon Blaster,Thrill Rides,false,0
2026-09-16T17:30:00Z,2026-09-16T13:30:00-04:00,2026-09-16,13:30,6371,WONDER WOMAN™ Lasso of Truth,Thrill Rides,false,0
2026-09-16T17:30:00Z,2026-09-16T13:30:00-04:00,2026-09-16,13:30,17721,Army of the Dead,,false,0
2026-09-16T17:30:00Z,2026-09-16T13:30:00-04:00,2026-09-16,13:30,17723,Asylum,,false,0
2026-09-16T17:30:00Z,2026-09-16T13:30:00-04:00,2026-09-16,13:30,17722,Big Top Terror,,false,0
2026-09-16T17:30:00Z,2026-09-16T13:30:00-04:00,2026-09-16,13:30,17724,The Conjuring Universe,,false,0
2026-09-16T17:30:00Z,2026-09-16T13:30:00-04:00,2026-09-16,13:30,17725,The Witch's Reflection,,false,0
2026-09-16T17:30:00Z,2026-09-16T13:30:00-04:00,2026-09-16,13:30,17720,Trick or Treatin' with Boo,,false,0
2026-09-16T17:35:00Z,2026-09-16T13:35:00-04:00,2026-09-16,13:35,3231,Air Jumbo,Family Rides,false,0
2026-09-16T17:35:00Z,2026-09-16T13:35:00-04:00,2026-09-16,13:35,17425,Barrels O’ Fun,Family Rides,false,0
2026-09-16T17:35:00Z,2026-09-16T13:35:00-04:00,2026-09-16,13:35,3270,Buccaneer,Family Rides,false,0
2026-09-16T17:35:00Z,2026-09-16T13:35:00-04:00,2026-09-16,13:35,3237,Carousel,Family Rides,false,0
2026-09-16T17:35:00Z,2026-09-16T13:35:00-04:00,2026-09-16,13:35,3244,Enchanted Teacups,Family Rides,false,0
2026-09-16T17:35:00Z,2026-09-16T13:35:00-04:00,2026-09-16,13:35,3245,Fender Benders,Family Rides,false,0
2026-09-16T17:35:00Z,2026-09-16T13:35:00-04:00,2026-09-16,13:35,17426,Flying Scooters,Family Rides,false,0
2026-09-16T17:35:00Z,2026-09-16T13:35:00-04:00,2026-09-16,13:35,15604,Giant Wheel,Family Rides,false,0
2026-09-16T17:35:00Z,2026-09-16T13:35:00-04:00,2026-09-16,13:35,3236,HARLEY QUINN™ Crazy Train,Family Rides,false,0
2026-09-16T17:35:00Z,2026-09-16T13:35:00-04:00,2026-09-16,13:35,3249,Houdini’s Great Escape,Family Rides,false,0
2026-09-16T17:35:00Z,2026-09-16T13:35:00-04:00,2026-09-16,13:35,17427,Hypno Twister,Family Rides,false,0
2026-09-16T17:35:00Z,2026-09-16T13:35:00-04:00,2026-09-16,13:35,3250,Jolly Roger,Family Rides,false,0
2026-09-16T17:35:00Z,2026-09-16T13:35:00-04:00,2026-09-16,13:35,15829,Roaring Rapids,Family Rides,false,0
2026-09-16T17:35:00Z,2026-09-16T13:35:00-04:00,2026-09-16,13:35,15727,Scrambler,Family Rides,false,0
2026-09-16T17:35:00Z,2026-09-16T13:35:00-04:00,2026-09-16,13:35,3268,Tango,Family Rides,false,0
2026-09-16T17:35:00Z,2026-09-16T13:35:00-04:00,2026-09-16,13:35,17428,Wave Swinger,Family Rides,false,0
2026-09-16T17:35:00Z,2026-09-16T13:35:00-04:00,2026-09-16,13:35,3232,Air Safari,Kids' Rides,false,0
2026-09-16T17:35:00Z,2026-09-16T13:35:00-04:00,2026-09-16,13:35,10461,Barnstormer,Kids' Rides,false,0
2026-09-16T17:35:00Z,2026-09-16T13:35:00-04:00,2026-09-16,13:35,3275,Bugaboo,Kids' Rides,false,0
2026-09-16T17:35:00Z,2026-09-16T13:35:00-04:00,2026-09-16,13:35,3277,Bugs Bunny Camp Carousel,Kids' Rides,false,0
2026-09-16T17:35:00Z,2026-09-16T13:35:00-04:00,2026-09-16,13:35,3279,Bugs Bunny Ranger Pilots,Kids' Rides,false,0
2026-09-16T17:35:00Z,2026-09-16T13:35:00-04:00,2026-09-16,13:35,3240,Daffy Duck Hot Air Balloons,Kids' Rides,false,0
2026-09-16T17:35:00Z,2026-09-16T13:35:00-04:00,2026-09-16,13:35,10077,Lil' Devil Coaster,Kids' Rides,false,0
2026-09-16T17:35:00Z,2026-09-16T13:35:00-04:00,2026-09-16,13:35,15617,Porky Pig Camp Wagons,Kids' Rides,false,0
2026-09-16T17:35:00Z,2026-09-16T13:35:00-04:00,2026-09-16,13:35,3257,Raja’s Rickshaws,Kids' Rides,false,0
2026-09-16T17:35:00Z,2026-09-16T13:35:00-04:00,2026-09-16,13:35,3274,Safari Off-Road Adventure,Kids' Rides,false,0
2026-09-16T17:35:00Z,2026-09-16T13:35:00-04:00,2026-09-16,13:35,3283,Saw Mill Log Flume,Kids' Rides,false,0
2026-09-16T17:35:00Z,2026-09-16T13:35:00-04:00,2026-09-16,13:35,3281,Sky Zooma,Kids' Rides,false,0
2026-09-16T17:35:00Z,2026-09-16T13:35:00-04:00,2026-09-16,13:35,15789,Storm Chaser,Kids' Rides,false,0
2026-09-16T17:35:00Z,2026-09-16T13:35:00-04:00,2026-09-16,13:35,3267,Super Round Up,Kids' Rides,false,0
2026-09-16T17:35:00Z,2026-09-16T13:35:00-04:00,2026-09-16,13:35,15594,Tree Top Hopper,Kids' Rides,false,0
2026-09-16T17:35:00Z,2026-09-16T13:35:00-04:00,2026-09-16,13:35,3233,BATMAN™ The Ride,Thrill Rides,false,0
2026-09-16T17:35:00Z,2026-09-16T13:35:00-04:00,2026-09-16,13:35,3243,El Toro,Thrill Rides,false,0
2026-09-16T17:35:00Z,2026-09-16T13:35:00-04:00,2026-09-16,13:35,8539,Jersey Devil Coaster,Thrill Rides,false,0
2026-09-16T17:35:00Z,2026-09-16T13:35:00-04:00,2026-09-16,13:35,3916,JUSTICE LEAGUE™: Battle for METROPOLIS,Thrill Rides,false,0
2026-09-16T17:35:00Z,2026-09-16T13:35:00-04:00,2026-09-16,13:35,10533,Medusa,Thrill Rides,false,0
2026-09-16T17:35:00Z,2026-09-16T13:35:00-04:00,2026-09-16,13:35,3253,Nitro,Thrill Rides,false,0
2026-09-16T17:35:00Z,2026-09-16T13:35:00-04:00,2026-09-16,13:35,3261,Runaway Train,Thrill Rides,false,0
2026-09-16T17:35:00Z,2026-09-16T13:35:00-04:00,2026-09-16,13:35,3262,Skull Mountain,Thrill Rides,false,0
2026-09-16T17:35:00Z,2026-09-16T13:35:00-04:00,2026-09-16,13:35,3263,SkyScreamer,Thrill Rides,false,0
2026-09-16T17:35:00Z,2026-09-16T13:35:00-04:00,2026-09-16,13:35,3282,Slingshot,Thrill Rides,false,0
2026-09-16T17:35:00Z,2026-09-16T13:35:00-04:00,2026-09-16,13:35,3266,SUPERMAN™: Ultimate Flight,Thrill Rides,false,0
2026-09-16T17:35:00Z,2026-09-16T13:35:00-04:00,2026-09-16,13:35,3271,THE DARK KNIGHT™ Coaster,Thrill Rides,false,0
2026-09-16T17:35:00Z,2026-09-16T13:35:00-04:00,2026-09-16,13:35,14537,THE FLASH™: Vertical Velocity,Thrill Rides,false,0
2026-09-16T17:35:00Z,2026-09-16T13:35:00-04:00,2026-09-16,13:35,3288,THE JOKER™,Thrill Rides,false,0
2026-09-16T17:35:00Z,2026-09-16T13:35:00-04:00,2026-09-16,13:35,3273,Wile E. Coyote Canyon Blaster,Thrill Rides,false,0
2026-09-16T17:35:00Z,2026-09-16T13:35:00-04:00,2026-09-16,13:35,6371,WONDER WOMAN™ Lasso of Truth,Thrill Rides,false,0
2026-09-16T17:35:00Z,2026-09-16T13:35:00-04:00,2026-09-16,13:35,17721,Army of the Dead,,false,0
2026-09-16T17:35:00Z,2026-09-16T13:35:00-04:00,2026-09-16,13:35,17723,Asylum,,false,0
2026-09-16T17:35:00Z,2026-09-16T13:35:00-04:00,2026-09-16,13:35,17722,Big Top Terror,,false,0
2026-09-16T17:35:00Z,2026-09-16T13:35:00-04:00,2026-09-16,13:35,17724,The Conjuring Universe,,false,0
2026-09-16T17:35:00Z,2026-09-16T13:35:00-04:00,2026-09-16,13:35,17725,The Witch's Reflection,,false,0
2026-09-16T17:35:00Z,2026-09-16T13:35:00-04:00,2026-09-16,13:35,17720,Trick or Treatin' with Boo,,false,0
2026-09-16T17:40:00Z,2026-09-16T13:40:00-04:00,2026-09-16,13:40,3231,Air Jumbo,Family Rides,false,0
2026-09-16T17:40:00Z,2026-09-16T13:40:00-04:00,2026-09-16,13:40,17425,Barrels O’ Fun,Family Rides,false,0
2026-09-16T17:40:00Z,2026-09-16T13:40:00-04:00,2026-09-16,13:40,3270,Buccaneer,Family Rides,false,0
2026-09-16T17:40:00Z,2026-09-16T13:40:00-04:00,2026-09-16,13:40,3237,Carousel,Family Rides,false,0
2026-09-16T17:40:00Z,2026-09-16T13:40:00-04:00,2026-09-16,13:40,3244,Enchanted Teacups,Family Rides,false,0
2026-09-16T17:40:00Z,2026-09-16T13:40:00-04:00,2026-09-16,13:40,3245,Fender Benders,Family Rides,false,0
2026-09-16T17:40:00Z,2026-09-16T13:40:00-04:00,2026-09-16,13:40,17426,Flying Scooters,Family Rides,false,0
2026-09-16T17:40:00Z,2026-09-16T13:40:00-04:00,2026-09-16,13:40,15604,Giant Wheel,Family Rides,false,0
2026-09-16T17:40:00Z,2026-09-16T13:40:00-04:00,2026-09-16,13:40,3236,HARLEY QUINN™ Crazy Train,Family Rides,false,0
2026-09-16T17:40:00Z,2026-09-16T13:40:00-04:00,2026-09-16,13:40,3249,Houdini’s Great Escape,Family Rides,false,0
2026-09-16T17:40:00Z,2026-09-16T13:40:00-04:00,2026-09-16,13:40,17427,Hypno Twister,Family Rides,false,0
2026-09-16T17:40:00Z,2026-09-16T13:40:00-04:00,2026-09-16,13:40,3250,Jolly Roger,Family Rides,false,0
2026-09-16T17:40:00Z,2026-09-16T13:40:00-04:00,2026-09-16,13:40,15829,Roaring Rapids,Family Rides,false,0
2026-09-16T17:40:00Z,2026-09-16T13:40:00-04:00,2026-09-16,13:40,15727,Scrambler,Family Rides,false,0
2026-09-16T17:40:00Z,2026-09-16T13:40:00-04:00,2026-09-16,13:40,3268,Tango,Family Rides,false,0
2026-09-16T17:40:00Z,2026-09-16T13:40:00-04:00,2026-09-16,13:40,17428,Wave Swinger,Family Rides,false,0
2026-09-16T17:40:00Z,2026-09-16T13:40:00-04:00,2026-09-16,13:40,3232,Air Safari,Kids' Rides,false,0
2026-09-16T17:40:00Z,2026-09-16T13:40:00-04:00,2026-09-16,13:40,10461,Barnstormer,Kids' Rides,false,0
2026-09-16T17:40:00Z,2026-09-16T13:40:00-04:00,2026-09-16,13:40,3275,Bugaboo,Kids' Rides,false,0
2026-09-16T17:40:00Z,2026-09-16T13:40:00-04:00,2026-09-16,13:40,3277,Bugs Bunny Camp Carousel,Kids' Rides,false,0
2026-09-16T17:40:00Z,2026-09-16T13:40:00-04:00,2026-09-16,13:40,3279,Bugs Bunny Ranger Pilots,Kids' Rides,false,0
2026-09-16T17:40:00Z,2026-09-16T13:40:00-04:00,2026-09-16,13:40,3240,Daffy Duck Hot Air Balloons,Kids' Rides,false,0
2026-09-16T17:40:00Z,2026-09-16T13:40:00-04:00,2026-09-16,13:40,10077,Lil' Devil Coaster,Kids' Rides,false,0
2026-09-16T17:40:00Z,2026-09-16T13:40:00-04:00,2026-09-16,13:40,15617,Porky Pig Camp Wagons,Kids' Rides,false,0
2026-09-16T17:40:00Z,2026-09-16T13:40:00-04:00,2026-09-16,13:40,3257,Raja’s Rickshaws,Kids' Rides,false,0
2026-09-16T17:40:00Z,2026-09-16T13:40:00-04:00,2026-09-16,13:40,3274,Safari Off-Road Adventure,Kids' Rides,false,0
2026-09-16T17:40:00Z,2026-09-16T13:40:00-04:00,2026-09-16,13:40,3283,Saw Mill Log Flume,Kids' Rides,false,0
2026-09-16T17:40:00Z,2026-09-16T13:40:00-04:00,2026-09-16,13:40,3281,Sky Zooma,Kids' Rides,false,0
2026-09-16T17:40:00Z,2026-09-16T13:40:00-04:00,2026-09-16,13:40,15789,Storm Chaser,Kids' Rides,false,0
2026-09-16T17:40:00Z,2026-09-16T13:40:00-04:00,2026-09-16,13:40,3267,Super Round Up,Kids' Rides,false,0
2026-09-16T17:40:00Z,2026-09-16T13:40:00-04:00,2026-09-16,13:40,15594,Tree Top Hopper,Kids' Rides,false,0
2026-09-16T17:40:00Z,2026-09-16T13:40:00-04:00,2026-09-16,13:40,3233,BATMAN™ The Ride,Thrill Rides,false,0
2026-09-16T17:40:00Z,2026-09-16T13:40:00-04:00,2026-09-16,13:40,3243,El Toro,Thrill Rides,false,0
2026-09-16T17:40:00Z,2026-09-16T13:40:00-04:00,2026-09-16,13:40,8539,Jersey Devil Coaster,Thrill Rides,false,0
2026-09-16T17:40:00Z,2026-09-16T13:40:00-04:00,2026-09-16,13:40,3916,JUSTICE LEAGUE™: Battle for METROPOLIS,Thrill Rides,false,0
2026-09-16T17:40:00Z,2026-09-16T13:40:00-04:00,2026-09-16,13:40,10533,Medusa,Thrill Rides,false,0
2026-09-16T17:40:00Z,2026-09-16T13:40:00-04:00,2026-09-16,13:40,3253,Nitro,Thrill Rides,false,0
2026-09-16T17:40:00Z,2026-09-16T13:40:00-04:00,2026-09-16,13:40,3261,Runaway Train,Thrill Rides,false,0
2026-09-16T17:40:00Z,2026-09-16T13:40:00-04:00,2026-09-16,13:40,3262,Skull Mountain,Thrill Rides,false,0
2026-09-16T17:40:00Z,2026-09-16T13:40:00-04:00,2026-09-16,13:40,3263,SkyScreamer,Thrill Rides,false,0
2026-09-16T17:40:00Z,2026-09-16T13:40:00-04:00,2026-09-16,13:40,3282,Slingshot,Thrill Rides,false,0
2026-09-16T17:40:00Z,2026-09-16T13:40:00-04:00,2026-09-16,13:40,3266,SUPERMAN™: Ultimate Flight,Thrill Rides,false,0
2026-09-16T17:40:00Z,2026-09-16T13:40:00-04:00,2026-09-16,13:40,3271,THE DARK KNIGHT™ Coaster,Thrill Rides,false,0
2026-09-16T17:40:00Z,2026-09-16T13:40:00-04:00,2026-09-16,13:40,14537,THE FLASH™: Vertical Velocity,Thrill Rides,false,0
2026-09-16T17:40:00Z,2026-09-16T13:40:00-04:00,2026-09-16,13:40,3288,THE JOKER™,Thrill Rides,false,0
2026-09-16T17:40:00Z,2026-09-16T13:40:00-04:00,2026-09-16,13:40,3273,Wile E. Coyote Canyon Blaster,Thrill Rides,false,0
2026-09-16T17:40:00Z,2026-09-16T13:40:00-04:00,2026-09-16,13:40,6371,WONDER WOMAN™ Lasso of Truth,Thrill Rides,false,0
2026-09-16T17:40:00Z,2026-09-16T13:40:00-04:00,2026-09-16,13:40,17721,Army of the Dead,,false,0
2026-09-16T17:40:00Z,2026-09-16T13:40:00-04:00,2026-09-16,13:40,17723,Asylum,,false,0
2026-09-16T17:40:00Z,2026-09-16T13:40:00-04:00,2026-09-16,13:40,17722,Big Top Terror,,false,0
2026-09-16T17:40:00Z,2026-09-16T13:40:00-04:00,2026-09-16,13:40,17724,The Conjuring Universe,,false,0
2026-09-16T17:40:00Z,2026-09-16T13:40:00-04:00,2026-09-16,13:40,17725,The Witch's Reflection,,false,0
2026-09-16T17:40:00Z,2026-09-16T13:40:00-04:00,2026-09-16,13:40,17720,Trick or Treatin' with Boo,,false,0
2026-09-16T17:45:00Z,2026-09-16T13:45:00-04:00,2026-09-16,13:45,3231,Air Jumbo,Family Rides,false,0
2026-09-16T17:45:00Z,2026-09-16T13:45:00-04:00,2026-09-16,13:45,17425,Barrels O’ Fun,Family Rides,false,0
2026-09-16T17:45:00Z,2026-09-16T13:45:00-04:00,2026-09-16,13:45,3270,Buccaneer,Family Rides,false,0
2026-09-16T17:45:00Z,2026-09-16T13:45:00-04:00,2026-09-16,13:45,3237,Carousel,Family Rides,false,0
2026-09-16T17:45:00Z,2026-09-16T13:45:00-04:00,2026-09-16,13:45,3244,Enchanted Teacups,Family Rides,false,0
2026-09-16T17:45:00Z,2026-09-16T13:45:00-04:00,2026-09-16,13:45,3245,Fender Benders,Family Rides,false,0
2026-09-16T17:45:00Z,2026-09-16T13:45:00-04:00,2026-09-16,13:45,17426,Flying Scooters,Family Rides,false,0
2026-09-16T17:45:00Z,2026-09-16T13:45:00-04:00,2026-09-16,13:45,15604,Giant Wheel,Family Rides,false,0
2026-09-16T17:45:00Z,2026-09-16T13:45:00-04:00,2026-09-16,13:45,3236,HARLEY QUINN™ Crazy Train,Family Rides,false,0
2026-09-16T17:45:00Z,2026-09-16T13:45:00-04:00,2026-09-16,13:45,3249,Houdini’s Great Escape,Family Rides,false,0
2026-09-16T17:45:00Z,2026-09-16T13:45:00-04:00,2026-09-16,13:45,17427,Hypno Twister,Family Rides,false,0
2026-09-16T17:45:00Z,2026-09-16T13:45:00-04:00,2026-09-16,13:45,3250,Jolly Roger,Family Rides,false,0
2026-09-16T17:45:00Z,2026-09-16T13:45:00-04:00,2026-09-16,13:45,15829,Roaring Rapids,Family Rides,false,0
2026-09-16T17:45:00Z,2026-09-16T13:45:00-04:00,2026-09-16,13:45,15727,Scrambler,Family Rides,false,0
2026-09-16T17:45:00Z,2026-09-16T13:45:00-04:00,2026-09-16,13:45,3268,Tango,Family Rides,false,0
2026-09-16T17:45:00Z,2026-09-16T13:45:00-04:00,2026-09-16,13:45,17428,Wave Swinger,Family Rides,false,0
2026-09-16T17:45:00Z,2026-09-16T13:45:00-04:00,2026-09-16,13:45,3232,Air Safari,Kids' Rides,false,0
2026-09-16T17:45:00Z,2026-09-16T13:45:00-04:00,2026-09-16,13:45,10461,Barnstormer,Kids' Rides,false,0
2026-09-16T17:45:00Z,2026-09-16T13:45:00-04:00,2026-09-16,13:45,3275,Bugaboo,Kids' Rides,false,0
2026-09-16T17:45:00Z,2026-09-16T13:45:00-04:00,2026-09-16,13:45,3277,Bugs Bunny Camp Carousel,Kids' Rides,false,0
2026-09-16T17:45:00Z,2026-09-16T13:45:00-04:00,2026-09-16,13:45,3279,Bugs Bunny Ranger Pilots,Kids' Rides,false,0
2026-09-16T17:45:00Z,2026-09-16T13:45:00-04:00,2026-09-16,13:45,3240,Daffy Duck Hot Air Balloons,Kids' Rides,false,0
2026-09-16T17:45:00Z,2026-09-16T13:45:00-04:00,2026-09-16,13:45,10077,Lil' Devil Coaster,Kids' Rides,false,0
2026-09-16T17:45:00Z,2026-09-16T13:45:00-04:00,2026-09-16,13:45,15617,Porky Pig Camp Wagons,Kids' Rides,false,0
2026-09-16T17:45:00Z,2026-09-16T13:45:00-04:00,2026-09-16,13:45,3257,Raja’s Rickshaws,Kids' Rides,false,0
2026-09-16T17:45:00Z,2026-09-16T13:45:00-04:00,2026-09-16,13:45,3274,Safari Off-Road Adventure,Kids' Rides,false,0
2026-09-16T17:45:00Z,2026-09-16T13:45:00-04:00,2026-09-16,13:45,3283,Saw Mill Log Flume,Kids' Rides,false,0
2026-09-16T17:45:00Z,2026-09-16T13:45:00-04:00,2026-09-16,13:45,3281,Sky Zooma,Kids' Rides,false,0
2026-09-16T17:45:00Z,2026-09-16T13:45:00-04:00,2026-09-16,13:45,15789,Storm Chaser,Kids' Rides,false,0
2026-09-16T17:45:00Z,2026-09-16T13:45:00-04:00,2026-09-16,13:45,3267,Super Round Up,Kids' Rides,false,0
2026-09-16T17:45:00Z,2026-09-16T13:45:00-04:00,2026-09-16,13:45,15594,Tree Top Hopper,Kids' Rides,false,0
2026-09-16T17:45:00Z,2026-09-16T13:45:00-04:00,2026-09-16,13:45,3233,BATMAN™ The Ride,Thrill Rides,false,0
2026-09-16T17:45:00Z,2026-09-16T13:45:00-04:00,2026-09-16,13:45,3243,El Toro,Thrill Rides,false,0
2026-09-16T17:45:00Z,2026-09-16T13:45:00-04:00,2026-09-16,13:45,8539,Jersey Devil Coaster,Thrill Rides,false,0
2026-09-16T17:45:00Z,2026-09-16T13:45:00-04:00,2026-09-16,13:45,3916,JUSTICE LEAGUE™: Battle for METROPOLIS,Thrill Rides,false,0
2026-09-16T17:45:00Z,2026-09-16T13:45:00-04:00,2026-09-16,13:45,10533,Medusa,Thrill Rides,false,0
2026-09-16T17:45:00Z,2026-09-16T13:45:00-04:00,2026-09-16,13:45,3253,Nitro,Thrill Rides,false,0
2026-09-16T17:45:00Z,2026-09-16T13:45:00-04:00,2026-09-16,13:45,3261,Runaway Train,Thrill Rides,false,0
2026-09-16T17:45:00Z,2026-09-16T13:45:00-04:00,2026-09-16,13:45,3262,Skull Mountain,Thrill Rides,false,0
2026-09-16T17:45:00Z,2026-09-16T13:45:00-04:00,2026-09-16,13:45,3263,SkyScreamer,Thrill Rides,false,0
2026-09-16T17:45:00Z,2026-09-16T13:45:00-04:00,2026-09-16,13:45,3282,Slingshot,Thrill Rides,false,0
2026-09-16T17:45:00Z,2026-09-16T13:45:00-04:00,2026-09-16,13:45,3266,SUPERMAN™: Ultimate Flight,Thrill Rides,false,0
2026-09-16T17:45:00Z,2026-09-16T13:45:00-04:00,2026-09-16,13:45,3271,THE DARK KNIGHT™ Coaster,Thrill Rides,false,0
2026-09-16T17:45:00Z,2026-09-16T13:45:00-04:00,2026-09-16,13:45,14537,THE FLASH™: Vertical Velocity,Thrill Rides,false,0
2026-09-16T17:45:00Z,2026-09-16T13:45:00-04:00,2026-09-16,13:45,3288,THE JOKER™,Thrill Rides,false,0
2026-09-16T17:45:00Z,2026-09-16T13:45:00-04:00,2026-09-16,13:45,3273,Wile E. Coyote Canyon Blaster,Thrill Rides,false,0
2026-09-16T17:45:00Z,2026-09-16T13:45:00-04:00,2026-09-16,13:45,6371,WONDER WOMAN™ Lasso of Truth,Thrill Rides,false,0
2026-09-16T17:45:00Z,2026-09-16T13:45:00-04:00,2026-09-16,13:45,17721,Army of the Dead,,false,0
2026-09-16T17:45:00Z,2026-09-16T13:45:00-04:00,2026-09-16,13:45,17723,Asylum,,false,0
2026-09-16T17:45:00Z,2026-09-16T13:45:00-04:00,2026-09-16,13:45,17722,Big Top Terror,,false,0
2026-09-16T17:45:00Z,2026-09-16T13:45:00-04:00,2026-09-16,13:45,17724,The Conjuring Universe,,false,0
2026-09-16T17:45:00Z,2026-09-16T13:45:00-04:00,2026-09-16,13:45,17725,The Witch's Reflection,,false,0
2026-09-16T17:45:00Z,2026-09-16T13:45:00-04:00,2026-09-16,13:45,17720,Trick or Treatin' with Boo,,false,0
2026-09-16T17:50:00Z,2026-09-16T13:50:00-04:00,2026-09-16,13:50,3231,Air Jumbo,Family Rides,false,0
2026-09-16T17:50:00Z,2026-09-16T13:50:00-04:00,2026-09-16,13:50,17425,Barrels O’ Fun,Family Rides,false,0
2026-09-16T17:50:00Z,2026-09-16T13:50:00-04:00,2026-09-16,13:50,3270,Buccaneer,Family Rides,false,0
2026-09-16T17:50:00Z,2026-09-16T13:50:00-04:00,2026-09-16,13:50,3237,Carousel,Family Rides,false,0
2026-09-16T17:50:00Z,2026-09-16T13:50:00-04:00,2026-09-16,13:50,3244,Enchanted Teacups,Family Rides,false,0
2026-09-16T17:50:00Z,2026-09-16T13:50:00-04:00,2026-09-16,13:50,3245,Fender Benders,Family Rides,false,0
2026-09-16T17:50:00Z,2026-09-16T13:50:00-04:00,2026-09-16,13:50,17426,Flying Scooters,Family Rides,false,0
2026-09-16T17:50:00Z,2026-09-16T13:50:00-04:00,2026-09-16,13:50,15604,Giant Wheel,Family Rides,false,0
2026-09-16T17:50:00Z,2026-09-16T13:50:00-04:00,2026-09-16,13:50,3236,HARLEY QUINN™ Crazy Train,Family Rides,false,0
2026-09-16T17:50:00Z,2026-09-16T13:50:00-04:00,2026-09-16,13:50,3249,Houdini’s Great Escape,Family Rides,false,0
2026-09-16T17:50:00Z,2026-09-16T13:50:00-04:00,2026-09-16,13:50,17427,Hypno Twister,Family Rides,false,0
2026-09-16T17:50:00Z,2026-09-16T13:50:00-04:00,2026-09-16,13:50,3250,Jolly Roger,Family Rides,false,0
2026-09-16T17:50:00Z,2026-09-16T13:50:00-04:00,2026-09-16,13:50,15829,Roaring Rapids,Family Rides,false,0
2026-09-16T17:50:00Z,2026-09-16T13:50:00-04:00,2026-09-16,13:50,15727,Scrambler,Family Rides,false,0
2026-09-16T17:50:00Z,2026-09-16T13:50:00-04:00,2026-09-16,13:50,3268,Tango,Family Rides,false,0
2026-09-16T17:50:00Z,2026-09-16T13:50:00-04:00,2026-09-16,13:50,17428,Wave Swinger,Family Rides,false,0
2026-09-16T17:50:00Z,2026-09-16T13:50:00-04:00,2026-09-16,13:50,3232,Air Safari,Kids' Rides,false,0
2026-09-16T17:50:00Z,2026-09-16T13:50:00-04:00,2026-09-16,13:50,10461,Barnstormer,Kids' Rides,false,0
2026-09-16T17:50:00Z,2026-09-16T13:50:00-04:00,2026-09-16,13:50,3275,Bugaboo,Kids' Rides,false,0
2026-09-16T17:50:00Z,2026-09-16T13:50:00-04:00,2026-09-16,13:50,3277,Bugs Bunny Camp Carousel,Kids' Rides,false,0
2026-09-16T17:50:00Z,2026-09-16T13:50:00-04:00,2026-09-16,13:50,3279,Bugs Bunny Ranger Pilots,Kids' Rides,false,0
2026-09-16T17:50:00Z,2026-09-16T13:50:00-04:00,2026-09-16,13:50,3240,Daffy Duck Hot Air Balloons,Kids' Rides,false,0
2026-09-16T17:50:00Z,2026-09-16T13:50:00-04:00,2026-09-16,13:50,10077,Lil' Devil Coaster,Kids' Rides,false,0
2026-09-16T17:50:00Z,2026-09-16T13:50:00-04:00,2026-09-16,13:50,15617,Porky Pig Camp Wagons,Kids' Rides,false,0
2026-09-16T17:50:00Z,2026-09-16T13:50:00-04:00,2026-09-16,13:50,3257,Raja’s Rickshaws,Kids' Rides,false,0
2026-09-16T17:50:00Z,2026-09-16T13:50:00-04:00,2026-09-16,13:50,3274,Safari Off-Road Adventure,Kids' Rides,false,0
2026-09-16T17:50:00Z,2026-09-16T13:50:00-04:00,2026-09-16,13:50,3283,Saw Mill Log Flume,Kids' Rides,false,0
2026-09-16T17:50:00Z,2026-09-16T13:50:00-04:00,2026-09-16,13:50,3281,Sky Zooma,Kids' Rides,false,0
2026-09-16T17:50:00Z,2026-09-16T13:50:00-04:00,2026-09-16,13:50,15789,Storm Chaser,Kids' Rides,false,0
2026-09-16T17:50:00Z,2026-09-16T13:50:00-04:00,2026-09-16,13:50,3267,Super Round Up,Kids' Rides,false,0
2026-09-16T17:50:00Z,2026-09-16T13:50:00-04:00,2026-09-16,13:50,15594,Tree Top Hopper,Kids' Rides,false,0
2026-09-16T17:50:00Z,2026-09-16T13:50:00-04:00,2026-09-16,13:50,3233,BATMAN™ The Ride,Thrill Rides,false,0
2026-09-16T17:50:00Z,2026-09-16T13:50:00-04:00,2026-09-16,13:50,3243,El Toro,Thrill Rides,false,0
2026-09-16T17:50:00Z,2026-09-16T13:50:00-04:00,2026-09-16,13:50,8539,Jersey Devil Coaster,Thrill Rides,false,0
2026-09-16T17:50:00Z,2026-09-16T13:50:00-04:00,2026-09-16,13:50,3916,JUSTICE LEAGUE™: Battle for METROPOLIS,Thrill Rides,false,0
2026-09-16T17:50:00Z,2026-09-16T13:50:00-04:00,2026-09-16,13:50,10533,Medusa,Thrill Rides,false,0
2026-09-16T17:50:00Z,2026-09-16T13:50:00-04:00,2026-09-16,13:50,3253,Nitro,Thrill Rides,false,0
2026-09-16T17:50:00Z,2026-09-16T13:50:00-04:00,2026-09-16,13:50,3261,Runaway Train,Thrill Rides,false,0
2026-09-16T17:50:00Z,2026-09-16T13:50:00-04:00,2026-09-16,13:50,3262,Skull Mountain,Thrill Rides,false,0
2026-09-16T17:50:00Z,2026-09-16T13:50:00-04:00,2026-09-16,13:50,3263,SkyScreamer,Thrill Rides,false,0
2026-09-16T17:50:00Z,2026-09-16T13:50:00-04:00,2026-09-16,13:50,3282,Slingshot,Thrill Rides,false,0
2026-09-16T17:50:00Z,2026-09-16T13:50:00-04:00,2026-09-16,13:50,3266,SUPERMAN™: Ultimate Flight,Thrill Rides,false,0
2026-09-16T17:50:00Z,2026-09-16T13:50:00-04:00,2026-09-16,13:50,3271,THE DARK KNIGHT™ Coaster,Thrill Rides,false,0
2026-09-16T17:50:00Z,2026-09-16T13:50:00-04:00,2026-09-16,13:50,14537,THE FLASH™: Vertical Velocity,Thrill Rides,false,0
2026-09-16T17:50:00Z,2026-09-16T13:50:00-04:00,2026-09-16,13:50,3288,THE JOKER™,Thrill Rides,false,0
2026-09-16T17:50:00Z,2026-09-16T13:50:00-04:00,2026-09-16,13:50,3273,Wile E. Coyote Canyon Blaster,Thrill Rides,false,0
2026-09-16T17:50:00Z,2026-09-16T13:50:00-04:00,2026-09-16,13:50,6371,WONDER WOMAN™ Lasso of Truth,Thrill Rides,false,0
2026-09-16T17:50:00Z,2026-09-16T13:50:00-04:00,2026-09-16,13:50,17721,Army of the Dead,,false,0
2026-09-16T17:50:00Z,2026-09-16T13:50:00-04:00,2026-09-16,13:50,17723,Asylum,,false,0
2026-09-16T17:50:00Z,2026-09-16T13:50:00-04:00,2026-09-16,13:50,17722,Big Top Terror,,false,0
2026-09-16T17:50:00Z,2026-09-16T13:50:00-04:00,2026-09-16,13:50,17724,The Conjuring Universe,,false,0
2026-09-16T17:50:00Z,2026-09-16T13:50:00-04:00,2026-09-16,13:50,17725,The Witch's Reflection,,false,0
2026-09-16T17:50:00Z,2026-09-16T13:50:00-04:00,2026-09-16,13:50,17720,Trick or Treatin' with Boo,,false,0
2026-09-16T17:55:00Z,2026-09-16T13:55:00-04:00,2026-09-16,13:55,3231,Air Jumbo,Family Rides,false,0
2026-09-16T17:55:00Z,2026-09-16T13:55:00-04:00,2026-09-16,13:55,17425,Barrels O’ Fun,Family Rides,false,0
2026-09-16T17:55:00Z,2026-09-16T13:55:00-04:00,2026-09-16,13:55,3270,Buccaneer,Family Rides,false,0
2026-09-16T17:55:00Z,2026-09-16T13:55:00-04:00,2026-09-16,13:55,3237,Carousel,Family Rides,false,0
2026-09-16T17:55:00Z,2026-09-16T13:55:00-04:00,2026-09-16,13:55,3244,Enchanted Teacups,Family Rides,false,0
2026-09-16T17:55:00Z,2026-09-16T13:55:00-04:00,2026-09-16,13:55,3245,Fender Benders,Family Rides,false,0
2026-09-16T17:55:00Z,2026-09-16T13:55:00-04:00,2026-09-16,13:55,17426,Flying Scooters,Family Rides,false,0
2026-09-16T17:55:00Z,2026-09-16T13:55:00-04:00,2026-09-16,13:55,15604,Giant Wheel,Family Rides,false,0
2026-09-16T17:55:00Z,2026-09-16T13:55:00-04:00,2026-09-16,13:55,3236,HARLEY QUINN™ Crazy Train,Family Rides,false,0
2026-09-16T17:55:00Z,2026-09-16T13:55:00-04:00,2026-09-16,13:55,3249,Houdini’s Great Escape,Family Rides,false,0
2026-09-16T17:55:00Z,2026-09-16T13:55:00-04:00,2026-09-16,13:55,17427,Hypno Twister,Family Rides,false,0
2026-09-16T17:55:00Z,2026-09-16T13:55:00-04:00,2026-09-16,13:55,3250,Jolly Roger,Family Rides,false,0
2026-09-16T17:55:00Z,2026-09-16T13:55:00-04:00,2026-09-16,13:55,15829,Roaring Rapids,Family Rides,false,0
2026-09-16T17:55:00Z,2026-09-16T13:55:00-04:00,2026-09-16,13:55,15727,Scrambler,Family Rides,false,0
2026-09-16T17:55:00Z,2026-09-16T13:55:00-04:00,2026-09-16,13:55,3268,Tango,Family Rides,false,0
2026-09-16T17:55:00Z,2026-09-16T13:55:00-04:00,2026-09-16,13:55,17428,Wave Swinger,Family Rides,false,0
2026-09-16T17:55:00Z,2026-09-16T13:55:00-04:00,2026-09-16,13:55,3232,Air Safari,Kids' Rides,false,0
2026-09-16T17:55:00Z,2026-09-16T13:55:00-04:00,2026-09-16,13:55,10461,Barnstormer,Kids' Rides,false,0
2026-09-16T17:55:00Z,2026-09-16T13:55:00-04:00,2026-09-16,13:55,3275,Bugaboo,Kids' Rides,false,0
2026-09-16T17:55:00Z,2026-09-16T13:55:00-04:00,2026-09-16,13:55,3277,Bugs Bunny Camp Carousel,Kids' Rides,false,0
2026-09-16T17:55:00Z,2026-09-16T13:55:00-04:00,2026-09-16,13:55,3279,Bugs Bunny Ranger Pilots,Kids' Rides,false,0
2026-09-16T17:55:00Z,2026-09-16T13:55:00-04:00,2026-09-16,13:55,3240,Daffy Duck Hot Air Balloons,Kids' Rides,false,0
2026-09-16T17:55:00Z,2026-09-16T13:55:00-04:00,2026-09-16,13:55,10077,Lil' Devil Coaster,Kids' Rides,false,0
2026-09-16T17:55:00Z,2026-09-16T13:55:00-04:00,2026-09-16,13:55,15617,Porky Pig Camp Wagons,Kids' Rides,false,0
2026-09-16T17:55:00Z,2026-09-16T13:55:00-04:00,2026-09-16,13:55,3257,Raja’s Rickshaws,Kids' Rides,false,0
2026-09-16T17:55:00Z,2026-09-16T13:55:00-04:00,2026-09-16,13:55,3274,Safari Off-Road Adventure,Kids' Rides,false,0
2026-09-16T17:55:00Z,2026-09-16T13:55:00-04:00,2026-09-16,13:55,3283,Saw Mill Log Flume,Kids' Rides,false,0
2026-09-16T17:55:00Z,2026-09-16T13:55:00-04:00,2026-09-16,13:55,3281,Sky Zooma,Kids' Rides,false,0
2026-09-16T17:55:00Z,2026-09-16T13:55:00-04:00,2026-09-16,13:55,15789,Storm Chaser,Kids' Rides,false,0
2026-09-16T17:55:00Z,2026-09-16T13:55:00-04:00,2026-09-16,13:55,3267,Super Round Up,Kids' Rides,false,0
2026-09-16T17:55:00Z,2026-09-16T13:55:00-04:00,2026-09-16,13:55,15594,Tree Top Hopper,Kids' Rides,false,0
2026-09-16T17:55:00Z,2026-09-16T13:55:00-04:00,2026-09-16,13:55,3233,BATMAN™ The Ride,Thrill Rides,false,0
2026-09-16T17:55:00Z,2026-09-16T13:55:00-04:00,2026-09-16,13:55,3243,El Toro,Thrill Rides,false,0
2026-09-16T17:55:00Z,2026-09-16T13:55:00-04:00,2026-09-16,13:55,8539,Jersey Devil Coaster,Thrill Rides,false,0
2026-09-16T17:55:00Z,2026-09-16T13:55:00-04:00,2026-09-16,13:55,3916,JUSTICE LEAGUE™: Battle for METROPOLIS,Thrill Rides,false,0
2026-09-16T17:55:00Z,2026-09-16T13:55:00-04:00,2026-09-16,13:55,10533,Medusa,Thrill Rides,false,0
2026-09-16T17:55:00Z,2026-09-16T13:55:00-04:00,2026-09-16,13:55,3253,Nitro,Thrill Rides,false,0
2026-09-16T17:55:00Z,2026-09-16T13:55:00-04:00,2026-09-16,13:55,3261,Runaway Train,Thrill Rides,false,0
2026-09-16T17:55:00Z,2026-09-16T13:55:00-04:00,2026-09-16,13:55,3262,Skull Mountain,Thrill Rides,false,0
2026-09-16T17:55:00Z,2026-09-16T13:55:00-04:00,2026-09-16,13:55,3263,SkyScreamer,Thrill Rides,false,0
2026-09-16T17:55:00Z,2026-09-16T13:55:00-04:00,2026-09-16,13:55,3282,Slingshot,Thrill Rides,false,0
2026-09-16T17:55:00Z,2026-09-16T13:55:00-04:00,2026-09-16,13:55,3266,SUPERMAN™: Ultimate Flight,Thrill Rides,false,0
2026-09-16T17:55:00Z,2026-09-16T13:55:00-04:00,2026-09-16,13:55,3271,THE DARK KNIGHT™ Coaster,Thrill Rides,false,0
2026-09-16T17:55:00Z,2026-09-16T13:55:00-04:00,2026-09-16,13:55,14537,THE FLASH™: Vertical Velocity,Thrill Rides,false,0
2026-09-16T17:55:00Z,2026-09-16T13:55:00-04:00,2026-09-16,13:55,3288,THE JOKER™,Thrill Rides,false,0
2026-09-16T17:55:00Z,2026-09-16T13:55:00-04:00,2026-09-16,13:55,3273,Wile E. Coyote Canyon Blaster,Thrill Rides,false,0
2026-09-16T17:55:00Z,2026-09-16T13:55:00-04:00,2026-09-16,13:55,6371,WONDER WOMAN™ Lasso of Truth,Thrill Rides,false,0
2026-09-16T17:55:00Z,2026-09-16T13:55:00-04:00,2026-09-16,13:55,17721,Army of the Dead,,false,0
2026-09-16T17:55:00Z,2026-09-16T13:55:00-04:00,2026-09-16,13:55,17723,Asylum,,false,0
2026-09-16T17:55:00Z,2026-09-16T13:55:00-04:00,2026-09-16,13:55,17722,Big Top Terror,,false,0
2026-09-16T17:55:00Z,2026-09-16T13:55:00-04:00,2026-09-16,13:55,17724,The Conjuring Universe,,false,0
2026-09-16T17:55:00Z,2026-09-16T13:55:00-04:00,2026-09-16,13:55,17725,The Witch's Reflection,,false,0
2026-09-16T17:55:00Z,2026-09-16T13:55:00-04:00,2026-09-16,13:55,17720,Trick or Treatin' with Boo,,false,0
2026-09-16T18:00:00Z,2026-09-16T14:00:00-04:00,2026-09-16,14:00,3231,Air Jumbo,Family Rides,false,0
2026-09-16T18:00:00Z,2026-09-16T14:00:00-04:00,2026-09-16,14:00,17425,Barrels O’ Fun,Family Rides,false,0
2026-09-16T18:00:00Z,2026-09-16T14:00:00-04:00,2026-09-16,14:00,3270,Buccaneer,Family Rides,false,0
2026-09-16T18:00:00Z,2026-09-16T14:00:00-04:00,2026-09-16,14:00,3237,Carousel,Family Rides,false,0
2026-09-16T18:00:00Z,2026-09-16T14:00:00-04:00,2026-09-16,14:00,3244,Enchanted Teacups,Family Rides,false,0
2026-09-16T18:00:00Z,2026-09-16T14:00:00-04:00,2026-09-16,14:00,3245,Fender Benders,Family Rides,false,0
2026-09-16T18:00:00Z,2026-09-16T14:00:00-04:00,2026-09-16,14:00,17426,Flying Scooters,Family Rides,false,0
2026-09-16T18:00:00Z,2026-09-16T14:00:00-04:00,2026-09-16,14:00,15604,Giant Wheel,Family Rides,false,0
2026-09-16T18:00:00Z,2026-09-16T14:00:00-04:00,2026-09-16,14:00,3236,HARLEY QUINN™ Crazy Train,Family Rides,false,0
2026-09-16T18:00:00Z,2026-09-16T14:00:00-04:00,2026-09-16,14:00,3249,Houdini’s Great Escape,Family Rides,false,0
2026-09-16T18:00:00Z,2026-09-16T14:00:00-04:00,2026-09-16,14:00,17427,Hypno Twister,Family Rides,false,0
2026-09-16T18:00:00Z,2026-09-16T14:00:00-04:00,2026-09-16,14:00,3250,Jolly Roger,Family Rides,false,0
2026-09-16T18:00:00Z,2026-09-16T14:00:00-04:00,2026-09-16,14:00,15829,Roaring Rapids,Family Rides,false,0
2026-09-16T18:00:00Z,2026-09-16T14:00:00-04:00,2026-09-16,14:00,15727,Scrambler,Family Rides,false,0
2026-09-16T18:00:00Z,2026-09-16T14:00:00-04:00,2026-09-16,14:00,3268,Tango,Family Rides,false,0
2026-09-16T18:00:00Z,2026-09-16T14:00:00-04:00,2026-09-16,14:00,17428,Wave Swinger,Family Rides,false,0
2026-09-16T18:00:00Z,2026-09-16T14:00:00-04:00,2026-09-16,14:00,3232,Air Safari,Kids' Rides,false,0
2026-09-16T18:00:00Z,2026-09-16T14:00:00-04:00,2026-09-16,14:00,10461,Barnstormer,Kids' Rides,false,0
2026-09-16T18:00:00Z,2026-09-16T14:00:00-04:00,2026-09-16,14:00,3275,Bugaboo,Kids' Rides,false,0
2026-09-16T18:00:00Z,2026-09-16T14:00:00-04:00,2026-09-16,14:00,3277,Bugs Bunny Camp Carousel,Kids' Rides,false,0
2026-09-16T18:00:00Z,2026-09-16T14:00:00-04:00,2026-09-16,14:00,3279,Bugs Bunny Ranger Pilots,Kids' Rides,false,0
2026-09-16T18:00:00Z,2026-09-16T14:00:00-04:00,2026-09-16,14:00,3240,Daffy Duck Hot Air Balloons,Kids' Rides,false,0
2026-09-16T18:00:00Z,2026-09-16T14:00:00-04:00,2026-09-16,14:00,10077,Lil' Devil Coaster,Kids' Rides,false,0
2026-09-16T18:00:00Z,2026-09-16T14:00:00-04:00,2026-09-16,14:00,15617,Porky Pig Camp Wagons,Kids' Rides,false,0
2026-09-16T18:00:00Z,2026-09-16T14:00:00-04:00,2026-09-16,14:00,3257,Raja’s Rickshaws,Kids' Rides,false,0
2026-09-16T18:00:00Z,2026-09-16T14:00:00-04:00,2026-09-16,14:00,3274,Safari Off-Road Adventure,Kids' Rides,false,0
2026-09-16T18:00:00Z,2026-09-16T14:00:00-04:00,2026-09-16,14:00,3283,Saw Mill Log Flume,Kids' Rides,false,0
2026-09-16T18:00:00Z,2026-09-16T14:00:00-04:00,2026-09-16,14:00,3281,Sky Zooma,Kids' Rides,false,0
2026-09-16T18:00:00Z,2026-09-16T14:00:00-04:00,2026-09-16,14:00,15789,Storm Chaser,Kids' Rides,false,0
2026-09-16T18:00:00Z,2026-09-16T14:00:00-04:00,2026-09-16,14:00,3267,Super Round Up,Kids' Rides,false,0
2026-09-16T18:00:00Z,2026-09-16T14:00:00-04:00,2026-09-16,14:00,15594,Tree Top Hopper,Kids' Rides,false,0
2026-09-16T18:00:00Z,2026-09-16T14:00:00-04:00,2026-09-16,14:00,3233,BATMAN™ The Ride,Thrill Rides,false,0
2026-09-16T18:00:00Z,2026-09-16T14:00:00-04:00,2026-09-16,14:00,3243,El Toro,Thrill Rides,false,0
2026-09-16T18:00:00Z,2026-09-16T14:00:00-04:00,2026-09-16,14:00,8539,Jersey Devil Coaster,Thrill Rides,false,0
2026-09-16T18:00:00Z,2026-09-16T14:00:00-04:00,2026-09-16,14:00,3916,JUSTICE LEAGUE™: Battle for METROPOLIS,Thrill Rides,false,0
2026-09-16T18:00:00Z,2026-09-16T14:00:00-04:00,2026-09-16,14:00,10533,Medusa,Thrill Rides,false,0
2026-09-16T18:00:00Z,2026-09-16T14:00:00-04:00,2026-09-16,14:00,3253,Nitro,Thrill Rides,false,0
2026-09-16T18:00:00Z,2026-09-16T14:00:00-04:00,2026-09-16,14:00,3261,Runaway Train,Thrill Rides,false,0
2026-09-16T18:00:00Z,2026-09-16T14:00:00-04:00,2026-09-16,14:00,3262,Skull Mountain,Thrill Rides,false,0
2026-09-16T18:00:00Z,2026-09-16T14:00:00-04:00,2026-09-16,14:00,3263,SkyScreamer,Thrill Rides,false,0
2026-09-16T18:00:00Z,2026-09-16T14:00:00-04:00,2026-09-16,14:00,3282,Slingshot,Thrill Rides,false,0
2026-09-16T18:00:00Z,2026-09-16T14:00:00-04:00,2026-09-16,14:00,3266,SUPERMAN™: Ultimate Flight,Thrill Rides,false,0
2026-09-16T18:00:00Z,2026-09-16T14:00:00-04:00,2026-09-16,14:00,3271,THE DARK KNIGHT™ Coaster,Thrill Rides,false,0
2026-09-16T18:00:00Z,2026-09-16T14:00:00-04:00,2026-09-16,14:00,14537,THE FLASH™: Vertical Velocity,Thrill Rides,false,0
2026-09-16T18:00:00Z,2026-09-16T14:00:00-04:00,2026-09-16,14:00,3288,THE JOKER™,Thrill Rides,false,0
2026-09-16T18:00:00Z,2026-09-16T14:00:00-04:00,2026-09-16,14:00,3273,Wile E. Coyote Canyon Blaster,Thrill Rides,false,0
2026-09-16T18:00:00Z,2026-09-16T14:00:00-04:00,2026-09-16,14:00,6371,WONDER WOMAN™ Lasso of Truth,Thrill Rides,false,0
2026-09-16T18:00:00Z,2026-09-16T14:00:00-04:00,2026-09-16,14:00,17721,Army of the Dead,,false,0
2026-09-16T18:00:00Z,2026-09-16T14:00:00-04:00,2026-09-16,14:00,17723,Asylum,,false,0
2026-09-16T18:00:00Z,2026-09-16T14:00:00-04:00,2026-09-16,14:00,17722,Big Top Terror,,false,0
2026-09-16T18:00:00Z,2026-09-16T14:00:00-04:00,2026-09-16,14:00,17724,The Conjuring Universe,,false,0
2026-09-16T18:00:00Z,2026-09-16T14:00:00-04:00,2026-09-16,14:00,17725,The Witch's Reflection,,false,0
2026-09-16T18:00:00Z,2026-09-16T14:00:00-04:00,2026-09-16,14:00,17720,Trick or Treatin' with Boo,,false,0
2026-09-16T18:05:00Z,2026-09-16T14:05:00-04:00,2026-09-16,14:05,3231,Air Jumbo,Family Rides,false,0
2026-09-16T18:05:00Z,2026-09-16T14:05:00-04:00,2026-09-16,14:05,17425,Barrels O’ Fun,Family Rides,false,0
2026-09-16T18:05:00Z,2026-09-16T14:05:00-04:00,2026-09-16,14:05,3270,Buccaneer,Family Rides,false,0
2026-09-16T18:05:00Z,2026-09-16T14:05:00-04:00,2026-09-16,14:05,3237,Carousel,Family Rides,false,0
2026-09-16T18:05:00Z,2026-09-16T14:05:00-04:00,2026-09-16,14:05,3244,Enchanted Teacups,Family Rides,false,0
2026-09-16T18:05:00Z,2026-09-16T14:05:00-04:00,2026-09-16,14:05,3245,Fender Benders,Family Rides,false,0
2026-09-16T18:05:00Z,2026-09-16T14:05:00-04:00,2026-09-16,14:05,17426,Flying Scooters,Family Rides,false,0
2026-09-16T18:05:00Z,2026-09-16T14:05:00-04:00,2026-09-16,14:05,15604,Giant Wheel,Family Rides,false,0
2026-09-16T18:05:00Z,2026-09-16T14:05:00-04:00,2026-09-16,14:05,3236,HARLEY QUINN™ Crazy Train,Family Rides,false,0
2026-09-16T18:05:00Z,2026-09-16T14:05:00-04:00,2026-09-16,14:05,3249,Houdini’s Great Escape,Family Rides,false,0
2026-09-16T18:05:00Z,2026-09-16T14:05:00-04:00,2026-09-16,14:05,17427,Hypno Twister,Family Rides,false,0
2026-09-16T18:05:00Z,2026-09-16T14:05:00-04:00,2026-09-16,14:05,3250,Jolly Roger,Family Rides,false,0
2026-09-16T18:05:00Z,2026-09-16T14:05:00-04:00,2026-09-16,14:05,15829,Roaring Rapids,Family Rides,false,0
2026-09-16T18:05:00Z,2026-09-16T14:05:00-04:00,2026-09-16,14:05,15727,Scrambler,Family Rides,false,0
2026-09-16T18:05:00Z,2026-09-16T14:05:00-04:00,2026-09-16,14:05,3268,Tango,Family Rides,false,0
2026-09-16T18:05:00Z,2026-09-16T14:05:00-04:00,2026-09-16,14:05,17428,Wave Swinger,Family Rides,false,0
2026-09-16T18:05:00Z,2026-09-16T14:05:00-04:00,2026-09-16,14:05,3232,Air Safari,Kids' Rides,false,0
2026-09-16T18:05:00Z,2026-09-16T14:05:00-04:00,2026-09-16,14:05,10461,Barnstormer,Kids' Rides,false,0
2026-09-16T18:05:00Z,2026-09-16T14:05:00-04:00,2026-09-16,14:05,3275,Bugaboo,Kids' Rides,false,0
2026-09-16T18:05:00Z,2026-09-16T14:05:00-04:00,2026-09-16,14:05,3277,Bugs Bunny Camp Carousel,Kids' Rides,false,0
2026-09-16T18:05:00Z,2026-09-16T14:05:00-04:00,2026-09-16,14:05,3279,Bugs Bunny Ranger Pilots,Kids' Rides,false,0
2026-09-16T18:05:00Z,2026-09-16T14:05:00-04:00,2026-09-16,14:05,3240,Daffy Duck Hot Air Balloons,Kids' Rides,false,0
2026-09-16T18:05:00Z,2026-09-16T14:05:00-04:00,2026-09-16,14:05,10077,Lil' Devil Coaster,Kids' Rides,false,0
2026-09-16T18:05:00Z,2026-09-16T14:05:00-04:00,2026-09-16,14:05,15617,Porky Pig Camp Wagons,Kids' Rides,false,0
2026-09-16T18:05:00Z,2026-09-16T14:05:00-04:00,2026-09-16,14:05,3257,Raja’s Rickshaws,Kids' Rides,false,0
2026-09-16T18:05:00Z,2026-09-16T14:05:00-04:00,2026-09-16,14:05,3274,Safari Off-Road Adventure,Kids' Rides,false,0
2026-09-16T18:05:00Z,2026-09-16T14:05:00-04:00,2026-09-16,14:05,3283,Saw Mill Log Flume,Kids' Rides,false,0
2026-09-16T18:05:00Z,2026-09-16T14:05:00-04:00,2026-09-16,14:05,3281,Sky Zooma,Kids' Rides,false,0
2026-09-16T18:05:00Z,2026-09-16T14:05:00-04:00,2026-09-16,14:05,15789,Storm Chaser,Kids' Rides,false,0
2026-09-16T18:05:00Z,2026-09-16T14:05:00-04:00,2026-09-16,14:05,3267,Super Round Up,Kids' Rides,false,0
2026-09-16T18:05:00Z,2026-09-16T14:05:00-04:00,2026-09-16,14:05,15594,Tree Top Hopper,Kids' Rides,false,0
2026-09-16T18:05:00Z,2026-09-16T14:05:00-04:00,2026-09-16,14:05,3233,BATMAN™ The Ride,Thrill Rides,false,0
2026-09-16T18:05:00Z,2026-09-16T14:05:00-04:00,2026-09-16,14:05,3243,El Toro,Thrill Rides,false,0
2026-09-16T18:05:00Z,2026-09-16T14:05:00-04:00,2026-09-16,14:05,8539,Jersey Devil Coaster,Thrill Rides,false,0
2026-09-16T18:05:00Z,2026-09-16T14:05:00-04:00,2026-09-16,14:05,3916,JUSTICE LEAGUE™: Battle for METROPOLIS,Thrill Rides,false,0
2026-09-16T18:05:00Z,2026-09-16T14:05:00-04:00,2026-09-16,14:05,10533,Medusa,Thrill Rides,false,0
2026-09-16T18:05:00Z,2026-09-16T14:05:00-04:00,2026-09-16,14:05,3253,Nitro,Thrill Rides,false,0
2026-09-16T18:05:00Z,2026-09-16T14:05:00-04:00,2026-09-16,14:05,3261,Runaway Train,Thrill Rides,false,0
2026-09-16T18:05:00Z,2026-09-16T14:05:00-04:00,2026-09-16,14:05,3262,Skull Mountain,Thrill Rides,false,0
2026-09-16T18:05:00Z,2026-09-16T14:05:00-04:00,2026-09-16,14:05,3263,SkyScreamer,Thrill Rides,false,0
2026-09-16T18:05:00Z,2026-09-16T14:05:00-04:00,2026-09-16,14:05,3282,Slingshot,Thrill Rides,false,0
2026-09-16T18:05:00Z,2026-09-16T14:05:00-04:00,2026-09-16,14:05,3266,SUPERMAN™: Ultimate Flight,Thrill Rides,false,0
2026-09-16T18:05:00Z,2026-09-16T14:05:00-04:00,2026-09-16,14:05,3271,THE DARK KNIGHT™ Coaster,Thrill Rides,false,0
2026-09-16T18:05:00Z,2026-09-16T14:05:00-04:00,2026-09-16,14:05,14537,THE FLASH™: Vertical Velocity,Thrill Rides,false,0
2026-09-16T18:05:00Z,2026-09-16T14:05:00-04:00,2026-09-16,14:05,3288,THE JOKER™,Thrill Rides,false,0
2026-09-16T18:05:00Z,2026-09-16T14:05:00-04:00,2026-09-16,14:05,3273,Wile E. Coyote Canyon Blaster,Thrill Rides,false,0
2026-09-16T18:05:00Z,2026-09-16T14:05:00-04:00,2026-09-16,14:05,6371,WONDER WOMAN™ Lasso of Truth,Thrill Rides,false,0
2026-09-16T18:05:00Z,2026-09-16T14:05:00-04:00,2026-09-16,14:05,17721,Army of the Dead,,false,0
2026-09-16T18:05:00Z,2026-09-16T14:05:00-04:00,2026-09-16,14:05,17723,Asylum,,false,0
2026-09-16T18:05:00Z,2026-09-16T14:05:00-04:00,2026-09-16,14:05,17722,Big Top Terror,,false,0
2026-09-16T18:05:00Z,2026-09-16T14:05:00-04:00,2026-09-16,14:05,17724,The Conjuring Universe,,false,0
2026-09-16T18:05:00Z,2026-09-16T14:05:00-04:00,2026-09-16,14:05,17725,The Witch's Reflection,,false,0
2026-09-16T18:05:00Z,2026-09-16T14:05:00-04:00,2026-09-16,14:05,17720,Trick or Treatin' with Boo,,false,0
2026-09-16T18:10:00Z,2026-09-16T14:10:00-04:00,2026-09-16,14:10,3231,Air Jumbo,Family Rides,false,0
2026-09-16T18:10:00Z,2026-09-16T14:10:00-04:00,2026-09-16,14:10,17425,Barrels O’ Fun,Family Rides,false,0
2026-09-16T18:10:00Z,2026-09-16T14:10:00-04:00,2026-09-16,14:10,3270,Buccaneer,Family Rides,false,0
2026-09-16T18:10:00Z,2026-09-16T14:10:00-04:00,2026-09-16,14:10,3237,Carousel,Family Rides,false,0
2026-09-16T18:10:00Z,2026-09-16T14:10:00-04:00,2026-09-16,14:10,3244,Enchanted Teacups,Family Rides,false,0
2026-09-16T18:10:00Z,2026-09-16T14:10:00-04:00,2026-09-16,14:10,3245,Fender Benders,Family Rides,false,0
2026-09-16T18:10:00Z,2026-09-16T14:10:00-04:00,2026-09-16,14:10,17426,Flying Scooters,Family Rides,false,0
2026-09-16T18:10:00Z,2026-09-16T14:10:00-04:00,2026-09-16,14:10,15604,Giant Wheel,Family Rides,false,0
2026-09-16T18:10:00Z,2026-09-16T14:10:00-04:00,2026-09-16,14:10,3236,HARLEY QUINN™ Crazy Train,Family Rides,false,0
2026-09-16T18:10:00Z,2026-09-16T14:10:00-04:00,2026-09-16,14:10,3249,Houdini’s Great Escape,Family Rides,false,0
2026-09-16T18:10:00Z,2026-09-16T14:10:00-04:00,2026-09-16,14:10,17427,Hypno Twister,Family Rides,false,0
2026-09-16T18:10:00Z,2026-09-16T14:10:00-04:00,2026-09-16,14:10,3250,Jolly Roger,Family Rides,false,0
2026-09-16T18:10:00Z,2026-09-16T14:10:00-04:00,2026-09-16,14:10,15829,Roaring Rapids,Family Rides,false,0
2026-09-16T18:10:00Z,2026-09-16T14:10:00-04:00,2026-09-16,14:10,15727,Scrambler,Family Rides,false,0
2026-09-16T18:10:00Z,2026-09-16T14:10:00-04:00,2026-09-16,14:10,3268,Tango,Family Rides,false,0
2026-09-16T18:10:00Z,2026-09-16T14:10:00-04:00,2026-09-16,14:10,17428,Wave Swinger,Family Rides,false,0
2026-09-16T18:10:00Z,2026-09-16T14:10:00-04:00,2026-09-16,14:10,3232,Air Safari,Kids' Rides,false,0
2026-09-16T18:10:00Z,2026-09-16T14:10:00-04:00,2026-09-16,14:10,10461,Barnstormer,Kids' Rides,false,0
2026-09-16T18:10:00Z,2026-09-16T14:10:00-04:00,2026-09-16,14:10,3275,Bugaboo,Kids' Rides,false,0
2026-09-16T18:10:00Z,2026-09-16T14:10:00-04:00,2026-09-16,14:10,3277,Bugs Bunny Camp Carousel,Kids' Rides,false,0
2026-09-16T18:10:00Z,2026-09-16T14:10:00-04:00,2026-09-16,14:10,3279,Bugs Bunny Ranger Pilots,Kids' Rides,false,0
2026-09-16T18:10:00Z,2026-09-16T14:10:00-04:00,2026-09-16,14:10,3240,Daffy Duck Hot Air Balloons,Kids' Rides,false,0
2026-09-16T18:10:00Z,2026-09-16T14:10:00-04:00,2026-09-16,14:10,10077,Lil' Devil Coaster,Kids' Rides,false,0
2026-09-16T18:10:00Z,2026-09-16T14:10:00-04:00,2026-09-16,14:10,15617,Porky Pig Camp Wagons,Kids' Rides,false,0
2026-09-16T18:10:00Z,2026-09-16T14:10:00-04:00,2026-09-16,14:10,3257,Raja’s Rickshaws,Kids' Rides,false,0
2026-09-16T18:10:00Z,2026-09-16T14:10:00-04:00,2026-09-16,14:10,3274,Safari Off-Road Adventure,Kids' Rides,false,0
2026-09-16T18:10:00Z,2026-09-16T14:10:00-04:00,2026-09-16,14:10,3283,Saw Mill Log Flume,Kids' Rides,false,0
2026-09-16T18:10:00Z,2026-09-16T14:10:00-04:00,2026-09-16,14:10,3281,Sky Zooma,Kids' Rides,false,0
2026-09-16T18:10:00Z,2026-09-16T14:10:00-04:00,2026-09-16,14:10,15789,Storm Chaser,Kids' Rides,false,0
2026-09-16T18:10:00Z,2026-09-16T14:10:00-04:00,2026-09-16,14:10,3267,Super Round Up,Kids' Rides,false,0
2026-09-16T18:10:00Z,2026-09-16T14:10:00-04:00,2026-09-16,14:10,15594,Tree Top Hopper,Kids' Rides,false,0
2026-09-16T18:10:00Z,2026-09-16T14:10:00-04:00,2026-09-16,14:10,3233,BATMAN™ The Ride,Thrill Rides,false,0
2026-09-16T18:10:00Z,2026-09-16T14:10:00-04:00,2026-09-16,14:10,3243,El Toro,Thrill Rides,false,0
2026-09-16T18:10:00Z,2026-09-16T14:10:00-04:00,2026-09-16,14:10,8539,Jersey Devil Coaster,Thrill Rides,false,0
2026-09-16T18:10:00Z,2026-09-16T14:10:00-04:00,2026-09-16,14:10,3916,JUSTICE LEAGUE™: Battle for METROPOLIS,Thrill Rides,false,0
2026-09-16T18:10:00Z,2026-09-16T14:10:00-04:00,2026-09-16,14:10,10533,Medusa,Thrill Rides,false,0
2026-09-16T18:10:00Z,2026-09-16T14:10:00-04:00,2026-09-16,14:10,3253,Nitro,Thrill Rides,false,0
2026-09-16T18:10:00Z,2026-09-16T14:10:00-04:00,2026-09-16,14:10,3261,Runaway Train,Thrill Rides,false,0
2026-09-16T18:10:00Z,2026-09-16T14:10:00-04:00,2026-09-16,14:10,3262,Skull Mountain,Thrill Rides,false,0
2026-09-16T18:10:00Z,2026-09-16T14:10:00-04:00,2026-09-16,14:10,3263,SkyScreamer,Thrill Rides,false,0
2026-09-16T18:10:00Z,2026-09-16T14:10:00-04:00,2026-09-16,14:10,3282,Slingshot,Thrill Rides,false,0
2026-09-16T18:10:00Z,2026-09-16T14:10:00-04:00,2026-09-16,14:10,3266,SUPERMAN™: Ultimate Flight,Thrill Rides,false,0
2026-09-16T18:10:00Z,2026-09-16T14:10:00-04:00,2026-09-16,14:10,3271,THE DARK KNIGHT™ Coaster,Thrill Rides,false,0
2026-09-16T18:10:00Z,2026-09-16T14:10:00-04:00,2026-09-16,14:10,14537,THE FLASH™: Vertical Velocity,Thrill Rides,false,0
2026-09-16T18:10:00Z,2026-09-16T14:10:00-04:00,2026-09-16,14:10,3288,THE JOKER™,Thrill Rides,false,0
2026-09-16T18:10:00Z,2026-09-16T14:10:00-04:00,2026-09-16,14:10,3273,Wile E. Coyote Canyon Blaster,Thrill Rides,false,0
2026-09-16T18:10:00Z,2026-09-16T14:10:00-04:00,2026-09-16,14:10,6371,WONDER WOMAN™ Lasso of Truth,Thrill Rides,false,0
2026-09-16T18:10:00Z,2026-09-16T14:10:00-04:00,2026-09-16,14:10,17721,Army of the Dead,,false,0
2026-09-16T18:10:00Z,2026-09-16T14:10:00-04:00,2026-09-16,14:10,17723,Asylum,,false,0
2026-09-16T18:10:00Z,2026-09-16T14:10:00-04:00,2026-09-16,14:10,17722,Big Top Terror,,false,0
2026-09-16T18:10:00Z,2026-09-16T14:10:00-04:00,2026-09-16,14:10,17724,The Conjuring Universe,,false,0
2026-09-16T18:10:00Z,2026-09-16T14:10:00-04:00,2026-09-16,14:10,17725,The Witch's Reflection,,false,0
2026-09-16T18:10:00Z,2026-09-16T14:10:00-04:00,2026-09-16,14:10,17720,Trick or Treatin' with Boo,,false,0
2026-09-16T18:15:00Z,2026-09-16T14:15:00-04:00,2026-09-16,14:15,3231,Air Jumbo,Family Rides,false,0
2026-09-16T18:15:00Z,2026-09-16T14:15:00-04:00,2026-09-16,14:15,17425,Barrels O’ Fun,Family Rides,false,0
2026-09-16T18:15:00Z,2026-09-16T14:15:00-04:00,2026-09-16,14:15,3270,Buccaneer,Family Rides,false,0
2026-09-16T18:15:00Z,2026-09-16T14:15:00-04:00,2026-09-16,14:15,3237,Carousel,Family Rides,false,0
2026-09-16T18:15:00Z,2026-09-16T14:15:00-04:00,2026-09-16,14:15,3244,Enchanted Teacups,Family Rides,false,0
2026-09-16T18:15:00Z,2026-09-16T14:15:00-04:00,2026-09-16,14:15,3245,Fender Benders,Family Rides,false,0
2026-09-16T18:15:00Z,2026-09-16T14:15:00-04:00,2026-09-16,14:15,17426,Flying Scooters,Family Rides,false,0
2026-09-16T18:15:00Z,2026-09-16T14:15:00-04:00,2026-09-16,14:15,15604,Giant Wheel,Family Rides,false,0
2026-09-16T18:15:00Z,2026-09-16T14:15:00-04:00,2026-09-16,14:15,3236,HARLEY QUINN™ Crazy Train,Family Rides,false,0
2026-09-16T18:15:00Z,2026-09-16T14:15:00-04:00,2026-09-16,14:15,3249,Houdini’s Great Escape,Family Rides,false,0
2026-09-16T18:15:00Z,2026-09-16T14:15:00-04:00,2026-09-16,14:15,17427,Hypno Twister,Family Rides,false,0
2026-09-16T18:15:00Z,2026-09-16T14:15:00-04:00,2026-09-16,14:15,3250,Jolly Roger,Family Rides,false,0
2026-09-16T18:15:00Z,2026-09-16T14:15:00-04:00,2026-09-16,14:15,15829,Roaring Rapids,Family Rides,false,0
2026-09-16T18:15:00Z,2026-09-16T14:15:00-04:00,2026-09-16,14:15,15727,Scrambler,Family Rides,false,0
2026-09-16T18:15:00Z,2026-09-16T14:15:00-04:00,2026-09-16,14:15,3268,Tango,Family Rides,false,0
2026-09-16T18:15:00Z,2026-09-16T14:15:00-04:00,2026-09-16,14:15,17428,Wave Swinger,Family Rides,false,0
2026-09-16T18:15:00Z,2026-09-16T14:15:00-04:00,2026-09-16,14:15,3232,Air Safari,Kids' Rides,false,0
2026-09-16T18:15:00Z,2026-09-16T14:15:00-04:00,2026-09-16,14:15,10461,Barnstormer,Kids' Rides,false,0
2026-09-16T18:15:00Z,2026-09-16T14:15:00-04:00,2026-09-16,14:15,3275,Bugaboo,Kids' Rides,false,0
2026-09-16T18:15:00Z,2026-09-16T14:15:00-04:00,2026-09-16,14:15,3277,Bugs Bunny Camp Carousel,Kids' Rides,false,0
2026-09-16T18:15:00Z,2026-09-16T14:15:00-04:00,2026-09-16,14:15,3279,Bugs Bunny Ranger Pilots,Kids' Rides,false,0
2026-09-16T18:15:00Z,2026-09-16T14:15:00-04:00,2026-09-16,14:15,3240,Daffy Duck Hot Air Balloons,Kids' Rides,false,0
2026-09-16T18:15:00Z,2026-09-16T14:15:00-04:00,2026-09-16,14:15,10077,Lil' Devil Coaster,Kids' Rides,false,0
2026-09-16T18:15:00Z,2026-09-16T14:15:00-04:00,2026-09-16,14:15,15617,Porky Pig Camp Wagons,Kids' Rides,false,0
2026-09-16T18:15:00Z,2026-09-16T14:15:00-04:00,2026-09-16,14:15,3257,Raja’s Rickshaws,Kids' Rides,false,0
2026-09-16T18:15:00Z,2026-09-16T14:15:00-04:00,2026-09-16,14:15,3274,Safari Off-Road Adventure,Kids' Rides,false,0
2026-09-16T18:15:00Z,2026-09-16T14:15:00-04:00,2026-09-16,14:15,3283,Saw Mill Log Flume,Kids' Rides,false,0
2026-09-16T18:15:00Z,2026-09-16T14:15:00-04:00,2026-09-16,14:15,3281,Sky Zooma,Kids' Rides,false,0
2026-09-16T18:15:00Z,2026-09-16T14:15:00-04:00,2026-09-16,14:15,15789,Storm Chaser,Kids' Rides,false,0
2026-09-16T18:15:00Z,2026-09-16T14:15:00-04:00,2026-09-16,14:15,3267,Super Round Up,Kids' Rides,false,0
2026-09-16T18:15:00Z,2026-09-16T14:15:00-04:00,2026-09-16,14:15,15594,Tree Top Hopper,Kids' Rides,false,0
2026-09-16T18:15:00Z,2026-09-16T14:15:00-04:00,2026-09-16,14:15,3233,BATMAN™ The Ride,Thrill Rides,false,0
2026-09-16T18:15:00Z,2026-09-16T14:15:00-04:00,2026-09-16,14:15,3243,El Toro,Thrill Rides,false,0
2026-09-16T18:15:00Z,2026-09-16T14:15:00-04:00,2026-09-16,14:15,8539,Jersey Devil Coaster,Thrill Rides,false,0
2026-09-16T18:15:00Z,2026-09-16T14:15:00-04:00,2026-09-16,14:15,3916,JUSTICE LEAGUE™: Battle for METROPOLIS,Thrill Rides,false,0
2026-09-16T18:15:00Z,2026-09-16T14:15:00-04:00,2026-09-16,14:15,10533,Medusa,Thrill Rides,false,0
2026-09-16T18:15:00Z,2026-09-16T14:15:00-04:00,2026-09-16,14:15,3253,Nitro,Thrill Rides,false,0
2026-09-16T18:15:00Z,2026-09-16T14:15:00-04:00,2026-09-16,14:15,3261,Runaway Train,Thrill Rides,false,0
2026-09-16T18:15:00Z,2026-09-16T14:15:00-04:00,2026-09-16,14:15,3262,Skull Mountain,Thrill Rides,false,0
2026-09-16T18:15:00Z,2026-09-16T14:15:00-04:00,2026-09-16,14:15,3263,SkyScreamer,Thrill Rides,false,0
2026-09-16T18:15:00Z,2026-09-16T14:15:00-04:00,2026-09-16,14:15,3282,Slingshot,Thrill Rides,false,0
2026-09-16T18:15:00Z,2026-09-16T14:15:00-04:00,2026-09-16,14:15,3266,SUPERMAN™: Ultimate Flight,Thrill Rides,false,0
2026-09-16T18:15:00Z,2026-09-16T14:15:00-04:00,2026-09-16,14:15,3271,THE DARK KNIGHT™ Coaster,Thrill Rides,false,0
2026-09-16T18:15:00Z,2026-09-16T14:15:00-04:00,2026-09-16,14:15,14537,THE FLASH™: Vertical Velocity,Thrill Rides,false,0
2026-09-16T18:15:00Z,2026-09-16T14:15:00-04:00,2026-09-16,14:15,3288,THE JOKER™,Thrill Rides,false,0
2026-09-16T18:15:00Z,2026-09-16T14:15:00-04:00,2026-09-16,14:15,3273,Wile E. Coyote Canyon Blaster,Thrill Rides,false,0
2026-09-16T18:15:00Z,2026-09-16T14:15:00-04:00,2026-09-16,14:15,6371,WONDER WOMAN™ Lasso of Truth,Thrill Rides,false,0
2026-09-16T18:15:00Z,2026-09-16T14:15:00-04:00,2026-09-16,14:15,17721,Army of the Dead,,false,0
2026-09-16T18:15:00Z,2026-09-16T14:15:00-04:00,2026-09-16,14:15,17723,Asylum,,false,0
2026-09-16T18:15:00Z,2026-09-16T14:15:00-04:00,2026-09-16,14:15,17722,Big Top Terror,,false,0
2026-09-16T18:15:00Z,2026-09-16T14:15:00-04:00,2026-09-16,14:15,17724,The Conjuring Universe,,false,0
2026-09-16T18:15:00Z,2026-09-16T14:15:00-04:00,2026-09-16,14:15,17725,The Witch's Reflection,,false,0
2026-09-16T18:15:00Z,2026-09-16T14:15:00-04:00,2026-09-16,14:15,17720,Trick or Treatin' with Boo,,false,0
2026-09-16T20:15:00Z,2026-09-16T16:15:00-04:00,2026-09-16,16:15,3231,Air Jumbo,Family Rides,false,0
2026-09-16T20:15:00Z,2026-09-16T16:15:00-04:00,2026-09-16,16:15,17425,Barrels O’ Fun,Family Rides,false,0
2026-09-16T20:15:00Z,2026-09-16T16:15:00-04:00,2026-09-16,16:15,3270,Buccaneer,Family Rides,false,0
2026-09-16T20:15:00Z,2026-09-16T16:15:00-04:00,2026-09-16,16:15,3237,Carousel,Family Rides,false,0
2026-09-16T20:15:00Z,2026-09-16T16:15:00-04:00,2026-09-16,16:15,3244,Enchanted Teacups,Family Rides,false,0
2026-09-16T20:15:00Z,2026-09-16T16:15:00-04:00,2026-09-16,16:15,3245,Fender Benders,Family Rides,false,0
2026-09-16T20:15:00Z,2026-09-16T16:15:00-04:00,2026-09-16,16:15,17426,Flying Scooters,Family Rides,false,0
2026-09-16T20:15:00Z,2026-09-16T16:15:00-04:00,2026-09-16,16:15,15604,Giant Wheel,Family Rides,false,0
2026-09-16T20:15:00Z,2026-09-16T16:15:00-04:00,2026-09-16,16:15,3236,HARLEY QUINN™ Crazy Train,Family Rides,false,0
2026-09-16T20:15:00Z,2026-09-16T16:15:00-04:00,2026-09-16,16:15,3249,Houdini’s Great Escape,Family Rides,false,0
2026-09-16T20:15:00Z,2026-09-16T16:15:00-04:00,2026-09-16,16:15,17427,Hypno Twister,Family Rides,false,0
2026-09-16T20:15:00Z,2026-09-16T16:15:00-04:00,2026-09-16,16:15,3250,Jolly Roger,Family Rides,false,0
2026-09-16T20:15:00Z,2026-09-16T16:15:00-04:00,2026-09-16,16:15,15829,Roaring Rapids,Family Rides,false,0
2026-09-16T20:15:00Z,2026-09-16T16:15:00-04:00,2026-09-16,16:15,15727,Scrambler,Family Rides,false,0
2026-09-16T20:15:00Z,2026-09-16T16:15:00-04:00,2026-09-16,16:15,3268,Tango,Family Rides,false,0
2026-09-16T20:15:00Z,2026-09-16T16:15:00-04:00,2026-09-16,16:15,17428,Wave Swinger,Family Rides,false,0
2026-09-16T20:15:00Z,2026-09-16T16:15:00-04:00,2026-09-16,16:15,3232,Air Safari,Kids' Rides,false,0
2026-09-16T20:15:00Z,2026-09-16T16:15:00-04:00,2026-09-16,16:15,10461,Barnstormer,Kids' Rides,false,0
2026-09-16T20:15:00Z,2026-09-16T16:15:00-04:00,2026-09-16,16:15,3275,Bugaboo,Kids' Rides,false,0
2026-09-16T20:15:00Z,2026-09-16T16:15:00-04:00,2026-09-16,16:15,3277,Bugs Bunny Camp Carousel,Kids' Rides,false,0
2026-09-16T20:15:00Z,2026-09-16T16:15:00-04:00,2026-09-16,16:15,3279,Bugs Bunny Ranger Pilots,Kids' Rides,false,0
2026-09-16T20:15:00Z,2026-09-16T16:15:00-04:00,2026-09-16,16:15,3240,Daffy Duck Hot Air Balloons,Kids' Rides,false,0
2026-09-16T20:15:00Z,2026-09-16T16:15:00-04:00,2026-09-16,16:15,10077,Lil' Devil Coaster,Kids' Rides,false,0
2026-09-16T20:15:00Z,2026-09-16T16:15:00-04:00,2026-09-16,16:15,15617,Porky Pig Camp Wagons,Kids' Rides,false,0
2026-09-16T20:15:00Z,2026-09-16T16:15:00-04:00,2026-09-16,16:15,3257,Raja’s Rickshaws,Kids' Rides,false,0
2026-09-16T20:15:00Z,2026-09-16T16:15:00-04:00,2026-09-16,16:15,3274,Safari Off-Road Adventure,Kids' Rides,false,0
2026-09-16T20:15:00Z,2026-09-16T16:15:00-04:00,2026-09-16,16:15,3283,Saw Mill Log Flume,Kids' Rides,false,0
2026-09-16T20:15:00Z,2026-09-16T16:15:00-04:00,2026-09-16,16:15,3281,Sky Zooma,Kids' Rides,false,0
2026-09-16T20:15:00Z,2026-09-16T16:15:00-04:00,2026-09-16,16:15,15789,Storm Chaser,Kids' Rides,false,0
2026-09-16T20:15:00Z,2026-09-16T16:15:00-04:00,2026-09-16,16:15,3267,Super Round Up,Kids' Rides,false,0
2026-09-16T20:15:00Z,2026-09-16T16:15:00-04:00,2026-09-16,16:15,15594,Tree Top Hopper,Kids' Rides,false,0
2026-09-16T20:15:00Z,2026-09-16T16:15:00-04:00,2026-09-16,16:15,3233,BATMAN™ The Ride,Thrill Rides,false,0
2026-09-16T20:15:00Z,2026-09-16T16:15:00-04:00,2026-09-16,16:15,3243,El Toro,Thrill Rides,false,0
2026-09-16T20:15:00Z,2026-09-16T16:15:00-04:00,2026-09-16,16:15,8539,Jersey Devil Coaster,Thrill Rides,false,0
2026-09-16T20:15:00Z,2026-09-16T16:15:00-04:00,2026-09-16,16:15,3916,JUSTICE LEAGUE™: Battle for METROPOLIS,Thrill Rides,false,0
2026-09-16T20:15:00Z,2026-09-16T16:15:00-04:00,2026-09-16,16:15,10533,Medusa,Thrill Rides,false,0
2026-09-16T20:15:00Z,2026-09-16T16:15:00-04:00,2026-09-16,16:15,3253,Nitro,Thrill Rides,false,0
2026-09-16T20:15:00Z,2026-09-16T16:15:00-04:00,2026-09-16,16:15,3261,Runaway Train,Thrill Rides,false,0
2026-09-16T20:15:00Z,2026-09-16T16:15:00-04:00,2026-09-16,16:15,3262,Skull Mountain,Thrill Rides,false,0
2026-09-16T20:15:00Z,2026-09-16T16:15:00-04:00,2026-09-16,16:15,3263,SkyScreamer,Thrill Rides,false,0
2026-09-16T20:15:00Z,2026-09-16T16:15:00-04:00,2026-09-16,16:15,3282,Slingshot,Thrill Rides,false,0
2026-09-16T20:15:00Z,2026-09-16T16:15:00-04:00,2026-09-16,16:15,3266,SUPERMAN™: Ultimate Flight,Thrill Rides,false,0
2026-09-16T20:15:00Z,2026-09-16T16:15:00-04:00,2026-09-16,16:15,3271,THE DARK KNIGHT™ Coaster,Thrill Rides,false,0
2026-09-16T20:15:00Z,2026-09-16T16:15:00-04:00,2026-09-16,16:15,14537,THE FLASH™: Vertical Velocity,Thrill Rides,false,0
2026-09-16T20:15:00Z,2026-09-16T16:15:00-04:00,2026-09-16,16:15,3288,THE JOKER™,Thrill Rides,false,0
2026-09-16T20:15:00Z,2026-09-16T16:15:00-04:00,2026-09-16,16:15,3273,Wile E. Coyote Canyon Blaster,Thrill Rides,false,0
2026-09-16T20:15:00Z,2026-09-16T16:15:00-04:00,2026-09-16,16:15,6371,WONDER WOMAN™ Lasso of Truth,Thrill Rides,false,0
2026-09-16T20:15:00Z,2026-09-16T16:15:00-04:00,2026-09-16,16:15,17721,Army of the Dead,,false,0
2026-09-16T20:15:00Z,2026-09-16T16:15:00-04:00,2026-09-16,16:15,17723,Asylum,,false,0
2026-09-16T20:15:00Z,2026-09-16T16:15:00-04:00,2026-09-16,16:15,17722,Big Top Terror,,false,0
2026-09-16T20:15:00Z,2026-09-16T16:15:00-04:00,2026-09-16,16:15,17724,The Conjuring Universe,,false,0
2026-09-16T20:15:00Z,2026-09-16T16:15:00-04:00,2026-09-16,16:15,17725,The Witch's Reflection,,false,0
2026-09-16T20:15:00Z,2026-09-16T16:15:00-04:00,2026-09-16,16:15,17720,Trick or Treatin' with Boo,,false,0
2026-09-16T20:20:00Z,2026-09-16T16:20:00-04:00,2026-09-16,16:20,3231,Air Jumbo,Family Rides,false,0
2026-09-16T20:20:00Z,2026-09-16T16:20:00-04:00,2026-09-16,16:20,17425,Barrels O’ Fun,Family Rides,false,0
2026-09-16T20:20:00Z,2026-09-16T16:20:00-04:00,2026-09-16,16:20,3270,Buccaneer,Family Rides,false,0
2026-09-16T20:20:00Z,2026-09-16T16:20:00-04:00,2026-09-16,16:20,3237,Carousel,Family Rides,false,0
2026-09-16T20:20:00Z,2026-09-16T16:20:00-04:00,2026-09-16,16:20,3244,Enchanted Teacups,Family Rides,false,0
2026-09-16T20:20:00Z,2026-09-16T16:20:00-04:00,2026-09-16,16:20,3245,Fender Benders,Family Rides,false,0
2026-09-16T20:20:00Z,2026-09-16T16:20:00-04:00,2026-09-16,16:20,17426,Flying Scooters,Family Rides,false,0
2026-09-16T20:20:00Z,2026-09-16T16:20:00-04:00,2026-09-16,16:20,15604,Giant Wheel,Family Rides,false,0
2026-09-16T20:20:00Z,2026-09-16T16:20:00-04:00,2026-09-16,16:20,3236,HARLEY QUINN™ Crazy Train,Family Rides,false,0
2026-09-16T20:20:00Z,2026-09-16T16:20:00-04:00,2026-09-16,16:20,3249,Houdini’s Great Escape,Family Rides,false,0
2026-09-16T20:20:00Z,2026-09-16T16:20:00-04:00,2026-09-16,16:20,17427,Hypno Twister,Family Rides,false,0
2026-09-16T20:20:00Z,2026-09-16T16:20:00-04:00,2026-09-16,16:20,3250,Jolly Roger,Family Rides,false,0
2026-09-16T20:20:00Z,2026-09-16T16:20:00-04:00,2026-09-16,16:20,15829,Roaring Rapids,Family Rides,false,0
2026-09-16T20:20:00Z,2026-09-16T16:20:00-04:00,2026-09-16,16:20,15727,Scrambler,Family Rides,false,0
2026-09-16T20:20:00Z,2026-09-16T16:20:00-04:00,2026-09-16,16:20,3268,Tango,Family Rides,false,0
2026-09-16T20:20:00Z,2026-09-16T16:20:00-04:00,2026-09-16,16:20,17428,Wave Swinger,Family Rides,false,0
2026-09-16T20:20:00Z,2026-09-16T16:20:00-04:00,2026-09-16,16:20,3232,Air Safari,Kids' Rides,false,0
2026-09-16T20:20:00Z,2026-09-16T16:20:00-04:00,2026-09-16,16:20,10461,Barnstormer,Kids' Rides,false,0
2026-09-16T20:20:00Z,2026-09-16T16:20:00-04:00,2026-09-16,16:20,3275,Bugaboo,Kids' Rides,false,0
2026-09-16T20:20:00Z,2026-09-16T16:20:00-04:00,2026-09-16,16:20,3277,Bugs Bunny Camp Carousel,Kids' Rides,false,0
2026-09-16T20:20:00Z,2026-09-16T16:20:00-04:00,2026-09-16,16:20,3279,Bugs Bunny Ranger Pilots,Kids' Rides,false,0
2026-09-16T20:20:00Z,2026-09-16T16:20:00-04:00,2026-09-16,16:20,3240,Daffy Duck Hot Air Balloons,Kids' Rides,false,0
2026-09-16T20:20:00Z,2026-09-16T16:20:00-04:00,2026-09-16,16:20,10077,Lil' Devil Coaster,Kids' Rides,false,0
2026-09-16T20:20:00Z,2026-09-16T16:20:00-04:00,2026-09-16,16:20,15617,Porky Pig Camp Wagons,Kids' Rides,false,0
2026-09-16T20:20:00Z,2026-09-16T16:20:00-04:00,2026-09-16,16:20,3257,Raja’s Rickshaws,Kids' Rides,false,0
2026-09-16T20:20:00Z,2026-09-16T16:20:00-04:00,2026-09-16,16:20,3274,Safari Off-Road Adventure,Kids' Rides,false,0
2026-09-16T20:20:00Z,2026-09-16T16:20:00-04:00,2026-09-16,16:20,3283,Saw Mill Log Flume,Kids' Rides,false,0
2026-09-16T20:20:00Z,2026-09-16T16:20:00-04:00,2026-09-16,16:20,3281,Sky Zooma,Kids' Rides,false,0
2026-09-16T20:20:00Z,2026-09-16T16:20:00-04:00,2026-09-16,16:20,15789,Storm Chaser,Kids' Rides,false,0
2026-09-16T20:20:00Z,2026-09-16T16:20:00-04:00,2026-09-16,16:20,3267,Super Round Up,Kids' Rides,false,0
2026-09-16T20:20:00Z,2026-09-16T16:20:00-04:00,2026-09-16,16:20,15594,Tree Top Hopper,Kids' Rides,false,0
2026-09-16T20:20:00Z,2026-09-16T16:20:00-04:00,2026-09-16,16:20,3233,BATMAN™ The Ride,Thrill Rides,false,0
2026-09-16T20:20:00Z,2026-09-16T16:20:00-04:00,2026-09-16,16:20,3243,El Toro,Thrill Rides,false,0
2026-09-16T20:20:00Z,2026-09-16T16:20:00-04:00,2026-09-16,16:20,8539,Jersey Devil Coaster,Thrill Rides,false,0
2026-09-16T20:20:00Z,2026-09-16T16:20:00-04:00,2026-09-16,16:20,3916,JUSTICE LEAGUE™: Battle for METROPOLIS,Thrill Rides,false,0
2026-09-16T20:20:00Z,2026-09-16T16:20:00-04:00,2026-09-16,16:20,10533,Medusa,Thrill Rides,false,0
2026-09-16T20:20:00Z,2026-09-16T16:20:00-04:00,2026-09-16,16:20,3253,Nitro,Thrill Rides,false,0
2026-09-16T20:20:00Z,2026-09-16T16:20:00-04:00,2026-09-16,16:20,3261,Runaway Train,Thrill Rides,false,0
2026-09-16T20:20:00Z,2026-09-16T16:20:00-04:00,2026-09-16,16:20,3262,Skull Mountain,Thrill Rides,false,0
2026-09-16T20:20:00Z,2026-09-16T16:20:00-04:00,2026-09-16,16:20,3263,SkyScreamer,Thrill Rides,false,0
2026-09-16T20:20:00Z,2026-09-16T16:20:00-04:00,2026-09-16,16:20,3282,Slingshot,Thrill Rides,false,0
2026-09-16T20:20:00Z,2026-09-16T16:20:00-04:00,2026-09-16,16:20,3266,SUPERMAN™: Ultimate Flight,Thrill Rides,false,0
2026-09-16T20:20:00Z,2026-09-16T16:20:00-04:00,2026-09-16,16:20,3271,THE DARK KNIGHT™ Coaster,Thrill Rides,false,0
2026-09-16T20:20:00Z,2026-09-16T16:20:00-04:00,2026-09-16,16:20,14537,THE FLASH™: Vertical Velocity,Thrill Rides,false,0
2026-09-16T20:20:00Z,2026-09-16T16:20:00-04:00,2026-09-16,16:20,3288,THE JOKER™,Thrill Rides,false,0
2026-09-16T20:20:00Z,2026-09-16T16:20:00-04:00,2026-09-16,16:20,3273,Wile E. Coyote Canyon Blaster,Thrill Rides,false,0
2026-09-16T20:20:00Z,2026-09-16T16:20:00-04:00,2026-09-16,16:20,6371,WONDER WOMAN™ Lasso of Truth,Thrill Rides,false,0
2026-09-16T20:20:00Z,2026-09-16T16:20:00-04:00,2026-09-16,16:20,17721,Army of the Dead,,false,0
2026-09-16T20:20:00Z,2026-09-16T16:20:00-04:00,2026-09-16,16:20,17723,Asylum,,false,0
2026-09-16T20:20:00Z,2026-09-16T16:20:00-04:00,2026-09-16,16:20,17722,Big Top Terror,,false,0
2026-09-16T20:20:00Z,2026-09-16T16:20:00-04:00,2026-09-16,16:20,17724,The Conjuring Universe,,false,0
2026-09-16T20:20:00Z,2026-09-16T16:20:00-04:00,2026-09-16,16:20,17725,The Witch's Reflection,,false,0
2026-09-16T20:20:00Z,2026-09-16T16:20:00-04:00,2026-09-16,16:20,17720,Trick or Treatin' with Boo,,false,0
2026-09-16T20:25:00Z,2026-09-16T16:25:00-04:00,2026-09-16,16:25,3231,Air Jumbo,Family Rides,false,0
2026-09-16T20:25:00Z,2026-09-16T16:25:00-04:00,2026-09-16,16:25,17425,Barrels O’ Fun,Family Rides,false,0
2026-09-16T20:25:00Z,2026-09-16T16:25:00-04:00,2026-09-16,16:25,3270,Buccaneer,Family Rides,false,0
2026-09-16T20:25:00Z,2026-09-16T16:25:00-04:00,2026-09-16,16:25,3237,Carousel,Family Rides,false,0
2026-09-16T20:25:00Z,2026-09-16T16:25:00-04:00,2026-09-16,16:25,3244,Enchanted Teacups,Family Rides,false,0
2026-09-16T20:25:00Z,2026-09-16T16:25:00-04:00,2026-09-16,16:25,3245,Fender Benders,Family Rides,false,0
2026-09-16T20:25:00Z,2026-09-16T16:25:00-04:00,2026-09-16,16:25,17426,Flying Scooters,Family Rides,false,0
2026-09-16T20:25:00Z,2026-09-16T16:25:00-04:00,2026-09-16,16:25,15604,Giant Wheel,Family Rides,false,0
2026-09-16T20:25:00Z,2026-09-16T16:25:00-04:00,2026-09-16,16:25,3236,HARLEY QUINN™ Crazy Train,Family Rides,false,0
2026-09-16T20:25:00Z,2026-09-16T16:25:00-04:00,2026-09-16,16:25,3249,Houdini’s Great Escape,Family Rides,false,0
2026-09-16T20:25:00Z,2026-09-16T16:25:00-04:00,2026-09-16,16:25,17427,Hypno Twister,Family Rides,false,0
2026-09-16T20:25:00Z,2026-09-16T16:25:00-04:00,2026-09-16,16:25,3250,Jolly Roger,Family Rides,false,0
2026-09-16T20:25:00Z,2026-09-16T16:25:00-04:00,2026-09-16,16:25,15829,Roaring Rapids,Family Rides,false,0
2026-09-16T20:25:00Z,2026-09-16T16:25:00-04:00,2026-09-16,16:25,15727,Scrambler,Family Rides,false,0
2026-09-16T20:25:00Z,2026-09-16T16:25:00-04:00,2026-09-16,16:25,3268,Tango,Family Rides,false,0
2026-09-16T20:25:00Z,2026-09-16T16:25:00-04:00,2026-09-16,16:25,17428,Wave Swinger,Family Rides,false,0
2026-09-16T20:25:00Z,2026-09-16T16:25:00-04:00,2026-09-16,16:25,3232,Air Safari,Kids' Rides,false,0
2026-09-16T20:25:00Z,2026-09-16T16:25:00-04:00,2026-09-16,16:25,10461,Barnstormer,Kids' Rides,false,0
2026-09-16T20:25:00Z,2026-09-16T16:25:00-04:00,2026-09-16,16:25,3275,Bugaboo,Kids' Rides,false,0
2026-09-16T20:25:00Z,2026-09-16T16:25:00-04:00,2026-09-16,16:25,3277,Bugs Bunny Camp Carousel,Kids' Rides,false,0
2026-09-16T20:25:00Z,2026-09-16T16:25:00-04:00,2026-09-16,16:25,3279,Bugs Bunny Ranger Pilots,Kids' Rides,false,0
2026-09-16T20:25:00Z,2026-09-16T16:25:00-04:00,2026-09-16,16:25,3240,Daffy Duck Hot Air Balloons,Kids' Rides,false,0
2026-09-16T20:25:00Z,2026-09-16T16:25:00-04:00,2026-09-16,16:25,10077,Lil' Devil Coaster,Kids' Rides,false,0
2026-09-16T20:25:00Z,2026-09-16T16:25:00-04:00,2026-09-16,16:25,15617,Porky Pig Camp Wagons,Kids' Rides,false,0
2026-09-16T20:25:00Z,2026-09-16T16:25:00-04:00,2026-09-16,16:25,3257,Raja’s Rickshaws,Kids' Rides,false,0
2026-09-16T20:25:00Z,2026-09-16T16:25:00-04:00,2026-09-16,16:25,3274,Safari Off-Road Adventure,Kids' Rides,false,0
2026-09-16T20:25:00Z,2026-09-16T16:25:00-04:00,2026-09-16,16:25,3283,Saw Mill Log Flume,Kids' Rides,false,0
2026-09-16T20:25:00Z,2026-09-16T16:25:00-04:00,2026-09-16,16:25,3281,Sky Zooma,Kids' Rides,false,0
2026-09-16T20:25:00Z,2026-09-16T16:25:00-04:00,2026-09-16,16:25,15789,Storm Chaser,Kids' Rides,false,0
2026-09-16T20:25:00Z,2026-09-16T16:25:00-04:00,2026-09-16,16:25,3267,Super Round Up,Kids' Rides,false,0
2026-09-16T20:25:00Z,2026-09-16T16:25:00-04:00,2026-09-16,16:25,15594,Tree Top Hopper,Kids' Rides,false,0
2026-09-16T20:25:00Z,2026-09-16T16:25:00-04:00,2026-09-16,16:25,3233,BATMAN™ The Ride,Thrill Rides,false,0
2026-09-16T20:25:00Z,2026-09-16T16:25:00-04:00,2026-09-16,16:25,3243,El Toro,Thrill Rides,false,0
2026-09-16T20:25:00Z,2026-09-16T16:25:00-04:00,2026-09-16,16:25,8539,Jersey Devil Coaster,Thrill Rides,false,0
2026-09-16T20:25:00Z,2026-09-16T16:25:00-04:00,2026-09-16,16:25,3916,JUSTICE LEAGUE™: Battle for METROPOLIS,Thrill Rides,false,0
2026-09-16T20:25:00Z,2026-09-16T16:25:00-04:00,2026-09-16,16:25,10533,Medusa,Thrill Rides,false,0
2026-09-16T20:25:00Z,2026-09-16T16:25:00-04:00,2026-09-16,16:25,3253,Nitro,Thrill Rides,false,0
2026-09-16T20:25:00Z,2026-09-16T16:25:00-04:00,2026-09-16,16:25,3261,Runaway Train,Thrill Rides,false,0
2026-09-16T20:25:00Z,2026-09-16T16:25:00-04:00,2026-09-16,16:25,3262,Skull Mountain,Thrill Rides,false,0
2026-09-16T20:25:00Z,2026-09-16T16:25:00-04:00,2026-09-16,16:25,3263,SkyScreamer,Thrill Rides,false,0
2026-09-16T20:25:00Z,2026-09-16T16:25:00-04:00,2026-09-16,16:25,3282,Slingshot,Thrill Rides,false,0
2026-09-16T20:25:00Z,2026-09-16T16:25:00-04:00,2026-09-16,16:25,3266,SUPERMAN™: Ultimate Flight,Thrill Rides,false,0
2026-09-16T20:25:00Z,2026-09-16T16:25:00-04:00,2026-09-16,16:25,3271,THE DARK KNIGHT™ Coaster,Thrill Rides,false,0
2026-09-16T20:25:00Z,2026-09-16T16:25:00-04:00,2026-09-16,16:25,14537,THE FLASH™: Vertical Velocity,Thrill Rides,false,0
2026-09-16T20:25:00Z,2026-09-16T16:25:00-04:00,2026-09-16,16:25,3288,THE JOKER™,Thrill Rides,false,0
2026-09-16T20:25:00Z,2026-09-16T16:25:00-04:00,2026-09-16,16:25,3273,Wile E. Coyote Canyon Blaster,Thrill Rides,false,0
2026-09-16T20:25:00Z,2026-09-16T16:25:00-04:00,2026-09-16,16:25,6371,WONDER WOMAN™ Lasso of Truth,Thrill Rides,false,0
2026-09-16T20:25:00Z,2026-09-16T16:25:00-04:00,2026-09-16,16:25,17721,Army of the Dead,,false,0
2026-09-16T20:25:00Z,2026-09-16T16:25:00-04:00,2026-09-16,16:25,17723,Asylum,,false,0
2026-09-16T20:25:00Z,2026-09-16T16:25:00-04:00,2026-09-16,16:25,17722,Big Top Terror,,false,0
2026-09-16T20:25:00Z,2026-09-16T16:25:00-04:00,2026-09-16,16:25,17724,The Conjuring Universe,,false,0
2026-09-16T20:25:00Z,2026-09-16T16:25:00-04:00,2026-09-16,16:25,17725,The Witch's Reflection,,false,0
2026-09-16T20:25:00Z,2026-09-16T16:25:00-04:00,2026-09-16,16:25,17720,Trick or Treatin' with Boo,,false,0
2026-09-16T20:30:00Z,2026-09-16T16:30:00-04:00,2026-09-16,16:30,3231,Air Jumbo,Family Rides,false,0
2026-09-16T20:30:00Z,2026-09-16T16:30:00-04:00,2026-09-16,16:30,17425,Barrels O’ Fun,Family Rides,false,0
2026-09-16T20:30:00Z,2026-09-16T16:30:00-04:00,2026-09-16,16:30,3270,Buccaneer,Family Rides,false,0
2026-09-16T20:30:00Z,2026-09-16T16:30:00-04:00,2026-09-16,16:30,3237,Carousel,Family Rides,false,0
2026-09-16T20:30:00Z,2026-09-16T16:30:00-04:00,2026-09-16,16:30,3244,Enchanted Teacups,Family Rides,false,0
2026-09-16T20:30:00Z,2026-09-16T16:30:00-04:00,2026-09-16,16:30,3245,Fender Benders,Family Rides,false,0
2026-09-16T20:30:00Z,2026-09-16T16:30:00-04:00,2026-09-16,16:30,17426,Flying Scooters,Family Rides,false,0
2026-09-16T20:30:00Z,2026-09-16T16:30:00-04:00,2026-09-16,16:30,15604,Giant Wheel,Family Rides,false,0
2026-09-16T20:30:00Z,2026-09-16T16:30:00-04:00,2026-09-16,16:30,3236,HARLEY QUINN™ Crazy Train,Family Rides,false,0
2026-09-16T20:30:00Z,2026-09-16T16:30:00-04:00,2026-09-16,16:30,3249,Houdini’s Great Escape,Family Rides,false,0
2026-09-16T20:30:00Z,2026-09-16T16:30:00-04:00,2026-09-16,16:30,17427,Hypno Twister,Family Rides,false,0
2026-09-16T20:30:00Z,2026-09-16T16:30:00-04:00,2026-09-16,16:30,3250,Jolly Roger,Family Rides,false,0
2026-09-16T20:30:00Z,2026-09-16T16:30:00-04:00,2026-09-16,16:30,15829,Roaring Rapids,Family Rides,false,0
2026-09-16T20:30:00Z,2026-09-16T16:30:00-04:00,2026-09-16,16:30,15727,Scrambler,Family Rides,false,0
2026-09-16T20:30:00Z,2026-09-16T16:30:00-04:00,2026-09-16,16:30,3268,Tango,Family Rides,false,0
2026-09-16T20:30:00Z,2026-09-16T16:30:00-04:00,2026-09-16,16:30,17428,Wave Swinger,Family Rides,false,0
2026-09-16T20:30:00Z,2026-09-16T16:30:00-04:00,2026-09-16,16:30,3232,Air Safari,Kids' Rides,false,0
2026-09-16T20:30:00Z,2026-09-16T16:30:00-04:00,2026-09-16,16:30,10461,Barnstormer,Kids' Rides,false,0
2026-09-16T20:30:00Z,2026-09-16T16:30:00-04:00,2026-09-16,16:30,3275,Bugaboo,Kids' Rides,false,0
2026-09-16T20:30:00Z,2026-09-16T16:30:00-04:00,2026-09-16,16:30,3277,Bugs Bunny Camp Carousel,Kids' Rides,false,0
2026-09-16T20:30:00Z,2026-09-16T16:30:00-04:00,2026-09-16,16:30,3279,Bugs Bunny Ranger Pilots,Kids' Rides,false,0
2026-09-16T20:30:00Z,2026-09-16T16:30:00-04:00,2026-09-16,16:30,3240,Daffy Duck Hot Air Balloons,Kids' Rides,false,0
2026-09-16T20:30:00Z,2026-09-16T16:30:00-04:00,2026-09-16,16:30,10077,Lil' Devil Coaster,Kids' Rides,false,0
2026-09-16T20:30:00Z,2026-09-16T16:30:00-04:00,2026-09-16,16:30,15617,Porky Pig Camp Wagons,Kids' Rides,false,0
2026-09-16T20:30:00Z,2026-09-16T16:30:00-04:00,2026-09-16,16:30,3257,Raja’s Rickshaws,Kids' Rides,false,0
2026-09-16T20:30:00Z,2026-09-16T16:30:00-04:00,2026-09-16,16:30,3274,Safari Off-Road Adventure,Kids' Rides,false,0
2026-09-16T20:30:00Z,2026-09-16T16:30:00-04:00,2026-09-16,16:30,3283,Saw Mill Log Flume,Kids' Rides,false,0
2026-09-16T20:30:00Z,2026-09-16T16:30:00-04:00,2026-09-16,16:30,3281,Sky Zooma,Kids' Rides,false,0
2026-09-16T20:30:00Z,2026-09-16T16:30:00-04:00,2026-09-16,16:30,15789,Storm Chaser,Kids' Rides,false,0
2026-09-16T20:30:00Z,2026-09-16T16:30:00-04:00,2026-09-16,16:30,3267,Super Round Up,Kids' Rides,false,0
2026-09-16T20:30:00Z,2026-09-16T16:30:00-04:00,2026-09-16,16:30,15594,Tree Top Hopper,Kids' Rides,false,0
2026-09-16T20:30:00Z,2026-09-16T16:30:00-04:00,2026-09-16,16:30,3233,BATMAN™ The Ride,Thrill Rides,false,0
2026-09-16T20:30:00Z,2026-09-16T16:30:00-04:00,2026-09-16,16:30,3243,El Toro,Thrill Rides,false,0
2026-09-16T20:30:00Z,2026-09-16T16:30:00-04:00,2026-09-16,16:30,8539,Jersey Devil Coaster,Thrill Rides,false,0
2026-09-16T20:30:00Z,2026-09-16T16:30:00-04:00,2026-09-16,16:30,3916,JUSTICE LEAGUE™: Battle for METROPOLIS,Thrill Rides,false,0
2026-09-16T20:30:00Z,2026-09-16T16:30:00-04:00,2026-09-16,16:30,10533,Medusa,Thrill Rides,false,0
2026-09-16T20:30:00Z,2026-09-16T16:30:00-04:00,2026-09-16,16:30,3253,Nitro,Thrill Rides,false,0
2026-09-16T20:30:00Z,2026-09-16T16:30:00-04:00,2026-09-16,16:30,3261,Runaway Train,Thrill Rides,false,0
2026-09-16T20:30:00Z,2026-09-16T16:30:00-04:00,2026-09-16,16:30,3262,Skull Mountain,Thrill Rides,false,0
2026-09-16T20:30:00Z,2026-09-16T16:30:00-04:00,2026-09-16,16:30,3263,SkyScreamer,Thrill Rides,false,0
2026-09-16T20:30:00Z,2026-09-16T16:30:00-04:00,2026-09-16,16:30,3282,Slingshot,Thrill Rides,false,0
2026-09-16T20:30:00Z,2026-09-16T16:30:00-04:00,2026-09-16,16:30,3266,SUPERMAN™: Ultimate Flight,Thrill Rides,false,0
2026-09-16T20:30:00Z,2026-09-16T16:30:00-04:00,2026-09-16,16:30,3271,THE DARK KNIGHT™ Coaster,Thrill Rides,false,0
2026-09-16T20:30:00Z,2026-09-16T16:30:00-04:00,2026-09-16,16:30,14537,THE FLASH™: Vertical Velocity,Thrill Rides,false,0
2026-09-16T20:30:00Z,2026-09-16T16:30:00-04:00,2026-09-16,16:30,3288,THE JOKER™,Thrill Rides,false,0
2026-09-16T20:30:00Z,2026-09-16T16:30:00-04:00,2026-09-16,16:30,3273,Wile E. Coyote Canyon Blaster,Thrill Rides,false,0
2026-09-16T20:30:00Z,2026-09-16T16:30:00-04:00,2026-09-16,16:30,6371,WONDER WOMAN™ Lasso of Truth,Thrill Rides,false,0
2026-09-16T20:30:00Z,2026-09-16T16:30:00-04:00,2026-09-16,16:30,17721,Army of the Dead,,false,0
2026-09-16T20:30:00Z,2026-09-16T16:30:00-04:00,2026-09-16,16:30,17723,Asylum,,false,0
2026-09-16T20:30:00Z,2026-09-16T16:30:00-04:00,2026-09-16,16:30,17722,Big Top Terror,,false,0
2026-09-16T20:30:00Z,2026-09-16T16:30:00-04:00,2026-09-16,16:30,17724,The Conjuring Universe,,false,0
2026-09-16T20:30:00Z,2026-09-16T16:30:00-04:00,2026-09-16,16:30,17725,The Witch's Reflection,,false,0
2026-09-16T20:30:00Z,2026-09-16T16:30:00-04:00,2026-09-16,16:30,17720,Trick or Treatin' with Boo,,false,0
2026-09-16T20:35:00Z,2026-09-16T16:35:00-04:00,2026-09-16,16:35,3231,Air Jumbo,Family Rides,false,0
2026-09-16T20:35:00Z,2026-09-16T16:35:00-04:00,2026-09-16,16:35,17425,Barrels O’ Fun,Family Rides,false,0
2026-09-16T20:35:00Z,2026-09-16T16:35:00-04:00,2026-09-16,16:35,3270,Buccaneer,Family Rides,false,0
2026-09-16T20:35:00Z,2026-09-16T16:35:00-04:00,2026-09-16,16:35,3237,Carousel,Family Rides,false,0
2026-09-16T20:35:00Z,2026-09-16T16:35:00-04:00,2026-09-16,16:35,3244,Enchanted Teacups,Family Rides,false,0
2026-09-16T20:35:00Z,2026-09-16T16:35:00-04:00,2026-09-16,16:35,3245,Fender Benders,Family Rides,false,0
2026-09-16T20:35:00Z,2026-09-16T16:35:00-04:00,2026-09-16,16:35,17426,Flying Scooters,Family Rides,false,0
2026-09-16T20:35:00Z,2026-09-16T16:35:00-04:00,2026-09-16,16:35,15604,Giant Wheel,Family Rides,false,0
2026-09-16T20:35:00Z,2026-09-16T16:35:00-04:00,2026-09-16,16:35,3236,HARLEY QUINN™ Crazy Train,Family Rides,false,0
2026-09-16T20:35:00Z,2026-09-16T16:35:00-04:00,2026-09-16,16:35,3249,Houdini’s Great Escape,Family Rides,false,0
2026-09-16T20:35:00Z,2026-09-16T16:35:00-04:00,2026-09-16,16:35,17427,Hypno Twister,Family Rides,false,0
2026-09-16T20:35:00Z,2026-09-16T16:35:00-04:00,2026-09-16,16:35,3250,Jolly Roger,Family Rides,false,0
2026-09-16T20:35:00Z,2026-09-16T16:35:00-04:00,2026-09-16,16:35,15829,Roaring Rapids,Family Rides,false,0
2026-09-16T20:35:00Z,2026-09-16T16:35:00-04:00,2026-09-16,16:35,15727,Scrambler,Family Rides,false,0
2026-09-16T20:35:00Z,2026-09-16T16:35:00-04:00,2026-09-16,16:35,3268,Tango,Family Rides,false,0
2026-09-16T20:35:00Z,2026-09-16T16:35:00-04:00,2026-09-16,16:35,17428,Wave Swinger,Family Rides,false,0
2026-09-16T20:35:00Z,2026-09-16T16:35:00-04:00,2026-09-16,16:35,3232,Air Safari,Kids' Rides,false,0
2026-09-16T20:35:00Z,2026-09-16T16:35:00-04:00,2026-09-16,16:35,10461,Barnstormer,Kids' Rides,false,0
2026-09-16T20:35:00Z,2026-09-16T16:35:00-04:00,2026-09-16,16:35,3275,Bugaboo,Kids' Rides,false,0
2026-09-16T20:35:00Z,2026-09-16T16:35:00-04:00,2026-09-16,16:35,3277,Bugs Bunny Camp Carousel,Kids' Rides,false,0
2026-09-16T20:35:00Z,2026-09-16T16:35:00-04:00,2026-09-16,16:35,3279,Bugs Bunny Ranger Pilots,Kids' Rides,false,0
2026-09-16T20:35:00Z,2026-09-16T16:35:00-04:00,2026-09-16,16:35,3240,Daffy Duck Hot Air Balloons,Kids' Rides,false,0
2026-09-16T20:35:00Z,2026-09-16T16:35:00-04:00,2026-09-16,16:35,10077,Lil' Devil Coaster,Kids' Rides,false,0
2026-09-16T20:35:00Z,2026-09-16T16:35:00-04:00,2026-09-16,16:35,15617,Porky Pig Camp Wagons,Kids' Rides,false,0
2026-09-16T20:35:00Z,2026-09-16T16:35:00-04:00,2026-09-16,16:35,3257,Raja’s Rickshaws,Kids' Rides,false,0
2026-09-16T20:35:00Z,2026-09-16T16:35:00-04:00,2026-09-16,16:35,3274,Safari Off-Road Adventure,Kids' Rides,false,0
2026-09-16T20:35:00Z,2026-09-16T16:35:00-04:00,2026-09-16,16:35,3283,Saw Mill Log Flume,Kids' Rides,false,0
2026-09-16T20:35:00Z,2026-09-16T16:35:00-04:00,2026-09-16,16:35,3281,Sky Zooma,Kids' Rides,false,0
2026-09-16T20:35:00Z,2026-09-16T16:35:00-04:00,2026-09-16,16:35,15789,Storm Chaser,Kids' Rides,false,0
2026-09-16T20:35:00Z,2026-09-16T16:35:00-04:00,2026-09-16,16:35,3267,Super Round Up,Kids' Rides,false,0
2026-09-16T20:35:00Z,2026-09-16T16:35:00-04:00,2026-09-16,16:35,15594,Tree Top Hopper,Kids' Rides,false,0
2026-09-16T20:35:00Z,2026-09-16T16:35:00-04:00,2026-09-16,16:35,3233,BATMAN™ The Ride,Thrill Rides,false,0
2026-09-16T20:35:00Z,2026-09-16T16:35:00-04:00,2026-09-16,16:35,3243,El Toro,Thrill Rides,false,0
2026-09-16T20:35:00Z,2026-09-16T16:35:00-04:00,2026-09-16,16:35,8539,Jersey Devil Coaster,Thrill Rides,false,0
2026-09-16T20:35:00Z,2026-09-16T16:35:00-04:00,2026-09-16,16:35,3916,JUSTICE LEAGUE™: Battle for METROPOLIS,Thrill Rides,false,0
2026-09-16T20:35:00Z,2026-09-16T16:35:00-04:00,2026-09-16,16:35,10533,Medusa,Thrill Rides,false,0
2026-09-16T20:35:00Z,2026-09-16T16:35:00-04:00,2026-09-16,16:35,3253,Nitro,Thrill Rides,false,0
2026-09-16T20:35:00Z,2026-09-16T16:35:00-04:00,2026-09-16,16:35,3261,Runaway Train,Thrill Rides,false,0
2026-09-16T20:35:00Z,2026-09-16T16:35:00-04:00,2026-09-16,16:35,3262,Skull Mountain,Thrill Rides,false,0
2026-09-16T20:35:00Z,2026-09-16T16:35:00-04:00,2026-09-16,16:35,3263,SkyScreamer,Thrill Rides,false,0
2026-09-16T20:35:00Z,2026-09-16T16:35:00-04:00,2026-09-16,16:35,3282,Slingshot,Thrill Rides,false,0
2026-09-16T20:35:00Z,2026-09-16T16:35:00-04:00,2026-09-16,16:35,3266,SUPERMAN™: Ultimate Flight,Thrill Rides,false,0
2026-09-16T20:35:00Z,2026-09-16T16:35:00-04:00,2026-09-16,16:35,3271,THE DARK KNIGHT™ Coaster,Thrill Rides,false,0
2026-09-16T20:35:00Z,2026-09-16T16:35:00-04:00,2026-09-16,16:35,14537,THE FLASH™: Vertical Velocity,Thrill Rides,false,0
2026-09-16T20:35:00Z,2026-09-16T16:35:00-04:00,2026-09-16,16:35,3288,THE JOKER™,Thrill Rides,false,0
2026-09-16T20:35:00Z,2026-09-16T16:35:00-04:00,2026-09-16,16:35,3273,Wile E. Coyote Canyon Blaster,Thrill Rides,false,0
2026-09-16T20:35:00Z,2026-09-16T16:35:00-04:00,2026-09-16,16:35,6371,WONDER WOMAN™ Lasso of Truth,Thrill Rides,false,0
2026-09-16T20:35:00Z,2026-09-16T16:35:00-04:00,2026-09-16,16:35,17721,Army of the Dead,,false,0
2026-09-16T20:35:00Z,2026-09-16T16:35:00-04:00,2026-09-16,16:35,17723,Asylum,,false,0
2026-09-16T20:35:00Z,2026-09-16T16:35:00-04:00,2026-09-16,16:35,17722,Big Top Terror,,false,0
2026-09-16T20:35:00Z,2026-09-16T16:35:00-04:00,2026-09-16,16:35,17724,The Conjuring Universe,,false,0
2026-09-16T20:35:00Z,2026-09-16T16:35:00-04:00,2026-09-16,16:35,17725,The Witch's Reflection,,false,0
2026-09-16T20:35:00Z,2026-09-16T16:35:00-04:00,2026-09-16,16:35,17720,Trick or Treatin' with Boo,,false,0
2026-09-16T20:40:00Z,2026-09-16T16:40:00-04:00,2026-09-16,16:40,3231,Air Jumbo,Family Rides,false,0
2026-09-16T20:40:00Z,2026-09-16T16:40:00-04:00,2026-09-16,16:40,17425,Barrels O’ Fun,Family Rides,false,0
2026-09-16T20:40:00Z,2026-09-16T16:40:00-04:00,2026-09-16,16:40,3270,Buccaneer,Family Rides,false,0
2026-09-16T20:40:00Z,2026-09-16T16:40:00-04:00,2026-09-16,16:40,3237,Carousel,Family Rides,false,0
2026-09-16T20:40:00Z,2026-09-16T16:40:00-04:00,2026-09-16,16:40,3244,Enchanted Teacups,Family Rides,false,0
2026-09-16T20:40:00Z,2026-09-16T16:40:00-04:00,2026-09-16,16:40,3245,Fender Benders,Family Rides,false,0
2026-09-16T20:40:00Z,2026-09-16T16:40:00-04:00,2026-09-16,16:40,17426,Flying Scooters,Family Rides,false,0
2026-09-16T20:40:00Z,2026-09-16T16:40:00-04:00,2026-09-16,16:40,15604,Giant Wheel,Family Rides,false,0
2026-09-16T20:40:00Z,2026-09-16T16:40:00-04:00,2026-09-16,16:40,3236,HARLEY QUINN™ Crazy Train,Family Rides,false,0
2026-09-16T20:40:00Z,2026-09-16T16:40:00-04:00,2026-09-16,16:40,3249,Houdini’s Great Escape,Family Rides,false,0
2026-09-16T20:40:00Z,2026-09-16T16:40:00-04:00,2026-09-16,16:40,17427,Hypno Twister,Family Rides,false,0
2026-09-16T20:40:00Z,2026-09-16T16:40:00-04:00,2026-09-16,16:40,3250,Jolly Roger,Family Rides,false,0
2026-09-16T20:40:00Z,2026-09-16T16:40:00-04:00,2026-09-16,16:40,15829,Roaring Rapids,Family Rides,false,0
2026-09-16T20:40:00Z,2026-09-16T16:40:00-04:00,2026-09-16,16:40,15727,Scrambler,Family Rides,false,0
2026-09-16T20:40:00Z,2026-09-16T16:40:00-04:00,2026-09-16,16:40,3268,Tango,Family Rides,false,0
2026-09-16T20:40:00Z,2026-09-16T16:40:00-04:00,2026-09-16,16:40,17428,Wave Swinger,Family Rides,false,0
2026-09-16T20:40:00Z,2026-09-16T16:40:00-04:00,2026-09-16,16:40,3232,Air Safari,Kids' Rides,false,0
2026-09-16T20:40:00Z,2026-09-16T16:40:00-04:00,2026-09-16,16:40,10461,Barnstormer,Kids' Rides,false,0
2026-09-16T20:40:00Z,2026-09-16T16:40:00-04:00,2026-09-16,16:40,3275,Bugaboo,Kids' Rides,false,0
2026-09-16T20:40:00Z,2026-09-16T16:40:00-04:00,2026-09-16,16:40,3277,Bugs Bunny Camp Carousel,Kids' Rides,false,0
2026-09-16T20:40:00Z,2026-09-16T16:40:00-04:00,2026-09-16,16:40,3279,Bugs Bunny Ranger Pilots,Kids' Rides,false,0
2026-09-16T20:40:00Z,2026-09-16T16:40:00-04:00,2026-09-16,16:40,3240,Daffy Duck Hot Air Balloons,Kids' Rides,false,0
2026-09-16T20:40:00Z,2026-09-16T16:40:00-04:00,2026-09-16,16:40,10077,Lil' Devil Coaster,Kids' Rides,false,0
2026-09-16T20:40:00Z,2026-09-16T16:40:00-04:00,2026-09-16,16:40,15617,Porky Pig Camp Wagons,Kids' Rides,false,0
2026-09-16T20:40:00Z,2026-09-16T16:40:00-04:00,2026-09-16,16:40,3257,Raja’s Rickshaws,Kids' Rides,false,0
2026-09-16T20:40:00Z,2026-09-16T16:40:00-04:00,2026-09-16,16:40,3274,Safari Off-Road Adventure,Kids' Rides,false,0
2026-09-16T20:40:00Z,2026-09-16T16:40:00-04:00,2026-09-16,16:40,3283,Saw Mill Log Flume,Kids' Rides,false,0
2026-09-16T20:40:00Z,2026-09-16T16:40:00-04:00,2026-09-16,16:40,3281,Sky Zooma,Kids' Rides,false,0
2026-09-16T20:40:00Z,2026-09-16T16:40:00-04:00,2026-09-16,16:40,15789,Storm Chaser,Kids' Rides,false,0
2026-09-16T20:40:00Z,2026-09-16T16:40:00-04:00,2026-09-16,16:40,3267,Super Round Up,Kids' Rides,false,0
2026-09-16T20:40:00Z,2026-09-16T16:40:00-04:00,2026-09-16,16:40,15594,Tree Top Hopper,Kids' Rides,false,0
2026-09-16T20:40:00Z,2026-09-16T16:40:00-04:00,2026-09-16,16:40,3233,BATMAN™ The Ride,Thrill Rides,false,0
2026-09-16T20:40:00Z,2026-09-16T16:40:00-04:00,2026-09-16,16:40,3243,El Toro,Thrill Rides,false,0
2026-09-16T20:40:00Z,2026-09-16T16:40:00-04:00,2026-09-16,16:40,8539,Jersey Devil Coaster,Thrill Rides,false,0
2026-09-16T20:40:00Z,2026-09-16T16:40:00-04:00,2026-09-16,16:40,3916,JUSTICE LEAGUE™: Battle for METROPOLIS,Thrill Rides,false,0
2026-09-16T20:40:00Z,2026-09-16T16:40:00-04:00,2026-09-16,16:40,10533,Medusa,Thrill Rides,false,0
2026-09-16T20:40:00Z,2026-09-16T16:40:00-04:00,2026-09-16,16:40,3253,Nitro,Thrill Rides,false,0
2026-09-16T20:40:00Z,2026-09-16T16:40:00-04:00,2026-09-16,16:40,3261,Runaway Train,Thrill Rides,false,0
2026-09-16T20:40:00Z,2026-09-16T16:40:00-04:00,2026-09-16,16:40,3262,Skull Mountain,Thrill Rides,false,0
2026-09-16T20:40:00Z,2026-09-16T16:40:00-04:00,2026-09-16,16:40,3263,SkyScreamer,Thrill Rides,false,0
2026-09-16T20:40:00Z,2026-09-16T16:40:00-04:00,2026-09-16,16:40,3282,Slingshot,Thrill Rides,false,0
2026-09-16T20:40:00Z,2026-09-16T16:40:00-04:00,2026-09-16,16:40,3266,SUPERMAN™: Ultimate Flight,Thrill Rides,false,0
2026-09-16T20:40:00Z,2026-09-16T16:40:00-04:00,2026-09-16,16:40,3271,THE DARK KNIGHT™ Coaster,Thrill Rides,false,0
2026-09-16T20:40:00Z,2026-09-16T16:40:00-04:00,2026-09-16,16:40,14537,THE FLASH™: Vertical Velocity,Thrill Rides,false,0
2026-09-16T20:40:00Z,2026-09-16T16:40:00-04:00,2026-09-16,16:40,3288,THE JOKER™,Thrill Rides,false,0
2026-09-16T20:40:00Z,2026-09-16T16:40:00-04:00,2026-09-16,16:40,3273,Wile E. Coyote Canyon Blaster,Thrill Rides,false,0
2026-09-16T20:40:00Z,2026-09-16T16:40:00-04:00,2026-09-16,16:40,6371,WONDER WOMAN™ Lasso of Truth,Thrill Rides,false,0
2026-09-16T20:40:00Z,2026-09-16T16:40:00-04:00,2026-09-16,16:40,17721,Army of the Dead,,false,0
2026-09-16T20:40:00Z,2026-09-16T16:40:00-04:00,2026-09-16,16:40,17723,Asylum,,false,0
2026-09-16T20:40:00Z,2026-09-16T16:40:00-04:00,2026-09-16,16:40,17722,Big Top Terror,,false,0
2026-09-16T20:40:00Z,2026-09-16T16:40:00-04:00,2026-09-16,16:40,17724,The Conjuring Universe,,false,0
2026-09-16T20:40:00Z,2026-09-16T16:40:00-04:00,2026-09-16,16:40,17725,The Witch's Reflection,,false,0
2026-09-16T20:40:00Z,2026-09-16T16:40:00-04:00,2026-09-16,16:40,17720,Trick or Treatin' with Boo,,false,0
2026-09-16T20:45:00Z,2026-09-16T16:45:00-04:00,2026-09-16,16:45,3231,Air Jumbo,Family Rides,false,0
2026-09-16T20:45:00Z,2026-09-16T16:45:00-04:00,2026-09-16,16:45,17425,Barrels O’ Fun,Family Rides,false,0
2026-09-16T20:45:00Z,2026-09-16T16:45:00-04:00,2026-09-16,16:45,3270,Buccaneer,Family Rides,false,0
2026-09-16T20:45:00Z,2026-09-16T16:45:00-04:00,2026-09-16,16:45,3237,Carousel,Family Rides,false,0
2026-09-16T20:45:00Z,2026-09-16T16:45:00-04:00,2026-09-16,16:45,3244,Enchanted Teacups,Family Rides,false,0
2026-09-16T20:45:00Z,2026-09-16T16:45:00-04:00,2026-09-16,16:45,3245,Fender Benders,Family Rides,false,0
2026-09-16T20:45:00Z,2026-09-16T16:45:00-04:00,2026-09-16,16:45,17426,Flying Scooters,Family Rides,false,0
2026-09-16T20:45:00Z,2026-09-16T16:45:00-04:00,2026-09-16,16:45,15604,Giant Wheel,Family Rides,false,0
2026-09-16T20:45:00Z,2026-09-16T16:45:00-04:00,2026-09-16,16:45,3236,HARLEY QUINN™ Crazy Train,Family Rides,false,0
2026-09-16T20:45:00Z,2026-09-16T16:45:00-04:00,2026-09-16,16:45,3249,Houdini’s Great Escape,Family Rides,false,0
2026-09-16T20:45:00Z,2026-09-16T16:45:00-04:00,2026-09-16,16:45,17427,Hypno Twister,Family Rides,false,0
2026-09-16T20:45:00Z,2026-09-16T16:45:00-04:00,2026-09-16,16:45,3250,Jolly Roger,Family Rides,false,0
2026-09-16T20:45:00Z,2026-09-16T16:45:00-04:00,2026-09-16,16:45,15829,Roaring Rapids,Family Rides,false,0
2026-09-16T20:45:00Z,2026-09-16T16:45:00-04:00,2026-09-16,16:45,15727,Scrambler,Family Rides,false,0
2026-09-16T20:45:00Z,2026-09-16T16:45:00-04:00,2026-09-16,16:45,3268,Tango,Family Rides,false,0
2026-09-16T20:45:00Z,2026-09-16T16:45:00-04:00,2026-09-16,16:45,17428,Wave Swinger,Family Rides,false,0
2026-09-16T20:45:00Z,2026-09-16T16:45:00-04:00,2026-09-16,16:45,3232,Air Safari,Kids' Rides,false,0
2026-09-16T20:45:00Z,2026-09-16T16:45:00-04:00,2026-09-16,16:45,10461,Barnstormer,Kids' Rides,false,0
2026-09-16T20:45:00Z,2026-09-16T16:45:00-04:00,2026-09-16,16:45,3275,Bugaboo,Kids' Rides,false,0
2026-09-16T20:45:00Z,2026-09-16T16:45:00-04:00,2026-09-16,16:45,3277,Bugs Bunny Camp Carousel,Kids' Rides,false,0
2026-09-16T20:45:00Z,2026-09-16T16:45:00-04:00,2026-09-16,16:45,3279,Bugs Bunny Ranger Pilots,Kids' Rides,false,0
2026-09-16T20:45:00Z,2026-09-16T16:45:00-04:00,2026-09-16,16:45,3240,Daffy Duck Hot Air Balloons,Kids' Rides,false,0
2026-09-16T20:45:00Z,2026-09-16T16:45:00-04:00,2026-09-16,16:45,10077,Lil' Devil Coaster,Kids' Rides,false,0
2026-09-16T20:45:00Z,2026-09-16T16:45:00-04:00,2026-09-16,16:45,15617,Porky Pig Camp Wagons,Kids' Rides,false,0
2026-09-16T20:45:00Z,2026-09-16T16:45:00-04:00,2026-09-16,16:45,3257,Raja’s Rickshaws,Kids' Rides,false,0
2026-09-16T20:45:00Z,2026-09-16T16:45:00-04:00,2026-09-16,16:45,3274,Safari Off-Road Adventure,Kids' Rides,false,0
2026-09-16T20:45:00Z,2026-09-16T16:45:00-04:00,2026-09-16,16:45,3283,Saw Mill Log Flume,Kids' Rides,false,0
2026-09-16T20:45:00Z,2026-09-16T16:45:00-04:00,2026-09-16,16:45,3281,Sky Zooma,Kids' Rides,false,0
2026-09-16T20:45:00Z,2026-09-16T16:45:00-04:00,2026-09-16,16:45,15789,Storm Chaser,Kids' Rides,false,0
2026-09-16T20:45:00Z,2026-09-16T16:45:00-04:00,2026-09-16,16:45,3267,Super Round Up,Kids' Rides,false,0
2026-09-16T20:45:00Z,2026-09-16T16:45:00-04:00,2026-09-16,16:45,15594,Tree Top Hopper,Kids' Rides,false,0
2026-09-16T20:45:00Z,2026-09-16T16:45:00-04:00,2026-09-16,16:45,3233,BATMAN™ The Ride,Thrill Rides,false,0
2026-09-16T20:45:00Z,2026-09-16T16:45:00-04:00,2026-09-16,16:45,3243,El Toro,Thrill Rides,false,0
2026-09-16T20:45:00Z,2026-09-16T16:45:00-04:00,2026-09-16,16:45,8539,Jersey Devil Coaster,Thrill Rides,false,0
2026-09-16T20:45:00Z,2026-09-16T16:45:00-04:00,2026-09-16,16:45,3916,JUSTICE LEAGUE™: Battle for METROPOLIS,Thrill Rides,false,0
2026-09-16T20:45:00Z,2026-09-16T16:45:00-04:00,2026-09-16,16:45,10533,Medusa,Thrill Rides,false,0
2026-09-16T20:45:00Z,2026-09-16T16:45:00-04:00,2026-09-16,16:45,3253,Nitro,Thrill Rides,false,0
2026-09-16T20:45:00Z,2026-09-16T16:45:00-04:00,2026-09-16,16:45,3261,Runaway Train,Thrill Rides,false,0
2026-09-16T20:45:00Z,2026-09-16T16:45:00-04:00,2026-09-16,16:45,3262,Skull Mountain,Thrill Rides,false,0
2026-09-16T20:45:00Z,2026-09-16T16:45:00-04:00,2026-09-16,16:45,3263,SkyScreamer,Thrill Rides,false,0
2026-09-16T20:45:00Z,2026-09-16T16:45:00-04:00,2026-09-16,16:45,3282,Slingshot,Thrill Rides,false,0
2026-09-16T20:45:00Z,2026-09-16T16:45:00-04:00,2026-09-16,16:45,3266,SUPERMAN™: Ultimate Flight,Thrill Rides,false,0
2026-09-16T20:45:00Z,2026-09-16T16:45:00-04:00,2026-09-16,16:45,3271,THE DARK KNIGHT™ Coaster,Thrill Rides,false,0
2026-09-16T20:45:00Z,2026-09-16T16:45:00-04:00,2026-09-16,16:45,14537,THE FLASH™: Vertical Velocity,Thrill Rides,false,0
2026-09-16T20:45:00Z,2026-09-16T16:45:00-04:00,2026-09-16,16:45,3288,THE JOKER™,Thrill Rides,false,0
2026-09-16T20:45:00Z,2026-09-16T16:45:00-04:00,2026-09-16,16:45,3273,Wile E. Coyote Canyon Blaster,Thrill Rides,false,0
2026-09-16T20:45:00Z,2026-09-16T16:45:00-04:00,2026-09-16,16:45,6371,WONDER WOMAN™ Lasso of Truth,Thrill Rides,false,0
2026-09-16T20:45:00Z,2026-09-16T16:45:00-04:00,2026-09-16,16:45,17721,Army of the Dead,,false,0
2026-09-16T20:45:00Z,2026-09-16T16:45:00-04:00,2026-09-16,16:45,17723,Asylum,,false,0
2026-09-16T20:45:00Z,2026-09-16T16:45:00-04:00,2026-09-16,16:45,17722,Big Top Terror,,false,0
2026-09-16T20:45:00Z,2026-09-16T16:45:00-04:00,2026-09-16,16:45,17724,The Conjuring Universe,,false,0
2026-09-16T20:45:00Z,2026-09-16T16:45:00-04:00,2026-09-16,16:45,17725,The Witch's Reflection,,false,0
2026-09-16T20:45:00Z,2026-09-16T16:45:00-04:00,2026-09-16,16:45,17720,Trick or Treatin' with Boo,,false,0
2026-09-16T20:50:00Z,2026-09-16T16:50:00-04:00,2026-09-16,16:50,3231,Air Jumbo,Family Rides,false,0
2026-09-16T20:50:00Z,2026-09-16T16:50:00-04:00,2026-09-16,16:50,17425,Barrels O’ Fun,Family Rides,false,0
2026-09-16T20:50:00Z,2026-09-16T16:50:00-04:00,2026-09-16,16:50,3270,Buccaneer,Family Rides,false,0
2026-09-16T20:50:00Z,2026-09-16T16:50:00-04:00,2026-09-16,16:50,3237,Carousel,Family Rides,false,0
2026-09-16T20:50:00Z,2026-09-16T16:50:00-04:00,2026-09-16,16:50,3244,Enchanted Teacups,Family Rides,false,0
2026-09-16T20:50:00Z,2026-09-16T16:50:00-04:00,2026-09-16,16:50,3245,Fender Benders,Family Rides,false,0
2026-09-16T20:50:00Z,2026-09-16T16:50:00-04:00,2026-09-16,16:50,17426,Flying Scooters,Family Rides,false,0
2026-09-16T20:50:00Z,2026-09-16T16:50:00-04:00,2026-09-16,16:50,15604,Giant Wheel,Family Rides,false,0
2026-09-16T20:50:00Z,2026-09-16T16:50:00-04:00,2026-09-16,16:50,3236,HARLEY QUINN™ Crazy Train,Family Rides,false,0
2026-09-16T20:50:00Z,2026-09-16T16:50:00-04:00,2026-09-16,16:50,3249,Houdini’s Great Escape,Family Rides,false,0
2026-09-16T20:50:00Z,2026-09-16T16:50:00-04:00,2026-09-16,16:50,17427,Hypno Twister,Family Rides,false,0
2026-09-16T20:50:00Z,2026-09-16T16:50:00-04:00,2026-09-16,16:50,3250,Jolly Roger,Family Rides,false,0
2026-09-16T20:50:00Z,2026-09-16T16:50:00-04:00,2026-09-16,16:50,15829,Roaring Rapids,Family Rides,false,0
2026-09-16T20:50:00Z,2026-09-16T16:50:00-04:00,2026-09-16,16:50,15727,Scrambler,Family Rides,false,0
2026-09-16T20:50:00Z,2026-09-16T16:50:00-04:00,2026-09-16,16:50,3268,Tango,Family Rides,false,0
2026-09-16T20:50:00Z,2026-09-16T16:50:00-04:00,2026-09-16,16:50,17428,Wave Swinger,Family Rides,false,0
2026-09-16T20:50:00Z,2026-09-16T16:50:00-04:00,2026-09-16,16:50,3232,Air Safari,Kids' Rides,false,0
2026-09-16T20:50:00Z,2026-09-16T16:50:00-04:00,2026-09-16,16:50,10461,Barnstormer,Kids' Rides,false,0
2026-09-16T20:50:00Z,2026-09-16T16:50:00-04:00,2026-09-16,16:50,3275,Bugaboo,Kids' Rides,false,0
2026-09-16T20:50:00Z,2026-09-16T16:50:00-04:00,2026-09-16,16:50,3277,Bugs Bunny Camp Carousel,Kids' Rides,false,0
2026-09-16T20:50:00Z,2026-09-16T16:50:00-04:00,2026-09-16,16:50,3279,Bugs Bunny Ranger Pilots,Kids' Rides,false,0
2026-09-16T20:50:00Z,2026-09-16T16:50:00-04:00,2026-09-16,16:50,3240,Daffy Duck Hot Air Balloons,Kids' Rides,false,0
2026-09-16T20:50:00Z,2026-09-16T16:50:00-04:00,2026-09-16,16:50,10077,Lil' Devil Coaster,Kids' Rides,false,0
2026-09-16T20:50:00Z,2026-09-16T16:50:00-04:00,2026-09-16,16:50,15617,Porky Pig Camp Wagons,Kids' Rides,false,0
2026-09-16T20:50:00Z,2026-09-16T16:50:00-04:00,2026-09-16,16:50,3257,Raja’s Rickshaws,Kids' Rides,false,0
2026-09-16T20:50:00Z,2026-09-16T16:50:00-04:00,2026-09-16,16:50,3274,Safari Off-Road Adventure,Kids' Rides,false,0
2026-09-16T20:50:00Z,2026-09-16T16:50:00-04:00,2026-09-16,16:50,3283,Saw Mill Log Flume,Kids' Rides,false,0
2026-09-16T20:50:00Z,2026-09-16T16:50:00-04:00,2026-09-16,16:50,3281,Sky Zooma,Kids' Rides,false,0
2026-09-16T20:50:00Z,2026-09-16T16:50:00-04:00,2026-09-16,16:50,15789,Storm Chaser,Kids' Rides,false,0
2026-09-16T20:50:00Z,2026-09-16T16:50:00-04:00,2026-09-16,16:50,3267,Super Round Up,Kids' Rides,false,0
2026-09-16T20:50:00Z,2026-09-16T16:50:00-04:00,2026-09-16,16:50,15594,Tree Top Hopper,Kids' Rides,false,0
2026-09-16T20:50:00Z,2026-09-16T16:50:00-04:00,2026-09-16,16:50,3233,BATMAN™ The Ride,Thrill Rides,false,0
2026-09-16T20:50:00Z,2026-09-16T16:50:00-04:00,2026-09-16,16:50,3243,El Toro,Thrill Rides,false,0
2026-09-16T20:50:00Z,2026-09-16T16:50:00-04:00,2026-09-16,16:50,8539,Jersey Devil Coaster,Thrill Rides,false,0
2026-09-16T20:50:00Z,2026-09-16T16:50:00-04:00,2026-09-16,16:50,3916,JUSTICE LEAGUE™: Battle for METROPOLIS,Thrill Rides,false,0
2026-09-16T20:50:00Z,2026-09-16T16:50:00-04:00,2026-09-16,16:50,10533,Medusa,Thrill Rides,false,0
2026-09-16T20:50:00Z,2026-09-16T16:50:00-04:00,2026-09-16,16:50,3253,Nitro,Thrill Rides,false,0
2026-09-16T20:50:00Z,2026-09-16T16:50:00-04:00,2026-09-16,16:50,3261,Runaway Train,Thrill Rides,false,0
2026-09-16T20:50:00Z,2026-09-16T16:50:00-04:00,2026-09-16,16:50,3262,Skull Mountain,Thrill Rides,false,0
2026-09-16T20:50:00Z,2026-09-16T16:50:00-04:00,2026-09-16,16:50,3263,SkyScreamer,Thrill Rides,false,0
2026-09-16T20:50:00Z,2026-09-16T16:50:00-04:00,2026-09-16,16:50,3282,Slingshot,Thrill Rides,false,0
2026-09-16T20:50:00Z,2026-09-16T16:50:00-04:00,2026-09-16,16:50,3266,SUPERMAN™: Ultimate Flight,Thrill Rides,false,0
2026-09-16T20:50:00Z,2026-09-16T16:50:00-04:00,2026-09-16,16:50,3271,THE DARK KNIGHT™ Coaster,Thrill Rides,false,0
2026-09-16T20:50:00Z,2026-09-16T16:50:00-04:00,2026-09-16,16:50,14537,THE FLASH™: Vertical Velocity,Thrill Rides,false,0
2026-09-16T20:50:00Z,2026-09-16T16:50:00-04:00,2026-09-16,16:50,3288,THE JOKER™,Thrill Rides,false,0
2026-09-16T20:50:00Z,2026-09-16T16:50:00-04:00,2026-09-16,16:50,3273,Wile E. Coyote Canyon Blaster,Thrill Rides,false,0
2026-09-16T20:50:00Z,2026-09-16T16:50:00-04:00,2026-09-16,16:50,6371,WONDER WOMAN™ Lasso of Truth,Thrill Rides,false,0
2026-09-16T20:50:00Z,2026-09-16T16:50:00-04:00,2026-09-16,16:50,17721,Army of the Dead,,false,0
2026-09-16T20:50:00Z,2026-09-16T16:50:00-04:00,2026-09-16,16:50,17723,Asylum,,false,0
2026-09-16T20:50:00Z,2026-09-16T16:50:00-04:00,2026-09-16,16:50,17722,Big Top Terror,,false,0
2026-09-16T20:50:00Z,2026-09-16T16:50:00-04:00,2026-09-16,16:50,17724,The Conjuring Universe,,false,0
2026-09-16T20:50:00Z,2026-09-16T16:50:00-04:00,2026-09-16,16:50,17725,The Witch's Reflection,,false,0
2026-09-16T20:50:00Z,2026-09-16T16:50:00-04:00,2026-09-16,16:50,17720,Trick or Treatin' with Boo,,false,0
2026-09-16T20:55:00Z,2026-09-16T16:55:00-04:00,2026-09-16,16:55,3231,Air Jumbo,Family Rides,false,0
2026-09-16T20:55:00Z,2026-09-16T16:55:00-04:00,2026-09-16,16:55,17425,Barrels O’ Fun,Family Rides,false,0
2026-09-16T20:55:00Z,2026-09-16T16:55:00-04:00,2026-09-16,16:55,3270,Buccaneer,Family Rides,false,0
2026-09-16T20:55:00Z,2026-09-16T16:55:00-04:00,2026-09-16,16:55,3237,Carousel,Family Rides,false,0
2026-09-16T20:55:00Z,2026-09-16T16:55:00-04:00,2026-09-16,16:55,3244,Enchanted Teacups,Family Rides,false,0
2026-09-16T20:55:00Z,2026-09-16T16:55:00-04:00,2026-09-16,16:55,3245,Fender Benders,Family Rides,false,0
2026-09-16T20:55:00Z,2026-09-16T16:55:00-04:00,2026-09-16,16:55,17426,Flying Scooters,Family Rides,false,0
2026-09-16T20:55:00Z,2026-09-16T16:55:00-04:00,2026-09-16,16:55,15604,Giant Wheel,Family Rides,false,0
2026-09-16T20:55:00Z,2026-09-16T16:55:00-04:00,2026-09-16,16:55,3236,HARLEY QUINN™ Crazy Train,Family Rides,false,0
2026-09-16T20:55:00Z,2026-09-16T16:55:00-04:00,2026-09-16,16:55,3249,Houdini’s Great Escape,Family Rides,false,0
2026-09-16T20:55:00Z,2026-09-16T16:55:00-04:00,2026-09-16,16:55,17427,Hypno Twister,Family Rides,false,0
2026-09-16T20:55:00Z,2026-09-16T16:55:00-04:00,2026-09-16,16:55,3250,Jolly Roger,Family Rides,false,0
2026-09-16T20:55:00Z,2026-09-16T16:55:00-04:00,2026-09-16,16:55,15829,Roaring Rapids,Family Rides,false,0
2026-09-16T20:55:00Z,2026-09-16T16:55:00-04:00,2026-09-16,16:55,15727,Scrambler,Family Rides,false,0
2026-09-16T20:55:00Z,2026-09-16T16:55:00-04:00,2026-09-16,16:55,3268,Tango,Family Rides,false,0
2026-09-16T20:55:00Z,2026-09-16T16:55:00-04:00,2026-09-16,16:55,17428,Wave Swinger,Family Rides,false,0
2026-09-16T20:55:00Z,2026-09-16T16:55:00-04:00,2026-09-16,16:55,3232,Air Safari,Kids' Rides,false,0
2026-09-16T20:55:00Z,2026-09-16T16:55:00-04:00,2026-09-16,16:55,10461,Barnstormer,Kids' Rides,false,0
2026-09-16T20:55:00Z,2026-09-16T16:55:00-04:00,2026-09-16,16:55,3275,Bugaboo,Kids' Rides,false,0
2026-09-16T20:55:00Z,2026-09-16T16:55:00-04:00,2026-09-16,16:55,3277,Bugs Bunny Camp Carousel,Kids' Rides,false,0
2026-09-16T20:55:00Z,2026-09-16T16:55:00-04:00,2026-09-16,16:55,3279,Bugs Bunny Ranger Pilots,Kids' Rides,false,0
2026-09-16T20:55:00Z,2026-09-16T16:55:00-04:00,2026-09-16,16:55,3240,Daffy Duck Hot Air Balloons,Kids' Rides,false,0
2026-09-16T20:55:00Z,2026-09-16T16:55:00-04:00,2026-09-16,16:55,10077,Lil' Devil Coaster,Kids' Rides,false,0
2026-09-16T20:55:00Z,2026-09-16T16:55:00-04:00,2026-09-16,16:55,15617,Porky Pig Camp Wagons,Kids' Rides,false,0
2026-09-16T20:55:00Z,2026-09-16T16:55:00-04:00,2026-09-16,16:55,3257,Raja’s Rickshaws,Kids' Rides,false,0
2026-09-16T20:55:00Z,2026-09-16T16:55:00-04:00,2026-09-16,16:55,3274,Safari Off-Road Adventure,Kids' Rides,false,0
2026-09-16T20:55:00Z,2026-09-16T16:55:00-04:00,2026-09-16,16:55,3283,Saw Mill Log Flume,Kids' Rides,false,0
2026-09-16T20:55:00Z,2026-09-16T16:55:00-04:00,2026-09-16,16:55,3281,Sky Zooma,Kids' Rides,false,0
2026-09-16T20:55:00Z,2026-09-16T16:55:00-04:00,2026-09-16,16:55,15789,Storm Chaser,Kids' Rides,false,0
2026-09-16T20:55:00Z,2026-09-16T16:55:00-04:00,2026-09-16,16:55,3267,Super Round Up,Kids' Rides,false,0
2026-09-16T20:55:00Z,2026-09-16T16:55:00-04:00,2026-09-16,16:55,15594,Tree Top Hopper,Kids' Rides,false,0
2026-09-16T20:55:00Z,2026-09-16T16:55:00-04:00,2026-09-16,16:55,3233,BATMAN™ The Ride,Thrill Rides,false,0
2026-09-16T20:55:00Z,2026-09-16T16:55:00-04:00,2026-09-16,16:55,3243,El Toro,Thrill Rides,false,0
2026-09-16T20:55:00Z,2026-09-16T16:55:00-04:00,2026-09-16,16:55,8539,Jersey Devil Coaster,Thrill Rides,false,0
2026-09-16T20:55:00Z,2026-09-16T16:55:00-04:00,2026-09-16,16:55,3916,JUSTICE LEAGUE™: Battle for METROPOLIS,Thrill Rides,false,0
2026-09-16T20:55:00Z,2026-09-16T16:55:00-04:00,2026-09-16,16:55,10533,Medusa,Thrill Rides,false,0
2026-09-16T20:55:00Z,2026-09-16T16:55:00-04:00,2026-09-16,16:55,3253,Nitro,Thrill Rides,false,0
2026-09-16T20:55:00Z,2026-09-16T16:55:00-04:00,2026-09-16,16:55,3261,Runaway Train,Thrill Rides,false,0
2026-09-16T20:55:00Z,2026-09-16T16:55:00-04:00,2026-09-16,16:55,3262,Skull Mountain,Thrill Rides,false,0
2026-09-16T20:55:00Z,2026-09-16T16:55:00-04:00,2026-09-16,16:55,3263,SkyScreamer,Thrill Rides,false,0
2026-09-16T20:55:00Z,2026-09-16T16:55:00-04:00,2026-09-16,16:55,3282,Slingshot,Thrill Rides,false,0
2026-09-16T20:55:00Z,2026-09-16T16:55:00-04:00,2026-09-16,16:55,3266,SUPERMAN™: Ultimate Flight,Thrill Rides,false,0
2026-09-16T20:55:00Z,2026-09-16T16:55:00-04:00,2026-09-16,16:55,3271,THE DARK KNIGHT™ Coaster,Thrill Rides,false,0
2026-09-16T20:55:00Z,2026-09-16T16:55:00-04:00,2026-09-16,16:55,14537,THE FLASH™: Vertical Velocity,Thrill Rides,false,0
2026-09-16T20:55:00Z,2026-09-16T16:55:00-04:00,2026-09-16,16:55,3288,THE JOKER™,Thrill Rides,false,0
2026-09-16T20:55:00Z,2026-09-16T16:55:00-04:00,2026-09-16,16:55,3273,Wile E. Coyote Canyon Blaster,Thrill Rides,false,0
2026-09-16T20:55:00Z,2026-09-16T16:55:00-04:00,2026-09-16,16:55,6371,WONDER WOMAN™ Lasso of Truth,Thrill Rides,false,0
2026-09-16T20:55:00Z,2026-09-16T16:55:00-04:00,2026-09-16,16:55,17721,Army of the Dead,,false,0
2026-09-16T20:55:00Z,2026-09-16T16:55:00-04:00,2026-09-16,16:55,17723,Asylum,,false,0
2026-09-16T20:55:00Z,2026-09-16T16:55:00-04:00,2026-09-16,16:55,17722,Big Top Terror,,false,0
2026-09-16T20:55:00Z,2026-09-16T16:55:00-04:00,2026-09-16,16:55,17724,The Conjuring Universe,,false,0
2026-09-16T20:55:00Z,2026-09-16T16:55:00-04:00,2026-09-16,16:55,17725,The Witch's Reflection,,false,0
2026-09-16T20:55:00Z,2026-09-16T16:55:00-04:00,2026-09-16,16:55,17720,Trick or Treatin' with Boo,,false,0
2026-09-16T21:00:00Z,2026-09-16T17:00:00-04:00,2026-09-16,17:00,3231,Air Jumbo,Family Rides,false,0
2026-09-16T21:00:00Z,2026-09-16T17:00:00-04:00,2026-09-16,17:00,17425,Barrels O’ Fun,Family Rides,false,0
2026-09-16T21:00:00Z,2026-09-16T17:00:00-04:00,2026-09-16,17:00,3270,Buccaneer,Family Rides,false,0
2026-09-16T21:00:00Z,2026-09-16T17:00:00-04:00,2026-09-16,17:00,3237,Carousel,Family Rides,false,0
2026-09-16T21:00:00Z,2026-09-16T17:00:00-04:00,2026-09-16,17:00,3244,Enchanted Teacups,Family Rides,false,0
2026-09-16T21:00:00Z,2026-09-16T17:00:00-04:00,2026-09-16,17:00,3245,Fender Benders,Family Rides,false,0
2026-09-16T21:00:00Z,2026-09-16T17:00:00-04:00,2026-09-16,17:00,17426,Flying Scooters,Family Rides,false,0
2026-09-16T21:00:00Z,2026-09-16T17:00:00-04:00,2026-09-16,17:00,15604,Giant Wheel,Family Rides,false,0
2026-09-16T21:00:00Z,2026-09-16T17:00:00-04:00,2026-09-16,17:00,3236,HARLEY QUINN™ Crazy Train,Family Rides,false,0
2026-09-16T21:00:00Z,2026-09-16T17:00:00-04:00,2026-09-16,17:00,3249,Houdini’s Great Escape,Family Rides,false,0
2026-09-16T21:00:00Z,2026-09-16T17:00:00-04:00,2026-09-16,17:00,17427,Hypno Twister,Family Rides,false,0
2026-09-16T21:00:00Z,2026-09-16T17:00:00-04:00,2026-09-16,17:00,3250,Jolly Roger,Family Rides,false,0
2026-09-16T21:00:00Z,2026-09-16T17:00:00-04:00,2026-09-16,17:00,15829,Roaring Rapids,Family Rides,false,0
2026-09-16T21:00:00Z,2026-09-16T17:00:00-04:00,2026-09-16,17:00,15727,Scrambler,Family Rides,false,0
2026-09-16T21:00:00Z,2026-09-16T17:00:00-04:00,2026-09-16,17:00,3268,Tango,Family Rides,false,0
2026-09-16T21:00:00Z,2026-09-16T17:00:00-04:00,2026-09-16,17:00,17428,Wave Swinger,Family Rides,false,0
2026-09-16T21:00:00Z,2026-09-16T17:00:00-04:00,2026-09-16,17:00,3232,Air Safari,Kids' Rides,false,0
2026-09-16T21:00:00Z,2026-09-16T17:00:00-04:00,2026-09-16,17:00,10461,Barnstormer,Kids' Rides,false,0
2026-09-16T21:00:00Z,2026-09-16T17:00:00-04:00,2026-09-16,17:00,3275,Bugaboo,Kids' Rides,false,0
2026-09-16T21:00:00Z,2026-09-16T17:00:00-04:00,2026-09-16,17:00,3277,Bugs Bunny Camp Carousel,Kids' Rides,false,0
2026-09-16T21:00:00Z,2026-09-16T17:00:00-04:00,2026-09-16,17:00,3279,Bugs Bunny Ranger Pilots,Kids' Rides,false,0
2026-09-16T21:00:00Z,2026-09-16T17:00:00-04:00,2026-09-16,17:00,3240,Daffy Duck Hot Air Balloons,Kids' Rides,false,0
2026-09-16T21:00:00Z,2026-09-16T17:00:00-04:00,2026-09-16,17:00,10077,Lil' Devil Coaster,Kids' Rides,false,0
2026-09-16T21:00:00Z,2026-09-16T17:00:00-04:00,2026-09-16,17:00,15617,Porky Pig Camp Wagons,Kids' Rides,false,0
2026-09-16T21:00:00Z,2026-09-16T17:00:00-04:00,2026-09-16,17:00,3257,Raja’s Rickshaws,Kids' Rides,false,0
2026-09-16T21:00:00Z,2026-09-16T17:00:00-04:00,2026-09-16,17:00,3274,Safari Off-Road Adventure,Kids' Rides,false,0
2026-09-16T21:00:00Z,2026-09-16T17:00:00-04:00,2026-09-16,17:00,3283,Saw Mill Log Flume,Kids' Rides,false,0
2026-09-16T21:00:00Z,2026-09-16T17:00:00-04:00,2026-09-16,17:00,3281,Sky Zooma,Kids' Rides,false,0
2026-09-16T21:00:00Z,2026-09-16T17:00:00-04:00,2026-09-16,17:00,15789,Storm Chaser,Kids' Rides,false,0
2026-09-16T21:00:00Z,2026-09-16T17:00:00-04:00,2026-09-16,17:00,3267,Super Round Up,Kids' Rides,false,0
2026-09-16T21:00:00Z,2026-09-16T17:00:00-04:00,2026-09-16,17:00,15594,Tree Top Hopper,Kids' Rides,false,0
2026-09-16T21:00:00Z,2026-09-16T17:00:00-04:00,2026-09-16,17:00,3233,BATMAN™ The Ride,Thrill Rides,false,0
2026-09-16T21:00:00Z,2026-09-16T17:00:00-04:00,2026-09-16,17:00,3243,El Toro,Thrill Rides,false,0
2026-09-16T21:00:00Z,2026-09-16T17:00:00-04:00,2026-09-16,17:00,8539,Jersey Devil Coaster,Thrill Rides,false,0
2026-09-16T21:00:00Z,2026-09-16T17:00:00-04:00,2026-09-16,17:00,3916,JUSTICE LEAGUE™: Battle for METROPOLIS,Thrill Rides,false,0
2026-09-16T21:00:00Z,2026-09-16T17:00:00-04:00,2026-09-16,17:00,10533,Medusa,Thrill Rides,false,0
2026-09-16T21:00:00Z,2026-09-16T17:00:00-04:00,2026-09-16,17:00,3253,Nitro,Thrill Rides,false,0
2026-09-16T21:00:00Z,2026-09-16T17:00:00-04:00,2026-09-16,17:00,3261,Runaway Train,Thrill Rides,false,0
2026-09-16T21:00:00Z,2026-09-16T17:00:00-04:00,2026-09-16,17:00,3262,Skull Mountain,Thrill Rides,false,0
2026-09-16T21:00:00Z,2026-09-16T17:00:00-04:00,2026-09-16,17:00,3263,SkyScreamer,Thrill Rides,false,0
2026-09-16T21:00:00Z,2026-09-16T17:00:00-04:00,2026-09-16,17:00,3282,Slingshot,Thrill Rides,false,0
2026-09-16T21:00:00Z,2026-09-16T17:00:00-04:00,2026-09-16,17:00,3266,SUPERMAN™: Ultimate Flight,Thrill Rides,false,0
2026-09-16T21:00:00Z,2026-09-16T17:00:00-04:00,2026-09-16,17:00,3271,THE DARK KNIGHT™ Coaster,Thrill Rides,false,0
2026-09-16T21:00:00Z,2026-09-16T17:00:00-04:00,2026-09-16,17:00,14537,THE FLASH™: Vertical Velocity,Thrill Rides,false,0
2026-09-16T21:00:00Z,2026-09-16T17:00:00-04:00,2026-09-16,17:00,3288,THE JOKER™,Thrill Rides,false,0
2026-09-16T21:00:00Z,2026-09-16T17:00:00-04:00,2026-09-16,17:00,3273,Wile E. Coyote Canyon Blaster,Thrill Rides,false,0
2026-09-16T21:00:00Z,2026-09-16T17:00:00-04:00,2026-09-16,17:00,6371,WONDER WOMAN™ Lasso of Truth,Thrill Rides,false,0
2026-09-16T21:00:00Z,2026-09-16T17:00:00-04:00,2026-09-16,17:00,17721,Army of the Dead,,false,0
2026-09-16T21:00:00Z,2026-09-16T17:00:00-04:00,2026-09-16,17:00,17723,Asylum,,false,0
2026-09-16T21:00:00Z,2026-09-16T17:00:00-04:00,2026-09-16,17:00,17722,Big Top Terror,,false,0
2026-09-16T21:00:00Z,2026-09-16T17:00:00-04:00,2026-09-16,17:00,17724,The Conjuring Universe,,false,0
2026-09-16T21:00:00Z,2026-09-16T17:00:00-04:00,2026-09-16,17:00,17725,The Witch's Reflection,,false,0
2026-09-16T21:00:00Z,2026-09-16T17:00:00-04:00,2026-09-16,17:00,17720,Trick or Treatin' with Boo,,false,0
2026-09-16T21:05:00Z,2026-09-16T17:05:00-04:00,2026-09-16,17:05,3231,Air Jumbo,Family Rides,false,0
2026-09-16T21:05:00Z,2026-09-16T17:05:00-04:00,2026-09-16,17:05,17425,Barrels O’ Fun,Family Rides,false,0
2026-09-16T21:05:00Z,2026-09-16T17:05:00-04:00,2026-09-16,17:05,3270,Buccaneer,Family Rides,false,0
2026-09-16T21:05:00Z,2026-09-16T17:05:00-04:00,2026-09-16,17:05,3237,Carousel,Family Rides,false,0
2026-09-16T21:05:00Z,2026-09-16T17:05:00-04:00,2026-09-16,17:05,3244,Enchanted Teacups,Family Rides,false,0
2026-09-16T21:05:00Z,2026-09-16T17:05:00-04:00,2026-09-16,17:05,3245,Fender Benders,Family Rides,false,0
2026-09-16T21:05:00Z,2026-09-16T17:05:00-04:00,2026-09-16,17:05,17426,Flying Scooters,Family Rides,false,0
2026-09-16T21:05:00Z,2026-09-16T17:05:00-04:00,2026-09-16,17:05,15604,Giant Wheel,Family Rides,false,0
2026-09-16T21:05:00Z,2026-09-16T17:05:00-04:00,2026-09-16,17:05,3236,HARLEY QUINN™ Crazy Train,Family Rides,false,0
2026-09-16T21:05:00Z,2026-09-16T17:05:00-04:00,2026-09-16,17:05,3249,Houdini’s Great Escape,Family Rides,false,0
2026-09-16T21:05:00Z,2026-09-16T17:05:00-04:00,2026-09-16,17:05,17427,Hypno Twister,Family Rides,false,0
2026-09-16T21:05:00Z,2026-09-16T17:05:00-04:00,2026-09-16,17:05,3250,Jolly Roger,Family Rides,false,0
2026-09-16T21:05:00Z,2026-09-16T17:05:00-04:00,2026-09-16,17:05,15829,Roaring Rapids,Family Rides,false,0
2026-09-16T21:05:00Z,2026-09-16T17:05:00-04:00,2026-09-16,17:05,15727,Scrambler,Family Rides,false,0
2026-09-16T21:05:00Z,2026-09-16T17:05:00-04:00,2026-09-16,17:05,3268,Tango,Family Rides,false,0
2026-09-16T21:05:00Z,2026-09-16T17:05:00-04:00,2026-09-16,17:05,17428,Wave Swinger,Family Rides,false,0
2026-09-16T21:05:00Z,2026-09-16T17:05:00-04:00,2026-09-16,17:05,3232,Air Safari,Kids' Rides,false,0
2026-09-16T21:05:00Z,2026-09-16T17:05:00-04:00,2026-09-16,17:05,10461,Barnstormer,Kids' Rides,false,0
2026-09-16T21:05:00Z,2026-09-16T17:05:00-04:00,2026-09-16,17:05,3275,Bugaboo,Kids' Rides,false,0
2026-09-16T21:05:00Z,2026-09-16T17:05:00-04:00,2026-09-16,17:05,3277,Bugs Bunny Camp Carousel,Kids' Rides,false,0
2026-09-16T21:05:00Z,2026-09-16T17:05:00-04:00,2026-09-16,17:05,3279,Bugs Bunny Ranger Pilots,Kids' Rides,false,0
2026-09-16T21:05:00Z,2026-09-16T17:05:00-04:00,2026-09-16,17:05,3240,Daffy Duck Hot Air Balloons,Kids' Rides,false,0
2026-09-16T21:05:00Z,2026-09-16T17:05:00-04:00,2026-09-16,17:05,10077,Lil' Devil Coaster,Kids' Rides,false,0
2026-09-16T21:05:00Z,2026-09-16T17:05:00-04:00,2026-09-16,17:05,15617,Porky Pig Camp Wagons,Kids' Rides,false,0
2026-09-16T21:05:00Z,2026-09-16T17:05:00-04:00,2026-09-16,17:05,3257,Raja’s Rickshaws,Kids' Rides,false,0
2026-09-16T21:05:00Z,2026-09-16T17:05:00-04:00,2026-09-16,17:05,3274,Safari Off-Road Adventure,Kids' Rides,false,0
2026-09-16T21:05:00Z,2026-09-16T17:05:00-04:00,2026-09-16,17:05,3283,Saw Mill Log Flume,Kids' Rides,false,0
2026-09-16T21:05:00Z,2026-09-16T17:05:00-04:00,2026-09-16,17:05,3281,Sky Zooma,Kids' Rides,false,0
2026-09-16T21:05:00Z,2026-09-16T17:05:00-04:00,2026-09-16,17:05,15789,Storm Chaser,Kids' Rides,false,0
2026-09-16T21:05:00Z,2026-09-16T17:05:00-04:00,2026-09-16,17:05,3267,Super Round Up,Kids' Rides,false,0
2026-09-16T21:05:00Z,2026-09-16T17:05:00-04:00,2026-09-16,17:05,15594,Tree Top Hopper,Kids' Rides,false,0
2026-09-16T21:05:00Z,2026-09-16T17:05:00-04:00,2026-09-16,17:05,3233,BATMAN™ The Ride,Thrill Rides,false,0
2026-09-16T21:05:00Z,2026-09-16T17:05:00-04:00,2026-09-16,17:05,3243,El Toro,Thrill Rides,false,0
2026-09-16T21:05:00Z,2026-09-16T17:05:00-04:00,2026-09-16,17:05,8539,Jersey Devil Coaster,Thrill Rides,false,0
2026-09-16T21:05:00Z,2026-09-16T17:05:00-04:00,2026-09-16,17:05,3916,JUSTICE LEAGUE™: Battle for METROPOLIS,Thrill Rides,false,0
2026-09-16T21:05:00Z,2026-09-16T17:05:00-04:00,2026-09-16,17:05,10533,Medusa,Thrill Rides,false,0
2026-09-16T21:05:00Z,2026-09-16T17:05:00-04:00,2026-09-16,17:05,3253,Nitro,Thrill Rides,false,0
2026-09-16T21:05:00Z,2026-09-16T17:05:00-04:00,2026-09-16,17:05,3261,Runaway Train,Thrill Rides,false,0
2026-09-16T21:05:00Z,2026-09-16T17:05:00-04:00,2026-09-16,17:05,3262,Skull Mountain,Thrill Rides,false,0
2026-09-16T21:05:00Z,2026-09-16T17:05:00-04:00,2026-09-16,17:05,3263,SkyScreamer,Thrill Rides,false,0
2026-09-16T21:05:00Z,2026-09-16T17:05:00-04:00,2026-09-16,17:05,3282,Slingshot,Thrill Rides,false,0
2026-09-16T21:05:00Z,2026-09-16T17:05:00-04:00,2026-09-16,17:05,3266,SUPERMAN™: Ultimate Flight,Thrill Rides,false,0
2026-09-16T21:05:00Z,2026-09-16T17:05:00-04:00,2026-09-16,17:05,3271,THE DARK KNIGHT™ Coaster,Thrill Rides,false,0
2026-09-16T21:05:00Z,2026-09-16T17:05:00-04:00,2026-09-16,17:05,14537,THE FLASH™: Vertical Velocity,Thrill Rides,false,0
2026-09-16T21:05:00Z,2026-09-16T17:05:00-04:00,2026-09-16,17:05,3288,THE JOKER™,Thrill Rides,false,0
2026-09-16T21:05:00Z,2026-09-16T17:05:00-04:00,2026-09-16,17:05,3273,Wile E. Coyote Canyon Blaster,Thrill Rides,false,0
2026-09-16T21:05:00Z,2026-09-16T17:05:00-04:00,2026-09-16,17:05,6371,WONDER WOMAN™ Lasso of Truth,Thrill Rides,false,0
2026-09-16T21:05:00Z,2026-09-16T17:05:00-04:00,2026-09-16,17:05,17721,Army of the Dead,,false,0
2026-09-16T21:05:00Z,2026-09-16T17:05:00-04:00,2026-09-16,17:05,17723,Asylum,,false,0
2026-09-16T21:05:00Z,2026-09-16T17:05:00-04:00,2026-09-16,17:05,17722,Big Top Terror,,false,0
2026-09-16T21:05:00Z,2026-09-16T17:05:00-04:00,2026-09-16,17:05,17724,The Conjuring Universe,,false,0
2026-09-16T21:05:00Z,2026-09-16T17:05:00-04:00,2026-09-16,17:05,17725,The Witch's Reflection,,false,0
2026-09-16T21:05:00Z,2026-09-16T17:05:00-04:00,2026-09-16,17:05,17720,Trick or Treatin' with Boo,,false,0
2026-09-16T21:10:00Z,2026-09-16T17:10:00-04:00,2026-09-16,17:10,3231,Air Jumbo,Family Rides,false,0
2026-09-16T21:10:00Z,2026-09-16T17:10:00-04:00,2026-09-16,17:10,17425,Barrels O’ Fun,Family Rides,false,0
2026-09-16T21:10:00Z,2026-09-16T17:10:00-04:00,2026-09-16,17:10,3270,Buccaneer,Family Rides,false,0
2026-09-16T21:10:00Z,2026-09-16T17:10:00-04:00,2026-09-16,17:10,3237,Carousel,Family Rides,false,0
2026-09-16T21:10:00Z,2026-09-16T17:10:00-04:00,2026-09-16,17:10,3244,Enchanted Teacups,Family Rides,false,0
2026-09-16T21:10:00Z,2026-09-16T17:10:00-04:00,2026-09-16,17:10,3245,Fender Benders,Family Rides,false,0
2026-09-16T21:10:00Z,2026-09-16T17:10:00-04:00,2026-09-16,17:10,17426,Flying Scooters,Family Rides,false,0
2026-09-16T21:10:00Z,2026-09-16T17:10:00-04:00,2026-09-16,17:10,15604,Giant Wheel,Family Rides,false,0
2026-09-16T21:10:00Z,2026-09-16T17:10:00-04:00,2026-09-16,17:10,3236,HARLEY QUINN™ Crazy Train,Family Rides,false,0
2026-09-16T21:10:00Z,2026-09-16T17:10:00-04:00,2026-09-16,17:10,3249,Houdini’s Great Escape,Family Rides,false,0
2026-09-16T21:10:00Z,2026-09-16T17:10:00-04:00,2026-09-16,17:10,17427,Hypno Twister,Family Rides,false,0
2026-09-16T21:10:00Z,2026-09-16T17:10:00-04:00,2026-09-16,17:10,3250,Jolly Roger,Family Rides,false,0
2026-09-16T21:10:00Z,2026-09-16T17:10:00-04:00,2026-09-16,17:10,15829,Roaring Rapids,Family Rides,false,0
2026-09-16T21:10:00Z,2026-09-16T17:10:00-04:00,2026-09-16,17:10,15727,Scrambler,Family Rides,false,0
2026-09-16T21:10:00Z,2026-09-16T17:10:00-04:00,2026-09-16,17:10,3268,Tango,Family Rides,false,0
2026-09-16T21:10:00Z,2026-09-16T17:10:00-04:00,2026-09-16,17:10,17428,Wave Swinger,Family Rides,false,0
2026-09-16T21:10:00Z,2026-09-16T17:10:00-04:00,2026-09-16,17:10,3232,Air Safari,Kids' Rides,false,0
2026-09-16T21:10:00Z,2026-09-16T17:10:00-04:00,2026-09-16,17:10,10461,Barnstormer,Kids' Rides,false,0
2026-09-16T21:10:00Z,2026-09-16T17:10:00-04:00,2026-09-16,17:10,3275,Bugaboo,Kids' Rides,false,0
2026-09-16T21:10:00Z,2026-09-16T17:10:00-04:00,2026-09-16,17:10,3277,Bugs Bunny Camp Carousel,Kids' Rides,false,0
2026-09-16T21:10:00Z,2026-09-16T17:10:00-04:00,2026-09-16,17:10,3279,Bugs Bunny Ranger Pilots,Kids' Rides,false,0
2026-09-16T21:10:00Z,2026-09-16T17:10:00-04:00,2026-09-16,17:10,3240,Daffy Duck Hot Air Balloons,Kids' Rides,false,0
2026-09-16T21:10:00Z,2026-09-16T17:10:00-04:00,2026-09-16,17:10,10077,Lil' Devil Coaster,Kids' Rides,false,0
2026-09-16T21:10:00Z,2026-09-16T17:10:00-04:00,2026-09-16,17:10,15617,Porky Pig Camp Wagons,Kids' Rides,false,0
2026-09-16T21:10:00Z,2026-09-16T17:10:00-04:00,2026-09-16,17:10,3257,Raja’s Rickshaws,Kids' Rides,false,0
2026-09-16T21:10:00Z,2026-09-16T17:10:00-04:00,2026-09-16,17:10,3274,Safari Off-Road Adventure,Kids' Rides,false,0
2026-09-16T21:10:00Z,2026-09-16T17:10:00-04:00,2026-09-16,17:10,3283,Saw Mill Log Flume,Kids' Rides,false,0
2026-09-16T21:10:00Z,2026-09-16T17:10:00-04:00,2026-09-16,17:10,3281,Sky Zooma,Kids' Rides,false,0
2026-09-16T21:10:00Z,2026-09-16T17:10:00-04:00,2026-09-16,17:10,15789,Storm Chaser,Kids' Rides,false,0
2026-09-16T21:10:00Z,2026-09-16T17:10:00-04:00,2026-09-16,17:10,3267,Super Round Up,Kids' Rides,false,0
2026-09-16T21:10:00Z,2026-09-16T17:10:00-04:00,2026-09-16,17:10,15594,Tree Top Hopper,Kids' Rides,false,0
2026-09-16T21:10:00Z,2026-09-16T17:10:00-04:00,2026-09-16,17:10,3233,BATMAN™ The Ride,Thrill Rides,false,0
2026-09-16T21:10:00Z,2026-09-16T17:10:00-04:00,2026-09-16,17:10,3243,El Toro,Thrill Rides,false,0
2026-09-16T21:10:00Z,2026-09-16T17:10:00-04:00,2026-09-16,17:10,8539,Jersey Devil Coaster,Thrill Rides,false,0
2026-09-16T21:10:00Z,2026-09-16T17:10:00-04:00,2026-09-16,17:10,3916,JUSTICE LEAGUE™: Battle for METROPOLIS,Thrill Rides,false,0
2026-09-16T21:10:00Z,2026-09-16T17:10:00-04:00,2026-09-16,17:10,10533,Medusa,Thrill Rides,false,0
2026-09-16T21:10:00Z,2026-09-16T17:10:00-04:00,2026-09-16,17:10,3253,Nitro,Thrill Rides,false,0
2026-09-16T21:10:00Z,2026-09-16T17:10:00-04:00,2026-09-16,17:10,3261,Runaway Train,Thrill Rides,false,0
2026-09-16T21:10:00Z,2026-09-16T17:10:00-04:00,2026-09-16,17:10,3262,Skull Mountain,Thrill Rides,false,0
2026-09-16T21:10:00Z,2026-09-16T17:10:00-04:00,2026-09-16,17:10,3263,SkyScreamer,Thrill Rides,false,0
2026-09-16T21:10:00Z,2026-09-16T17:10:00-04:00,2026-09-16,17:10,3282,Slingshot,Thrill Rides,false,0
2026-09-16T21:10:00Z,2026-09-16T17:10:00-04:00,2026-09-16,17:10,3266,SUPERMAN™: Ultimate Flight,Thrill Rides,false,0
2026-09-16T21:10:00Z,2026-09-16T17:10:00-04:00,2026-09-16,17:10,3271,THE DARK KNIGHT™ Coaster,Thrill Rides,false,0
2026-09-16T21:10:00Z,2026-09-16T17:10:00-04:00,2026-09-16,17:10,14537,THE FLASH™: Vertical Velocity,Thrill Rides,false,0
2026-09-16T21:10:00Z,2026-09-16T17:10:00-04:00,2026-09-16,17:10,3288,THE JOKER™,Thrill Rides,false,0
2026-09-16T21:10:00Z,2026-09-16T17:10:00-04:00,2026-09-16,17:10,3273,Wile E. Coyote Canyon Blaster,Thrill Rides,false,0
2026-09-16T21:10:00Z,2026-09-16T17:10:00-04:00,2026-09-16,17:10,6371,WONDER WOMAN™ Lasso of Truth,Thrill Rides,false,0
2026-09-16T21:10:00Z,2026-09-16T17:10:00-04:00,2026-09-16,17:10,17721,Army of the Dead,,false,0
2026-09-16T21:10:00Z,2026-09-16T17:10:00-04:00,2026-09-16,17:10,17723,Asylum,,false,0
2026-09-16T21:10:00Z,2026-09-16T17:10:00-04:00,2026-09-16,17:10,17722,Big Top Terror,,false,0
2026-09-16T21:10:00Z,2026-09-16T17:10:00-04:00,2026-09-16,17:10,17724,The Conjuring Universe,,false,0
2026-09-16T21:10:00Z,2026-09-16T17:10:00-04:00,2026-09-16,17:10,17725,The Witch's Reflection,,false,0
2026-09-16T21:10:00Z,2026-09-16T17:10:00-04:00,2026-09-16,17:10,17720,Trick or Treatin' with Boo,,false,0
2026-09-16T23:00:00Z,2026-09-16T19:00:00-04:00,2026-09-16,19:00,3231,Air Jumbo,Family Rides,false,0
2026-09-16T23:00:00Z,2026-09-16T19:00:00-04:00,2026-09-16,19:00,17425,Barrels O’ Fun,Family Rides,false,0
2026-09-16T23:00:00Z,2026-09-16T19:00:00-04:00,2026-09-16,19:00,3270,Buccaneer,Family Rides,false,0
2026-09-16T23:00:00Z,2026-09-16T19:00:00-04:00,2026-09-16,19:00,3237,Carousel,Family Rides,false,0
2026-09-16T23:00:00Z,2026-09-16T19:00:00-04:00,2026-09-16,19:00,3244,Enchanted Teacups,Family Rides,false,0
2026-09-16T23:00:00Z,2026-09-16T19:00:00-04:00,2026-09-16,19:00,3245,Fender Benders,Family Rides,false,0
2026-09-16T23:00:00Z,2026-09-16T19:00:00-04:00,2026-09-16,19:00,17426,Flying Scooters,Family Rides,false,0
2026-09-16T23:00:00Z,2026-09-16T19:00:00-04:00,2026-09-16,19:00,15604,Giant Wheel,Family Rides,false,0
2026-09-16T23:00:00Z,2026-09-16T19:00:00-04:00,2026-09-16,19:00,3236,HARLEY QUINN™ Crazy Train,Family Rides,false,0
2026-09-16T23:00:00Z,2026-09-16T19:00:00-04:00,2026-09-16,19:00,3249,Houdini’s Great Escape,Family Rides,false,0
2026-09-16T23:00:00Z,2026-09-16T19:00:00-04:00,2026-09-16,19:00,17427,Hypno Twister,Family Rides,false,0
2026-09-16T23:00:00Z,2026-09-16T19:00:00-04:00,2026-09-16,19:00,3250,Jolly Roger,Family Rides,false,0
2026-09-16T23:00:00Z,2026-09-16T19:00:00-04:00,2026-09-16,19:00,15829,Roaring Rapids,Family Rides,false,0
2026-09-16T23:00:00Z,2026-09-16T19:00:00-04:00,2026-09-16,19:00,15727,Scrambler,Family Rides,false,0
2026-09-16T23:00:00Z,2026-09-16T19:00:00-04:00,2026-09-16,19:00,3268,Tango,Family Rides,false,0
2026-09-16T23:00:00Z,2026-09-16T19:00:00-04:00,2026-09-16,19:00,17428,Wave Swinger,Family Rides,false,0
2026-09-16T23:00:00Z,2026-09-16T19:00:00-04:00,2026-09-16,19:00,3232,Air Safari,Kids' Rides,false,0
2026-09-16T23:00:00Z,2026-09-16T19:00:00-04:00,2026-09-16,19:00,10461,Barnstormer,Kids' Rides,false,0
2026-09-16T23:00:00Z,2026-09-16T19:00:00-04:00,2026-09-16,19:00,3275,Bugaboo,Kids' Rides,false,0
2026-09-16T23:00:00Z,2026-09-16T19:00:00-04:00,2026-09-16,19:00,3277,Bugs Bunny Camp Carousel,Kids' Rides,false,0
2026-09-16T23:00:00Z,2026-09-16T19:00:00-04:00,2026-09-16,19:00,3279,Bugs Bunny Ranger Pilots,Kids' Rides,false,0
2026-09-16T23:00:00Z,2026-09-16T19:00:00-04:00,2026-09-16,19:00,3240,Daffy Duck Hot Air Balloons,Kids' Rides,false,0
2026-09-16T23:00:00Z,2026-09-16T19:00:00-04:00,2026-09-16,19:00,10077,Lil' Devil Coaster,Kids' Rides,false,0
2026-09-16T23:00:00Z,2026-09-16T19:00:00-04:00,2026-09-16,19:00,15617,Porky Pig Camp Wagons,Kids' Rides,false,0
2026-09-16T23:00:00Z,2026-09-16T19:00:00-04:00,2026-09-16,19:00,3257,Raja’s Rickshaws,Kids' Rides,false,0
2026-09-16T23:00:00Z,2026-09-16T19:00:00-04:00,2026-09-16,19:00,3274,Safari Off-Road Adventure,Kids' Rides,false,0
2026-09-16T23:00:00Z,2026-09-16T19:00:00-04:00,2026-09-16,19:00,3283,Saw Mill Log Flume,Kids' Rides,false,0
2026-09-16T23:00:00Z,2026-09-16T19:00:00-04:00,2026-09-16,19:00,3281,Sky Zooma,Kids' Rides,false,0
2026-09-16T23:00:00Z,2026-09-16T19:00:00-04:00,2026-09-16,19:00,15789,Storm Chaser,Kids' Rides,false,0
2026-09-16T23:00:00Z,2026-09-16T19:00:00-04:00,2026-09-16,19:00,3267,Super Round Up,Kids' Rides,false,0
2026-09-16T23:00:00Z,2026-09-16T19:00:00-04:00,2026-09-16,19:00,15594,Tree Top Hopper,Kids' Rides,false,0
2026-09-16T23:00:00Z,2026-09-16T19:00:00-04:00,2026-09-16,19:00,3233,BATMAN™ The Ride,Thrill Rides,false,0
2026-09-16T23:00:00Z,2026-09-16T19:00:00-04:00,2026-09-16,19:00,3243,El Toro,Thrill Rides,false,0
2026-09-16T23:00:00Z,2026-09-16T19:00:00-04:00,2026-09-16,19:00,8539,Jersey Devil Coaster,Thrill Rides,false,0
2026-09-16T23:00:00Z,2026-09-16T19:00:00-04:00,2026-09-16,19:00,3916,JUSTICE LEAGUE™: Battle for METROPOLIS,Thrill Rides,false,0
2026-09-16T23:00:00Z,2026-09-16T19:00:00-04:00,2026-09-16,19:00,10533,Medusa,Thrill Rides,false,0
2026-09-16T23:00:00Z,2026-09-16T19:00:00-04:00,2026-09-16,19:00,3253,Nitro,Thrill Rides,false,0
2026-09-16T23:00:00Z,2026-09-16T19:00:00-04:00,2026-09-16,19:00,3261,Runaway Train,Thrill Rides,false,0
2026-09-16T23:00:00Z,2026-09-16T19:00:00-04:00,2026-09-16,19:00,3262,Skull Mountain,Thrill Rides,false,0
2026-09-16T23:00:00Z,2026-09-16T19:00:00-04:00,2026-09-16,19:00,3263,SkyScreamer,Thrill Rides,false,0
2026-09-16T23:00:00Z,2026-09-16T19:00:00-04:00,2026-09-16,19:00,3282,Slingshot,Thrill Rides,false,0
2026-09-16T23:00:00Z,2026-09-16T19:00:00-04:00,2026-09-16,19:00,3266,SUPERMAN™: Ultimate Flight,Thrill Rides,false,0
2026-09-16T23:00:00Z,2026-09-16T19:00:00-04:00,2026-09-16,19:00,3271,THE DARK KNIGHT™ Coaster,Thrill Rides,false,0
2026-09-16T23:00:00Z,2026-09-16T19:00:00-04:00,2026-09-16,19:00,14537,THE FLASH™: Vertical Velocity,Thrill Rides,false,0
2026-09-16T23:00:00Z,2026-09-16T19:00:00-04:00,2026-09-16,19:00,3288,THE JOKER™,Thrill Rides,false,0
2026-09-16T23:00:00Z,2026-09-16T19:00:00-04:00,2026-09-16,19:00,3273,Wile E. Coyote Canyon Blaster,Thrill Rides,false,0
2026-09-16T23:00:00Z,2026-09-16T19:00:00-04:00,2026-09-16,19:00,6371,WONDER WOMAN™ Lasso of Truth,Thrill Rides,false,0
2026-09-16T23:00:00Z,2026-09-16T19:00:00-04:00,2026-09-16,19:00,17721,Army of the Dead,,false,0
2026-09-16T23:00:00Z,2026-09-16T19:00:00-04:00,2026-09-16,19:00,17723,Asylum,,false,0
2026-09-16T23:00:00Z,2026-09-16T19:00:00-04:00,2026-09-16,19:00,17722,Big Top Terror,,false,0
2026-09-16T23:00:00Z,2026-09-16T19:00:00-04:00,2026-09-16,19:00,17724,The Conjuring Universe,,false,0
2026-09-16T23:00:00Z,2026-09-16T19:00:00-04:00,2026-09-16,19:00,17725,The Witch's Reflection,,false,0
2026-09-16T23:00:00Z,2026-09-16T19:00:00-04:00,2026-09-16,19:00,17720,Trick or Treatin' with Boo,,false,0
2026-09-16T23:05:00Z,2026-09-16T19:05:00-04:00,2026-09-16,19:05,3231,Air Jumbo,Family Rides,false,0
2026-09-16T23:05:00Z,2026-09-16T19:05:00-04:00,2026-09-16,19:05,17425,Barrels O’ Fun,Family Rides,false,0
2026-09-16T23:05:00Z,2026-09-16T19:05:00-04:00,2026-09-16,19:05,3270,Buccaneer,Family Rides,false,0
2026-09-16T23:05:00Z,2026-09-16T19:05:00-04:00,2026-09-16,19:05,3237,Carousel,Family Rides,false,0
2026-09-16T23:05:00Z,2026-09-16T19:05:00-04:00,2026-09-16,19:05,3244,Enchanted Teacups,Family Rides,false,0
2026-09-16T23:05:00Z,2026-09-16T19:05:00-04:00,2026-09-16,19:05,3245,Fender Benders,Family Rides,false,0
2026-09-16T23:05:00Z,2026-09-16T19:05:00-04:00,2026-09-16,19:05,17426,Flying Scooters,Family Rides,false,0
2026-09-16T23:05:00Z,2026-09-16T19:05:00-04:00,2026-09-16,19:05,15604,Giant Wheel,Family Rides,false,0
2026-09-16T23:05:00Z,2026-09-16T19:05:00-04:00,2026-09-16,19:05,3236,HARLEY QUINN™ Crazy Train,Family Rides,false,0
2026-09-16T23:05:00Z,2026-09-16T19:05:00-04:00,2026-09-16,19:05,3249,Houdini’s Great Escape,Family Rides,false,0
2026-09-16T23:05:00Z,2026-09-16T19:05:00-04:00,2026-09-16,19:05,17427,Hypno Twister,Family Rides,false,0
2026-09-16T23:05:00Z,2026-09-16T19:05:00-04:00,2026-09-16,19:05,3250,Jolly Roger,Family Rides,false,0
2026-09-16T23:05:00Z,2026-09-16T19:05:00-04:00,2026-09-16,19:05,15829,Roaring Rapids,Family Rides,false,0
2026-09-16T23:05:00Z,2026-09-16T19:05:00-04:00,2026-09-16,19:05,15727,Scrambler,Family Rides,false,0
2026-09-16T23:05:00Z,2026-09-16T19:05:00-04:00,2026-09-16,19:05,3268,Tango,Family Rides,false,0
2026-09-16T23:05:00Z,2026-09-16T19:05:00-04:00,2026-09-16,19:05,17428,Wave Swinger,Family Rides,false,0
2026-09-16T23:05:00Z,2026-09-16T19:05:00-04:00,2026-09-16,19:05,3232,Air Safari,Kids' Rides,false,0
2026-09-16T23:05:00Z,2026-09-16T19:05:00-04:00,2026-09-16,19:05,10461,Barnstormer,Kids' Rides,false,0
2026-09-16T23:05:00Z,2026-09-16T19:05:00-04:00,2026-09-16,19:05,3275,Bugaboo,Kids' Rides,false,0
2026-09-16T23:05:00Z,2026-09-16T19:05:00-04:00,2026-09-16,19:05,3277,Bugs Bunny Camp Carousel,Kids' Rides,false,0
2026-09-16T23:05:00Z,2026-09-16T19:05:00-04:00,2026-09-16,19:05,3279,Bugs Bunny Ranger Pilots,Kids' Rides,false,0
2026-09-16T23:05:00Z,2026-09-16T19:05:00-04:00,2026-09-16,19:05,3240,Daffy Duck Hot Air Balloons,Kids' Rides,false,0
2026-09-16T23:05:00Z,2026-09-16T19:05:00-04:00,2026-09-16,19:05,10077,Lil' Devil Coaster,Kids' Rides,false,0
2026-09-16T23:05:00Z,2026-09-16T19:05:00-04:00,2026-09-16,19:05,15617,Porky Pig Camp Wagons,Kids' Rides,false,0
2026-09-16T23:05:00Z,2026-09-16T19:05:00-04:00,2026-09-16,19:05,3257,Raja’s Rickshaws,Kids' Rides,false,0
2026-09-16T23:05:00Z,2026-09-16T19:05:00-04:00,2026-09-16,19:05,3274,Safari Off-Road Adventure,Kids' Rides,false,0
2026-09-16T23:05:00Z,2026-09-16T19:05:00-04:00,2026-09-16,19:05,3283,Saw Mill Log Flume,Kids' Rides,false,0
2026-09-16T23:05:00Z,2026-09-16T19:05:00-04:00,2026-09-16,19:05,3281,Sky Zooma,Kids' Rides,false,0
2026-09-16T23:05:00Z,2026-09-16T19:05:00-04:00,2026-09-16,19:05,15789,Storm Chaser,Kids' Rides,false,0
2026-09-16T23:05:00Z,2026-09-16T19:05:00-04:00,2026-09-16,19:05,3267,Super Round Up,Kids' Rides,false,0
2026-09-16T23:05:00Z,2026-09-16T19:05:00-04:00,2026-09-16,19:05,15594,Tree Top Hopper,Kids' Rides,false,0
2026-09-16T23:05:00Z,2026-09-16T19:05:00-04:00,2026-09-16,19:05,3233,BATMAN™ The Ride,Thrill Rides,false,0
2026-09-16T23:05:00Z,2026-09-16T19:05:00-04:00,2026-09-16,19:05,3243,El Toro,Thrill Rides,false,0
2026-09-16T23:05:00Z,2026-09-16T19:05:00-04:00,2026-09-16,19:05,8539,Jersey Devil Coaster,Thrill Rides,false,0
2026-09-16T23:05:00Z,2026-09-16T19:05:00-04:00,2026-09-16,19:05,3916,JUSTICE LEAGUE™: Battle for METROPOLIS,Thrill Rides,false,0
2026-09-16T23:05:00Z,2026-09-16T19:05:00-04:00,2026-09-16,19:05,10533,Medusa,Thrill Rides,false,0
2026-09-16T23:05:00Z,2026-09-16T19:05:00-04:00,2026-09-16,19:05,3253,Nitro,Thrill Rides,false,0
2026-09-16T23:05:00Z,2026-09-16T19:05:00-04:00,2026-09-16,19:05,3261,Runaway Train,Thrill Rides,false,0
2026-09-16T23:05:00Z,2026-09-16T19:05:00-04:00,2026-09-16,19:05,3262,Skull Mountain,Thrill Rides,false,0
2026-09-16T23:05:00Z,2026-09-16T19:05:00-04:00,2026-09-16,19:05,3263,SkyScreamer,Thrill Rides,false,0
2026-09-16T23:05:00Z,2026-09-16T19:05:00-04:00,2026-09-16,19:05,3282,Slingshot,Thrill Rides,false,0
2026-09-16T23:05:00Z,2026-09-16T19:05:00-04:00,2026-09-16,19:05,3266,SUPERMAN™: Ultimate Flight,Thrill Rides,false,0
2026-09-16T23:05:00Z,2026-09-16T19:05:00-04:00,2026-09-16,19:05,3271,THE DARK KNIGHT™ Coaster,Thrill Rides,false,0
2026-09-16T23:05:00Z,2026-09-16T19:05:00-04:00,2026-09-16,19:05,14537,THE FLASH™: Vertical Velocity,Thrill Rides,false,0
2026-09-16T23:05:00Z,2026-09-16T19:05:00-04:00,2026-09-16,19:05,3288,THE JOKER™,Thrill Rides,false,0
2026-09-16T23:05:00Z,2026-09-16T19:05:00-04:00,2026-09-16,19:05,3273,Wile E. Coyote Canyon Blaster,Thrill Rides,false,0
2026-09-16T23:05:00Z,2026-09-16T19:05:00-04:00,2026-09-16,19:05,6371,WONDER WOMAN™ Lasso of Truth,Thrill Rides,false,0
2026-09-16T23:05:00Z,2026-09-16T19:05:00-04:00,2026-09-16,19:05,17721,Army of the Dead,,false,0
2026-09-16T23:05:00Z,2026-09-16T19:05:00-04:00,2026-09-16,19:05,17723,Asylum,,false,0
2026-09-16T23:05:00Z,2026-09-16T19:05:00-04:00,2026-09-16,19:05,17722,Big Top Terror,,false,0
2026-09-16T23:05:00Z,2026-09-16T19:05:00-04:00,2026-09-16,19:05,17724,The Conjuring Universe,,false,0
2026-09-16T23:05:00Z,2026-09-16T19:05:00-04:00,2026-09-16,19:05,17725,The Witch's Reflection,,false,0
2026-09-16T23:05:00Z,2026-09-16T19:05:00-04:00,2026-09-16,19:05,17720,Trick or Treatin' with Boo,,false,0
2026-09-16T23:10:00Z,2026-09-16T19:10:00-04:00,2026-09-16,19:10,3231,Air Jumbo,Family Rides,false,0
2026-09-16T23:10:00Z,2026-09-16T19:10:00-04:00,2026-09-16,19:10,17425,Barrels O’ Fun,Family Rides,false,0
2026-09-16T23:10:00Z,2026-09-16T19:10:00-04:00,2026-09-16,19:10,3270,Buccaneer,Family Rides,false,0
2026-09-16T23:10:00Z,2026-09-16T19:10:00-04:00,2026-09-16,19:10,3237,Carousel,Family Rides,false,0
2026-09-16T23:10:00Z,2026-09-16T19:10:00-04:00,2026-09-16,19:10,3244,Enchanted Teacups,Family Rides,false,0
2026-09-16T23:10:00Z,2026-09-16T19:10:00-04:00,2026-09-16,19:10,3245,Fender Benders,Family Rides,false,0
2026-09-16T23:10:00Z,2026-09-16T19:10:00-04:00,2026-09-16,19:10,17426,Flying Scooters,Family Rides,false,0
2026-09-16T23:10:00Z,2026-09-16T19:10:00-04:00,2026-09-16,19:10,15604,Giant Wheel,Family Rides,false,0
2026-09-16T23:10:00Z,2026-09-16T19:10:00-04:00,2026-09-16,19:10,3236,HARLEY QUINN™ Crazy Train,Family Rides,false,0
2026-09-16T23:10:00Z,2026-09-16T19:10:00-04:00,2026-09-16,19:10,3249,Houdini’s Great Escape,Family Rides,false,0
2026-09-16T23:10:00Z,2026-09-16T19:10:00-04:00,2026-09-16,19:10,17427,Hypno Twister,Family Rides,false,0
2026-09-16T23:10:00Z,2026-09-16T19:10:00-04:00,2026-09-16,19:10,3250,Jolly Roger,Family Rides,false,0
2026-09-16T23:10:00Z,2026-09-16T19:10:00-04:00,2026-09-16,19:10,15829,Roaring Rapids,Family Rides,false,0
2026-09-16T23:10:00Z,2026-09-16T19:10:00-04:00,2026-09-16,19:10,15727,Scrambler,Family Rides,false,0
2026-09-16T23:10:00Z,2026-09-16T19:10:00-04:00,2026-09-16,19:10,3268,Tango,Family Rides,false,0
2026-09-16T23:10:00Z,2026-09-16T19:10:00-04:00,2026-09-16,19:10,17428,Wave Swinger,Family Rides,false,0
2026-09-16T23:10:00Z,2026-09-16T19:10:00-04:00,2026-09-16,19:10,3232,Air Safari,Kids' Rides,false,0
2026-09-16T23:10:00Z,2026-09-16T19:10:00-04:00,2026-09-16,19:10,10461,Barnstormer,Kids' Rides,false,0
2026-09-16T23:10:00Z,2026-09-16T19:10:00-04:00,2026-09-16,19:10,3275,Bugaboo,Kids' Rides,false,0
2026-09-16T23:10:00Z,2026-09-16T19:10:00-04:00,2026-09-16,19:10,3277,Bugs Bunny Camp Carousel,Kids' Rides,false,0
2026-09-16T23:10:00Z,2026-09-16T19:10:00-04:00,2026-09-16,19:10,3279,Bugs Bunny Ranger Pilots,Kids' Rides,false,0
2026-09-16T23:10:00Z,2026-09-16T19:10:00-04:00,2026-09-16,19:10,3240,Daffy Duck Hot Air Balloons,Kids' Rides,false,0
2026-09-16T23:10:00Z,2026-09-16T19:10:00-04:00,2026-09-16,19:10,10077,Lil' Devil Coaster,Kids' Rides,false,0
2026-09-16T23:10:00Z,2026-09-16T19:10:00-04:00,2026-09-16,19:10,15617,Porky Pig Camp Wagons,Kids' Rides,false,0
2026-09-16T23:10:00Z,2026-09-16T19:10:00-04:00,2026-09-16,19:10,3257,Raja’s Rickshaws,Kids' Rides,false,0
2026-09-16T23:10:00Z,2026-09-16T19:10:00-04:00,2026-09-16,19:10,3274,Safari Off-Road Adventure,Kids' Rides,false,0
2026-09-16T23:10:00Z,2026-09-16T19:10:00-04:00,2026-09-16,19:10,3283,Saw Mill Log Flume,Kids' Rides,false,0
2026-09-16T23:10:00Z,2026-09-16T19:10:00-04:00,2026-09-16,19:10,3281,Sky Zooma,Kids' Rides,false,0
2026-09-16T23:10:00Z,2026-09-16T19:10:00-04:00,2026-09-16,19:10,15789,Storm Chaser,Kids' Rides,false,0
2026-09-16T23:10:00Z,2026-09-16T19:10:00-04:00,2026-09-16,19:10,3267,Super Round Up,Kids' Rides,false,0
2026-09-16T23:10:00Z,2026-09-16T19:10:00-04:00,2026-09-16,19:10,15594,Tree Top Hopper,Kids' Rides,false,0
2026-09-16T23:10:00Z,2026-09-16T19:10:00-04:00,2026-09-16,19:10,3233,BATMAN™ The Ride,Thrill Rides,false,0
2026-09-16T23:10:00Z,2026-09-16T19:10:00-04:00,2026-09-16,19:10,3243,El Toro,Thrill Rides,false,0
2026-09-16T23:10:00Z,2026-09-16T19:10:00-04:00,2026-09-16,19:10,8539,Jersey Devil Coaster,Thrill Rides,false,0
2026-09-16T23:10:00Z,2026-09-16T19:10:00-04:00,2026-09-16,19:10,3916,JUSTICE LEAGUE™: Battle for METROPOLIS,Thrill Rides,false,0
2026-09-16T23:10:00Z,2026-09-16T19:10:00-04:00,2026-09-16,19:10,10533,Medusa,Thrill Rides,false,0
2026-09-16T23:10:00Z,2026-09-16T19:10:00-04:00,2026-09-16,19:10,3253,Nitro,Thrill Rides,false,0
2026-09-16T23:10:00Z,2026-09-16T19:10:00-04:00,2026-09-16,19:10,3261,Runaway Train,Thrill Rides,false,0
2026-09-16T23:10:00Z,2026-09-16T19:10:00-04:00,2026-09-16,19:10,3262,Skull Mountain,Thrill Rides,false,0
2026-09-16T23:10:00Z,2026-09-16T19:10:00-04:00,2026-09-16,19:10,3263,SkyScreamer,Thrill Rides,false,0
2026-09-16T23:10:00Z,2026-09-16T19:10:00-04:00,2026-09-16,19:10,3282,Slingshot,Thrill Rides,false,0
2026-09-16T23:10:00Z,2026-09-16T19:10:00-04:00,2026-09-16,19:10,3266,SUPERMAN™: Ultimate Flight,Thrill Rides,false,0
2026-09-16T23:10:00Z,2026-09-16T19:10:00-04:00,2026-09-16,19:10,3271,THE DARK KNIGHT™ Coaster,Thrill Rides,false,0
2026-09-16T23:10:00Z,2026-09-16T19:10:00-04:00,2026-09-16,19:10,14537,THE FLASH™: Vertical Velocity,Thrill Rides,false,0
2026-09-16T23:10:00Z,2026-09-16T19:10:00-04:00,2026-09-16,19:10,3288,THE JOKER™,Thrill Rides,false,0
2026-09-16T23:10:00Z,2026-09-16T19:10:00-04:00,2026-09-16,19:10,3273,Wile E. Coyote Canyon Blaster,Thrill Rides,false,0
2026-09-16T23:10:00Z,2026-09-16T19:10:00-04:00,2026-09-16,19:10,6371,WONDER WOMAN™ Lasso of Truth,Thrill Rides,false,0
2026-09-16T23:10:00Z,2026-09-16T19:10:00-04:00,2026-09-16,19:10,17721,Army of the Dead,,false,0
2026-09-16T23:10:00Z,2026-09-16T19:10:00-04:00,2026-09-16,19:10,17723,Asylum,,false,0
2026-09-16T23:10:00Z,2026-09-16T19:10:00-04:00,2026-09-16,19:10,17722,Big Top Terror,,false,0
2026-09-16T23:10:00Z,2026-09-16T19:10:00-04:00,2026-09-16,19:10,17724,The Conjuring Universe,,false,0
2026-09-16T23:10:00Z,2026-09-16T19:10:00-04:00,2026-09-16,19:10,17725,The Witch's Reflection,,false,0
2026-09-16T23:10:00Z,2026-09-16T19:10:00-04:00,2026-09-16,19:10,17720,Trick or Treatin' with Boo,,false,0
2026-09-16T23:15:00Z,2026-09-16T19:15:00-04:00,2026-09-16,19:15,3231,Air Jumbo,Family Rides,false,0
2026-09-16T23:15:00Z,2026-09-16T19:15:00-04:00,2026-09-16,19:15,17425,Barrels O’ Fun,Family Rides,false,0
2026-09-16T23:15:00Z,2026-09-16T19:15:00-04:00,2026-09-16,19:15,3270,Buccaneer,Family Rides,false,0
2026-09-16T23:15:00Z,2026-09-16T19:15:00-04:00,2026-09-16,19:15,3237,Carousel,Family Rides,false,0
2026-09-16T23:15:00Z,2026-09-16T19:15:00-04:00,2026-09-16,19:15,3244,Enchanted Teacups,Family Rides,false,0
2026-09-16T23:15:00Z,2026-09-16T19:15:00-04:00,2026-09-16,19:15,3245,Fender Benders,Family Rides,false,0
2026-09-16T23:15:00Z,2026-09-16T19:15:00-04:00,2026-09-16,19:15,17426,Flying Scooters,Family Rides,false,0
2026-09-16T23:15:00Z,2026-09-16T19:15:00-04:00,2026-09-16,19:15,15604,Giant Wheel,Family Rides,false,0
2026-09-16T23:15:00Z,2026-09-16T19:15:00-04:00,2026-09-16,19:15,3236,HARLEY QUINN™ Crazy Train,Family Rides,false,0
2026-09-16T23:15:00Z,2026-09-16T19:15:00-04:00,2026-09-16,19:15,3249,Houdini’s Great Escape,Family Rides,false,0
2026-09-16T23:15:00Z,2026-09-16T19:15:00-04:00,2026-09-16,19:15,17427,Hypno Twister,Family Rides,false,0
2026-09-16T23:15:00Z,2026-09-16T19:15:00-04:00,2026-09-16,19:15,3250,Jolly Roger,Family Rides,false,0
2026-09-16T23:15:00Z,2026-09-16T19:15:00-04:00,2026-09-16,19:15,15829,Roaring Rapids,Family Rides,false,0
2026-09-16T23:15:00Z,2026-09-16T19:15:00-04:00,2026-09-16,19:15,15727,Scrambler,Family Rides,false,0
2026-09-16T23:15:00Z,2026-09-16T19:15:00-04:00,2026-09-16,19:15,3268,Tango,Family Rides,false,0
2026-09-16T23:15:00Z,2026-09-16T19:15:00-04:00,2026-09-16,19:15,17428,Wave Swinger,Family Rides,false,0
2026-09-16T23:15:00Z,2026-09-16T19:15:00-04:00,2026-09-16,19:15,3232,Air Safari,Kids' Rides,false,0
2026-09-16T23:15:00Z,2026-09-16T19:15:00-04:00,2026-09-16,19:15,10461,Barnstormer,Kids' Rides,false,0
2026-09-16T23:15:00Z,2026-09-16T19:15:00-04:00,2026-09-16,19:15,3275,Bugaboo,Kids' Rides,false,0
2026-09-16T23:15:00Z,2026-09-16T19:15:00-04:00,2026-09-16,19:15,3277,Bugs Bunny Camp Carousel,Kids' Rides,false,0
2026-09-16T23:15:00Z,2026-09-16T19:15:00-04:00,2026-09-16,19:15,3279,Bugs Bunny Ranger Pilots,Kids' Rides,false,0
2026-09-16T23:15:00Z,2026-09-16T19:15:00-04:00,2026-09-16,19:15,3240,Daffy Duck Hot Air Balloons,Kids' Rides,false,0
2026-09-16T23:15:00Z,2026-09-16T19:15:00-04:00,2026-09-16,19:15,10077,Lil' Devil Coaster,Kids' Rides,false,0
2026-09-16T23:15:00Z,2026-09-16T19:15:00-04:00,2026-09-16,19:15,15617,Porky Pig Camp Wagons,Kids' Rides,false,0
2026-09-16T23:15:00Z,2026-09-16T19:15:00-04:00,2026-09-16,19:15,3257,Raja’s Rickshaws,Kids' Rides,false,0
2026-09-16T23:15:00Z,2026-09-16T19:15:00-04:00,2026-09-16,19:15,3274,Safari Off-Road Adventure,Kids' Rides,false,0
2026-09-16T23:15:00Z,2026-09-16T19:15:00-04:00,2026-09-16,19:15,3283,Saw Mill Log Flume,Kids' Rides,false,0
2026-09-16T23:15:00Z,2026-09-16T19:15:00-04:00,2026-09-16,19:15,3281,Sky Zooma,Kids' Rides,false,0
2026-09-16T23:15:00Z,2026-09-16T19:15:00-04:00,2026-09-16,19:15,15789,Storm Chaser,Kids' Rides,false,0
2026-09-16T23:15:00Z,2026-09-16T19:15:00-04:00,2026-09-16,19:15,3267,Super Round Up,Kids' Rides,false,0
2026-09-16T23:15:00Z,2026-09-16T19:15:00-04:00,2026-09-16,19:15,15594,Tree Top Hopper,Kids' Rides,false,0
2026-09-16T23:15:00Z,2026-09-16T19:15:00-04:00,2026-09-16,19:15,3233,BATMAN™ The Ride,Thrill Rides,false,0
2026-09-16T23:15:00Z,2026-09-16T19:15:00-04:00,2026-09-16,19:15,3243,El Toro,Thrill Rides,false,0
2026-09-16T23:15:00Z,2026-09-16T19:15:00-04:00,2026-09-16,19:15,8539,Jersey Devil Coaster,Thrill Rides,false,0
2026-09-16T23:15:00Z,2026-09-16T19:15:00-04:00,2026-09-16,19:15,3916,JUSTICE LEAGUE™: Battle for METROPOLIS,Thrill Rides,false,0
2026-09-16T23:15:00Z,2026-09-16T19:15:00-04:00,2026-09-16,19:15,10533,Medusa,Thrill Rides,false,0
2026-09-16T23:15:00Z,2026-09-16T19:15:00-04:00,2026-09-16,19:15,3253,Nitro,Thrill Rides,false,0
2026-09-16T23:15:00Z,2026-09-16T19:15:00-04:00,2026-09-16,19:15,3261,Runaway Train,Thrill Rides,false,0
2026-09-16T23:15:00Z,2026-09-16T19:15:00-04:00,2026-09-16,19:15,3262,Skull Mountain,Thrill Rides,false,0
2026-09-16T23:15:00Z,2026-09-16T19:15:00-04:00,2026-09-16,19:15,3263,SkyScreamer,Thrill Rides,false,0
2026-09-16T23:15:00Z,2026-09-16T19:15:00-04:00,2026-09-16,19:15,3282,Slingshot,Thrill Rides,false,0
2026-09-16T23:15:00Z,2026-09-16T19:15:00-04:00,2026-09-16,19:15,3266,SUPERMAN™: Ultimate Flight,Thrill Rides,false,0
2026-09-16T23:15:00Z,2026-09-16T19:15:00-04:00,2026-09-16,19:15,3271,THE DARK KNIGHT™ Coaster,Thrill Rides,false,0
2026-09-16T23:15:00Z,2026-09-16T19:15:00-04:00,2026-09-16,19:15,14537,THE FLASH™: Vertical Velocity,Thrill Rides,false,0
2026-09-16T23:15:00Z,2026-09-16T19:15:00-04:00,2026-09-16,19:15,3288,THE JOKER™,Thrill Rides,false,0
2026-09-16T23:15:00Z,2026-09-16T19:15:00-04:00,2026-09-16,19:15,3273,Wile E. Coyote Canyon Blaster,Thrill Rides,false,0
2026-09-16T23:15:00Z,2026-09-16T19:15:00-04:00,2026-09-16,19:15,6371,WONDER WOMAN™ Lasso of Truth,Thrill Rides,false,0
2026-09-16T23:15:00Z,2026-09-16T19:15:00-04:00,2026-09-16,19:15,17721,Army of the Dead,,false,0
2026-09-16T23:15:00Z,2026-09-16T19:15:00-04:00,2026-09-16,19:15,17723,Asylum,,false,0
2026-09-16T23:15:00Z,2026-09-16T19:15:00-04:00,2026-09-16,19:15,17722,Big Top Terror,,false,0
2026-09-16T23:15:00Z,2026-09-16T19:15:00-04:00,2026-09-16,19:15,17724,The Conjuring Universe,,false,0
2026-09-16T23:15:00Z,2026-09-16T19:15:00-04:00,2026-09-16,19:15,17725,The Witch's Reflection,,false,0
2026-09-16T23:15:00Z,2026-09-16T19:15:00-04:00,2026-09-16,19:15,17720,Trick or Treatin' with Boo,,false,0
2026-09-16T23:20:00Z,2026-09-16T19:20:00-04:00,2026-09-16,19:20,3231,Air Jumbo,Family Rides,false,0
2026-09-16T23:20:00Z,2026-09-16T19:20:00-04:00,2026-09-16,19:20,17425,Barrels O’ Fun,Family Rides,false,0
2026-09-16T23:20:00Z,2026-09-16T19:20:00-04:00,2026-09-16,19:20,3270,Buccaneer,Family Rides,false,0
2026-09-16T23:20:00Z,2026-09-16T19:20:00-04:00,2026-09-16,19:20,3237,Carousel,Family Rides,false,0
2026-09-16T23:20:00Z,2026-09-16T19:20:00-04:00,2026-09-16,19:20,3244,Enchanted Teacups,Family Rides,false,0
2026-09-16T23:20:00Z,2026-09-16T19:20:00-04:00,2026-09-16,19:20,3245,Fender Benders,Family Rides,false,0
2026-09-16T23:20:00Z,2026-09-16T19:20:00-04:00,2026-09-16,19:20,17426,Flying Scooters,Family Rides,false,0
2026-09-16T23:20:00Z,2026-09-16T19:20:00-04:00,2026-09-16,19:20,15604,Giant Wheel,Family Rides,false,0
2026-09-16T23:20:00Z,2026-09-16T19:20:00-04:00,2026-09-16,19:20,3236,HARLEY QUINN™ Crazy Train,Family Rides,false,0
2026-09-16T23:20:00Z,2026-09-16T19:20:00-04:00,2026-09-16,19:20,3249,Houdini’s Great Escape,Family Rides,false,0
2026-09-16T23:20:00Z,2026-09-16T19:20:00-04:00,2026-09-16,19:20,17427,Hypno Twister,Family Rides,false,0
2026-09-16T23:20:00Z,2026-09-16T19:20:00-04:00,2026-09-16,19:20,3250,Jolly Roger,Family Rides,false,0
2026-09-16T23:20:00Z,2026-09-16T19:20:00-04:00,2026-09-16,19:20,15829,Roaring Rapids,Family Rides,false,0
2026-09-16T23:20:00Z,2026-09-16T19:20:00-04:00,2026-09-16,19:20,15727,Scrambler,Family Rides,false,0
2026-09-16T23:20:00Z,2026-09-16T19:20:00-04:00,2026-09-16,19:20,3268,Tango,Family Rides,false,0
2026-09-16T23:20:00Z,2026-09-16T19:20:00-04:00,2026-09-16,19:20,17428,Wave Swinger,Family Rides,false,0
2026-09-16T23:20:00Z,2026-09-16T19:20:00-04:00,2026-09-16,19:20,3232,Air Safari,Kids' Rides,false,0
2026-09-16T23:20:00Z,2026-09-16T19:20:00-04:00,2026-09-16,19:20,10461,Barnstormer,Kids' Rides,false,0
2026-09-16T23:20:00Z,2026-09-16T19:20:00-04:00,2026-09-16,19:20,3275,Bugaboo,Kids' Rides,false,0
2026-09-16T23:20:00Z,2026-09-16T19:20:00-04:00,2026-09-16,19:20,3277,Bugs Bunny Camp Carousel,Kids' Rides,false,0
2026-09-16T23:20:00Z,2026-09-16T19:20:00-04:00,2026-09-16,19:20,3279,Bugs Bunny Ranger Pilots,Kids' Rides,false,0
2026-09-16T23:20:00Z,2026-09-16T19:20:00-04:00,2026-09-16,19:20,3240,Daffy Duck Hot Air Balloons,Kids' Rides,false,0
2026-09-16T23:20:00Z,2026-09-16T19:20:00-04:00,2026-09-16,19:20,10077,Lil' Devil Coaster,Kids' Rides,false,0
2026-09-16T23:20:00Z,2026-09-16T19:20:00-04:00,2026-09-16,19:20,15617,Porky Pig Camp Wagons,Kids' Rides,false,0
2026-09-16T23:20:00Z,2026-09-16T19:20:00-04:00,2026-09-16,19:20,3257,Raja’s Rickshaws,Kids' Rides,false,0
2026-09-16T23:20:00Z,2026-09-16T19:20:00-04:00,2026-09-16,19:20,3274,Safari Off-Road Adventure,Kids' Rides,false,0
2026-09-16T23:20:00Z,2026-09-16T19:20:00-04:00,2026-09-16,19:20,3283,Saw Mill Log Flume,Kids' Rides,false,0
2026-09-16T23:20:00Z,2026-09-16T19:20:00-04:00,2026-09-16,19:20,3281,Sky Zooma,Kids' Rides,false,0
2026-09-16T23:20:00Z,2026-09-16T19:20:00-04:00,2026-09-16,19:20,15789,Storm Chaser,Kids' Rides,false,0
2026-09-16T23:20:00Z,2026-09-16T19:20:00-04:00,2026-09-16,19:20,3267,Super Round Up,Kids' Rides,false,0
2026-09-16T23:20:00Z,2026-09-16T19:20:00-04:00,2026-09-16,19:20,15594,Tree Top Hopper,Kids' Rides,false,0
2026-09-16T23:20:00Z,2026-09-16T19:20:00-04:00,2026-09-16,19:20,3233,BATMAN™ The Ride,Thrill Rides,false,0
2026-09-16T23:20:00Z,2026-09-16T19:20:00-04:00,2026-09-16,19:20,3243,El Toro,Thrill Rides,false,0
2026-09-16T23:20:00Z,2026-09-16T19:20:00-04:00,2026-09-16,19:20,8539,Jersey Devil Coaster,Thrill Rides,false,0
2026-09-16T23:20:00Z,2026-09-16T19:20:00-04:00,2026-09-16,19:20,3916,JUSTICE LEAGUE™: Battle for METROPOLIS,Thrill Rides,false,0
2026-09-16T23:20:00Z,2026-09-16T19:20:00-04:00,2026-09-16,19:20,10533,Medusa,Thrill Rides,false,0
2026-09-16T23:20:00Z,2026-09-16T19:20:00-04:00,2026-09-16,19:20,3253,Nitro,Thrill Rides,false,0
2026-09-16T23:20:00Z,2026-09-16T19:20:00-04:00,2026-09-16,19:20,3261,Runaway Train,Thrill Rides,false,0
2026-09-16T23:20:00Z,2026-09-16T19:20:00-04:00,2026-09-16,19:20,3262,Skull Mountain,Thrill Rides,false,0
2026-09-16T23:20:00Z,2026-09-16T19:20:00-04:00,2026-09-16,19:20,3263,SkyScreamer,Thrill Rides,false,0
2026-09-16T23:20:00Z,2026-09-16T19:20:00-04:00,2026-09-16,19:20,3282,Slingshot,Thrill Rides,false,0
2026-09-16T23:20:00Z,2026-09-16T19:20:00-04:00,2026-09-16,19:20,3266,SUPERMAN™: Ultimate Flight,Thrill Rides,false,0
2026-09-16T23:20:00Z,2026-09-16T19:20:00-04:00,2026-09-16,19:20,3271,THE DARK KNIGHT™ Coaster,Thrill Rides,false,0
2026-09-16T23:20:00Z,2026-09-16T19:20:00-04:00,2026-09-16,19:20,14537,THE FLASH™: Vertical Velocity,Thrill Rides,false,0
2026-09-16T23:20:00Z,2026-09-16T19:20:00-04:00,2026-09-16,19:20,3288,THE JOKER™,Thrill Rides,false,0
2026-09-16T23:20:00Z,2026-09-16T19:20:00-04:00,2026-09-16,19:20,3273,Wile E. Coyote Canyon Blaster,Thrill Rides,false,0
2026-09-16T23:20:00Z,2026-09-16T19:20:00-04:00,2026-09-16,19:20,6371,WONDER WOMAN™ Lasso of Truth,Thrill Rides,false,0
2026-09-16T23:20:00Z,2026-09-16T19:20:00-04:00,2026-09-16,19:20,17721,Army of the Dead,,false,0
2026-09-16T23:20:00Z,2026-09-16T19:20:00-04:00,2026-09-16,19:20,17723,Asylum,,false,0
2026-09-16T23:20:00Z,2026-09-16T19:20:00-04:00,2026-09-16,19:20,17722,Big Top Terror,,false,0
2026-09-16T23:20:00Z,2026-09-16T19:20:00-04:00,2026-09-16,19:20,17724,The Conjuring Universe,,false,0
2026-09-16T23:20:00Z,2026-09-16T19:20:00-04:00,2026-09-16,19:20,17725,The Witch's Reflection,,false,0
2026-09-16T23:20:00Z,2026-09-16T19:20:00-04:00,2026-09-16,19:20,17720,Trick or Treatin' with Boo,,false,0
2026-09-16T23:25:00Z,2026-09-16T19:25:00-04:00,2026-09-16,19:25,3231,Air Jumbo,Family Rides,false,0
2026-09-16T23:25:00Z,2026-09-16T19:25:00-04:00,2026-09-16,19:25,17425,Barrels O’ Fun,Family Rides,false,0
2026-09-16T23:25:00Z,2026-09-16T19:25:00-04:00,2026-09-16,19:25,3270,Buccaneer,Family Rides,false,0
2026-09-16T23:25:00Z,2026-09-16T19:25:00-04:00,2026-09-16,19:25,3237,Carousel,Family Rides,false,0
2026-09-16T23:25:00Z,2026-09-16T19:25:00-04:00,2026-09-16,19:25,3244,Enchanted Teacups,Family Rides,false,0
2026-09-16T23:25:00Z,2026-09-16T19:25:00-04:00,2026-09-16,19:25,3245,Fender Benders,Family Rides,false,0
2026-09-16T23:25:00Z,2026-09-16T19:25:00-04:00,2026-09-16,19:25,17426,Flying Scooters,Family Rides,false,0
2026-09-16T23:25:00Z,2026-09-16T19:25:00-04:00,2026-09-16,19:25,15604,Giant Wheel,Family Rides,false,0
2026-09-16T23:25:00Z,2026-09-16T19:25:00-04:00,2026-09-16,19:25,3236,HARLEY QUINN™ Crazy Train,Family Rides,false,0
2026-09-16T23:25:00Z,2026-09-16T19:25:00-04:00,2026-09-16,19:25,3249,Houdini’s Great Escape,Family Rides,false,0
2026-09-16T23:25:00Z,2026-09-16T19:25:00-04:00,2026-09-16,19:25,17427,Hypno Twister,Family Rides,false,0
2026-09-16T23:25:00Z,2026-09-16T19:25:00-04:00,2026-09-16,19:25,3250,Jolly Roger,Family Rides,false,0
2026-09-16T23:25:00Z,2026-09-16T19:25:00-04:00,2026-09-16,19:25,15829,Roaring Rapids,Family Rides,false,0
2026-09-16T23:25:00Z,2026-09-16T19:25:00-04:00,2026-09-16,19:25,15727,Scrambler,Family Rides,false,0
2026-09-16T23:25:00Z,2026-09-16T19:25:00-04:00,2026-09-16,19:25,3268,Tango,Family Rides,false,0
2026-09-16T23:25:00Z,2026-09-16T19:25:00-04:00,2026-09-16,19:25,17428,Wave Swinger,Family Rides,false,0
2026-09-16T23:25:00Z,2026-09-16T19:25:00-04:00,2026-09-16,19:25,3232,Air Safari,Kids' Rides,false,0
2026-09-16T23:25:00Z,2026-09-16T19:25:00-04:00,2026-09-16,19:25,10461,Barnstormer,Kids' Rides,false,0
2026-09-16T23:25:00Z,2026-09-16T19:25:00-04:00,2026-09-16,19:25,3275,Bugaboo,Kids' Rides,false,0
2026-09-16T23:25:00Z,2026-09-16T19:25:00-04:00,2026-09-16,19:25,3277,Bugs Bunny Camp Carousel,Kids' Rides,false,0
2026-09-16T23:25:00Z,2026-09-16T19:25:00-04:00,2026-09-16,19:25,3279,Bugs Bunny Ranger Pilots,Kids' Rides,false,0
2026-09-16T23:25:00Z,2026-09-16T19:25:00-04:00,2026-09-16,19:25,3240,Daffy Duck Hot Air Balloons,Kids' Rides,false,0
2026-09-16T23:25:00Z,2026-09-16T19:25:00-04:00,2026-09-16,19:25,10077,Lil' Devil Coaster,Kids' Rides,false,0
2026-09-16T23:25:00Z,2026-09-16T19:25:00-04:00,2026-09-16,19:25,15617,Porky Pig Camp Wagons,Kids' Rides,false,0
2026-09-16T23:25:00Z,2026-09-16T19:25:00-04:00,2026-09-16,19:25,3257,Raja’s Rickshaws,Kids' Rides,false,0
2026-09-16T23:25:00Z,2026-09-16T19:25:00-04:00,2026-09-16,19:25,3274,Safari Off-Road Adventure,Kids' Rides,false,0
2026-09-16T23:25:00Z,2026-09-16T19:25:00-04:00,2026-09-16,19:25,3283,Saw Mill Log Flume,Kids' Rides,false,0
2026-09-16T23:25:00Z,2026-09-16T19:25:00-04:00,2026-09-16,19:25,3281,Sky Zooma,Kids' Rides,false,0
2026-09-16T23:25:00Z,2026-09-16T19:25:00-04:00,2026-09-16,19:25,15789,Storm Chaser,Kids' Rides,false,0
2026-09-16T23:25:00Z,2026-09-16T19:25:00-04:00,2026-09-16,19:25,3267,Super Round Up,Kids' Rides,false,0
2026-09-16T23:25:00Z,2026-09-16T19:25:00-04:00,2026-09-16,19:25,15594,Tree Top Hopper,Kids' Rides,false,0
2026-09-16T23:25:00Z,2026-09-16T19:25:00-04:00,2026-09-16,19:25,3233,BATMAN™ The Ride,Thrill Rides,false,0
2026-09-16T23:25:00Z,2026-09-16T19:25:00-04:00,2026-09-16,19:25,3243,El Toro,Thrill Rides,false,0
2026-09-16T23:25:00Z,2026-09-16T19:25:00-04:00,2026-09-16,19:25,8539,Jersey Devil Coaster,Thrill Rides,false,0
2026-09-16T23:25:00Z,2026-09-16T19:25:00-04:00,2026-09-16,19:25,3916,JUSTICE LEAGUE™: Battle for METROPOLIS,Thrill Rides,false,0
2026-09-16T23:25:00Z,2026-09-16T19:25:00-04:00,2026-09-16,19:25,10533,Medusa,Thrill Rides,false,0
2026-09-16T23:25:00Z,2026-09-16T19:25:00-04:00,2026-09-16,19:25,3253,Nitro,Thrill Rides,false,0
2026-09-16T23:25:00Z,2026-09-16T19:25:00-04:00,2026-09-16,19:25,3261,Runaway Train,Thrill Rides,false,0
2026-09-16T23:25:00Z,2026-09-16T19:25:00-04:00,2026-09-16,19:25,3262,Skull Mountain,Thrill Rides,false,0
2026-09-16T23:25:00Z,2026-09-16T19:25:00-04:00,2026-09-16,19:25,3263,SkyScreamer,Thrill Rides,false,0
2026-09-16T23:25:00Z,2026-09-16T19:25:00-04:00,2026-09-16,19:25,3282,Slingshot,Thrill Rides,false,0
2026-09-16T23:25:00Z,2026-09-16T19:25:00-04:00,2026-09-16,19:25,3266,SUPERMAN™: Ultimate Flight,Thrill Rides,false,0
2026-09-16T23:25:00Z,2026-09-16T19:25:00-04:00,2026-09-16,19:25,3271,THE DARK KNIGHT™ Coaster,Thrill Rides,false,0
2026-09-16T23:25:00Z,2026-09-16T19:25:00-04:00,2026-09-16,19:25,14537,THE FLASH™: Vertical Velocity,Thrill Rides,false,0
2026-09-16T23:25:00Z,2026-09-16T19:25:00-04:00,2026-09-16,19:25,3288,THE JOKER™,Thrill Rides,false,0
2026-09-16T23:25:00Z,2026-09-16T19:25:00-04:00,2026-09-16,19:25,3273,Wile E. Coyote Canyon Blaster,Thrill Rides,false,0
2026-09-16T23:25:00Z,2026-09-16T19:25:00-04:00,2026-09-16,19:25,6371,WONDER WOMAN™ Lasso of Truth,Thrill Rides,false,0
2026-09-16T23:25:00Z,2026-09-16T19:25:00-04:00,2026-09-16,19:25,17721,Army of the Dead,,false,0
2026-09-16T23:25:00Z,2026-09-16T19:25:00-04:00,2026-09-16,19:25,17723,Asylum,,false,0
2026-09-16T23:25:00Z,2026-09-16T19:25:00-04:00,2026-09-16,19:25,17722,Big Top Terror,,false,0
2026-09-16T23:25:00Z,2026-09-16T19:25:00-04:00,2026-09-16,19:25,17724,The Conjuring Universe,,false,0
2026-09-16T23:25:00Z,2026-09-16T19:25:00-04:00,2026-09-16,19:25,17725,The Witch's Reflection,,false,0
2026-09-16T23:25:00Z,2026-09-16T19:25:00-04:00,2026-09-16,19:25,17720,Trick or Treatin' with Boo,,false,0
2026-09-16T23:30:00Z,2026-09-16T19:30:00-04:00,2026-09-16,19:30,3231,Air Jumbo,Family Rides,false,0
2026-09-16T23:30:00Z,2026-09-16T19:30:00-04:00,2026-09-16,19:30,17425,Barrels O’ Fun,Family Rides,false,0
2026-09-16T23:30:00Z,2026-09-16T19:30:00-04:00,2026-09-16,19:30,3270,Buccaneer,Family Rides,false,0
2026-09-16T23:30:00Z,2026-09-16T19:30:00-04:00,2026-09-16,19:30,3237,Carousel,Family Rides,false,0
2026-09-16T23:30:00Z,2026-09-16T19:30:00-04:00,2026-09-16,19:30,3244,Enchanted Teacups,Family Rides,false,0
2026-09-16T23:30:00Z,2026-09-16T19:30:00-04:00,2026-09-16,19:30,3245,Fender Benders,Family Rides,false,0
2026-09-16T23:30:00Z,2026-09-16T19:30:00-04:00,2026-09-16,19:30,17426,Flying Scooters,Family Rides,false,0
2026-09-16T23:30:00Z,2026-09-16T19:30:00-04:00,2026-09-16,19:30,15604,Giant Wheel,Family Rides,false,0
2026-09-16T23:30:00Z,2026-09-16T19:30:00-04:00,2026-09-16,19:30,3236,HARLEY QUINN™ Crazy Train,Family Rides,false,0
2026-09-16T23:30:00Z,2026-09-16T19:30:00-04:00,2026-09-16,19:30,3249,Houdini’s Great Escape,Family Rides,false,0
2026-09-16T23:30:00Z,2026-09-16T19:30:00-04:00,2026-09-16,19:30,17427,Hypno Twister,Family Rides,false,0
2026-09-16T23:30:00Z,2026-09-16T19:30:00-04:00,2026-09-16,19:30,3250,Jolly Roger,Family Rides,false,0
2026-09-16T23:30:00Z,2026-09-16T19:30:00-04:00,2026-09-16,19:30,15829,Roaring Rapids,Family Rides,false,0
2026-09-16T23:30:00Z,2026-09-16T19:30:00-04:00,2026-09-16,19:30,15727,Scrambler,Family Rides,false,0
2026-09-16T23:30:00Z,2026-09-16T19:30:00-04:00,2026-09-16,19:30,3268,Tango,Family Rides,false,0
2026-09-16T23:30:00Z,2026-09-16T19:30:00-04:00,2026-09-16,19:30,17428,Wave Swinger,Family Rides,false,0
2026-09-16T23:30:00Z,2026-09-16T19:30:00-04:00,2026-09-16,19:30,3232,Air Safari,Kids' Rides,false,0
2026-09-16T23:30:00Z,2026-09-16T19:30:00-04:00,2026-09-16,19:30,10461,Barnstormer,Kids' Rides,false,0
2026-09-16T23:30:00Z,2026-09-16T19:30:00-04:00,2026-09-16,19:30,3275,Bugaboo,Kids' Rides,false,0
2026-09-16T23:30:00Z,2026-09-16T19:30:00-04:00,2026-09-16,19:30,3277,Bugs Bunny Camp Carousel,Kids' Rides,false,0
2026-09-16T23:30:00Z,2026-09-16T19:30:00-04:00,2026-09-16,19:30,3279,Bugs Bunny Ranger Pilots,Kids' Rides,false,0
2026-09-16T23:30:00Z,2026-09-16T19:30:00-04:00,2026-09-16,19:30,3240,Daffy Duck Hot Air Balloons,Kids' Rides,false,0
2026-09-16T23:30:00Z,2026-09-16T19:30:00-04:00,2026-09-16,19:30,10077,Lil' Devil Coaster,Kids' Rides,false,0
2026-09-16T23:30:00Z,2026-09-16T19:30:00-04:00,2026-09-16,19:30,15617,Porky Pig Camp Wagons,Kids' Rides,false,0
2026-09-16T23:30:00Z,2026-09-16T19:30:00-04:00,2026-09-16,19:30,3257,Raja’s Rickshaws,Kids' Rides,false,0
2026-09-16T23:30:00Z,2026-09-16T19:30:00-04:00,2026-09-16,19:30,3274,Safari Off-Road Adventure,Kids' Rides,false,0
2026-09-16T23:30:00Z,2026-09-16T19:30:00-04:00,2026-09-16,19:30,3283,Saw Mill Log Flume,Kids' Rides,false,0
2026-09-16T23:30:00Z,2026-09-16T19:30:00-04:00,2026-09-16,19:30,3281,Sky Zooma,Kids' Rides,false,0
2026-09-16T23:30:00Z,2026-09-16T19:30:00-04:00,2026-09-16,19:30,15789,Storm Chaser,Kids' Rides,false,0
2026-09-16T23:30:00Z,2026-09-16T19:30:00-04:00,2026-09-16,19:30,3267,Super Round Up,Kids' Rides,false,0
2026-09-16T23:30:00Z,2026-09-16T19:30:00-04:00,2026-09-16,19:30,15594,Tree Top Hopper,Kids' Rides,false,0
2026-09-16T23:30:00Z,2026-09-16T19:30:00-04:00,2026-09-16,19:30,3233,BATMAN™ The Ride,Thrill Rides,false,0
2026-09-16T23:30:00Z,2026-09-16T19:30:00-04:00,2026-09-16,19:30,3243,El Toro,Thrill Rides,false,0
2026-09-16T23:30:00Z,2026-09-16T19:30:00-04:00,2026-09-16,19:30,8539,Jersey Devil Coaster,Thrill Rides,false,0
2026-09-16T23:30:00Z,2026-09-16T19:30:00-04:00,2026-09-16,19:30,3916,JUSTICE LEAGUE™: Battle for METROPOLIS,Thrill Rides,false,0
2026-09-16T23:30:00Z,2026-09-16T19:30:00-04:00,2026-09-16,19:30,10533,Medusa,Thrill Rides,false,0
2026-09-16T23:30:00Z,2026-09-16T19:30:00-04:00,2026-09-16,19:30,3253,Nitro,Thrill Rides,false,0
2026-09-16T23:30:00Z,2026-09-16T19:30:00-04:00,2026-09-16,19:30,3261,Runaway Train,Thrill Rides,false,0
2026-09-16T23:30:00Z,2026-09-16T19:30:00-04:00,2026-09-16,19:30,3262,Skull Mountain,Thrill Rides,false,0
2026-09-16T23:30:00Z,2026-09-16T19:30:00-04:00,2026-09-16,19:30,3263,SkyScreamer,Thrill Rides,false,0
2026-09-16T23:30:00Z,2026-09-16T19:30:00-04:00,2026-09-16,19:30,3282,Slingshot,Thrill Rides,false,0
2026-09-16T23:30:00Z,2026-09-16T19:30:00-04:00,2026-09-16,19:30,3266,SUPERMAN™: Ultimate Flight,Thrill Rides,false,0
2026-09-16T23:30:00Z,2026-09-16T19:30:00-04:00,2026-09-16,19:30,3271,THE DARK KNIGHT™ Coaster,Thrill Rides,false,0
2026-09-16T23:30:00Z,2026-09-16T19:30:00-04:00,2026-09-16,19:30,14537,THE FLASH™: Vertical Velocity,Thrill Rides,false,0
2026-09-16T23:30:00Z,2026-09-16T19:30:00-04:00,2026-09-16,19:30,3288,THE JOKER™,Thrill Rides,false,0
2026-09-16T23:30:00Z,2026-09-16T19:30:00-04:00,2026-09-16,19:30,3273,Wile E. Coyote Canyon Blaster,Thrill Rides,false,0
2026-09-16T23:30:00Z,2026-09-16T19:30:00-04:00,2026-09-16,19:30,6371,WONDER WOMAN™ Lasso of Truth,Thrill Rides,false,0
2026-09-16T23:30:00Z,2026-09-16T19:30:00-04:00,2026-09-16,19:30,17721,Army of the Dead,,false,0
2026-09-16T23:30:00Z,2026-09-16T19:30:00-04:00,2026-09-16,19:30,17723,Asylum,,false,0
2026-09-16T23:30:00Z,2026-09-16T19:30:00-04:00,2026-09-16,19:30,17722,Big Top Terror,,false,0
2026-09-16T23:30:00Z,2026-09-16T19:30:00-04:00,2026-09-16,19:30,17724,The Conjuring Universe,,false,0
2026-09-16T23:30:00Z,2026-09-16T19:30:00-04:00,2026-09-16,19:30,17725,The Witch's Reflection,,false,0
2026-09-16T23:30:00Z,2026-09-16T19:30:00-04:00,2026-09-16,19:30,17720,Trick or Treatin' with Boo,,false,0
2026-09-16T23:35:00Z,2026-09-16T19:35:00-04:00,2026-09-16,19:35,3231,Air Jumbo,Family Rides,false,0
2026-09-16T23:35:00Z,2026-09-16T19:35:00-04:00,2026-09-16,19:35,17425,Barrels O’ Fun,Family Rides,false,0
2026-09-16T23:35:00Z,2026-09-16T19:35:00-04:00,2026-09-16,19:35,3270,Buccaneer,Family Rides,false,0
2026-09-16T23:35:00Z,2026-09-16T19:35:00-04:00,2026-09-16,19:35,3237,Carousel,Family Rides,false,0
2026-09-16T23:35:00Z,2026-09-16T19:35:00-04:00,2026-09-16,19:35,3244,Enchanted Teacups,Family Rides,false,0
2026-09-16T23:35:00Z,2026-09-16T19:35:00-04:00,2026-09-16,19:35,3245,Fender Benders,Family Rides,false,0
2026-09-16T23:35:00Z,2026-09-16T19:35:00-04:00,2026-09-16,19:35,17426,Flying Scooters,Family Rides,false,0
2026-09-16T23:35:00Z,2026-09-16T19:35:00-04:00,2026-09-16,19:35,15604,Giant Wheel,Family Rides,false,0
2026-09-16T23:35:00Z,2026-09-16T19:35:00-04:00,2026-09-16,19:35,3236,HARLEY QUINN™ Crazy Train,Family Rides,false,0
2026-09-16T23:35:00Z,2026-09-16T19:35:00-04:00,2026-09-16,19:35,3249,Houdini’s Great Escape,Family Rides,false,0
2026-09-16T23:35:00Z,2026-09-16T19:35:00-04:00,2026-09-16,19:35,17427,Hypno Twister,Family Rides,false,0
2026-09-16T23:35:00Z,2026-09-16T19:35:00-04:00,2026-09-16,19:35,3250,Jolly Roger,Family Rides,false,0
2026-09-16T23:35:00Z,2026-09-16T19:35:00-04:00,2026-09-16,19:35,15829,Roaring Rapids,Family Rides,false,0
2026-09-16T23:35:00Z,2026-09-16T19:35:00-04:00,2026-09-16,19:35,15727,Scrambler,Family Rides,false,0
2026-09-16T23:35:00Z,2026-09-16T19:35:00-04:00,2026-09-16,19:35,3268,Tango,Family Rides,false,0
2026-09-16T23:35:00Z,2026-09-16T19:35:00-04:00,2026-09-16,19:35,17428,Wave Swinger,Family Rides,false,0
2026-09-16T23:35:00Z,2026-09-16T19:35:00-04:00,2026-09-16,19:35,3232,Air Safari,Kids' Rides,false,0
2026-09-16T23:35:00Z,2026-09-16T19:35:00-04:00,2026-09-16,19:35,10461,Barnstormer,Kids' Rides,false,0
2026-09-16T23:35:00Z,2026-09-16T19:35:00-04:00,2026-09-16,19:35,3275,Bugaboo,Kids' Rides,false,0
2026-09-16T23:35:00Z,2026-09-16T19:35:00-04:00,2026-09-16,19:35,3277,Bugs Bunny Camp Carousel,Kids' Rides,false,0
2026-09-16T23:35:00Z,2026-09-16T19:35:00-04:00,2026-09-16,19:35,3279,Bugs Bunny Ranger Pilots,Kids' Rides,false,0
2026-09-16T23:35:00Z,2026-09-16T19:35:00-04:00,2026-09-16,19:35,3240,Daffy Duck Hot Air Balloons,Kids' Rides,false,0
2026-09-16T23:35:00Z,2026-09-16T19:35:00-04:00,2026-09-16,19:35,10077,Lil' Devil Coaster,Kids' Rides,false,0
2026-09-16T23:35:00Z,2026-09-16T19:35:00-04:00,2026-09-16,19:35,15617,Porky Pig Camp Wagons,Kids' Rides,false,0
2026-09-16T23:35:00Z,2026-09-16T19:35:00-04:00,2026-09-16,19:35,3257,Raja’s Rickshaws,Kids' Rides,false,0
2026-09-16T23:35:00Z,2026-09-16T19:35:00-04:00,2026-09-16,19:35,3274,Safari Off-Road Adventure,Kids' Rides,false,0
2026-09-16T23:35:00Z,2026-09-16T19:35:00-04:00,2026-09-16,19:35,3283,Saw Mill Log Flume,Kids' Rides,false,0
2026-09-16T23:35:00Z,2026-09-16T19:35:00-04:00,2026-09-16,19:35,3281,Sky Zooma,Kids' Rides,false,0
2026-09-16T23:35:00Z,2026-09-16T19:35:00-04:00,2026-09-16,19:35,15789,Storm Chaser,Kids' Rides,false,0
2026-09-16T23:35:00Z,2026-09-16T19:35:00-04:00,2026-09-16,19:35,3267,Super Round Up,Kids' Rides,false,0
2026-09-16T23:35:00Z,2026-09-16T19:35:00-04:00,2026-09-16,19:35,15594,Tree Top Hopper,Kids' Rides,false,0
2026-09-16T23:35:00Z,2026-09-16T19:35:00-04:00,2026-09-16,19:35,3233,BATMAN™ The Ride,Thrill Rides,false,0
2026-09-16T23:35:00Z,2026-09-16T19:35:00-04:00,2026-09-16,19:35,3243,El Toro,Thrill Rides,false,0
2026-09-16T23:35:00Z,2026-09-16T19:35:00-04:00,2026-09-16,19:35,8539,Jersey Devil Coaster,Thrill Rides,false,0
2026-09-16T23:35:00Z,2026-09-16T19:35:00-04:00,2026-09-16,19:35,3916,JUSTICE LEAGUE™: Battle for METROPOLIS,Thrill Rides,false,0
2026-09-16T23:35:00Z,2026-09-16T19:35:00-04:00,2026-09-16,19:35,10533,Medusa,Thrill Rides,false,0
2026-09-16T23:35:00Z,2026-09-16T19:35:00-04:00,2026-09-16,19:35,3253,Nitro,Thrill Rides,false,0
2026-09-16T23:35:00Z,2026-09-16T19:35:00-04:00,2026-09-16,19:35,3261,Runaway Train,Thrill Rides,false,0
2026-09-16T23:35:00Z,2026-09-16T19:35:00-04:00,2026-09-16,19:35,3262,Skull Mountain,Thrill Rides,false,0
2026-09-16T23:35:00Z,2026-09-16T19:35:00-04:00,2026-09-16,19:35,3263,SkyScreamer,Thrill Rides,false,0
2026-09-16T23:35:00Z,2026-09-16T19:35:00-04:00,2026-09-16,19:35,3282,Slingshot,Thrill Rides,false,0
2026-09-16T23:35:00Z,2026-09-16T19:35:00-04:00,2026-09-16,19:35,3266,SUPERMAN™: Ultimate Flight,Thrill Rides,false,0
2026-09-16T23:35:00Z,2026-09-16T19:35:00-04:00,2026-09-16,19:35,3271,THE DARK KNIGHT™ Coaster,Thrill Rides,false,0
2026-09-16T23:35:00Z,2026-09-16T19:35:00-04:00,2026-09-16,19:35,14537,THE FLASH™: Vertical Velocity,Thrill Rides,false,0
2026-09-16T23:35:00Z,2026-09-16T19:35:00-04:00,2026-09-16,19:35,3288,THE JOKER™,Thrill Rides,false,0
2026-09-16T23:35:00Z,2026-09-16T19:35:00-04:00,2026-09-16,19:35,3273,Wile E. Coyote Canyon Blaster,Thrill Rides,false,0
2026-09-16T23:35:00Z,2026-09-16T19:35:00-04:00,2026-09-16,19:35,6371,WONDER WOMAN™ Lasso of Truth,Thrill Rides,false,0
2026-09-16T23:35:00Z,2026-09-16T19:35:00-04:00,2026-09-16,19:35,17721,Army of the Dead,,false,0
2026-09-16T23:35:00Z,2026-09-16T19:35:00-04:00,2026-09-16,19:35,17723,Asylum,,false,0
2026-09-16T23:35:00Z,2026-09-16T19:35:00-04:00,2026-09-16,19:35,17722,Big Top Terror,,false,0
2026-09-16T23:35:00Z,2026-09-16T19:35:00-04:00,2026-09-16,19:35,17724,The Conjuring Universe,,false,0
2026-09-16T23:35:00Z,2026-09-16T19:35:00-04:00,2026-09-16,19:35,17725,The Witch's Reflection,,false,0
2026-09-16T23:35:00Z,2026-09-16T19:35:00-04:00,2026-09-16,19:35,17720,Trick or Treatin' with Boo,,false,0
2026-09-16T23:40:00Z,2026-09-16T19:40:00-04:00,2026-09-16,19:40,3231,Air Jumbo,Family Rides,false,0
2026-09-16T23:40:00Z,2026-09-16T19:40:00-04:00,2026-09-16,19:40,17425,Barrels O’ Fun,Family Rides,false,0
2026-09-16T23:40:00Z,2026-09-16T19:40:00-04:00,2026-09-16,19:40,3270,Buccaneer,Family Rides,false,0
2026-09-16T23:40:00Z,2026-09-16T19:40:00-04:00,2026-09-16,19:40,3237,Carousel,Family Rides,false,0
2026-09-16T23:40:00Z,2026-09-16T19:40:00-04:00,2026-09-16,19:40,3244,Enchanted Teacups,Family Rides,false,0
2026-09-16T23:40:00Z,2026-09-16T19:40:00-04:00,2026-09-16,19:40,3245,Fender Benders,Family Rides,false,0
2026-09-16T23:40:00Z,2026-09-16T19:40:00-04:00,2026-09-16,19:40,17426,Flying Scooters,Family Rides,false,0
2026-09-16T23:40:00Z,2026-09-16T19:40:00-04:00,2026-09-16,19:40,15604,Giant Wheel,Family Rides,false,0
2026-09-16T23:40:00Z,2026-09-16T19:40:00-04:00,2026-09-16,19:40,3236,HARLEY QUINN™ Crazy Train,Family Rides,false,0
2026-09-16T23:40:00Z,2026-09-16T19:40:00-04:00,2026-09-16,19:40,3249,Houdini’s Great Escape,Family Rides,false,0
2026-09-16T23:40:00Z,2026-09-16T19:40:00-04:00,2026-09-16,19:40,17427,Hypno Twister,Family Rides,false,0
2026-09-16T23:40:00Z,2026-09-16T19:40:00-04:00,2026-09-16,19:40,3250,Jolly Roger,Family Rides,false,0
2026-09-16T23:40:00Z,2026-09-16T19:40:00-04:00,2026-09-16,19:40,15829,Roaring Rapids,Family Rides,false,0
2026-09-16T23:40:00Z,2026-09-16T19:40:00-04:00,2026-09-16,19:40,15727,Scrambler,Family Rides,false,0
2026-09-16T23:40:00Z,2026-09-16T19:40:00-04:00,2026-09-16,19:40,3268,Tango,Family Rides,false,0
2026-09-16T23:40:00Z,2026-09-16T19:40:00-04:00,2026-09-16,19:40,17428,Wave Swinger,Family Rides,false,0
2026-09-16T23:40:00Z,2026-09-16T19:40:00-04:00,2026-09-16,19:40,3232,Air Safari,Kids' Rides,false,0
2026-09-16T23:40:00Z,2026-09-16T19:40:00-04:00,2026-09-16,19:40,10461,Barnstormer,Kids' Rides,false,0
2026-09-16T23:40:00Z,2026-09-16T19:40:00-04:00,2026-09-16,19:40,3275,Bugaboo,Kids' Rides,false,0
2026-09-16T23:40:00Z,2026-09-16T19:40:00-04:00,2026-09-16,19:40,3277,Bugs Bunny Camp Carousel,Kids' Rides,false,0
2026-09-16T23:40:00Z,2026-09-16T19:40:00-04:00,2026-09-16,19:40,3279,Bugs Bunny Ranger Pilots,Kids' Rides,false,0
2026-09-16T23:40:00Z,2026-09-16T19:40:00-04:00,2026-09-16,19:40,3240,Daffy Duck Hot Air Balloons,Kids' Rides,false,0
2026-09-16T23:40:00Z,2026-09-16T19:40:00-04:00,2026-09-16,19:40,10077,Lil' Devil Coaster,Kids' Rides,false,0
2026-09-16T23:40:00Z,2026-09-16T19:40:00-04:00,2026-09-16,19:40,15617,Porky Pig Camp Wagons,Kids' Rides,false,0
2026-09-16T23:40:00Z,2026-09-16T19:40:00-04:00,2026-09-16,19:40,3257,Raja’s Rickshaws,Kids' Rides,false,0
2026-09-16T23:40:00Z,2026-09-16T19:40:00-04:00,2026-09-16,19:40,3274,Safari Off-Road Adventure,Kids' Rides,false,0
2026-09-16T23:40:00Z,2026-09-16T19:40:00-04:00,2026-09-16,19:40,3283,Saw Mill Log Flume,Kids' Rides,false,0
2026-09-16T23:40:00Z,2026-09-16T19:40:00-04:00,2026-09-16,19:40,3281,Sky Zooma,Kids' Rides,false,0
2026-09-16T23:40:00Z,2026-09-16T19:40:00-04:00,2026-09-16,19:40,15789,Storm Chaser,Kids' Rides,false,0
2026-09-16T23:40:00Z,2026-09-16T19:40:00-04:00,2026-09-16,19:40,3267,Super Round Up,Kids' Rides,false,0
2026-09-16T23:40:00Z,2026-09-16T19:40:00-04:00,2026-09-16,19:40,15594,Tree Top Hopper,Kids' Rides,false,0
2026-09-16T23:40:00Z,2026-09-16T19:40:00-04:00,2026-09-16,19:40,3233,BATMAN™ The Ride,Thrill Rides,false,0
2026-09-16T23:40:00Z,2026-09-16T19:40:00-04:00,2026-09-16,19:40,3243,El Toro,Thrill Rides,false,0
2026-09-16T23:40:00Z,2026-09-16T19:40:00-04:00,2026-09-16,19:40,8539,Jersey Devil Coaster,Thrill Rides,false,0
2026-09-16T23:40:00Z,2026-09-16T19:40:00-04:00,2026-09-16,19:40,3916,JUSTICE LEAGUE™: Battle for METROPOLIS,Thrill Rides,false,0
2026-09-16T23:40:00Z,2026-09-16T19:40:00-04:00,2026-09-16,19:40,10533,Medusa,Thrill Rides,false,0
2026-09-16T23:40:00Z,2026-09-16T19:40:00-04:00,2026-09-16,19:40,3253,Nitro,Thrill Rides,false,0
2026-09-16T23:40:00Z,2026-09-16T19:40:00-04:00,2026-09-16,19:40,3261,Runaway Train,Thrill Rides,false,0
2026-09-16T23:40:00Z,2026-09-16T19:40:00-04:00,2026-09-16,19:40,3262,Skull Mountain,Thrill Rides,false,0
2026-09-16T23:40:00Z,2026-09-16T19:40:00-04:00,2026-09-16,19:40,3263,SkyScreamer,Thrill Rides,false,0
2026-09-16T23:40:00Z,2026-09-16T19:40:00-04:00,2026-09-16,19:40,3282,Slingshot,Thrill Rides,false,0
2026-09-16T23:40:00Z,2026-09-16T19:40:00-04:00,2026-09-16,19:40,3266,SUPERMAN™: Ultimate Flight,Thrill Rides,false,0
2026-09-16T23:40:00Z,2026-09-16T19:40:00-04:00,2026-09-16,19:40,3271,THE DARK KNIGHT™ Coaster,Thrill Rides,false,0
2026-09-16T23:40:00Z,2026-09-16T19:40:00-04:00,2026-09-16,19:40,14537,THE FLASH™: Vertical Velocity,Thrill Rides,false,0
2026-09-16T23:40:00Z,2026-09-16T19:40:00-04:00,2026-09-16,19:40,3288,THE JOKER™,Thrill Rides,false,0
2026-09-16T23:40:00Z,2026-09-16T19:40:00-04:00,2026-09-16,19:40,3273,Wile E. Coyote Canyon Blaster,Thrill Rides,false,0
2026-09-16T23:40:00Z,2026-09-16T19:40:00-04:00,2026-09-16,19:40,6371,WONDER WOMAN™ Lasso of Truth,Thrill Rides,false,0
2026-09-16T23:40:00Z,2026-09-16T19:40:00-04:00,2026-09-16,19:40,17721,Army of the Dead,,false,0
2026-09-16T23:40:00Z,2026-09-16T19:40:00-04:00,2026-09-16,19:40,17723,Asylum,,false,0
2026-09-16T23:40:00Z,2026-09-16T19:40:00-04:00,2026-09-16,19:40,17722,Big Top Terror,,false,0
2026-09-16T23:40:00Z,2026-09-16T19:40:00-04:00,2026-09-16,19:40,17724,The Conjuring Universe,,false,0
2026-09-16T23:40:00Z,2026-09-16T19:40:00-04:00,2026-09-16,19:40,17725,The Witch's Reflection,,false,0
2026-09-16T23:40:00Z,2026-09-16T19:40:00-04:00,2026-09-16,19:40,17720,Trick or Treatin' with Boo,,false,0
2026-09-16T23:45:00Z,2026-09-16T19:45:00-04:00,2026-09-16,19:45,3231,Air Jumbo,Family Rides,false,0
2026-09-16T23:45:00Z,2026-09-16T19:45:00-04:00,2026-09-16,19:45,17425,Barrels O’ Fun,Family Rides,false,0
2026-09-16T23:45:00Z,2026-09-16T19:45:00-04:00,2026-09-16,19:45,3270,Buccaneer,Family Rides,false,0
2026-09-16T23:45:00Z,2026-09-16T19:45:00-04:00,2026-09-16,19:45,3237,Carousel,Family Rides,false,0
2026-09-16T23:45:00Z,2026-09-16T19:45:00-04:00,2026-09-16,19:45,3244,Enchanted Teacups,Family Rides,false,0
2026-09-16T23:45:00Z,2026-09-16T19:45:00-04:00,2026-09-16,19:45,3245,Fender Benders,Family Rides,false,0
2026-09-16T23:45:00Z,2026-09-16T19:45:00-04:00,2026-09-16,19:45,17426,Flying Scooters,Family Rides,false,0
2026-09-16T23:45:00Z,2026-09-16T19:45:00-04:00,2026-09-16,19:45,15604,Giant Wheel,Family Rides,false,0
2026-09-16T23:45:00Z,2026-09-16T19:45:00-04:00,2026-09-16,19:45,3236,HARLEY QUINN™ Crazy Train,Family Rides,false,0
2026-09-16T23:45:00Z,2026-09-16T19:45:00-04:00,2026-09-16,19:45,3249,Houdini’s Great Escape,Family Rides,false,0
2026-09-16T23:45:00Z,2026-09-16T19:45:00-04:00,2026-09-16,19:45,17427,Hypno Twister,Family Rides,false,0
2026-09-16T23:45:00Z,2026-09-16T19:45:00-04:00,2026-09-16,19:45,3250,Jolly Roger,Family Rides,false,0
2026-09-16T23:45:00Z,2026-09-16T19:45:00-04:00,2026-09-16,19:45,15829,Roaring Rapids,Family Rides,false,0
2026-09-16T23:45:00Z,2026-09-16T19:45:00-04:00,2026-09-16,19:45,15727,Scrambler,Family Rides,false,0
2026-09-16T23:45:00Z,2026-09-16T19:45:00-04:00,2026-09-16,19:45,3268,Tango,Family Rides,false,0
2026-09-16T23:45:00Z,2026-09-16T19:45:00-04:00,2026-09-16,19:45,17428,Wave Swinger,Family Rides,false,0
2026-09-16T23:45:00Z,2026-09-16T19:45:00-04:00,2026-09-16,19:45,3232,Air Safari,Kids' Rides,false,0
2026-09-16T23:45:00Z,2026-09-16T19:45:00-04:00,2026-09-16,19:45,10461,Barnstormer,Kids' Rides,false,0
2026-09-16T23:45:00Z,2026-09-16T19:45:00-04:00,2026-09-16,19:45,3275,Bugaboo,Kids' Rides,false,0
2026-09-16T23:45:00Z,2026-09-16T19:45:00-04:00,2026-09-16,19:45,3277,Bugs Bunny Camp Carousel,Kids' Rides,false,0
2026-09-16T23:45:00Z,2026-09-16T19:45:00-04:00,2026-09-16,19:45,3279,Bugs Bunny Ranger Pilots,Kids' Rides,false,0
2026-09-16T23:45:00Z,2026-09-16T19:45:00-04:00,2026-09-16,19:45,3240,Daffy Duck Hot Air Balloons,Kids' Rides,false,0
2026-09-16T23:45:00Z,2026-09-16T19:45:00-04:00,2026-09-16,19:45,10077,Lil' Devil Coaster,Kids' Rides,false,0
2026-09-16T23:45:00Z,2026-09-16T19:45:00-04:00,2026-09-16,19:45,15617,Porky Pig Camp Wagons,Kids' Rides,false,0
2026-09-16T23:45:00Z,2026-09-16T19:45:00-04:00,2026-09-16,19:45,3257,Raja’s Rickshaws,Kids' Rides,false,0
2026-09-16T23:45:00Z,2026-09-16T19:45:00-04:00,2026-09-16,19:45,3274,Safari Off-Road Adventure,Kids' Rides,false,0
2026-09-16T23:45:00Z,2026-09-16T19:45:00-04:00,2026-09-16,19:45,3283,Saw Mill Log Flume,Kids' Rides,false,0
2026-09-16T23:45:00Z,2026-09-16T19:45:00-04:00,2026-09-16,19:45,3281,Sky Zooma,Kids' Rides,false,0
2026-09-16T23:45:00Z,2026-09-16T19:45:00-04:00,2026-09-16,19:45,15789,Storm Chaser,Kids' Rides,false,0
2026-09-16T23:45:00Z,2026-09-16T19:45:00-04:00,2026-09-16,19:45,3267,Super Round Up,Kids' Rides,false,0
2026-09-16T23:45:00Z,2026-09-16T19:45:00-04:00,2026-09-16,19:45,15594,Tree Top Hopper,Kids' Rides,false,0
2026-09-16T23:45:00Z,2026-09-16T19:45:00-04:00,2026-09-16,19:45,3233,BATMAN™ The Ride,Thrill Rides,false,0
2026-09-16T23:45:00Z,2026-09-16T19:45:00-04:00,2026-09-16,19:45,3243,El Toro,Thrill Rides,false,0
2026-09-16T23:45:00Z,2026-09-16T19:45:00-04:00,2026-09-16,19:45,8539,Jersey Devil Coaster,Thrill Rides,false,0
2026-09-16T23:45:00Z,2026-09-16T19:45:00-04:00,2026-09-16,19:45,3916,JUSTICE LEAGUE™: Battle for METROPOLIS,Thrill Rides,false,0
2026-09-16T23:45:00Z,2026-09-16T19:45:00-04:00,2026-09-16,19:45,10533,Medusa,Thrill Rides,false,0
2026-09-16T23:45:00Z,2026-09-16T19:45:00-04:00,2026-09-16,19:45,3253,Nitro,Thrill Rides,false,0
2026-09-16T23:45:00Z,2026-09-16T19:45:00-04:00,2026-09-16,19:45,3261,Runaway Train,Thrill Rides,false,0
2026-09-16T23:45:00Z,2026-09-16T19:45:00-04:00,2026-09-16,19:45,3262,Skull Mountain,Thrill Rides,false,0
2026-09-16T23:45:00Z,2026-09-16T19:45:00-04:00,2026-09-16,19:45,3263,SkyScreamer,Thrill Rides,false,0
2026-09-16T23:45:00Z,2026-09-16T19:45:00-04:00,2026-09-16,19:45,3282,Slingshot,Thrill Rides,false,0
2026-09-16T23:45:00Z,2026-09-16T19:45:00-04:00,2026-09-16,19:45,3266,SUPERMAN™: Ultimate Flight,Thrill Rides,false,0
2026-09-16T23:45:00Z,2026-09-16T19:45:00-04:00,2026-09-16,19:45,3271,THE DARK KNIGHT™ Coaster,Thrill Rides,false,0
2026-09-16T23:45:00Z,2026-09-16T19:45:00-04:00,2026-09-16,19:45,14537,THE FLASH™: Vertical Velocity,Thrill Rides,false,0
2026-09-16T23:45:00Z,2026-09-16T19:45:00-04:00,2026-09-16,19:45,3288,THE JOKER™,Thrill Rides,false,0
2026-09-16T23:45:00Z,2026-09-16T19:45:00-04:00,2026-09-16,19:45,3273,Wile E. Coyote Canyon Blaster,Thrill Rides,false,0
2026-09-16T23:45:00Z,2026-09-16T19:45:00-04:00,2026-09-16,19:45,6371,WONDER WOMAN™ Lasso of Truth,Thrill Rides,false,0
2026-09-16T23:45:00Z,2026-09-16T19:45:00-04:00,2026-09-16,19:45,17721,Army of the Dead,,false,0
2026-09-16T23:45:00Z,2026-09-16T19:45:00-04:00,2026-09-16,19:45,17723,Asylum,,false,0
2026-09-16T23:45:00Z,2026-09-16T19:45:00-04:00,2026-09-16,19:45,17722,Big Top Terror,,false,0
2026-09-16T23:45:00Z,2026-09-16T19:45:00-04:00,2026-09-16,19:45,17724,The Conjuring Universe,,false,0
2026-09-16T23:45:00Z,2026-09-16T19:45:00-04:00,2026-09-16,19:45,17725,The Witch's Reflection,,false,0
2026-09-16T23:45:00Z,2026-09-16T19:45:00-04:00,2026-09-16,19:45,17720,Trick or Treatin' with Boo,,false,0
2026-09-16T23:50:00Z,2026-09-16T19:50:00-04:00,2026-09-16,19:50,3231,Air Jumbo,Family Rides,false,0
2026-09-16T23:50:00Z,2026-09-16T19:50:00-04:00,2026-09-16,19:50,17425,Barrels O’ Fun,Family Rides,false,0
2026-09-16T23:50:00Z,2026-09-16T19:50:00-04:00,2026-09-16,19:50,3270,Buccaneer,Family Rides,false,0
2026-09-16T23:50:00Z,2026-09-16T19:50:00-04:00,2026-09-16,19:50,3237,Carousel,Family Rides,false,0
2026-09-16T23:50:00Z,2026-09-16T19:50:00-04:00,2026-09-16,19:50,3244,Enchanted Teacups,Family Rides,false,0
2026-09-16T23:50:00Z,2026-09-16T19:50:00-04:00,2026-09-16,19:50,3245,Fender Benders,Family Rides,false,0
2026-09-16T23:50:00Z,2026-09-16T19:50:00-04:00,2026-09-16,19:50,17426,Flying Scooters,Family Rides,false,0
2026-09-16T23:50:00Z,2026-09-16T19:50:00-04:00,2026-09-16,19:50,15604,Giant Wheel,Family Rides,false,0
2026-09-16T23:50:00Z,2026-09-16T19:50:00-04:00,2026-09-16,19:50,3236,HARLEY QUINN™ Crazy Train,Family Rides,false,0
2026-09-16T23:50:00Z,2026-09-16T19:50:00-04:00,2026-09-16,19:50,3249,Houdini’s Great Escape,Family Rides,false,0
2026-09-16T23:50:00Z,2026-09-16T19:50:00-04:00,2026-09-16,19:50,17427,Hypno Twister,Family Rides,false,0
2026-09-16T23:50:00Z,2026-09-16T19:50:00-04:00,2026-09-16,19:50,3250,Jolly Roger,Family Rides,false,0
2026-09-16T23:50:00Z,2026-09-16T19:50:00-04:00,2026-09-16,19:50,15829,Roaring Rapids,Family Rides,false,0
2026-09-16T23:50:00Z,2026-09-16T19:50:00-04:00,2026-09-16,19:50,15727,Scrambler,Family Rides,false,0
2026-09-16T23:50:00Z,2026-09-16T19:50:00-04:00,2026-09-16,19:50,3268,Tango,Family Rides,false,0
2026-09-16T23:50:00Z,2026-09-16T19:50:00-04:00,2026-09-16,19:50,17428,Wave Swinger,Family Rides,false,0
2026-09-16T23:50:00Z,2026-09-16T19:50:00-04:00,2026-09-16,19:50,3232,Air Safari,Kids' Rides,false,0
2026-09-16T23:50:00Z,2026-09-16T19:50:00-04:00,2026-09-16,19:50,10461,Barnstormer,Kids' Rides,false,0
2026-09-16T23:50:00Z,2026-09-16T19:50:00-04:00,2026-09-16,19:50,3275,Bugaboo,Kids' Rides,false,0
2026-09-16T23:50:00Z,2026-09-16T19:50:00-04:00,2026-09-16,19:50,3277,Bugs Bunny Camp Carousel,Kids' Rides,false,0
2026-09-16T23:50:00Z,2026-09-16T19:50:00-04:00,2026-09-16,19:50,3279,Bugs Bunny Ranger Pilots,Kids' Rides,false,0
2026-09-16T23:50:00Z,2026-09-16T19:50:00-04:00,2026-09-16,19:50,3240,Daffy Duck Hot Air Balloons,Kids' Rides,false,0
2026-09-16T23:50:00Z,2026-09-16T19:50:00-04:00,2026-09-16,19:50,10077,Lil' Devil Coaster,Kids' Rides,false,0
2026-09-16T23:50:00Z,2026-09-16T19:50:00-04:00,2026-09-16,19:50,15617,Porky Pig Camp Wagons,Kids' Rides,false,0
2026-09-16T23:50:00Z,2026-09-16T19:50:00-04:00,2026-09-16,19:50,3257,Raja’s Rickshaws,Kids' Rides,false,0
2026-09-16T23:50:00Z,2026-09-16T19:50:00-04:00,2026-09-16,19:50,3274,Safari Off-Road Adventure,Kids' Rides,false,0
2026-09-16T23:50:00Z,2026-09-16T19:50:00-04:00,2026-09-16,19:50,3283,Saw Mill Log Flume,Kids' Rides,false,0
2026-09-16T23:50:00Z,2026-09-16T19:50:00-04:00,2026-09-16,19:50,3281,Sky Zooma,Kids' Rides,false,0
2026-09-16T23:50:00Z,2026-09-16T19:50:00-04:00,2026-09-16,19:50,15789,Storm Chaser,Kids' Rides,false,0
2026-09-16T23:50:00Z,2026-09-16T19:50:00-04:00,2026-09-16,19:50,3267,Super Round Up,Kids' Rides,false,0
2026-09-16T23:50:00Z,2026-09-16T19:50:00-04:00,2026-09-16,19:50,15594,Tree Top Hopper,Kids' Rides,false,0
2026-09-16T23:50:00Z,2026-09-16T19:50:00-04:00,2026-09-16,19:50,3233,BATMAN™ The Ride,Thrill Rides,false,0
2026-09-16T23:50:00Z,2026-09-16T19:50:00-04:00,2026-09-16,19:50,3243,El Toro,Thrill Rides,false,0
2026-09-16T23:50:00Z,2026-09-16T19:50:00-04:00,2026-09-16,19:50,8539,Jersey Devil Coaster,Thrill Rides,false,0
2026-09-16T23:50:00Z,2026-09-16T19:50:00-04:00,2026-09-16,19:50,3916,JUSTICE LEAGUE™: Battle for METROPOLIS,Thrill Rides,false,0
2026-09-16T23:50:00Z,2026-09-16T19:50:00-04:00,2026-09-16,19:50,10533,Medusa,Thrill Rides,false,0
2026-09-16T23:50:00Z,2026-09-16T19:50:00-04:00,2026-09-16,19:50,3253,Nitro,Thrill Rides,false,0
2026-09-16T23:50:00Z,2026-09-16T19:50:00-04:00,2026-09-16,19:50,3261,Runaway Train,Thrill Rides,false,0
2026-09-16T23:50:00Z,2026-09-16T19:50:00-04:00,2026-09-16,19:50,3262,Skull Mountain,Thrill Rides,false,0
2026-09-16T23:50:00Z,2026-09-16T19:50:00-04:00,2026-09-16,19:50,3263,SkyScreamer,Thrill Rides,false,0
2026-09-16T23:50:00Z,2026-09-16T19:50:00-04:00,2026-09-16,19:50,3282,Slingshot,Thrill Rides,false,0
2026-09-16T23:50:00Z,2026-09-16T19:50:00-04:00,2026-09-16,19:50,3266,SUPERMAN™: Ultimate Flight,Thrill Rides,false,0
2026-09-16T23:50:00Z,2026-09-16T19:50:00-04:00,2026-09-16,19:50,3271,THE DARK KNIGHT™ Coaster,Thrill Rides,false,0
2026-09-16T23:50:00Z,2026-09-16T19:50:00-04:00,2026-09-16,19:50,14537,THE FLASH™: Vertical Velocity,Thrill Rides,false,0
2026-09-16T23:50:00Z,2026-09-16T19:50:00-04:00,2026-09-16,19:50,3288,THE JOKER™,Thrill Rides,false,0
2026-09-16T23:50:00Z,2026-09-16T19:50:00-04:00,2026-09-16,19:50,3273,Wile E. Coyote Canyon Blaster,Thrill Rides,false,0
2026-09-16T23:50:00Z,2026-09-16T19:50:00-04:00,2026-09-16,19:50,6371,WONDER WOMAN™ Lasso of Truth,Thrill Rides,false,0
2026-09-16T23:50:00Z,2026-09-16T19:50:00-04:00,2026-09-16,19:50,17721,Army of the Dead,,false,0
2026-09-16T23:50:00Z,2026-09-16T19:50:00-04:00,2026-09-16,19:50,17723,Asylum,,false,0
2026-09-16T23:50:00Z,2026-09-16T19:50:00-04:00,2026-09-16,19:50,17722,Big Top Terror,,false,0
2026-09-16T23:50:00Z,2026-09-16T19:50:00-04:00,2026-09-16,19:50,17724,The Conjuring Universe,,false,0
2026-09-16T23:50:00Z,2026-09-16T19:50:00-04:00,2026-09-16,19:50,17725,The Witch's Reflection,,false,0
2026-09-16T23:50:00Z,2026-09-16T19:50:00-04:00,2026-09-16,19:50,17720,Trick or Treatin' with Boo,,false,0
2026-09-16T23:55:00Z,2026-09-16T19:55:00-04:00,2026-09-16,19:55,3231,Air Jumbo,Family Rides,false,0
2026-09-16T23:55:00Z,2026-09-16T19:55:00-04:00,2026-09-16,19:55,17425,Barrels O’ Fun,Family Rides,false,0
2026-09-16T23:55:00Z,2026-09-16T19:55:00-04:00,2026-09-16,19:55,3270,Buccaneer,Family Rides,false,0
2026-09-16T23:55:00Z,2026-09-16T19:55:00-04:00,2026-09-16,19:55,3237,Carousel,Family Rides,false,0
2026-09-16T23:55:00Z,2026-09-16T19:55:00-04:00,2026-09-16,19:55,3244,Enchanted Teacups,Family Rides,false,0
2026-09-16T23:55:00Z,2026-09-16T19:55:00-04:00,2026-09-16,19:55,3245,Fender Benders,Family Rides,false,0
2026-09-16T23:55:00Z,2026-09-16T19:55:00-04:00,2026-09-16,19:55,17426,Flying Scooters,Family Rides,false,0
2026-09-16T23:55:00Z,2026-09-16T19:55:00-04:00,2026-09-16,19:55,15604,Giant Wheel,Family Rides,false,0
2026-09-16T23:55:00Z,2026-09-16T19:55:00-04:00,2026-09-16,19:55,3236,HARLEY QUINN™ Crazy Train,Family Rides,false,0
2026-09-16T23:55:00Z,2026-09-16T19:55:00-04:00,2026-09-16,19:55,3249,Houdini’s Great Escape,Family Rides,false,0
2026-09-16T23:55:00Z,2026-09-16T19:55:00-04:00,2026-09-16,19:55,17427,Hypno Twister,Family Rides,false,0
2026-09-16T23:55:00Z,2026-09-16T19:55:00-04:00,2026-09-16,19:55,3250,Jolly Roger,Family Rides,false,0
2026-09-16T23:55:00Z,2026-09-16T19:55:00-04:00,2026-09-16,19:55,15829,Roaring Rapids,Family Rides,false,0
2026-09-16T23:55:00Z,2026-09-16T19:55:00-04:00,2026-09-16,19:55,15727,Scrambler,Family Rides,false,0
2026-09-16T23:55:00Z,2026-09-16T19:55:00-04:00,2026-09-16,19:55,3268,Tango,Family Rides,false,0
2026-09-16T23:55:00Z,2026-09-16T19:55:00-04:00,2026-09-16,19:55,17428,Wave Swinger,Family Rides,false,0
2026-09-16T23:55:00Z,2026-09-16T19:55:00-04:00,2026-09-16,19:55,3232,Air Safari,Kids' Rides,false,0
2026-09-16T23:55:00Z,2026-09-16T19:55:00-04:00,2026-09-16,19:55,10461,Barnstormer,Kids' Rides,false,0
2026-09-16T23:55:00Z,2026-09-16T19:55:00-04:00,2026-09-16,19:55,3275,Bugaboo,Kids' Rides,false,0
2026-09-16T23:55:00Z,2026-09-16T19:55:00-04:00,2026-09-16,19:55,3277,Bugs Bunny Camp Carousel,Kids' Rides,false,0
2026-09-16T23:55:00Z,2026-09-16T19:55:00-04:00,2026-09-16,19:55,3279,Bugs Bunny Ranger Pilots,Kids' Rides,false,0
2026-09-16T23:55:00Z,2026-09-16T19:55:00-04:00,2026-09-16,19:55,3240,Daffy Duck Hot Air Balloons,Kids' Rides,false,0
2026-09-16T23:55:00Z,2026-09-16T19:55:00-04:00,2026-09-16,19:55,10077,Lil' Devil Coaster,Kids' Rides,false,0
2026-09-16T23:55:00Z,2026-09-16T19:55:00-04:00,2026-09-16,19:55,15617,Porky Pig Camp Wagons,Kids' Rides,false,0
2026-09-16T23:55:00Z,2026-09-16T19:55:00-04:00,2026-09-16,19:55,3257,Raja’s Rickshaws,Kids' Rides,false,0
2026-09-16T23:55:00Z,2026-09-16T19:55:00-04:00,2026-09-16,19:55,3274,Safari Off-Road Adventure,Kids' Rides,false,0
2026-09-16T23:55:00Z,2026-09-16T19:55:00-04:00,2026-09-16,19:55,3283,Saw Mill Log Flume,Kids' Rides,false,0
2026-09-16T23:55:00Z,2026-09-16T19:55:00-04:00,2026-09-16,19:55,3281,Sky Zooma,Kids' Rides,false,0
2026-09-16T23:55:00Z,2026-09-16T19:55:00-04:00,2026-09-16,19:55,15789,Storm Chaser,Kids' Rides,false,0
2026-09-16T23:55:00Z,2026-09-16T19:55:00-04:00,2026-09-16,19:55,3267,Super Round Up,Kids' Rides,false,0
2026-09-16T23:55:00Z,2026-09-16T19:55:00-04:00,2026-09-16,19:55,15594,Tree Top Hopper,Kids' Rides,false,0
2026-09-16T23:55:00Z,2026-09-16T19:55:00-04:00,2026-09-16,19:55,3233,BATMAN™ The Ride,Thrill Rides,false,0
2026-09-16T23:55:00Z,2026-09-16T19:55:00-04:00,2026-09-16,19:55,3243,El Toro,Thrill Rides,false,0
2026-09-16T23:55:00Z,2026-09-16T19:55:00-04:00,2026-09-16,19:55,8539,Jersey Devil Coaster,Thrill Rides,false,0
2026-09-16T23:55:00Z,2026-09-16T19:55:00-04:00,2026-09-16,19:55,3916,JUSTICE LEAGUE™: Battle for METROPOLIS,Thrill Rides,false,0
2026-09-16T23:55:00Z,2026-09-16T19:55:00-04:00,2026-09-16,19:55,10533,Medusa,Thrill Rides,false,0
2026-09-16T23:55:00Z,2026-09-16T19:55:00-04:00,2026-09-16,19:55,3253,Nitro,Thrill Rides,false,0
2026-09-16T23:55:00Z,2026-09-16T19:55:00-04:00,2026-09-16,19:55,3261,Runaway Train,Thrill Rides,false,0
2026-09-16T23:55:00Z,2026-09-16T19:55:00-04:00,2026-09-16,19:55,3262,Skull Mountain,Thrill Rides,false,0
2026-09-16T23:55:00Z,2026-09-16T19:55:00-04:00,2026-09-16,19:55,3263,SkyScreamer,Thrill Rides,false,0
2026-09-16T23:55:00Z,2026-09-16T19:55:00-04:00,2026-09-16,19:55,3282,Slingshot,Thrill Rides,false,0
2026-09-16T23:55:00Z,2026-09-16T19:55:00-04:00,2026-09-16,19:55,3266,SUPERMAN™: Ultimate Flight,Thrill Rides,false,0
2026-09-16T23:55:00Z,2026-09-16T19:55:00-04:00,2026-09-16,19:55,3271,THE DARK KNIGHT™ Coaster,Thrill Rides,false,0
2026-09-16T23:55:00Z,2026-09-16T19:55:00-04:00,2026-09-16,19:55,14537,THE FLASH™: Vertical Velocity,Thrill Rides,false,0
2026-09-16T23:55:00Z,2026-09-16T19:55:00-04:00,2026-09-16,19:55,3288,THE JOKER™,Thrill Rides,false,0
2026-09-16T23:55:00Z,2026-09-16T19:55:00-04:00,2026-09-16,19:55,3273,Wile E. Coyote Canyon Blaster,Thrill Rides,false,0
2026-09-16T23:55:00Z,2026-09-16T19:55:00-04:00,2026-09-16,19:55,6371,WONDER WOMAN™ Lasso of Truth,Thrill Rides,false,0
2026-09-16T23:55:00Z,2026-09-16T19:55:00-04:00,2026-09-16,19:55,17721,Army of the Dead,,false,0
2026-09-16T23:55:00Z,2026-09-16T19:55:00-04:00,2026-09-16,19:55,17723,Asylum,,false,0
2026-09-16T23:55:00Z,2026-09-16T19:55:00-04:00,2026-09-16,19:55,17722,Big Top Terror,,false,0
2026-09-16T23:55:00Z,2026-09-16T19:55:00-04:00,2026-09-16,19:55,17724,The Conjuring Universe,,false,0
2026-09-16T23:55:00Z,2026-09-16T19:55:00-04:00,2026-09-16,19:55,17725,The Witch's Reflection,,false,0
2026-09-16T23:55:00Z,2026-09-16T19:55:00-04:00,2026-09-16,19:55,17720,Trick or Treatin' with Boo,,false,0
2026-09-17T01:30:00Z,2026-09-16T21:30:00-04:00,2026-09-16,21:30,3231,Air Jumbo,Family Rides,false,0
2026-09-17T01:30:00Z,2026-09-16T21:30:00-04:00,2026-09-16,21:30,17425,Barrels O’ Fun,Family Rides,false,0
2026-09-17T01:30:00Z,2026-09-16T21:30:00-04:00,2026-09-16,21:30,3270,Buccaneer,Family Rides,false,0
2026-09-17T01:30:00Z,2026-09-16T21:30:00-04:00,2026-09-16,21:30,3237,Carousel,Family Rides,false,0
2026-09-17T01:30:00Z,2026-09-16T21:30:00-04:00,2026-09-16,21:30,3244,Enchanted Teacups,Family Rides,false,0
2026-09-17T01:30:00Z,2026-09-16T21:30:00-04:00,2026-09-16,21:30,3245,Fender Benders,Family Rides,false,0
2026-09-17T01:30:00Z,2026-09-16T21:30:00-04:00,2026-09-16,21:30,17426,Flying Scooters,Family Rides,false,0
2026-09-17T01:30:00Z,2026-09-16T21:30:00-04:00,2026-09-16,21:30,15604,Giant Wheel,Family Rides,false,0
2026-09-17T01:30:00Z,2026-09-16T21:30:00-04:00,2026-09-16,21:30,3236,HARLEY QUINN™ Crazy Train,Family Rides,false,0
2026-09-17T01:30:00Z,2026-09-16T21:30:00-04:00,2026-09-16,21:30,3249,Houdini’s Great Escape,Family Rides,false,0
2026-09-17T01:30:00Z,2026-09-16T21:30:00-04:00,2026-09-16,21:30,17427,Hypno Twister,Family Rides,false,0
2026-09-17T01:30:00Z,2026-09-16T21:30:00-04:00,2026-09-16,21:30,3250,Jolly Roger,Family Rides,false,0
2026-09-17T01:30:00Z,2026-09-16T21:30:00-04:00,2026-09-16,21:30,15829,Roaring Rapids,Family Rides,false,0
2026-09-17T01:30:00Z,2026-09-16T21:30:00-04:00,2026-09-16,21:30,15727,Scrambler,Family Rides,false,0
2026-09-17T01:30:00Z,2026-09-16T21:30:00-04:00,2026-09-16,21:30,3268,Tango,Family Rides,false,0
2026-09-17T01:30:00Z,2026-09-16T21:30:00-04:00,2026-09-16,21:30,17428,Wave Swinger,Family Rides,false,0
2026-09-17T01:30:00Z,2026-09-16T21:30:00-04:00,2026-09-16,21:30,3232,Air Safari,Kids' Rides,false,0
2026-09-17T01:30:00Z,2026-09-16T21:30:00-04:00,2026-09-16,21:30,10461,Barnstormer,Kids' Rides,false,0
2026-09-17T01:30:00Z,2026-09-16T21:30:00-04:00,2026-09-16,21:30,3275,Bugaboo,Kids' Rides,false,0
2026-09-17T01:30:00Z,2026-09-16T21:30:00-04:00,2026-09-16,21:30,3277,Bugs Bunny Camp Carousel,Kids' Rides,false,0
2026-09-17T01:30:00Z,2026-09-16T21:30:00-04:00,2026-09-16,21:30,3279,Bugs Bunny Ranger Pilots,Kids' Rides,false,0
2026-09-17T01:30:00Z,2026-09-16T21:30:00-04:00,2026-09-16,21:30,3240,Daffy Duck Hot Air Balloons,Kids' Rides,false,0
2026-09-17T01:30:00Z,2026-09-16T21:30:00-04:00,2026-09-16,21:30,10077,Lil' Devil Coaster,Kids' Rides,false,0
2026-09-17T01:30:00Z,2026-09-16T21:30:00-04:00,2026-09-16,21:30,15617,Porky Pig Camp Wagons,Kids' Rides,false,0
2026-09-17T01:30:00Z,2026-09-16T21:30:00-04:00,2026-09-16,21:30,3257,Raja’s Rickshaws,Kids' Rides,false,0
2026-09-17T01:30:00Z,2026-09-16T21:30:00-04:00,2026-09-16,21:30,3274,Safari Off-Road Adventure,Kids' Rides,false,0
2026-09-17T01:30:00Z,2026-09-16T21:30:00-04:00,2026-09-16,21:30,3283,Saw Mill Log Flume,Kids' Rides,false,0
2026-09-17T01:30:00Z,2026-09-16T21:30:00-04:00,2026-09-16,21:30,3281,Sky Zooma,Kids' Rides,false,0
2026-09-17T01:30:00Z,2026-09-16T21:30:00-04:00,2026-09-16,21:30,15789,Storm Chaser,Kids' Rides,false,0
2026-09-17T01:30:00Z,2026-09-16T21:30:00-04:00,2026-09-16,21:30,3267,Super Round Up,Kids' Rides,false,0
2026-09-17T01:30:00Z,2026-09-16T21:30:00-04:00,2026-09-16,21:30,15594,Tree Top Hopper,Kids' Rides,false,0
2026-09-17T01:30:00Z,2026-09-16T21:30:00-04:00,2026-09-16,21:30,3233,BATMAN™ The Ride,Thrill Rides,false,0
2026-09-17T01:30:00Z,2026-09-16T21:30:00-04:00,2026-09-16,21:30,3243,El Toro,Thrill Rides,false,0
2026-09-17T01:30:00Z,2026-09-16T21:30:00-04:00,2026-09-16,21:30,8539,Jersey Devil Coaster,Thrill Rides,false,0
2026-09-17T01:30:00Z,2026-09-16T21:30:00-04:00,2026-09-16,21:30,3916,JUSTICE LEAGUE™: Battle for METROPOLIS,Thrill Rides,false,0
2026-09-17T01:30:00Z,2026-09-16T21:30:00-04:00,2026-09-16,21:30,10533,Medusa,Thrill Rides,false,0
2026-09-17T01:30:00Z,2026-09-16T21:30:00-04:00,2026-09-16,21:30,3253,Nitro,Thrill Rides,false,0
2026-09-17T01:30:00Z,2026-09-16T21:30:00-04:00,2026-09-16,21:30,3261,Runaway Train,Thrill Rides,false,0
2026-09-17T01:30:00Z,2026-09-16T21:30:00-04:00,2026-09-16,21:30,3262,Skull Mountain,Thrill Rides,false,0
2026-09-17T01:30:00Z,2026-09-16T21:30:00-04:00,2026-09-16,21:30,3263,SkyScreamer,Thrill Rides,false,0
2026-09-17T01:30:00Z,2026-09-16T21:30:00-04:00,2026-09-16,21:30,3282,Slingshot,Thrill Rides,false,0
2026-09-17T01:30:00Z,2026-09-16T21:30:00-04:00,2026-09-16,21:30,3266,SUPERMAN™: Ultimate Flight,Thrill Rides,false,0
2026-09-17T01:30:00Z,2026-09-16T21:30:00-04:00,2026-09-16,21:30,3271,THE DARK KNIGHT™ Coaster,Thrill Rides,false,0
2026-09-17T01:30:00Z,2026-09-16T21:30:00-04:00,2026-09-16,21:30,14537,THE FLASH™: Vertical Velocity,Thrill Rides,false,0
2026-09-17T01:30:00Z,2026-09-16T21:30:00-04:00,2026-09-16,21:30,3288,THE JOKER™,Thrill Rides,false,0
2026-09-17T01:30:00Z,2026-09-16T21:30:00-04:00,2026-09-16,21:30,3273,Wile E. Coyote Canyon Blaster,Thrill Rides,false,0
2026-09-17T01:30:00Z,2026-09-16T21:30:00-04:00,2026-09-16,21:30,6371,WONDER WOMAN™ Lasso of Truth,Thrill Rides,false,0
2026-09-17T01:30:00Z,2026-09-16T21:30:00-04:00,2026-09-16,21:30,17721,Army of the Dead,,false,0
2026-09-17T01:30:00Z,2026-09-16T21:30:00-04:00,2026-09-16,21:30,17723,Asylum,,false,0
2026-09-17T01:30:00Z,2026-09-16T21:30:00-04:00,2026-09-16,21:30,17722,Big Top Terror,,false,0
2026-09-17T01:30:00Z,2026-09-16T21:30:00-04:00,2026-09-16,21:30,17724,The Conjuring Universe,,false,0
2026-09-17T01:30:00Z,2026-09-16T21:30:00-04:00,2026-09-16,21:30,17725,The Witch's Reflection,,false,0
2026-09-17T01:30:00Z,2026-09-16T21:30:00-04:00,2026-09-16,21:30,17720,Trick or Treatin' with Boo,,false,0
2026-09-17T01:35:00Z,2026-09-16T21:35:00-04:00,2026-09-16,21:35,3231,Air Jumbo,Family Rides,false,0
2026-09-17T01:35:00Z,2026-09-16T21:35:00-04:00,2026-09-16,21:35,17425,Barrels O’ Fun,Family Rides,false,0
2026-09-17T01:35:00Z,2026-09-16T21:35:00-04:00,2026-09-16,21:35,3270,Buccaneer,Family Rides,false,0
2026-09-17T01:35:00Z,2026-09-16T21:35:00-04:00,2026-09-16,21:35,3237,Carousel,Family Rides,false,0
2026-09-17T01:35:00Z,2026-09-16T21:35:00-04:00,2026-09-16,21:35,3244,Enchanted Teacups,Family Rides,false,0
2026-09-17T01:35:00Z,2026-09-16T21:35:00-04:00,2026-09-16,21:35,3245,Fender Benders,Family Rides,false,0
2026-09-17T01:35:00Z,2026-09-16T21:35:00-04:00,2026-09-16,21:35,17426,Flying Scooters,Family Rides,false,0
2026-09-17T01:35:00Z,2026-09-16T21:35:00-04:00,2026-09-16,21:35,15604,Giant Wheel,Family Rides,false,0
2026-09-17T01:35:00Z,2026-09-16T21:35:00-04:00,2026-09-16,21:35,3236,HARLEY QUINN™ Crazy Train,Family Rides,false,0
2026-09-17T01:35:00Z,2026-09-16T21:35:00-04:00,2026-09-16,21:35,3249,Houdini’s Great Escape,Family Rides,false,0
2026-09-17T01:35:00Z,2026-09-16T21:35:00-04:00,2026-09-16,21:35,17427,Hypno Twister,Family Rides,false,0
2026-09-17T01:35:00Z,2026-09-16T21:35:00-04:00,2026-09-16,21:35,3250,Jolly Roger,Family Rides,false,0
2026-09-17T01:35:00Z,2026-09-16T21:35:00-04:00,2026-09-16,21:35,15829,Roaring Rapids,Family Rides,false,0
2026-09-17T01:35:00Z,2026-09-16T21:35:00-04:00,2026-09-16,21:35,15727,Scrambler,Family Rides,false,0
2026-09-17T01:35:00Z,2026-09-16T21:35:00-04:00,2026-09-16,21:35,3268,Tango,Family Rides,false,0
2026-09-17T01:35:00Z,2026-09-16T21:35:00-04:00,2026-09-16,21:35,17428,Wave Swinger,Family Rides,false,0
2026-09-17T01:35:00Z,2026-09-16T21:35:00-04:00,2026-09-16,21:35,3232,Air Safari,Kids' Rides,false,0
2026-09-17T01:35:00Z,2026-09-16T21:35:00-04:00,2026-09-16,21:35,10461,Barnstormer,Kids' Rides,false,0
2026-09-17T01:35:00Z,2026-09-16T21:35:00-04:00,2026-09-16,21:35,3275,Bugaboo,Kids' Rides,false,0
2026-09-17T01:35:00Z,2026-09-16T21:35:00-04:00,2026-09-16,21:35,3277,Bugs Bunny Camp Carousel,Kids' Rides,false,0
2026-09-17T01:35:00Z,2026-09-16T21:35:00-04:00,2026-09-16,21:35,3279,Bugs Bunny Ranger Pilots,Kids' Rides,false,0
2026-09-17T01:35:00Z,2026-09-16T21:35:00-04:00,2026-09-16,21:35,3240,Daffy Duck Hot Air Balloons,Kids' Rides,false,0
2026-09-17T01:35:00Z,2026-09-16T21:35:00-04:00,2026-09-16,21:35,10077,Lil' Devil Coaster,Kids' Rides,false,0
2026-09-17T01:35:00Z,2026-09-16T21:35:00-04:00,2026-09-16,21:35,15617,Porky Pig Camp Wagons,Kids' Rides,false,0
2026-09-17T01:35:00Z,2026-09-16T21:35:00-04:00,2026-09-16,21:35,3257,Raja’s Rickshaws,Kids' Rides,false,0
2026-09-17T01:35:00Z,2026-09-16T21:35:00-04:00,2026-09-16,21:35,3274,Safari Off-Road Adventure,Kids' Rides,false,0
2026-09-17T01:35:00Z,2026-09-16T21:35:00-04:00,2026-09-16,21:35,3283,Saw Mill Log Flume,Kids' Rides,false,0
2026-09-17T01:35:00Z,2026-09-16T21:35:00-04:00,2026-09-16,21:35,3281,Sky Zooma,Kids' Rides,false,0
2026-09-17T01:35:00Z,2026-09-16T21:35:00-04:00,2026-09-16,21:35,15789,Storm Chaser,Kids' Rides,false,0
2026-09-17T01:35:00Z,2026-09-16T21:35:00-04:00,2026-09-16,21:35,3267,Super Round Up,Kids' Rides,false,0
2026-09-17T01:35:00Z,2026-09-16T21:35:00-04:00,2026-09-16,21:35,15594,Tree Top Hopper,Kids' Rides,false,0
2026-09-17T01:35:00Z,2026-09-16T21:35:00-04:00,2026-09-16,21:35,3233,BATMAN™ The Ride,Thrill Rides,false,0
2026-09-17T01:35:00Z,2026-09-16T21:35:00-04:00,2026-09-16,21:35,3243,El Toro,Thrill Rides,false,0
2026-09-17T01:35:00Z,2026-09-16T21:35:00-04:00,2026-09-16,21:35,8539,Jersey Devil Coaster,Thrill Rides,false,0
2026-09-17T01:35:00Z,2026-09-16T21:35:00-04:00,2026-09-16,21:35,3916,JUSTICE LEAGUE™: Battle for METROPOLIS,Thrill Rides,false,0
2026-09-17T01:35:00Z,2026-09-16T21:35:00-04:00,2026-09-16,21:35,10533,Medusa,Thrill Rides,false,0
2026-09-17T01:35:00Z,2026-09-16T21:35:00-04:00,2026-09-16,21:35,3253,Nitro,Thrill Rides,false,0
2026-09-17T01:35:00Z,2026-09-16T21:35:00-04:00,2026-09-16,21:35,3261,Runaway Train,Thrill Rides,false,0
2026-09-17T01:35:00Z,2026-09-16T21:35:00-04:00,2026-09-16,21:35,3262,Skull Mountain,Thrill Rides,false,0
2026-09-17T01:35:00Z,2026-09-16T21:35:00-04:00,2026-09-16,21:35,3263,SkyScreamer,Thrill Rides,false,0
2026-09-17T01:35:00Z,2026-09-16T21:35:00-04:00,2026-09-16,21:35,3282,Slingshot,Thrill Rides,false,0
2026-09-17T01:35:00Z,2026-09-16T21:35:00-04:00,2026-09-16,21:35,3266,SUPERMAN™: Ultimate Flight,Thrill Rides,false,0
2026-09-17T01:35:00Z,2026-09-16T21:35:00-04:00,2026-09-16,21:35,3271,THE DARK KNIGHT™ Coaster,Thrill Rides,false,0
2026-09-17T01:35:00Z,2026-09-16T21:35:00-04:00,2026-09-16,21:35,14537,THE FLASH™: Vertical Velocity,Thrill Rides,false,0
2026-09-17T01:35:00Z,2026-09-16T21:35:00-04:00,2026-09-16,21:35,3288,THE JOKER™,Thrill Rides,false,0
2026-09-17T01:35:00Z,2026-09-16T21:35:00-04:00,2026-09-16,21:35,3273,Wile E. Coyote Canyon Blaster,Thrill Rides,false,0
2026-09-17T01:35:00Z,2026-09-16T21:35:00-04:00,2026-09-16,21:35,6371,WONDER WOMAN™ Lasso of Truth,Thrill Rides,false,0
2026-09-17T01:35:00Z,2026-09-16T21:35:00-04:00,2026-09-16,21:35,17721,Army of the Dead,,false,0
2026-09-17T01:35:00Z,2026-09-16T21:35:00-04:00,2026-09-16,21:35,17723,Asylum,,false,0
2026-09-17T01:35:00Z,2026-09-16T21:35:00-04:00,2026-09-16,21:35,17722,Big Top Terror,,false,0
2026-09-17T01:35:00Z,2026-09-16T21:35:00-04:00,2026-09-16,21:35,17724,The Conjuring Universe,,false,0
2026-09-17T01:35:00Z,2026-09-16T21:35:00-04:00,2026-09-16,21:35,17725,The Witch's Reflection,,false,0
2026-09-17T01:35:00Z,2026-09-16T21:35:00-04:00,2026-09-16,21:35,17720,Trick or Treatin' with Boo,,false,0
2026-09-17T01:40:00Z,2026-09-16T21:40:00-04:00,2026-09-16,21:40,3231,Air Jumbo,Family Rides,false,0
2026-09-17T01:40:00Z,2026-09-16T21:40:00-04:00,2026-09-16,21:40,17425,Barrels O’ Fun,Family Rides,false,0
2026-09-17T01:40:00Z,2026-09-16T21:40:00-04:00,2026-09-16,21:40,3270,Buccaneer,Family Rides,false,0
2026-09-17T01:40:00Z,2026-09-16T21:40:00-04:00,2026-09-16,21:40,3237,Carousel,Family Rides,false,0
2026-09-17T01:40:00Z,2026-09-16T21:40:00-04:00,2026-09-16,21:40,3244,Enchanted Teacups,Family Rides,false,0
2026-09-17T01:40:00Z,2026-09-16T21:40:00-04:00,2026-09-16,21:40,3245,Fender Benders,Family Rides,false,0
2026-09-17T01:40:00Z,2026-09-16T21:40:00-04:00,2026-09-16,21:40,17426,Flying Scooters,Family Rides,false,0
2026-09-17T01:40:00Z,2026-09-16T21:40:00-04:00,2026-09-16,21:40,15604,Giant Wheel,Family Rides,false,0
2026-09-17T01:40:00Z,2026-09-16T21:40:00-04:00,2026-09-16,21:40,3236,HARLEY QUINN™ Crazy Train,Family Rides,false,0
2026-09-17T01:40:00Z,2026-09-16T21:40:00-04:00,2026-09-16,21:40,3249,Houdini’s Great Escape,Family Rides,false,0
2026-09-17T01:40:00Z,2026-09-16T21:40:00-04:00,2026-09-16,21:40,17427,Hypno Twister,Family Rides,false,0
2026-09-17T01:40:00Z,2026-09-16T21:40:00-04:00,2026-09-16,21:40,3250,Jolly Roger,Family Rides,false,0
2026-09-17T01:40:00Z,2026-09-16T21:40:00-04:00,2026-09-16,21:40,15829,Roaring Rapids,Family Rides,false,0
2026-09-17T01:40:00Z,2026-09-16T21:40:00-04:00,2026-09-16,21:40,15727,Scrambler,Family Rides,false,0
2026-09-17T01:40:00Z,2026-09-16T21:40:00-04:00,2026-09-16,21:40,3268,Tango,Family Rides,false,0
2026-09-17T01:40:00Z,2026-09-16T21:40:00-04:00,2026-09-16,21:40,17428,Wave Swinger,Family Rides,false,0
2026-09-17T01:40:00Z,2026-09-16T21:40:00-04:00,2026-09-16,21:40,3232,Air Safari,Kids' Rides,false,0
2026-09-17T01:40:00Z,2026-09-16T21:40:00-04:00,2026-09-16,21:40,10461,Barnstormer,Kids' Rides,false,0
2026-09-17T01:40:00Z,2026-09-16T21:40:00-04:00,2026-09-16,21:40,3275,Bugaboo,Kids' Rides,false,0
2026-09-17T01:40:00Z,2026-09-16T21:40:00-04:00,2026-09-16,21:40,3277,Bugs Bunny Camp Carousel,Kids' Rides,false,0
2026-09-17T01:40:00Z,2026-09-16T21:40:00-04:00,2026-09-16,21:40,3279,Bugs Bunny Ranger Pilots,Kids' Rides,false,0
2026-09-17T01:40:00Z,2026-09-16T21:40:00-04:00,2026-09-16,21:40,3240,Daffy Duck Hot Air Balloons,Kids' Rides,false,0
2026-09-17T01:40:00Z,2026-09-16T21:40:00-04:00,2026-09-16,21:40,10077,Lil' Devil Coaster,Kids' Rides,false,0
2026-09-17T01:40:00Z,2026-09-16T21:40:00-04:00,2026-09-16,21:40,15617,Porky Pig Camp Wagons,Kids' Rides,false,0
2026-09-17T01:40:00Z,2026-09-16T21:40:00-04:00,2026-09-16,21:40,3257,Raja’s Rickshaws,Kids' Rides,false,0
2026-09-17T01:40:00Z,2026-09-16T21:40:00-04:00,2026-09-16,21:40,3274,Safari Off-Road Adventure,Kids' Rides,false,0
2026-09-17T01:40:00Z,2026-09-16T21:40:00-04:00,2026-09-16,21:40,3283,Saw Mill Log Flume,Kids' Rides,false,0
2026-09-17T01:40:00Z,2026-09-16T21:40:00-04:00,2026-09-16,21:40,3281,Sky Zooma,Kids' Rides,false,0
2026-09-17T01:40:00Z,2026-09-16T21:40:00-04:00,2026-09-16,21:40,15789,Storm Chaser,Kids' Rides,false,0
2026-09-17T01:40:00Z,2026-09-16T21:40:00-04:00,2026-09-16,21:40,3267,Super Round Up,Kids' Rides,false,0
2026-09-17T01:40:00Z,2026-09-16T21:40:00-04:00,2026-09-16,21:40,15594,Tree Top Hopper,Kids' Rides,false,0
2026-09-17T01:40:00Z,2026-09-16T21:40:00-04:00,2026-09-16,21:40,3233,BATMAN™ The Ride,Thrill Rides,false,0
2026-09-17T01:40:00Z,2026-09-16T21:40:00-04:00,2026-09-16,21:40,3243,El Toro,Thrill Rides,false,0
2026-09-17T01:40:00Z,2026-09-16T21:40:00-04:00,2026-09-16,21:40,8539,Jersey Devil Coaster,Thrill Rides,false,0
2026-09-17T01:40:00Z,2026-09-16T21:40:00-04:00,2026-09-16,21:40,3916,JUSTICE LEAGUE™: Battle for METROPOLIS,Thrill Rides,false,0
2026-09-17T01:40:00Z,2026-09-16T21:40:00-04:00,2026-09-16,21:40,10533,Medusa,Thrill Rides,false,0
2026-09-17T01:40:00Z,2026-09-16T21:40:00-04:00,2026-09-16,21:40,3253,Nitro,Thrill Rides,false,0
2026-09-17T01:40:00Z,2026-09-16T21:40:00-04:00,2026-09-16,21:40,3261,Runaway Train,Thrill Rides,false,0
2026-09-17T01:40:00Z,2026-09-16T21:40:00-04:00,2026-09-16,21:40,3262,Skull Mountain,Thrill Rides,false,0
2026-09-17T01:40:00Z,2026-09-16T21:40:00-04:00,2026-09-16,21:40,3263,SkyScreamer,Thrill Rides,false,0
2026-09-17T01:40:00Z,2026-09-16T21:40:00-04:00,2026-09-16,21:40,3282,Slingshot,Thrill Rides,false,0
2026-09-17T01:40:00Z,2026-09-16T21:40:00-04:00,2026-09-16,21:40,3266,SUPERMAN™: Ultimate Flight,Thrill Rides,false,0
2026-09-17T01:40:00Z,2026-09-16T21:40:00-04:00,2026-09-16,21:40,3271,THE DARK KNIGHT™ Coaster,Thrill Rides,false,0
2026-09-17T01:40:00Z,2026-09-16T21:40:00-04:00,2026-09-16,21:40,14537,THE FLASH™: Vertical Velocity,Thrill Rides,false,0
2026-09-17T01:40:00Z,2026-09-16T21:40:00-04:00,2026-09-16,21:40,3288,THE JOKER™,Thrill Rides,false,0
2026-09-17T01:40:00Z,2026-09-16T21:40:00-04:00,2026-09-16,21:40,3273,Wile E. Coyote Canyon Blaster,Thrill Rides,false,0
2026-09-17T01:40:00Z,2026-09-16T21:40:00-04:00,2026-09-16,21:40,6371,WONDER WOMAN™ Lasso of Truth,Thrill Rides,false,0
2026-09-17T01:40:00Z,2026-09-16T21:40:00-04:00,2026-09-16,21:40,17721,Army of the Dead,,false,0
2026-09-17T01:40:00Z,2026-09-16T21:40:00-04:00,2026-09-16,21:40,17723,Asylum,,false,0
2026-09-17T01:40:00Z,2026-09-16T21:40:00-04:00,2026-09-16,21:40,17722,Big Top Terror,,false,0
2026-09-17T01:40:00Z,2026-09-16T21:40:00-04:00,2026-09-16,21:40,17724,The Conjuring Universe,,false,0
2026-09-17T01:40:00Z,2026-09-16T21:40:00-04:00,2026-09-16,21:40,17725,The Witch's Reflection,,false,0
2026-09-17T01:40:00Z,2026-09-16T21:40:00-04:00,2026-09-16,21:40,17720,Trick or Treatin' with Boo,,false,0
2026-09-17T01:45:00Z,2026-09-16T21:45:00-04:00,2026-09-16,21:45,3231,Air Jumbo,Family Rides,false,0
2026-09-17T01:45:00Z,2026-09-16T21:45:00-04:00,2026-09-16,21:45,17425,Barrels O’ Fun,Family Rides,false,0
2026-09-17T01:45:00Z,2026-09-16T21:45:00-04:00,2026-09-16,21:45,3270,Buccaneer,Family Rides,false,0
2026-09-17T01:45:00Z,2026-09-16T21:45:00-04:00,2026-09-16,21:45,3237,Carousel,Family Rides,false,0
2026-09-17T01:45:00Z,2026-09-16T21:45:00-04:00,2026-09-16,21:45,3244,Enchanted Teacups,Family Rides,false,0
2026-09-17T01:45:00Z,2026-09-16T21:45:00-04:00,2026-09-16,21:45,3245,Fender Benders,Family Rides,false,0
2026-09-17T01:45:00Z,2026-09-16T21:45:00-04:00,2026-09-16,21:45,17426,Flying Scooters,Family Rides,false,0
2026-09-17T01:45:00Z,2026-09-16T21:45:00-04:00,2026-09-16,21:45,15604,Giant Wheel,Family Rides,false,0
2026-09-17T01:45:00Z,2026-09-16T21:45:00-04:00,2026-09-16,21:45,3236,HARLEY QUINN™ Crazy Train,Family Rides,false,0
2026-09-17T01:45:00Z,2026-09-16T21:45:00-04:00,2026-09-16,21:45,3249,Houdini’s Great Escape,Family Rides,false,0
2026-09-17T01:45:00Z,2026-09-16T21:45:00-04:00,2026-09-16,21:45,17427,Hypno Twister,Family Rides,false,0
2026-09-17T01:45:00Z,2026-09-16T21:45:00-04:00,2026-09-16,21:45,3250,Jolly Roger,Family Rides,false,0
2026-09-17T01:45:00Z,2026-09-16T21:45:00-04:00,2026-09-16,21:45,15829,Roaring Rapids,Family Rides,false,0
2026-09-17T01:45:00Z,2026-09-16T21:45:00-04:00,2026-09-16,21:45,15727,Scrambler,Family Rides,false,0
2026-09-17T01:45:00Z,2026-09-16T21:45:00-04:00,2026-09-16,21:45,3268,Tango,Family Rides,false,0
2026-09-17T01:45:00Z,2026-09-16T21:45:00-04:00,2026-09-16,21:45,17428,Wave Swinger,Family Rides,false,0
2026-09-17T01:45:00Z,2026-09-16T21:45:00-04:00,2026-09-16,21:45,3232,Air Safari,Kids' Rides,false,0
2026-09-17T01:45:00Z,2026-09-16T21:45:00-04:00,2026-09-16,21:45,10461,Barnstormer,Kids' Rides,false,0
2026-09-17T01:45:00Z,2026-09-16T21:45:00-04:00,2026-09-16,21:45,3275,Bugaboo,Kids' Rides,false,0
2026-09-17T01:45:00Z,2026-09-16T21:45:00-04:00,2026-09-16,21:45,3277,Bugs Bunny Camp Carousel,Kids' Rides,false,0
2026-09-17T01:45:00Z,2026-09-16T21:45:00-04:00,2026-09-16,21:45,3279,Bugs Bunny Ranger Pilots,Kids' Rides,false,0
2026-09-17T01:45:00Z,2026-09-16T21:45:00-04:00,2026-09-16,21:45,3240,Daffy Duck Hot Air Balloons,Kids' Rides,false,0
2026-09-17T01:45:00Z,2026-09-16T21:45:00-04:00,2026-09-16,21:45,10077,Lil' Devil Coaster,Kids' Rides,false,0
2026-09-17T01:45:00Z,2026-09-16T21:45:00-04:00,2026-09-16,21:45,15617,Porky Pig Camp Wagons,Kids' Rides,false,0
2026-09-17T01:45:00Z,2026-09-16T21:45:00-04:00,2026-09-16,21:45,3257,Raja’s Rickshaws,Kids' Rides,false,0
2026-09-17T01:45:00Z,2026-09-16T21:45:00-04:00,2026-09-16,21:45,3274,Safari Off-Road Adventure,Kids' Rides,false,0
2026-09-17T01:45:00Z,2026-09-16T21:45:00-04:00,2026-09-16,21:45,3283,Saw Mill Log Flume,Kids' Rides,false,0
2026-09-17T01:45:00Z,2026-09-16T21:45:00-04:00,2026-09-16,21:45,3281,Sky Zooma,Kids' Rides,false,0
2026-09-17T01:45:00Z,2026-09-16T21:45:00-04:00,2026-09-16,21:45,15789,Storm Chaser,Kids' Rides,false,0
2026-09-17T01:45:00Z,2026-09-16T21:45:00-04:00,2026-09-16,21:45,3267,Super Round Up,Kids' Rides,false,0
2026-09-17T01:45:00Z,2026-09-16T21:45:00-04:00,2026-09-16,21:45,15594,Tree Top Hopper,Kids' Rides,false,0
2026-09-17T01:45:00Z,2026-09-16T21:45:00-04:00,2026-09-16,21:45,3233,BATMAN™ The Ride,Thrill Rides,false,0
2026-09-17T01:45:00Z,2026-09-16T21:45:00-04:00,2026-09-16,21:45,3243,El Toro,Thrill Rides,false,0
2026-09-17T01:45:00Z,2026-09-16T21:45:00-04:00,2026-09-16,21:45,8539,Jersey Devil Coaster,Thrill Rides,false,0
2026-09-17T01:45:00Z,2026-09-16T21:45:00-04:00,2026-09-16,21:45,3916,JUSTICE LEAGUE™: Battle for METROPOLIS,Thrill Rides,false,0
2026-09-17T01:45:00Z,2026-09-16T21:45:00-04:00,2026-09-16,21:45,10533,Medusa,Thrill Rides,false,0
2026-09-17T01:45:00Z,2026-09-16T21:45:00-04:00,2026-09-16,21:45,3253,Nitro,Thrill Rides,false,0
2026-09-17T01:45:00Z,2026-09-16T21:45:00-04:00,2026-09-16,21:45,3261,Runaway Train,Thrill Rides,false,0
2026-09-17T01:45:00Z,2026-09-16T21:45:00-04:00,2026-09-16,21:45,3262,Skull Mountain,Thrill Rides,false,0
2026-09-17T01:45:00Z,2026-09-16T21:45:00-04:00,2026-09-16,21:45,3263,SkyScreamer,Thrill Rides,false,0
2026-09-17T01:45:00Z,2026-09-16T21:45:00-04:00,2026-09-16,21:45,3282,Slingshot,Thrill Rides,false,0
2026-09-17T01:45:00Z,2026-09-16T21:45:00-04:00,2026-09-16,21:45,3266,SUPERMAN™: Ultimate Flight,Thrill Rides,false,0
2026-09-17T01:45:00Z,2026-09-16T21:45:00-04:00,2026-09-16,21:45,3271,THE DARK KNIGHT™ Coaster,Thrill Rides,false,0
2026-09-17T01:45:00Z,2026-09-16T21:45:00-04:00,2026-09-16,21:45,14537,THE FLASH™: Vertical Velocity,Thrill Rides,false,0
2026-09-17T01:45:00Z,2026-09-16T21:45:00-04:00,2026-09-16,21:45,3288,THE JOKER™,Thrill Rides,false,0
2026-09-17T01:45:00Z,2026-09-16T21:45:00-04:00,2026-09-16,21:45,3273,Wile E. Coyote Canyon Blaster,Thrill Rides,false,0
2026-09-17T01:45:00Z,2026-09-16T21:45:00-04:00,2026-09-16,21:45,6371,WONDER WOMAN™ Lasso of Truth,Thrill Rides,false,0
2026-09-17T01:45:00Z,2026-09-16T21:45:00-04:00,2026-09-16,21:45,17721,Army of the Dead,,false,0
2026-09-17T01:45:00Z,2026-09-16T21:45:00-04:00,2026-09-16,21:45,17723,Asylum,,false,0
2026-09-17T01:45:00Z,2026-09-16T21:45:00-04:00,2026-09-16,21:45,17722,Big Top Terror,,false,0
2026-09-17T01:45:00Z,2026-09-16T21:45:00-04:00,2026-09-16,21:45,17724,The Conjuring Universe,,false,0
2026-09-17T01:45:00Z,2026-09-16T21:45:00-04:00,2026-09-16,21:45,17725,The Witch's Reflection,,false,0
2026-09-17T01:45:00Z,2026-09-16T21:45:00-04:00,2026-09-16,21:45,17720,Trick or Treatin' with Boo,,false,0
2026-09-17T01:50:00Z,2026-09-16T21:50:00-04:00,2026-09-16,21:50,3231,Air Jumbo,Family Rides,false,0
2026-09-17T01:50:00Z,2026-09-16T21:50:00-04:00,2026-09-16,21:50,17425,Barrels O’ Fun,Family Rides,false,0
2026-09-17T01:50:00Z,2026-09-16T21:50:00-04:00,2026-09-16,21:50,3270,Buccaneer,Family Rides,false,0
2026-09-17T01:50:00Z,2026-09-16T21:50:00-04:00,2026-09-16,21:50,3237,Carousel,Family Rides,false,0
2026-09-17T01:50:00Z,2026-09-16T21:50:00-04:00,2026-09-16,21:50,3244,Enchanted Teacups,Family Rides,false,0
2026-09-17T01:50:00Z,2026-09-16T21:50:00-04:00,2026-09-16,21:50,3245,Fender Benders,Family Rides,false,0
2026-09-17T01:50:00Z,2026-09-16T21:50:00-04:00,2026-09-16,21:50,17426,Flying Scooters,Family Rides,false,0
2026-09-17T01:50:00Z,2026-09-16T21:50:00-04:00,2026-09-16,21:50,15604,Giant Wheel,Family Rides,false,0
2026-09-17T01:50:00Z,2026-09-16T21:50:00-04:00,2026-09-16,21:50,3236,HARLEY QUINN™ Crazy Train,Family Rides,false,0
2026-09-17T01:50:00Z,2026-09-16T21:50:00-04:00,2026-09-16,21:50,3249,Houdini’s Great Escape,Family Rides,false,0
2026-09-17T01:50:00Z,2026-09-16T21:50:00-04:00,2026-09-16,21:50,17427,Hypno Twister,Family Rides,false,0
2026-09-17T01:50:00Z,2026-09-16T21:50:00-04:00,2026-09-16,21:50,3250,Jolly Roger,Family Rides,false,0
2026-09-17T01:50:00Z,2026-09-16T21:50:00-04:00,2026-09-16,21:50,15829,Roaring Rapids,Family Rides,false,0
2026-09-17T01:50:00Z,2026-09-16T21:50:00-04:00,2026-09-16,21:50,15727,Scrambler,Family Rides,false,0
2026-09-17T01:50:00Z,2026-09-16T21:50:00-04:00,2026-09-16,21:50,3268,Tango,Family Rides,false,0
2026-09-17T01:50:00Z,2026-09-16T21:50:00-04:00,2026-09-16,21:50,17428,Wave Swinger,Family Rides,false,0
2026-09-17T01:50:00Z,2026-09-16T21:50:00-04:00,2026-09-16,21:50,3232,Air Safari,Kids' Rides,false,0
2026-09-17T01:50:00Z,2026-09-16T21:50:00-04:00,2026-09-16,21:50,10461,Barnstormer,Kids' Rides,false,0
2026-09-17T01:50:00Z,2026-09-16T21:50:00-04:00,2026-09-16,21:50,3275,Bugaboo,Kids' Rides,false,0
2026-09-17T01:50:00Z,2026-09-16T21:50:00-04:00,2026-09-16,21:50,3277,Bugs Bunny Camp Carousel,Kids' Rides,false,0
2026-09-17T01:50:00Z,2026-09-16T21:50:00-04:00,2026-09-16,21:50,3279,Bugs Bunny Ranger Pilots,Kids' Rides,false,0
2026-09-17T01:50:00Z,2026-09-16T21:50:00-04:00,2026-09-16,21:50,3240,Daffy Duck Hot Air Balloons,Kids' Rides,false,0
2026-09-17T01:50:00Z,2026-09-16T21:50:00-04:00,2026-09-16,21:50,10077,Lil' Devil Coaster,Kids' Rides,false,0
2026-09-17T01:50:00Z,2026-09-16T21:50:00-04:00,2026-09-16,21:50,15617,Porky Pig Camp Wagons,Kids' Rides,false,0
2026-09-17T01:50:00Z,2026-09-16T21:50:00-04:00,2026-09-16,21:50,3257,Raja’s Rickshaws,Kids' Rides,false,0
2026-09-17T01:50:00Z,2026-09-16T21:50:00-04:00,2026-09-16,21:50,3274,Safari Off-Road Adventure,Kids' Rides,false,0
2026-09-17T01:50:00Z,2026-09-16T21:50:00-04:00,2026-09-16,21:50,3283,Saw Mill Log Flume,Kids' Rides,false,0
2026-09-17T01:50:00Z,2026-09-16T21:50:00-04:00,2026-09-16,21:50,3281,Sky Zooma,Kids' Rides,false,0
2026-09-17T01:50:00Z,2026-09-16T21:50:00-04:00,2026-09-16,21:50,15789,Storm Chaser,Kids' Rides,false,0
2026-09-17T01:50:00Z,2026-09-16T21:50:00-04:00,2026-09-16,21:50,3267,Super Round Up,Kids' Rides,false,0
2026-09-17T01:50:00Z,2026-09-16T21:50:00-04:00,2026-09-16,21:50,15594,Tree Top Hopper,Kids' Rides,false,0
2026-09-17T01:50:00Z,2026-09-16T21:50:00-04:00,2026-09-16,21:50,3233,BATMAN™ The Ride,Thrill Rides,false,0
2026-09-17T01:50:00Z,2026-09-16T21:50:00-04:00,2026-09-16,21:50,3243,El Toro,Thrill Rides,false,0
2026-09-17T01:50:00Z,2026-09-16T21:50:00-04:00,2026-09-16,21:50,8539,Jersey Devil Coaster,Thrill Rides,false,0
2026-09-17T01:50:00Z,2026-09-16T21:50:00-04:00,2026-09-16,21:50,3916,JUSTICE LEAGUE™: Battle for METROPOLIS,Thrill Rides,false,0
2026-09-17T01:50:00Z,2026-09-16T21:50:00-04:00,2026-09-16,21:50,10533,Medusa,Thrill Rides,false,0
2026-09-17T01:50:00Z,2026-09-16T21:50:00-04:00,2026-09-16,21:50,3253,Nitro,Thrill Rides,false,0
2026-09-17T01:50:00Z,2026-09-16T21:50:00-04:00,2026-09-16,21:50,3261,Runaway Train,Thrill Rides,false,0
2026-09-17T01:50:00Z,2026-09-16T21:50:00-04:00,2026-09-16,21:50,3262,Skull Mountain,Thrill Rides,false,0
2026-09-17T01:50:00Z,2026-09-16T21:50:00-04:00,2026-09-16,21:50,3263,SkyScreamer,Thrill Rides,false,0
2026-09-17T01:50:00Z,2026-09-16T21:50:00-04:00,2026-09-16,21:50,3282,Slingshot,Thrill Rides,false,0
2026-09-17T01:50:00Z,2026-09-16T21:50:00-04:00,2026-09-16,21:50,3266,SUPERMAN™: Ultimate Flight,Thrill Rides,false,0
2026-09-17T01:50:00Z,2026-09-16T21:50:00-04:00,2026-09-16,21:50,3271,THE DARK KNIGHT™ Coaster,Thrill Rides,false,0
2026-09-17T01:50:00Z,2026-09-16T21:50:00-04:00,2026-09-16,21:50,14537,THE FLASH™: Vertical Velocity,Thrill Rides,false,0
2026-09-17T01:50:00Z,2026-09-16T21:50:00-04:00,2026-09-16,21:50,3288,THE JOKER™,Thrill Rides,false,0
2026-09-17T01:50:00Z,2026-09-16T21:50:00-04:00,2026-09-16,21:50,3273,Wile E. Coyote Canyon Blaster,Thrill Rides,false,0
2026-09-17T01:50:00Z,2026-09-16T21:50:00-04:00,2026-09-16,21:50,6371,WONDER WOMAN™ Lasso of Truth,Thrill Rides,false,0
2026-09-17T01:50:00Z,2026-09-16T21:50:00-04:00,2026-09-16,21:50,17721,Army of the Dead,,false,0
2026-09-17T01:50:00Z,2026-09-16T21:50:00-04:00,2026-09-16,21:50,17723,Asylum,,false,0
2026-09-17T01:50:00Z,2026-09-16T21:50:00-04:00,2026-09-16,21:50,17722,Big Top Terror,,false,0
2026-09-17T01:50:00Z,2026-09-16T21:50:00-04:00,2026-09-16,21:50,17724,The Conjuring Universe,,false,0
2026-09-17T01:50:00Z,2026-09-16T21:50:00-04:00,2026-09-16,21:50,17725,The Witch's Reflection,,false,0
2026-09-17T01:50:00Z,2026-09-16T21:50:00-04:00,2026-09-16,21:50,17720,Trick or Treatin' with Boo,,false,0
2026-09-17T01:55:00Z,2026-09-16T21:55:00-04:00,2026-09-16,21:55,3231,Air Jumbo,Family Rides,false,0
2026-09-17T01:55:00Z,2026-09-16T21:55:00-04:00,2026-09-16,21:55,17425,Barrels O’ Fun,Family Rides,false,0
2026-09-17T01:55:00Z,2026-09-16T21:55:00-04:00,2026-09-16,21:55,3270,Buccaneer,Family Rides,false,0
2026-09-17T01:55:00Z,2026-09-16T21:55:00-04:00,2026-09-16,21:55,3237,Carousel,Family Rides,false,0
2026-09-17T01:55:00Z,2026-09-16T21:55:00-04:00,2026-09-16,21:55,3244,Enchanted Teacups,Family Rides,false,0
2026-09-17T01:55:00Z,2026-09-16T21:55:00-04:00,2026-09-16,21:55,3245,Fender Benders,Family Rides,false,0
2026-09-17T01:55:00Z,2026-09-16T21:55:00-04:00,2026-09-16,21:55,17426,Flying Scooters,Family Rides,false,0
2026-09-17T01:55:00Z,2026-09-16T21:55:00-04:00,2026-09-16,21:55,15604,Giant Wheel,Family Rides,false,0
2026-09-17T01:55:00Z,2026-09-16T21:55:00-04:00,2026-09-16,21:55,3236,HARLEY QUINN™ Crazy Train,Family Rides,false,0
2026-09-17T01:55:00Z,2026-09-16T21:55:00-04:00,2026-09-16,21:55,3249,Houdini’s Great Escape,Family Rides,false,0
2026-09-17T01:55:00Z,2026-09-16T21:55:00-04:00,2026-09-16,21:55,17427,Hypno Twister,Family Rides,false,0
2026-09-17T01:55:00Z,2026-09-16T21:55:00-04:00,2026-09-16,21:55,3250,Jolly Roger,Family Rides,false,0
2026-09-17T01:55:00Z,2026-09-16T21:55:00-04:00,2026-09-16,21:55,15829,Roaring Rapids,Family Rides,false,0
2026-09-17T01:55:00Z,2026-09-16T21:55:00-04:00,2026-09-16,21:55,15727,Scrambler,Family Rides,false,0
2026-09-17T01:55:00Z,2026-09-16T21:55:00-04:00,2026-09-16,21:55,3268,Tango,Family Rides,false,0
2026-09-17T01:55:00Z,2026-09-16T21:55:00-04:00,2026-09-16,21:55,17428,Wave Swinger,Family Rides,false,0
2026-09-17T01:55:00Z,2026-09-16T21:55:00-04:00,2026-09-16,21:55,3232,Air Safari,Kids' Rides,false,0
2026-09-17T01:55:00Z,2026-09-16T21:55:00-04:00,2026-09-16,21:55,10461,Barnstormer,Kids' Rides,false,0
2026-09-17T01:55:00Z,2026-09-16T21:55:00-04:00,2026-09-16,21:55,3275,Bugaboo,Kids' Rides,false,0
2026-09-17T01:55:00Z,2026-09-16T21:55:00-04:00,2026-09-16,21:55,3277,Bugs Bunny Camp Carousel,Kids' Rides,false,0
2026-09-17T01:55:00Z,2026-09-16T21:55:00-04:00,2026-09-16,21:55,3279,Bugs Bunny Ranger Pilots,Kids' Rides,false,0
2026-09-17T01:55:00Z,2026-09-16T21:55:00-04:00,2026-09-16,21:55,3240,Daffy Duck Hot Air Balloons,Kids' Rides,false,0
2026-09-17T01:55:00Z,2026-09-16T21:55:00-04:00,2026-09-16,21:55,10077,Lil' Devil Coaster,Kids' Rides,false,0
2026-09-17T01:55:00Z,2026-09-16T21:55:00-04:00,2026-09-16,21:55,15617,Porky Pig Camp Wagons,Kids' Rides,false,0
2026-09-17T01:55:00Z,2026-09-16T21:55:00-04:00,2026-09-16,21:55,3257,Raja’s Rickshaws,Kids' Rides,false,0
2026-09-17T01:55:00Z,2026-09-16T21:55:00-04:00,2026-09-16,21:55,3274,Safari Off-Road Adventure,Kids' Rides,false,0
2026-09-17T01:55:00Z,2026-09-16T21:55:00-04:00,2026-09-16,21:55,3283,Saw Mill Log Flume,Kids' Rides,false,0
2026-09-17T01:55:00Z,2026-09-16T21:55:00-04:00,2026-09-16,21:55,3281,Sky Zooma,Kids' Rides,false,0
2026-09-17T01:55:00Z,2026-09-16T21:55:00-04:00,2026-09-16,21:55,15789,Storm Chaser,Kids' Rides,false,0
2026-09-17T01:55:00Z,2026-09-16T21:55:00-04:00,2026-09-16,21:55,3267,Super Round Up,Kids' Rides,false,0
2026-09-17T01:55:00Z,2026-09-16T21:55:00-04:00,2026-09-16,21:55,15594,Tree Top Hopper,Kids' Rides,false,0
2026-09-17T01:55:00Z,2026-09-16T21:55:00-04:00,2026-09-16,21:55,3233,BATMAN™ The Ride,Thrill Rides,false,0
2026-09-17T01:55:00Z,2026-09-16T21:55:00-04:00,2026-09-16,21:55,3243,El Toro,Thrill Rides,false,0
2026-09-17T01:55:00Z,2026-09-16T21:55:00-04:00,2026-09-16,21:55,8539,Jersey Devil Coaster,Thrill Rides,false,0
2026-09-17T01:55:00Z,2026-09-16T21:55:00-04:00,2026-09-16,21:55,3916,JUSTICE LEAGUE™: Battle for METROPOLIS,Thrill Rides,false,0
2026-09-17T01:55:00Z,2026-09-16T21:55:00-04:00,2026-09-16,21:55,10533,Medusa,Thrill Rides,false,0
2026-09-17T01:55:00Z,2026-09-16T21:55:00-04:00,2026-09-16,21:55,3253,Nitro,Thrill Rides,false,0
2026-09-17T01:55:00Z,2026-09-16T21:55:00-04:00,2026-09-16,21:55,3261,Runaway Train,Thrill Rides,false,0
2026-09-17T01:55:00Z,2026-09-16T21:55:00-04:00,2026-09-16,21:55,3262,Skull Mountain,Thrill Rides,false,0
2026-09-17T01:55:00Z,2026-09-16T21:55:00-04:00,2026-09-16,21:55,3263,SkyScreamer,Thrill Rides,false,0
2026-09-17T01:55:00Z,2026-09-16T21:55:00-04:00,2026-09-16,21:55,3282,Slingshot,Thrill Rides,false,0
2026-09-17T01:55:00Z,2026-09-16T21:55:00-04:00,2026-09-16,21:55,3266,SUPERMAN™: Ultimate Flight,Thrill Rides,false,0
2026-09-17T01:55:00Z,2026-09-16T21:55:00-04:00,2026-09-16,21:55,3271,THE DARK KNIGHT™ Coaster,Thrill Rides,false,0
2026-09-17T01:55:00Z,2026-09-16T21:55:00-04:00,2026-09-16,21:55,14537,THE FLASH™: Vertical Velocity,Thrill Rides,false,0
2026-09-17T01:55:00Z,2026-09-16T21:55:00-04:00,2026-09-16,21:55,3288,THE JOKER™,Thrill Rides,false,0
2026-09-17T01:55:00Z,2026-09-16T21:55:00-04:00,2026-09-16,21:55,3273,Wile E. Coyote Canyon Blaster,Thrill Rides,false,0
2026-09-17T01:55:00Z,2026-09-16T21:55:00-04:00,2026-09-16,21:55,6371,WONDER WOMAN™ Lasso of Truth,Thrill Rides,false,0
2026-09-17T01:55:00Z,2026-09-16T21:55:00-04:00,2026-09-16,21:55,17721,Army of the Dead,,false,0
2026-09-17T01:55:00Z,2026-09-16T21:55:00-04:00,2026-09-16,21:55,17723,Asylum,,false,0
2026-09-17T01:55:00Z,2026-09-16T21:55:00-04:00,2026-09-16,21:55,17722,Big Top Terror,,false,0
2026-09-17T01:55:00Z,2026-09-16T21:55:00-04:00,2026-09-16,21:55,17724,The Conjuring Universe,,false,0
2026-09-17T01:55:00Z,2026-09-16T21:55:00-04:00,2026-09-16,21:55,17725,The Witch's Reflection,,false,0
2026-09-17T01:55:00Z,2026-09-16T21:55:00-04:00,2026-09-16,21:55,17720,Trick or Treatin' with Boo,,false,0
2026-09-17T02:00:00Z,2026-09-16T22:00:00-04:00,2026-09-16,22:00,3231,Air Jumbo,Family Rides,false,0
2026-09-17T02:00:00Z,2026-09-16T22:00:00-04:00,2026-09-16,22:00,17425,Barrels O’ Fun,Family Rides,false,0
2026-09-17T02:00:00Z,2026-09-16T22:00:00-04:00,2026-09-16,22:00,3270,Buccaneer,Family Rides,false,0
2026-09-17T02:00:00Z,2026-09-16T22:00:00-04:00,2026-09-16,22:00,3237,Carousel,Family Rides,false,0
2026-09-17T02:00:00Z,2026-09-16T22:00:00-04:00,2026-09-16,22:00,3244,Enchanted Teacups,Family Rides,false,0
2026-09-17T02:00:00Z,2026-09-16T22:00:00-04:00,2026-09-16,22:00,3245,Fender Benders,Family Rides,false,0
2026-09-17T02:00:00Z,2026-09-16T22:00:00-04:00,2026-09-16,22:00,17426,Flying Scooters,Family Rides,false,0
2026-09-17T02:00:00Z,2026-09-16T22:00:00-04:00,2026-09-16,22:00,15604,Giant Wheel,Family Rides,false,0
2026-09-17T02:00:00Z,2026-09-16T22:00:00-04:00,2026-09-16,22:00,3236,HARLEY QUINN™ Crazy Train,Family Rides,false,0
2026-09-17T02:00:00Z,2026-09-16T22:00:00-04:00,2026-09-16,22:00,3249,Houdini’s Great Escape,Family Rides,false,0
2026-09-17T02:00:00Z,2026-09-16T22:00:00-04:00,2026-09-16,22:00,17427,Hypno Twister,Family Rides,false,0
2026-09-17T02:00:00Z,2026-09-16T22:00:00-04:00,2026-09-16,22:00,3250,Jolly Roger,Family Rides,false,0
2026-09-17T02:00:00Z,2026-09-16T22:00:00-04:00,2026-09-16,22:00,15829,Roaring Rapids,Family Rides,false,0
2026-09-17T02:00:00Z,2026-09-16T22:00:00-04:00,2026-09-16,22:00,15727,Scrambler,Family Rides,false,0
2026-09-17T02:00:00Z,2026-09-16T22:00:00-04:00,2026-09-16,22:00,3268,Tango,Family Rides,false,0
2026-09-17T02:00:00Z,2026-09-16T22:00:00-04:00,2026-09-16,22:00,17428,Wave Swinger,Family Rides,false,0
2026-09-17T02:00:00Z,2026-09-16T22:00:00-04:00,2026-09-16,22:00,3232,Air Safari,Kids' Rides,false,0
2026-09-17T02:00:00Z,2026-09-16T22:00:00-04:00,2026-09-16,22:00,10461,Barnstormer,Kids' Rides,false,0
2026-09-17T02:00:00Z,2026-09-16T22:00:00-04:00,2026-09-16,22:00,3275,Bugaboo,Kids' Rides,false,0
2026-09-17T02:00:00Z,2026-09-16T22:00:00-04:00,2026-09-16,22:00,3277,Bugs Bunny Camp Carousel,Kids' Rides,false,0
2026-09-17T02:00:00Z,2026-09-16T22:00:00-04:00,2026-09-16,22:00,3279,Bugs Bunny Ranger Pilots,Kids' Rides,false,0
2026-09-17T02:00:00Z,2026-09-16T22:00:00-04:00,2026-09-16,22:00,3240,Daffy Duck Hot Air Balloons,Kids' Rides,false,0
2026-09-17T02:00:00Z,2026-09-16T22:00:00-04:00,2026-09-16,22:00,10077,Lil' Devil Coaster,Kids' Rides,false,0
2026-09-17T02:00:00Z,2026-09-16T22:00:00-04:00,2026-09-16,22:00,15617,Porky Pig Camp Wagons,Kids' Rides,false,0
2026-09-17T02:00:00Z,2026-09-16T22:00:00-04:00,2026-09-16,22:00,3257,Raja’s Rickshaws,Kids' Rides,false,0
2026-09-17T02:00:00Z,2026-09-16T22:00:00-04:00,2026-09-16,22:00,3274,Safari Off-Road Adventure,Kids' Rides,false,0
2026-09-17T02:00:00Z,2026-09-16T22:00:00-04:00,2026-09-16,22:00,3283,Saw Mill Log Flume,Kids' Rides,false,0
2026-09-17T02:00:00Z,2026-09-16T22:00:00-04:00,2026-09-16,22:00,3281,Sky Zooma,Kids' Rides,false,0
2026-09-17T02:00:00Z,2026-09-16T22:00:00-04:00,2026-09-16,22:00,15789,Storm Chaser,Kids' Rides,false,0
2026-09-17T02:00:00Z,2026-09-16T22:00:00-04:00,2026-09-16,22:00,3267,Super Round Up,Kids' Rides,false,0
2026-09-17T02:00:00Z,2026-09-16T22:00:00-04:00,2026-09-16,22:00,15594,Tree Top Hopper,Kids' Rides,false,0
2026-09-17T02:00:00Z,2026-09-16T22:00:00-04:00,2026-09-16,22:00,3233,BATMAN™ The Ride,Thrill Rides,false,0
2026-09-17T02:00:00Z,2026-09-16T22:00:00-04:00,2026-09-16,22:00,3243,El Toro,Thrill Rides,false,0
2026-09-17T02:00:00Z,2026-09-16T22:00:00-04:00,2026-09-16,22:00,8539,Jersey Devil Coaster,Thrill Rides,false,0
2026-09-17T02:00:00Z,2026-09-16T22:00:00-04:00,2026-09-16,22:00,3916,JUSTICE LEAGUE™: Battle for METROPOLIS,Thrill Rides,false,0
2026-09-17T02:00:00Z,2026-09-16T22:00:00-04:00,2026-09-16,22:00,10533,Medusa,Thrill Rides,false,0
2026-09-17T02:00:00Z,2026-09-16T22:00:00-04:00,2026-09-16,22:00,3253,Nitro,Thrill Rides,false,0
2026-09-17T02:00:00Z,2026-09-16T22:00:00-04:00,2026-09-16,22:00,3261,Runaway Train,Thrill Rides,false,0
2026-09-17T02:00:00Z,2026-09-16T22:00:00-04:00,2026-09-16,22:00,3262,Skull Mountain,Thrill Rides,false,0
2026-09-17T02:00:00Z,2026-09-16T22:00:00-04:00,2026-09-16,22:00,3263,SkyScreamer,Thrill Rides,false,0
2026-09-17T02:00:00Z,2026-09-16T22:00:00-04:00,2026-09-16,22:00,3282,Slingshot,Thrill Rides,false,0
2026-09-17T02:00:00Z,2026-09-16T22:00:00-04:00,2026-09-16,22:00,3266,SUPERMAN™: Ultimate Flight,Thrill Rides,false,0
2026-09-17T02:00:00Z,2026-09-16T22:00:00-04:00,2026-09-16,22:00,3271,THE DARK KNIGHT™ Coaster,Thrill Rides,false,0
2026-09-17T02:00:00Z,2026-09-16T22:00:00-04:00,2026-09-16,22:00,14537,THE FLASH™: Vertical Velocity,Thrill Rides,false,0
2026-09-17T02:00:00Z,2026-09-16T22:00:00-04:00,2026-09-16,22:00,3288,THE JOKER™,Thrill Rides,false,0
2026-09-17T02:00:00Z,2026-09-16T22:00:00-04:00,2026-09-16,22:00,3273,Wile E. Coyote Canyon Blaster,Thrill Rides,false,0
2026-09-17T02:00:00Z,2026-09-16T22:00:00-04:00,2026-09-16,22:00,6371,WONDER WOMAN™ Lasso of Truth,Thrill Rides,false,0
2026-09-17T02:00:00Z,2026-09-16T22:00:00-04:00,2026-09-16,22:00,17721,Army of the Dead,,false,0
2026-09-17T02:00:00Z,2026-09-16T22:00:00-04:00,2026-09-16,22:00,17723,Asylum,,false,0
2026-09-17T02:00:00Z,2026-09-16T22:00:00-04:00,2026-09-16,22:00,17722,Big Top Terror,,false,0
2026-09-17T02:00:00Z,2026-09-16T22:00:00-04:00,2026-09-16,22:00,17724,The Conjuring Universe,,false,0
2026-09-17T02:00:00Z,2026-09-16T22:00:00-04:00,2026-09-16,22:00,17725,The Witch's Reflection,,false,0
2026-09-17T02:00:00Z,2026-09-16T22:00:00-04:00,2026-09-16,22:00,17720,Trick or Treatin' with Boo,,false,0
2026-09-17T02:05:00Z,2026-09-16T22:05:00-04:00,2026-09-16,22:05,3231,Air Jumbo,Family Rides,false,0
2026-09-17T02:05:00Z,2026-09-16T22:05:00-04:00,2026-09-16,22:05,17425,Barrels O’ Fun,Family Rides,false,0
2026-09-17T02:05:00Z,2026-09-16T22:05:00-04:00,2026-09-16,22:05,3270,Buccaneer,Family Rides,false,0
2026-09-17T02:05:00Z,2026-09-16T22:05:00-04:00,2026-09-16,22:05,3237,Carousel,Family Rides,false,0
2026-09-17T02:05:00Z,2026-09-16T22:05:00-04:00,2026-09-16,22:05,3244,Enchanted Teacups,Family Rides,false,0
2026-09-17T02:05:00Z,2026-09-16T22:05:00-04:00,2026-09-16,22:05,3245,Fender Benders,Family Rides,false,0
2026-09-17T02:05:00Z,2026-09-16T22:05:00-04:00,2026-09-16,22:05,17426,Flying Scooters,Family Rides,false,0
2026-09-17T02:05:00Z,2026-09-16T22:05:00-04:00,2026-09-16,22:05,15604,Giant Wheel,Family Rides,false,0
2026-09-17T02:05:00Z,2026-09-16T22:05:00-04:00,2026-09-16,22:05,3236,HARLEY QUINN™ Crazy Train,Family Rides,false,0
2026-09-17T02:05:00Z,2026-09-16T22:05:00-04:00,2026-09-16,22:05,3249,Houdini’s Great Escape,Family Rides,false,0
2026-09-17T02:05:00Z,2026-09-16T22:05:00-04:00,2026-09-16,22:05,17427,Hypno Twister,Family Rides,false,0
2026-09-17T02:05:00Z,2026-09-16T22:05:00-04:00,2026-09-16,22:05,3250,Jolly Roger,Family Rides,false,0
2026-09-17T02:05:00Z,2026-09-16T22:05:00-04:00,2026-09-16,22:05,15829,Roaring Rapids,Family Rides,false,0
2026-09-17T02:05:00Z,2026-09-16T22:05:00-04:00,2026-09-16,22:05,15727,Scrambler,Family Rides,false,0
2026-09-17T02:05:00Z,2026-09-16T22:05:00-04:00,2026-09-16,22:05,3268,Tango,Family Rides,false,0
2026-09-17T02:05:00Z,2026-09-16T22:05:00-04:00,2026-09-16,22:05,17428,Wave Swinger,Family Rides,false,0
2026-09-17T02:05:00Z,2026-09-16T22:05:00-04:00,2026-09-16,22:05,3232,Air Safari,Kids' Rides,false,0
2026-09-17T02:05:00Z,2026-09-16T22:05:00-04:00,2026-09-16,22:05,10461,Barnstormer,Kids' Rides,false,0
2026-09-17T02:05:00Z,2026-09-16T22:05:00-04:00,2026-09-16,22:05,3275,Bugaboo,Kids' Rides,false,0
2026-09-17T02:05:00Z,2026-09-16T22:05:00-04:00,2026-09-16,22:05,3277,Bugs Bunny Camp Carousel,Kids' Rides,false,0
2026-09-17T02:05:00Z,2026-09-16T22:05:00-04:00,2026-09-16,22:05,3279,Bugs Bunny Ranger Pilots,Kids' Rides,false,0
2026-09-17T02:05:00Z,2026-09-16T22:05:00-04:00,2026-09-16,22:05,3240,Daffy Duck Hot Air Balloons,Kids' Rides,false,0
2026-09-17T02:05:00Z,2026-09-16T22:05:00-04:00,2026-09-16,22:05,10077,Lil' Devil Coaster,Kids' Rides,false,0
2026-09-17T02:05:00Z,2026-09-16T22:05:00-04:00,2026-09-16,22:05,15617,Porky Pig Camp Wagons,Kids' Rides,false,0
2026-09-17T02:05:00Z,2026-09-16T22:05:00-04:00,2026-09-16,22:05,3257,Raja’s Rickshaws,Kids' Rides,false,0
2026-09-17T02:05:00Z,2026-09-16T22:05:00-04:00,2026-09-16,22:05,3274,Safari Off-Road Adventure,Kids' Rides,false,0
2026-09-17T02:05:00Z,2026-09-16T22:05:00-04:00,2026-09-16,22:05,3283,Saw Mill Log Flume,Kids' Rides,false,0
2026-09-17T02:05:00Z,2026-09-16T22:05:00-04:00,2026-09-16,22:05,3281,Sky Zooma,Kids' Rides,false,0
2026-09-17T02:05:00Z,2026-09-16T22:05:00-04:00,2026-09-16,22:05,15789,Storm Chaser,Kids' Rides,false,0
2026-09-17T02:05:00Z,2026-09-16T22:05:00-04:00,2026-09-16,22:05,3267,Super Round Up,Kids' Rides,false,0
2026-09-17T02:05:00Z,2026-09-16T22:05:00-04:00,2026-09-16,22:05,15594,Tree Top Hopper,Kids' Rides,false,0
2026-09-17T02:05:00Z,2026-09-16T22:05:00-04:00,2026-09-16,22:05,3233,BATMAN™ The Ride,Thrill Rides,false,0
2026-09-17T02:05:00Z,2026-09-16T22:05:00-04:00,2026-09-16,22:05,3243,El Toro,Thrill Rides,false,0
2026-09-17T02:05:00Z,2026-09-16T22:05:00-04:00,2026-09-16,22:05,8539,Jersey Devil Coaster,Thrill Rides,false,0
2026-09-17T02:05:00Z,2026-09-16T22:05:00-04:00,2026-09-16,22:05,3916,JUSTICE LEAGUE™: Battle for METROPOLIS,Thrill Rides,false,0
2026-09-17T02:05:00Z,2026-09-16T22:05:00-04:00,2026-09-16,22:05,10533,Medusa,Thrill Rides,false,0
2026-09-17T02:05:00Z,2026-09-16T22:05:00-04:00,2026-09-16,22:05,3253,Nitro,Thrill Rides,false,0
2026-09-17T02:05:00Z,2026-09-16T22:05:00-04:00,2026-09-16,22:05,3261,Runaway Train,Thrill Rides,false,0
2026-09-17T02:05:00Z,2026-09-16T22:05:00-04:00,2026-09-16,22:05,3262,Skull Mountain,Thrill Rides,false,0
2026-09-17T02:05:00Z,2026-09-16T22:05:00-04:00,2026-09-16,22:05,3263,SkyScreamer,Thrill Rides,false,0
2026-09-17T02:05:00Z,2026-09-16T22:05:00-04:00,2026-09-16,22:05,3282,Slingshot,Thrill Rides,false,0
2026-09-17T02:05:00Z,2026-09-16T22:05:00-04:00,2026-09-16,22:05,3266,SUPERMAN™: Ultimate Flight,Thrill Rides,false,0
2026-09-17T02:05:00Z,2026-09-16T22:05:00-04:00,2026-09-16,22:05,3271,THE DARK KNIGHT™ Coaster,Thrill Rides,false,0
2026-09-17T02:05:00Z,2026-09-16T22:05:00-04:00,2026-09-16,22:05,14537,THE FLASH™: Vertical Velocity,Thrill Rides,false,0
2026-09-17T02:05:00Z,2026-09-16T22:05:00-04:00,2026-09-16,22:05,3288,THE JOKER™,Thrill Rides,false,0
2026-09-17T02:05:00Z,2026-09-16T22:05:00-04:00,2026-09-16,22:05,3273,Wile E. Coyote Canyon Blaster,Thrill Rides,false,0
2026-09-17T02:05:00Z,2026-09-16T22:05:00-04:00,2026-09-16,22:05,6371,WONDER WOMAN™ Lasso of Truth,Thrill Rides,false,0
2026-09-17T02:05:00Z,2026-09-16T22:05:00-04:00,2026-09-16,22:05,17721,Army of the Dead,,false,0
2026-09-17T02:05:00Z,2026-09-16T22:05:00-04:00,2026-09-16,22:05,17723,Asylum,,false,0
2026-09-17T02:05:00Z,2026-09-16T22:05:00-04:00,2026-09-16,22:05,17722,Big Top Terror,,false,0
2026-09-17T02:05:00Z,2026-09-16T22:05:00-04:00,2026-09-16,22:05,17724,The Conjuring Universe,,false,0
2026-09-17T02:05:00Z,2026-09-16T22:05:00-04:00,2026-09-16,22:05,17725,The Witch's Reflection,,false,0
2026-09-17T02:05:00Z,2026-09-16T22:05:00-04:00,2026-09-16,22:05,17720,Trick or Treatin' with Boo,,false,0
2026-09-17T02:10:00Z,2026-09-16T22:10:00-04:00,2026-09-16,22:10,3231,Air Jumbo,Family Rides,false,0
2026-09-17T02:10:00Z,2026-09-16T22:10:00-04:00,2026-09-16,22:10,17425,Barrels O’ Fun,Family Rides,false,0
2026-09-17T02:10:00Z,2026-09-16T22:10:00-04:00,2026-09-16,22:10,3270,Buccaneer,Family Rides,false,0
2026-09-17T02:10:00Z,2026-09-16T22:10:00-04:00,2026-09-16,22:10,3237,Carousel,Family Rides,false,0
2026-09-17T02:10:00Z,2026-09-16T22:10:00-04:00,2026-09-16,22:10,3244,Enchanted Teacups,Family Rides,false,0
2026-09-17T02:10:00Z,2026-09-16T22:10:00-04:00,2026-09-16,22:10,3245,Fender Benders,Family Rides,false,0
2026-09-17T02:10:00Z,2026-09-16T22:10:00-04:00,2026-09-16,22:10,17426,Flying Scooters,Family Rides,false,0
2026-09-17T02:10:00Z,2026-09-16T22:10:00-04:00,2026-09-16,22:10,15604,Giant Wheel,Family Rides,false,0
2026-09-17T02:10:00Z,2026-09-16T22:10:00-04:00,2026-09-16,22:10,3236,HARLEY QUINN™ Crazy Train,Family Rides,false,0
2026-09-17T02:10:00Z,2026-09-16T22:10:00-04:00,2026-09-16,22:10,3249,Houdini’s Great Escape,Family Rides,false,0
2026-09-17T02:10:00Z,2026-09-16T22:10:00-04:00,2026-09-16,22:10,17427,Hypno Twister,Family Rides,false,0
2026-09-17T02:10:00Z,2026-09-16T22:10:00-04:00,2026-09-16,22:10,3250,Jolly Roger,Family Rides,false,0
2026-09-17T02:10:00Z,2026-09-16T22:10:00-04:00,2026-09-16,22:10,15829,Roaring Rapids,Family Rides,false,0
2026-09-17T02:10:00Z,2026-09-16T22:10:00-04:00,2026-09-16,22:10,15727,Scrambler,Family Rides,false,0
2026-09-17T02:10:00Z,2026-09-16T22:10:00-04:00,2026-09-16,22:10,3268,Tango,Family Rides,false,0
2026-09-17T02:10:00Z,2026-09-16T22:10:00-04:00,2026-09-16,22:10,17428,Wave Swinger,Family Rides,false,0
2026-09-17T02:10:00Z,2026-09-16T22:10:00-04:00,2026-09-16,22:10,3232,Air Safari,Kids' Rides,false,0
2026-09-17T02:10:00Z,2026-09-16T22:10:00-04:00,2026-09-16,22:10,10461,Barnstormer,Kids' Rides,false,0
2026-09-17T02:10:00Z,2026-09-16T22:10:00-04:00,2026-09-16,22:10,3275,Bugaboo,Kids' Rides,false,0
2026-09-17T02:10:00Z,2026-09-16T22:10:00-04:00,2026-09-16,22:10,3277,Bugs Bunny Camp Carousel,Kids' Rides,false,0
2026-09-17T02:10:00Z,2026-09-16T22:10:00-04:00,2026-09-16,22:10,3279,Bugs Bunny Ranger Pilots,Kids' Rides,false,0
2026-09-17T02:10:00Z,2026-09-16T22:10:00-04:00,2026-09-16,22:10,3240,Daffy Duck Hot Air Balloons,Kids' Rides,false,0
2026-09-17T02:10:00Z,2026-09-16T22:10:00-04:00,2026-09-16,22:10,10077,Lil' Devil Coaster,Kids' Rides,false,0
2026-09-17T02:10:00Z,2026-09-16T22:10:00-04:00,2026-09-16,22:10,15617,Porky Pig Camp Wagons,Kids' Rides,false,0
2026-09-17T02:10:00Z,2026-09-16T22:10:00-04:00,2026-09-16,22:10,3257,Raja’s Rickshaws,Kids' Rides,false,0
2026-09-17T02:10:00Z,2026-09-16T22:10:00-04:00,2026-09-16,22:10,3274,Safari Off-Road Adventure,Kids' Rides,false,0
2026-09-17T02:10:00Z,2026-09-16T22:10:00-04:00,2026-09-16,22:10,3283,Saw Mill Log Flume,Kids' Rides,false,0
2026-09-17T02:10:00Z,2026-09-16T22:10:00-04:00,2026-09-16,22:10,3281,Sky Zooma,Kids' Rides,false,0
2026-09-17T02:10:00Z,2026-09-16T22:10:00-04:00,2026-09-16,22:10,15789,Storm Chaser,Kids' Rides,false,0
2026-09-17T02:10:00Z,2026-09-16T22:10:00-04:00,2026-09-16,22:10,3267,Super Round Up,Kids' Rides,false,0
2026-09-17T02:10:00Z,2026-09-16T22:10:00-04:00,2026-09-16,22:10,15594,Tree Top Hopper,Kids' Rides,false,0
2026-09-17T02:10:00Z,2026-09-16T22:10:00-04:00,2026-09-16,22:10,3233,BATMAN™ The Ride,Thrill Rides,false,0
2026-09-17T02:10:00Z,2026-09-16T22:10:00-04:00,2026-09-16,22:10,3243,El Toro,Thrill Rides,false,0
2026-09-17T02:10:00Z,2026-09-16T22:10:00-04:00,2026-09-16,22:10,8539,Jersey Devil Coaster,Thrill Rides,false,0
2026-09-17T02:10:00Z,2026-09-16T22:10:00-04:00,2026-09-16,22:10,3916,JUSTICE LEAGUE™: Battle for METROPOLIS,Thrill Rides,false,0
2026-09-17T02:10:00Z,2026-09-16T22:10:00-04:00,2026-09-16,22:10,10533,Medusa,Thrill Rides,false,0
2026-09-17T02:10:00Z,2026-09-16T22:10:00-04:00,2026-09-16,22:10,3253,Nitro,Thrill Rides,false,0
2026-09-17T02:10:00Z,2026-09-16T22:10:00-04:00,2026-09-16,22:10,3261,Runaway Train,Thrill Rides,false,0
2026-09-17T02:10:00Z,2026-09-16T22:10:00-04:00,2026-09-16,22:10,3262,Skull Mountain,Thrill Rides,false,0
2026-09-17T02:10:00Z,2026-09-16T22:10:00-04:00,2026-09-16,22:10,3263,SkyScreamer,Thrill Rides,false,0
2026-09-17T02:10:00Z,2026-09-16T22:10:00-04:00,2026-09-16,22:10,3282,Slingshot,Thrill Rides,false,0
2026-09-17T02:10:00Z,2026-09-16T22:10:00-04:00,2026-09-16,22:10,3266,SUPERMAN™: Ultimate Flight,Thrill Rides,false,0
2026-09-17T02:10:00Z,2026-09-16T22:10:00-04:00,2026-09-16,22:10,3271,THE DARK KNIGHT™ Coaster,Thrill Rides,false,0
2026-09-17T02:10:00Z,2026-09-16T22:10:00-04:00,2026-09-16,22:10,14537,THE FLASH™: Vertical Velocity,Thrill Rides,false,0
2026-09-17T02:10:00Z,2026-09-16T22:10:00-04:00,2026-09-16,22:10,3288,THE JOKER™,Thrill Rides,false,0
2026-09-17T02:10:00Z,2026-09-16T22:10:00-04:00,2026-09-16,22:10,3273,Wile E. Coyote Canyon Blaster,Thrill Rides,false,0
2026-09-17T02:10:00Z,2026-09-16T22:10:00-04:00,2026-09-16,22:10,6371,WONDER WOMAN™ Lasso of Truth,Thrill Rides,false,0
2026-09-17T02:10:00Z,2026-09-16T22:10:00-04:00,2026-09-16,22:10,17721,Army of the Dead,,false,0
2026-09-17T02:10:00Z,2026-09-16T22:10:00-04:00,2026-09-16,22:10,17723,Asylum,,false,0
2026-09-17T02:10:00Z,2026-09-16T22:10:00-04:00,2026-09-16,22:10,17722,Big Top Terror,,false,0
2026-09-17T02:10:00Z,2026-09-16T22:10:00-04:00,2026-09-16,22:10,17724,The Conjuring Universe,,false,0
2026-09-17T02:10:00Z,2026-09-16T22:10:00-04:00,2026-09-16,22:10,17725,The Witch's Reflection,,false,0
2026-09-17T02:10:00Z,2026-09-16T22:10:00-04:00,2026-09-16,22:10,17720,Trick or Treatin' with Boo,,false,0
2026-09-17T02:15:00Z,2026-09-16T22:15:00-04:00,2026-09-16,22:15,3231,Air Jumbo,Family Rides,false,0
2026-09-17T02:15:00Z,2026-09-16T22:15:00-04:00,2026-09-16,22:15,17425,Barrels O’ Fun,Family Rides,false,0
2026-09-17T02:15:00Z,2026-09-16T22:15:00-04:00,2026-09-16,22:15,3270,Buccaneer,Family Rides,false,0
2026-09-17T02:15:00Z,2026-09-16T22:15:00-04:00,2026-09-16,22:15,3237,Carousel,Family Rides,false,0
2026-09-17T02:15:00Z,2026-09-16T22:15:00-04:00,2026-09-16,22:15,3244,Enchanted Teacups,Family Rides,false,0
2026-09-17T02:15:00Z,2026-09-16T22:15:00-04:00,2026-09-16,22:15,3245,Fender Benders,Family Rides,false,0
2026-09-17T02:15:00Z,2026-09-16T22:15:00-04:00,2026-09-16,22:15,17426,Flying Scooters,Family Rides,false,0
2026-09-17T02:15:00Z,2026-09-16T22:15:00-04:00,2026-09-16,22:15,15604,Giant Wheel,Family Rides,false,0
2026-09-17T02:15:00Z,2026-09-16T22:15:00-04:00,2026-09-16,22:15,3236,HARLEY QUINN™ Crazy Train,Family Rides,false,0
2026-09-17T02:15:00Z,2026-09-16T22:15:00-04:00,2026-09-16,22:15,3249,Houdini’s Great Escape,Family Rides,false,0
2026-09-17T02:15:00Z,2026-09-16T22:15:00-04:00,2026-09-16,22:15,17427,Hypno Twister,Family Rides,false,0
2026-09-17T02:15:00Z,2026-09-16T22:15:00-04:00,2026-09-16,22:15,3250,Jolly Roger,Family Rides,false,0
2026-09-17T02:15:00Z,2026-09-16T22:15:00-04:00,2026-09-16,22:15,15829,Roaring Rapids,Family Rides,false,0
2026-09-17T02:15:00Z,2026-09-16T22:15:00-04:00,2026-09-16,22:15,15727,Scrambler,Family Rides,false,0
2026-09-17T02:15:00Z,2026-09-16T22:15:00-04:00,2026-09-16,22:15,3268,Tango,Family Rides,false,0
2026-09-17T02:15:00Z,2026-09-16T22:15:00-04:00,2026-09-16,22:15,17428,Wave Swinger,Family Rides,false,0
2026-09-17T02:15:00Z,2026-09-16T22:15:00-04:00,2026-09-16,22:15,3232,Air Safari,Kids' Rides,false,0
2026-09-17T02:15:00Z,2026-09-16T22:15:00-04:00,2026-09-16,22:15,10461,Barnstormer,Kids' Rides,false,0
2026-09-17T02:15:00Z,2026-09-16T22:15:00-04:00,2026-09-16,22:15,3275,Bugaboo,Kids' Rides,false,0
2026-09-17T02:15:00Z,2026-09-16T22:15:00-04:00,2026-09-16,22:15,3277,Bugs Bunny Camp Carousel,Kids' Rides,false,0
2026-09-17T02:15:00Z,2026-09-16T22:15:00-04:00,2026-09-16,22:15,3279,Bugs Bunny Ranger Pilots,Kids' Rides,false,0
2026-09-17T02:15:00Z,2026-09-16T22:15:00-04:00,2026-09-16,22:15,3240,Daffy Duck Hot Air Balloons,Kids' Rides,false,0
2026-09-17T02:15:00Z,2026-09-16T22:15:00-04:00,2026-09-16,22:15,10077,Lil' Devil Coaster,Kids' Rides,false,0
2026-09-17T02:15:00Z,2026-09-16T22:15:00-04:00,2026-09-16,22:15,15617,Porky Pig Camp Wagons,Kids' Rides,false,0
2026-09-17T02:15:00Z,2026-09-16T22:15:00-04:00,2026-09-16,22:15,3257,Raja’s Rickshaws,Kids' Rides,false,0
2026-09-17T02:15:00Z,2026-09-16T22:15:00-04:00,2026-09-16,22:15,3274,Safari Off-Road Adventure,Kids' Rides,false,0
2026-09-17T02:15:00Z,2026-09-16T22:15:00-04:00,2026-09-16,22:15,3283,Saw Mill Log Flume,Kids' Rides,false,0
2026-09-17T02:15:00Z,2026-09-16T22:15:00-04:00,2026-09-16,22:15,3281,Sky Zooma,Kids' Rides,false,0
2026-09-17T02:15:00Z,2026-09-16T22:15:00-04:00,2026-09-16,22:15,15789,Storm Chaser,Kids' Rides,false,0
2026-09-17T02:15:00Z,2026-09-16T22:15:00-04:00,2026-09-16,22:15,3267,Super Round Up,Kids' Rides,false,0
2026-09-17T02:15:00Z,2026-09-16T22:15:00-04:00,2026-09-16,22:15,15594,Tree Top Hopper,Kids' Rides,false,0
2026-09-17T02:15:00Z,2026-09-16T22:15:00-04:00,2026-09-16,22:15,3233,BATMAN™ The Ride,Thrill Rides,false,0
2026-09-17T02:15:00Z,2026-09-16T22:15:00-04:00,2026-09-16,22:15,3243,El Toro,Thrill Rides,false,0
2026-09-17T02:15:00Z,2026-09-16T22:15:00-04:00,2026-09-16,22:15,8539,Jersey Devil Coaster,Thrill Rides,false,0
2026-09-17T02:15:00Z,2026-09-16T22:15:00-04:00,2026-09-16,22:15,3916,JUSTICE LEAGUE™: Battle for METROPOLIS,Thrill Rides,false,0
2026-09-17T02:15:00Z,2026-09-16T22:15:00-04:00,2026-09-16,22:15,10533,Medusa,Thrill Rides,false,0
2026-09-17T02:15:00Z,2026-09-16T22:15:00-04:00,2026-09-16,22:15,3253,Nitro,Thrill Rides,false,0
2026-09-17T02:15:00Z,2026-09-16T22:15:00-04:00,2026-09-16,22:15,3261,Runaway Train,Thrill Rides,false,0
2026-09-17T02:15:00Z,2026-09-16T22:15:00-04:00,2026-09-16,22:15,3262,Skull Mountain,Thrill Rides,false,0
2026-09-17T02:15:00Z,2026-09-16T22:15:00-04:00,2026-09-16,22:15,3263,SkyScreamer,Thrill Rides,false,0
2026-09-17T02:15:00Z,2026-09-16T22:15:00-04:00,2026-09-16,22:15,3282,Slingshot,Thrill Rides,false,0
2026-09-17T02:15:00Z,2026-09-16T22:15:00-04:00,2026-09-16,22:15,3266,SUPERMAN™: Ultimate Flight,Thrill Rides,false,0
2026-09-17T02:15:00Z,2026-09-16T22:15:00-04:00,2026-09-16,22:15,3271,THE DARK KNIGHT™ Coaster,Thrill Rides,false,0
2026-09-17T02:15:00Z,2026-09-16T22:15:00-04:00,2026-09-16,22:15,14537,THE FLASH™: Vertical Velocity,Thrill Rides,false,0
2026-09-17T02:15:00Z,2026-09-16T22:15:00-04:00,2026-09-16,22:15,3288,THE JOKER™,Thrill Rides,false,0
2026-09-17T02:15:00Z,2026-09-16T22:15:00-04:00,2026-09-16,22:15,3273,Wile E. Coyote Canyon Blaster,Thrill Rides,false,0
2026-09-17T02:15:00Z,2026-09-16T22:15:00-04:00,2026-09-16,22:15,6371,WONDER WOMAN™ Lasso of Truth,Thrill Rides,false,0
2026-09-17T02:15:00Z,2026-09-16T22:15:00-04:00,2026-09-16,22:15,17721,Army of the Dead,,false,0
2026-09-17T02:15:00Z,2026-09-16T22:15:00-04:00,2026-09-16,22:15,17723,Asylum,,false,0
2026-09-17T02:15:00Z,2026-09-16T22:15:00-04:00,2026-09-16,22:15,17722,Big Top Terror,,false,0
2026-09-17T02:15:00Z,2026-09-16T22:15:00-04:00,2026-09-16,22:15,17724,The Conjuring Universe,,false,0
2026-09-17T02:15:00Z,2026-09-16T22:15:00-04:00,2026-09-16,22:15,17725,The Witch's Reflection,,false,0
2026-09-17T02:15:00Z,2026-09-16T22:15:00-04:00,2026-09-16,22:15,17720,Trick or Treatin' with Boo,,false,0
2026-09-17T02:20:00Z,2026-09-16T22:20:00-04:00,2026-09-16,22:20,3231,Air Jumbo,Family Rides,false,0
2026-09-17T02:20:00Z,2026-09-16T22:20:00-04:00,2026-09-16,22:20,17425,Barrels O’ Fun,Family Rides,false,0
2026-09-17T02:20:00Z,2026-09-16T22:20:00-04:00,2026-09-16,22:20,3270,Buccaneer,Family Rides,false,0
2026-09-17T02:20:00Z,2026-09-16T22:20:00-04:00,2026-09-16,22:20,3237,Carousel,Family Rides,false,0
2026-09-17T02:20:00Z,2026-09-16T22:20:00-04:00,2026-09-16,22:20,3244,Enchanted Teacups,Family Rides,false,0
2026-09-17T02:20:00Z,2026-09-16T22:20:00-04:00,2026-09-16,22:20,3245,Fender Benders,Family Rides,false,0
2026-09-17T02:20:00Z,2026-09-16T22:20:00-04:00,2026-09-16,22:20,17426,Flying Scooters,Family Rides,false,0
2026-09-17T02:20:00Z,2026-09-16T22:20:00-04:00,2026-09-16,22:20,15604,Giant Wheel,Family Rides,false,0
2026-09-17T02:20:00Z,2026-09-16T22:20:00-04:00,2026-09-16,22:20,3236,HARLEY QUINN™ Crazy Train,Family Rides,false,0
2026-09-17T02:20:00Z,2026-09-16T22:20:00-04:00,2026-09-16,22:20,3249,Houdini’s Great Escape,Family Rides,false,0
2026-09-17T02:20:00Z,2026-09-16T22:20:00-04:00,2026-09-16,22:20,17427,Hypno Twister,Family Rides,false,0
2026-09-17T02:20:00Z,2026-09-16T22:20:00-04:00,2026-09-16,22:20,3250,Jolly Roger,Family Rides,false,0
2026-09-17T02:20:00Z,2026-09-16T22:20:00-04:00,2026-09-16,22:20,15829,Roaring Rapids,Family Rides,false,0
2026-09-17T02:20:00Z,2026-09-16T22:20:00-04:00,2026-09-16,22:20,15727,Scrambler,Family Rides,false,0
2026-09-17T02:20:00Z,2026-09-16T22:20:00-04:00,2026-09-16,22:20,3268,Tango,Family Rides,false,0
2026-09-17T02:20:00Z,2026-09-16T22:20:00-04:00,2026-09-16,22:20,17428,Wave Swinger,Family Rides,false,0
2026-09-17T02:20:00Z,2026-09-16T22:20:00-04:00,2026-09-16,22:20,3232,Air Safari,Kids' Rides,false,0
2026-09-17T02:20:00Z,2026-09-16T22:20:00-04:00,2026-09-16,22:20,10461,Barnstormer,Kids' Rides,false,0
2026-09-17T02:20:00Z,2026-09-16T22:20:00-04:00,2026-09-16,22:20,3275,Bugaboo,Kids' Rides,false,0
2026-09-17T02:20:00Z,2026-09-16T22:20:00-04:00,2026-09-16,22:20,3277,Bugs Bunny Camp Carousel,Kids' Rides,false,0
2026-09-17T02:20:00Z,2026-09-16T22:20:00-04:00,2026-09-16,22:20,3279,Bugs Bunny Ranger Pilots,Kids' Rides,false,0
2026-09-17T02:20:00Z,2026-09-16T22:20:00-04:00,2026-09-16,22:20,3240,Daffy Duck Hot Air Balloons,Kids' Rides,false,0
2026-09-17T02:20:00Z,2026-09-16T22:20:00-04:00,2026-09-16,22:20,10077,Lil' Devil Coaster,Kids' Rides,false,0
2026-09-17T02:20:00Z,2026-09-16T22:20:00-04:00,2026-09-16,22:20,15617,Porky Pig Camp Wagons,Kids' Rides,false,0
2026-09-17T02:20:00Z,2026-09-16T22:20:00-04:00,2026-09-16,22:20,3257,Raja’s Rickshaws,Kids' Rides,false,0
2026-09-17T02:20:00Z,2026-09-16T22:20:00-04:00,2026-09-16,22:20,3274,Safari Off-Road Adventure,Kids' Rides,false,0
2026-09-17T02:20:00Z,2026-09-16T22:20:00-04:00,2026-09-16,22:20,3283,Saw Mill Log Flume,Kids' Rides,false,0
2026-09-17T02:20:00Z,2026-09-16T22:20:00-04:00,2026-09-16,22:20,3281,Sky Zooma,Kids' Rides,false,0
2026-09-17T02:20:00Z,2026-09-16T22:20:00-04:00,2026-09-16,22:20,15789,Storm Chaser,Kids' Rides,false,0
2026-09-17T02:20:00Z,2026-09-16T22:20:00-04:00,2026-09-16,22:20,3267,Super Round Up,Kids' Rides,false,0
2026-09-17T02:20:00Z,2026-09-16T22:20:00-04:00,2026-09-16,22:20,15594,Tree Top Hopper,Kids' Rides,false,0
2026-09-17T02:20:00Z,2026-09-16T22:20:00-04:00,2026-09-16,22:20,3233,BATMAN™ The Ride,Thrill Rides,false,0
2026-09-17T02:20:00Z,2026-09-16T22:20:00-04:00,2026-09-16,22:20,3243,El Toro,Thrill Rides,false,0
2026-09-17T02:20:00Z,2026-09-16T22:20:00-04:00,2026-09-16,22:20,8539,Jersey Devil Coaster,Thrill Rides,false,0
2026-09-17T02:20:00Z,2026-09-16T22:20:00-04:00,2026-09-16,22:20,3916,JUSTICE LEAGUE™: Battle for METROPOLIS,Thrill Rides,false,0
2026-09-17T02:20:00Z,2026-09-16T22:20:00-04:00,2026-09-16,22:20,10533,Medusa,Thrill Rides,false,0
2026-09-17T02:20:00Z,2026-09-16T22:20:00-04:00,2026-09-16,22:20,3253,Nitro,Thrill Rides,false,0
2026-09-17T02:20:00Z,2026-09-16T22:20:00-04:00,2026-09-16,22:20,3261,Runaway Train,Thrill Rides,false,0
2026-09-17T02:20:00Z,2026-09-16T22:20:00-04:00,2026-09-16,22:20,3262,Skull Mountain,Thrill Rides,false,0
2026-09-17T02:20:00Z,2026-09-16T22:20:00-04:00,2026-09-16,22:20,3263,SkyScreamer,Thrill Rides,false,0
2026-09-17T02:20:00Z,2026-09-16T22:20:00-04:00,2026-09-16,22:20,3282,Slingshot,Thrill Rides,false,0
2026-09-17T02:20:00Z,2026-09-16T22:20:00-04:00,2026-09-16,22:20,3266,SUPERMAN™: Ultimate Flight,Thrill Rides,false,0
2026-09-17T02:20:00Z,2026-09-16T22:20:00-04:00,2026-09-16,22:20,3271,THE DARK KNIGHT™ Coaster,Thrill Rides,false,0
2026-09-17T02:20:00Z,2026-09-16T22:20:00-04:00,2026-09-16,22:20,14537,THE FLASH™: Vertical Velocity,Thrill Rides,false,0
2026-09-17T02:20:00Z,2026-09-16T22:20:00-04:00,2026-09-16,22:20,3288,THE JOKER™,Thrill Rides,false,0
2026-09-17T02:20:00Z,2026-09-16T22:20:00-04:00,2026-09-16,22:20,3273,Wile E. Coyote Canyon Blaster,Thrill Rides,false,0
2026-09-17T02:20:00Z,2026-09-16T22:20:00-04:00,2026-09-16,22:20,6371,WONDER WOMAN™ Lasso of Truth,Thrill Rides,false,0
2026-09-17T02:20:00Z,2026-09-16T22:20:00-04:00,2026-09-16,22:20,17721,Army of the Dead,,false,0
2026-09-17T02:20:00Z,2026-09-16T22:20:00-04:00,2026-09-16,22:20,17723,Asylum,,false,0
2026-09-17T02:20:00Z,2026-09-16T22:20:00-04:00,2026-09-16,22:20,17722,Big Top Terror,,false,0
2026-09-17T02:20:00Z,2026-09-16T22:20:00-04:00,2026-09-16,22:20,17724,The Conjuring Universe,,false,0
2026-09-17T02:20:00Z,2026-09-16T22:20:00-04:00,2026-09-16,22:20,17725,The Witch's Reflection,,false,0
2026-09-17T02:20:00Z,2026-09-16T22:20:00-04:00,2026-09-16,22:20,17720,Trick or Treatin' with Boo,,false,0
2026-09-17T02:25:00Z,2026-09-16T22:25:00-04:00,2026-09-16,22:25,3231,Air Jumbo,Family Rides,false,0
2026-09-17T02:25:00Z,2026-09-16T22:25:00-04:00,2026-09-16,22:25,17425,Barrels O’ Fun,Family Rides,false,0
2026-09-17T02:25:00Z,2026-09-16T22:25:00-04:00,2026-09-16,22:25,3270,Buccaneer,Family Rides,false,0
2026-09-17T02:25:00Z,2026-09-16T22:25:00-04:00,2026-09-16,22:25,3237,Carousel,Family Rides,false,0
2026-09-17T02:25:00Z,2026-09-16T22:25:00-04:00,2026-09-16,22:25,3244,Enchanted Teacups,Family Rides,false,0
2026-09-17T02:25:00Z,2026-09-16T22:25:00-04:00,2026-09-16,22:25,3245,Fender Benders,Family Rides,false,0
2026-09-17T02:25:00Z,2026-09-16T22:25:00-04:00,2026-09-16,22:25,17426,Flying Scooters,Family Rides,false,0
2026-09-17T02:25:00Z,2026-09-16T22:25:00-04:00,2026-09-16,22:25,15604,Giant Wheel,Family Rides,false,0
2026-09-17T02:25:00Z,2026-09-16T22:25:00-04:00,2026-09-16,22:25,3236,HARLEY QUINN™ Crazy Train,Family Rides,false,0
2026-09-17T02:25:00Z,2026-09-16T22:25:00-04:00,2026-09-16,22:25,3249,Houdini’s Great Escape,Family Rides,false,0
2026-09-17T02:25:00Z,2026-09-16T22:25:00-04:00,2026-09-16,22:25,17427,Hypno Twister,Family Rides,false,0
2026-09-17T02:25:00Z,2026-09-16T22:25:00-04:00,2026-09-16,22:25,3250,Jolly Roger,Family Rides,false,0
2026-09-17T02:25:00Z,2026-09-16T22:25:00-04:00,2026-09-16,22:25,15829,Roaring Rapids,Family Rides,false,0
2026-09-17T02:25:00Z,2026-09-16T22:25:00-04:00,2026-09-16,22:25,15727,Scrambler,Family Rides,false,0
2026-09-17T02:25:00Z,2026-09-16T22:25:00-04:00,2026-09-16,22:25,3268,Tango,Family Rides,false,0
2026-09-17T02:25:00Z,2026-09-16T22:25:00-04:00,2026-09-16,22:25,17428,Wave Swinger,Family Rides,false,0
2026-09-17T02:25:00Z,2026-09-16T22:25:00-04:00,2026-09-16,22:25,3232,Air Safari,Kids' Rides,false,0
2026-09-17T02:25:00Z,2026-09-16T22:25:00-04:00,2026-09-16,22:25,10461,Barnstormer,Kids' Rides,false,0
2026-09-17T02:25:00Z,2026-09-16T22:25:00-04:00,2026-09-16,22:25,3275,Bugaboo,Kids' Rides,false,0
2026-09-17T02:25:00Z,2026-09-16T22:25:00-04:00,2026-09-16,22:25,3277,Bugs Bunny Camp Carousel,Kids' Rides,false,0
2026-09-17T02:25:00Z,2026-09-16T22:25:00-04:00,2026-09-16,22:25,3279,Bugs Bunny Ranger Pilots,Kids' Rides,false,0
2026-09-17T02:25:00Z,2026-09-16T22:25:00-04:00,2026-09-16,22:25,3240,Daffy Duck Hot Air Balloons,Kids' Rides,false,0
2026-09-17T02:25:00Z,2026-09-16T22:25:00-04:00,2026-09-16,22:25,10077,Lil' Devil Coaster,Kids' Rides,false,0
2026-09-17T02:25:00Z,2026-09-16T22:25:00-04:00,2026-09-16,22:25,15617,Porky Pig Camp Wagons,Kids' Rides,false,0
2026-09-17T02:25:00Z,2026-09-16T22:25:00-04:00,2026-09-16,22:25,3257,Raja’s Rickshaws,Kids' Rides,false,0
2026-09-17T02:25:00Z,2026-09-16T22:25:00-04:00,2026-09-16,22:25,3274,Safari Off-Road Adventure,Kids' Rides,false,0
2026-09-17T02:25:00Z,2026-09-16T22:25:00-04:00,2026-09-16,22:25,3283,Saw Mill Log Flume,Kids' Rides,false,0
2026-09-17T02:25:00Z,2026-09-16T22:25:00-04:00,2026-09-16,22:25,3281,Sky Zooma,Kids' Rides,false,0
2026-09-17T02:25:00Z,2026-09-16T22:25:00-04:00,2026-09-16,22:25,15789,Storm Chaser,Kids' Rides,false,0
2026-09-17T02:25:00Z,2026-09-16T22:25:00-04:00,2026-09-16,22:25,3267,Super Round Up,Kids' Rides,false,0
2026-09-17T02:25:00Z,2026-09-16T22:25:00-04:00,2026-09-16,22:25,15594,Tree Top Hopper,Kids' Rides,false,0
2026-09-17T02:25:00Z,2026-09-16T22:25:00-04:00,2026-09-16,22:25,3233,BATMAN™ The Ride,Thrill Rides,false,0
2026-09-17T02:25:00Z,2026-09-16T22:25:00-04:00,2026-09-16,22:25,3243,El Toro,Thrill Rides,false,0
2026-09-17T02:25:00Z,2026-09-16T22:25:00-04:00,2026-09-16,22:25,8539,Jersey Devil Coaster,Thrill Rides,false,0
2026-09-17T02:25:00Z,2026-09-16T22:25:00-04:00,2026-09-16,22:25,3916,JUSTICE LEAGUE™: Battle for METROPOLIS,Thrill Rides,false,0
2026-09-17T02:25:00Z,2026-09-16T22:25:00-04:00,2026-09-16,22:25,10533,Medusa,Thrill Rides,false,0
2026-09-17T02:25:00Z,2026-09-16T22:25:00-04:00,2026-09-16,22:25,3253,Nitro,Thrill Rides,false,0
2026-09-17T02:25:00Z,2026-09-16T22:25:00-04:00,2026-09-16,22:25,3261,Runaway Train,Thrill Rides,false,0
2026-09-17T02:25:00Z,2026-09-16T22:25:00-04:00,2026-09-16,22:25,3262,Skull Mountain,Thrill Rides,false,0
2026-09-17T02:25:00Z,2026-09-16T22:25:00-04:00,2026-09-16,22:25,3263,SkyScreamer,Thrill Rides,false,0
2026-09-17T02:25:00Z,2026-09-16T22:25:00-04:00,2026-09-16,22:25,3282,Slingshot,Thrill Rides,false,0
2026-09-17T02:25:00Z,2026-09-16T22:25:00-04:00,2026-09-16,22:25,3266,SUPERMAN™: Ultimate Flight,Thrill Rides,false,0
2026-09-17T02:25:00Z,2026-09-16T22:25:00-04:00,2026-09-16,22:25,3271,THE DARK KNIGHT™ Coaster,Thrill Rides,false,0
2026-09-17T02:25:00Z,2026-09-16T22:25:00-04:00,2026-09-16,22:25,14537,THE FLASH™: Vertical Velocity,Thrill Rides,false,0
2026-09-17T02:25:00Z,2026-09-16T22:25:00-04:00,2026-09-16,22:25,3288,THE JOKER™,Thrill Rides,false,0
2026-09-17T02:25:00Z,2026-09-16T22:25:00-04:00,2026-09-16,22:25,3273,Wile E. Coyote Canyon Blaster,Thrill Rides,false,0
2026-09-17T02:25:00Z,2026-09-16T22:25:00-04:00,2026-09-16,22:25,6371,WONDER WOMAN™ Lasso of Truth,Thrill Rides,false,0
2026-09-17T02:25:00Z,2026-09-16T22:25:00-04:00,2026-09-16,22:25,17721,Army of the Dead,,false,0
2026-09-17T02:25:00Z,2026-09-16T22:25:00-04:00,2026-09-16,22:25,17723,Asylum,,false,0
2026-09-17T02:25:00Z,2026-09-16T22:25:00-04:00,2026-09-16,22:25,17722,Big Top Terror,,false,0
2026-09-17T02:25:00Z,2026-09-16T22:25:00-04:00,2026-09-16,22:25,17724,The Conjuring Universe,,false,0
2026-09-17T02:25:00Z,2026-09-16T22:25:00-04:00,2026-09-16,22:25,17725,The Witch's Reflection,,false,0
2026-09-17T02:25:00Z,2026-09-16T22:25:00-04:00,2026-09-16,22:25,17720,Trick or Treatin' with Boo,,false,0
